,date,time,price,change,volume
0,2025-12-29,09:00:00,53000,-100,13756
1,2025-12-29,09:01:00,52900,-200,15373
2,2025-12-29,09:02:00,52900,-200,17120
3,2025-12-29,09:03:00,52900,-200,24118
4,2025-12-29,09:04:00,52900,-200,25209
5,2025-12-29,09:05:00,52900,-200,28345
6,2025-12-29,09:06:00,52900,-200,29314
7,2025-12-29,09:07:00,52900,-200,30851
8,2025-12-29,09:08:00,52900,-200,33201
9,2025-12-29,09:09:00,52800,-300,41620
10,2025-12-29,09:10:00,52900,-200,42889
11,2025-12-29,09:11:00,52850,-250,43759
12,2025-12-29,09:12:00,52900,-200,44083
13,2025-12-29,09:13:00,52900,-200,46381
14,2025-12-29,09:14:00,52900,-200,48027
15,2025-12-29,09:15:00,52800,-300,49227
16,2025-12-29,09:16:00,52800,-300,49773
17,2025-12-29,09:17:00,52800,-300,50376
18,2025-12-29,09:18:00,52900,-200,51539
19,2025-12-29,09:19:00,52900,-200,52249
20,2025-12-29,09:20:00,52900,-200,54378
21,2025-12-29,09:21:00,52800,-300,61713
22,2025-12-29,09:22:00,52800,-300,64711
23,2025-12-29,09:23:00,52900,-200,66517
24,2025-12-29,09:24:00,52900,-200,68265
25,2025-12-29,09:25:00,52900,-200,68646
26,2025-12-29,09:26:00,52900,-200,69254
27,2025-12-29,09:27:00,52900,-200,76016
28,2025-12-29,09:28:00,52800,-300,77510
29,2025-12-29,09:29:00,52800,-300,81366
30,2025-12-29,09:30:00,52800,-300,81798
31,2025-12-29,09:31:00,52800,-300,82466
32,2025-12-29,09:32:00,52900,-200,88008
33,2025-12-29,09:33:00,52900,-200,88478
34,2025-12-29,09:34:00,52900,-200,89206
35,2025-12-29,09:35:00,52900,-200,89433
36,2025-12-29,09:36:00,52900,-200,90211
37,2025-12-29,09:37:00,52900,-200,90313
38,2025-12-29,09:38:00,52800,-300,91060
39,2025-12-29,09:39:00,52900,-200,92091
40,2025-12-29,09:40:00,52800,-300,93020
41,2025-12-29,09:41:00,52800,-300,107563
42,2025-12-29,09:42:00,52800,-300,110120
43,2025-12-29,09:43:00,52800,-300,111877
44,2025-12-29,09:44:00,52900,-200,112781
45,2025-12-29,09:45:00,52900,-200,114829
46,2025-12-29,09:46:00,52900,-200,114886
47,2025-12-29,09:47:00,52900,-200,115156
48,2025-12-29,09:48:00,52800,-300,123670
49,2025-12-29,09:49:00,52900,-200,123947
50,2025-12-29,09:50:00,52900,-200,124110
51,2025-12-29,09:51:00,52900,-200,124337
52,2025-12-29,09:52:00,52900,-200,126135
53,2025-12-29,09:53:00,52900,-200,126298
54,2025-12-29,09:54:00,52800,-300,126872
55,2025-12-29,09:55:00,52800,-300,127105
56,2025-12-29,09:56:00,52900,-200,127163
57,2025-12-29,09:57:00,52800,-300,127364
58,2025-12-29,09:58:00,52850,-250,127572
59,2025-12-29,09:59:00,52850,-250,128526
60,2025-12-29,10:00:00,52800,-300,128636
61,2025-12-29,10:01:00,52900,-200,130100
62,2025-12-29,10:02:00,52800,-300,130441
63,2025-12-29,10:03:00,52800,-300,131588
64,2025-12-29,10:04:00,52900,-200,131832
65,2025-12-29,10:05:00,52800,-300,132382
66,2025-12-29,10:06:00,52800,-300,132608
67,2025-12-29,10:07:00,52900,-200,134438
68,2025-12-29,10:08:00,52900,-200,135002
69,2025-12-29,10:09:00,52900,-200,137022
70,2025-12-29,10:10:00,52800,-300,137232
71,2025-12-29,10:11:00,52800,-300,137467
72,2025-12-29,10:12:00,52900,-200,138992
73,2025-12-29,10:13:00,52900,-200,140683
74,2025-12-29,10:14:00,52800,-300,140952
75,2025-12-29,10:15:00,52900,-200,141067
76,2025-12-29,10:16:00,52900,-200,141379
77,2025-12-29,10:17:00,52900,-200,142587
78,2025-12-29,10:18:00,52900,-200,142685
79,2025-12-29,10:19:00,52800,-300,143026
80,2025-12-29,10:20:00,52800,-300,143285
81,2025-12-29,10:21:00,52800,-300,143523
82,2025-12-29,10:22:00,52850,-250,143725
83,2025-12-29,10:23:00,52900,-200,143989
84,2025-12-29,10:24:00,52800,-300,145195
85,2025-12-29,10:25:00,52900,-200,145443
86,2025-12-29,10:26:00,52900,-200,147132
87,2025-12-29,10:27:00,52800,-300,147527
88,2025-12-29,10:28:00,52900,-200,147913
89,2025-12-29,10:29:00,52850,-250,148031
90,2025-12-29,10:30:00,52900,-200,149282
91,2025-12-29,10:31:00,52900,-200,149625
92,2025-12-29,10:32:00,52900,-200,149720
93,2025-12-29,10:33:00,52900,-200,153487
94,2025-12-29,10:34:00,52900,-200,154578
95,2025-12-29,10:35:00,52900,-200,155049
96,2025-12-29,10:36:00,52900,-200,155457
97,2025-12-29,10:37:00,52900,-200,156205
98,2025-12-29,10:38:00,52900,-200,156425
99,2025-12-29,10:39:00,52900,-200,156651
100,2025-12-29,10:40:00,52800,-300,157204
101,2025-12-29,10:41:00,52900,-200,157488
102,2025-12-29,10:42:00,52900,-200,157845
103,2025-12-29,10:43:00,52800,-300,161126
104,2025-12-29,10:44:00,52900,-200,161218
105,2025-12-29,10:45:00,52900,-200,161890
106,2025-12-29,10:46:00,52900,-200,162025
107,2025-12-29,10:47:00,52900,-200,162377
108,2025-12-29,10:48:00,52800,-300,162905
109,2025-12-29,10:49:00,52800,-300,163411
110,2025-12-29,10:50:00,52900,-200,163790
111,2025-12-29,10:51:00,52900,-200,163954
112,2025-12-29,10:52:00,52900,-200,164511
113,2025-12-29,10:53:00,52800,-300,164684
114,2025-12-29,10:54:00,52900,-200,165200
115,2025-12-29,10:55:00,52900,-200,165502
116,2025-12-29,10:56:00,52900,-200,165561
117,2025-12-29,10:57:00,52900,-200,165887
118,2025-12-29,10:58:00,52900,-200,166015
119,2025-12-29,10:59:00,52800,-300,166157
120,2025-12-29,11:00:00,52800,-300,166472
121,2025-12-29,11:01:00,52900,-200,166806
122,2025-12-29,11:02:00,52900,-200,167611
123,2025-12-29,11:03:00,52800,-300,167761
124,2025-12-29,11:04:00,52800,-300,168326
125,2025-12-29,11:05:00,52900,-200,168559
126,2025-12-29,11:06:00,52900,-200,168973
127,2025-12-29,11:07:00,52900,-200,169634
128,2025-12-29,11:08:00,52800,-300,170091
129,2025-12-29,11:09:00,52900,-200,170607
130,2025-12-29,11:10:00,52800,-300,171116
131,2025-12-29,11:11:00,52900,-200,172182
132,2025-12-29,11:12:00,52900,-200,173371
133,2025-12-29,11:13:00,52900,-200,173884
134,2025-12-29,11:14:00,52900,-200,174277
135,2025-12-29,11:15:00,52900,-200,174514
136,2025-12-29,11:16:00,52900,-200,175245
137,2025-12-29,11:17:00,52900,-200,175625
138,2025-12-29,11:18:00,52800,-300,176024
139,2025-12-29,11:19:00,52900,-200,176518
140,2025-12-29,11:20:00,52800,-300,176728
141,2025-12-29,11:21:00,52800,-300,177458
142,2025-12-29,11:22:00,52900,-200,178157
143,2025-12-29,11:23:00,52900,-200,179592
144,2025-12-29,11:24:00,52850,-250,179807
145,2025-12-29,11:25:00,52850,-250,180013
146,2025-12-29,11:26:00,52850,-250,180135
147,2025-12-29,11:27:00,52900,-200,180313
148,2025-12-29,11:28:00,52900,-200,180574
149,2025-12-29,11:29:00,52900,-200,180609
150,2025-12-29,11:30:00,52900,-200,182653
151,2025-12-29,11:31:00,53000,-100,185485
152,2025-12-29,11:32:00,53000,-100,185605
153,2025-12-29,11:33:00,52900,-200,185891
154,2025-12-29,11:34:00,53000,-100,186036
155,2025-12-29,11:35:00,53000,-100,189083
156,2025-12-29,11:36:00,53000,-100,189232
157,2025-12-29,11:37:00,53000,-100,189587
158,2025-12-29,11:38:00,52900,-200,189675
159,2025-12-29,11:39:00,52900,-200,190529
160,2025-12-29,11:40:00,52900,-200,190691
161,2025-12-29,11:41:00,53000,-100,190923
162,2025-12-29,11:42:00,53000,-100,190996
163,2025-12-29,11:43:00,52950,-150,191341
164,2025-12-29,11:44:00,52950,-150,191477
165,2025-12-29,11:45:00,53000,-100,191568
166,2025-12-29,11:46:00,53000,-100,191631
167,2025-12-29,11:47:00,52900,-200,191816
168,2025-12-29,11:48:00,53000,-100,191941
169,2025-12-29,11:49:00,53000,-100,192073
170,2025-12-29,11:50:00,53000,-100,192173
171,2025-12-29,11:51:00,53000,-100,192582
172,2025-12-29,11:52:00,53000,-100,192777
173,2025-12-29,11:53:00,52900,-200,192861
174,2025-12-29,11:54:00,52900,-200,193217
175,2025-12-29,11:55:00,52900,-200,193299
176,2025-12-29,11:56:00,53000,-100,193411
177,2025-12-29,11:57:00,53000,-100,193612
178,2025-12-29,11:58:00,53000,-100,194301
179,2025-12-29,11:59:00,53000,-100,194401
180,2025-12-29,12:00:00,52900,-200,194530
181,2025-12-29,12:01:00,53000,-100,195165
182,2025-12-29,12:02:00,53000,-100,195387
183,2025-12-29,12:03:00,53000,-100,195526
184,2025-12-29,12:04:00,52900,-200,195540
185,2025-12-29,12:05:00,53000,-100,196105
186,2025-12-29,12:06:00,53000,-100,196219
187,2025-12-29,12:07:00,52900,-200,196566
188,2025-12-29,12:08:00,52900,-200,196599
189,2025-12-29,12:09:00,52900,-200,197581
190,2025-12-29,12:10:00,53000,-100,197873
191,2025-12-29,12:11:00,52900,-200,198230
192,2025-12-29,12:12:00,52900,-200,198244
193,2025-12-29,12:13:00,52900,-200,198550
194,2025-12-29,12:14:00,52900,-200,198761
195,2025-12-29,12:15:00,52900,-200,198972
196,2025-12-29,12:16:00,53000,-100,199114
197,2025-12-29,12:17:00,53000,-100,199252
198,2025-12-29,12:18:00,52900,-200,199559
199,2025-12-29,12:19:00,52900,-200,199714
200,2025-12-29,12:20:00,52900,-200,199861
201,2025-12-29,12:21:00,52900,-200,200024
202,2025-12-29,12:22:00,53000,-100,200145
203,2025-12-29,12:23:00,53000,-100,200254
204,2025-12-29,12:24:00,52900,-200,200633
205,2025-12-29,12:25:00,53000,-100,200814
206,2025-12-29,12:26:00,52900,-200,202547
207,2025-12-29,12:27:00,53000,-100,202816
208,2025-12-29,12:28:00,52900,-200,203044
209,2025-12-29,12:29:00,53000,-100,203215
210,2025-12-29,12:30:00,53000,-100,203243
211,2025-12-29,12:31:00,53000,-100,203476
212,2025-12-29,12:32:00,53000,-100,203626
213,2025-12-29,12:33:00,52900,-200,204313
214,2025-12-29,12:34:00,53000,-100,204893
215,2025-12-29,12:35:00,52900,-200,205063
216,2025-12-29,12:36:00,52900,-200,205283
217,2025-12-29,12:37:00,53000,-100,205950
218,2025-12-29,12:38:00,53000,-100,206362
219,2025-12-29,12:39:00,52900,-200,206575
220,2025-12-29,12:40:00,52900,-200,206829
221,2025-12-29,12:41:00,53000,-100,207475
222,2025-12-29,12:42:00,52900,-200,207701
223,2025-12-29,12:43:00,53000,-100,207971
224,2025-12-29,12:44:00,53000,-100,208466
225,2025-12-29,12:45:00,52900,-200,208562
226,2025-12-29,12:46:00,53000,-100,208738
227,2025-12-29,12:47:00,53000,-100,209060
228,2025-12-29,12:48:00,53000,-100,209477
229,2025-12-29,12:49:00,52900,-200,209802
230,2025-12-29,12:50:00,53000,-100,210478
231,2025-12-29,12:51:00,52900,-200,210659
232,2025-12-29,12:52:00,52900,-200,210992
233,2025-12-29,12:53:00,52900,-200,211358
234,2025-12-29,12:54:00,53000,-100,211931
235,2025-12-29,12:55:00,52900,-200,212147
236,2025-12-29,12:56:00,53000,-100,212254
237,2025-12-29,12:57:00,53000,-100,212661
238,2025-12-29,12:58:00,53000,-100,213403
239,2025-12-29,12:59:00,52900,-200,213617
240,2025-12-29,13:00:00,52900,-200,213813
241,2025-12-29,13:01:00,53000,-100,214237
242,2025-12-29,13:02:00,52950,-150,214620
243,2025-12-29,13:03:00,52950,-150,214823
244,2025-12-29,13:04:00,53000,-100,215278
245,2025-12-29,13:05:00,53000,-100,215853
246,2025-12-29,13:06:00,53000,-100,228322
247,2025-12-29,13:07:00,53000,-100,228477
248,2025-12-29,13:08:00,53000,-100,228620
249,2025-12-29,13:09:00,53000,-100,228796
250,2025-12-29,13:10:00,52950,-150,229121
251,2025-12-29,13:11:00,53000,-100,229396
252,2025-12-29,13:12:00,53000,-100,229626
253,2025-12-29,13:13:00,53000,-100,229920
254,2025-12-29,13:14:00,53000,-100,229935
255,2025-12-29,13:15:00,52900,-200,230405
256,2025-12-29,13:16:00,53000,-100,230595
257,2025-12-29,13:17:00,53000,-100,231918
258,2025-12-29,13:18:00,52900,-200,231928
259,2025-12-29,13:19:00,52900,-200,232037
260,2025-12-29,13:20:00,52950,-150,232740
261,2025-12-29,13:21:00,52950,-150,232916
262,2025-12-29,13:22:00,53000,-100,233267
263,2025-12-29,13:23:00,52950,-150,233550
264,2025-12-29,13:24:00,53000,-100,233693
265,2025-12-29,13:25:00,53000,-100,233914
266,2025-12-29,13:26:00,52950,-150,234873
267,2025-12-29,13:27:00,52950,-150,235237
268,2025-12-29,13:28:00,53000,-100,235458
269,2025-12-29,13:29:00,53000,-100,235667
270,2025-12-29,13:30:00,52900,-200,236195
271,2025-12-29,13:31:00,52900,-200,237072
272,2025-12-29,13:32:00,52900,-200,237445
273,2025-12-29,13:33:00,53000,-100,237685
274,2025-12-29,13:34:00,53000,-100,237919
275,2025-12-29,13:35:00,52900,-200,238337
276,2025-12-29,13:36:00,52900,-200,238706
277,2025-12-29,13:37:00,53000,-100,238935
278,2025-12-29,13:38:00,53100,0,249096
279,2025-12-29,13:39:00,53000,-100,250790
280,2025-12-29,13:40:00,53000,-100,250985
281,2025-12-29,13:41:00,53000,-100,253423
282,2025-12-29,13:42:00,53100,0,254867
283,2025-12-29,13:43:00,53000,-100,255633
284,2025-12-29,13:44:00,53000,-100,256022
285,2025-12-29,13:45:00,52900,-200,256449
286,2025-12-29,13:46:00,52900,-200,256645
287,2025-12-29,13:47:00,52900,-200,257173
288,2025-12-29,13:48:00,53000,-100,257773
289,2025-12-29,13:49:00,53000,-100,258407
290,2025-12-29,13:50:00,52900,-200,259595
291,2025-12-29,13:51:00,52900,-200,260056
292,2025-12-29,13:52:00,52900,-200,260246
293,2025-12-29,13:53:00,53000,-100,260492
294,2025-12-29,13:54:00,53000,-100,261267
295,2025-12-29,13:55:00,53000,-100,261886
296,2025-12-29,13:56:00,53100,0,262330
297,2025-12-29,13:57:00,53100,0,262641
298,2025-12-29,13:58:00,53000,-100,262919
299,2025-12-29,13:59:00,53000,-100,263180
300,2025-12-29,14:00:00,53100,0,263574
301,2025-12-29,14:01:00,53000,-100,263855
302,2025-12-29,14:02:00,53100,0,264319
303,2025-12-29,14:03:00,53100,0,265638
304,2025-12-29,14:04:00,53000,-100,265874
305,2025-12-29,14:05:00,53100,0,266106
306,2025-12-29,14:06:00,53000,-100,266892
307,2025-12-29,14:07:00,53000,-100,267152
308,2025-12-29,14:08:00,53100,0,267599
309,2025-12-29,14:09:00,53100,0,268010
310,2025-12-29,14:10:00,53000,-100,268315
311,2025-12-29,14:11:00,53000,-100,268604
312,2025-12-29,14:12:00,53100,0,269257
313,2025-12-29,14:13:00,53000,-100,269565
314,2025-12-29,14:14:00,53000,-100,270171
315,2025-12-29,14:15:00,53000,-100,270316
316,2025-12-29,14:16:00,53100,0,270575
317,2025-12-29,14:17:00,53000,-100,270906
318,2025-12-29,14:18:00,53100,0,271424
319,2025-12-29,14:19:00,53000,-100,271696
320,2025-12-29,14:20:00,53100,0,271972
321,2025-12-29,14:21:00,53100,0,272287
322,2025-12-29,14:22:00,53100,0,272740
323,2025-12-29,14:23:00,53100,0,273195
324,2025-12-29,14:24:00,53000,-100,273385
325,2025-12-29,14:25:00,53100,0,274125
326,2025-12-29,14:26:00,53100,0,274452
327,2025-12-29,14:27:00,53100,0,274940
328,2025-12-29,14:28:00,53100,0,275063
329,2025-12-29,14:29:00,53100,0,276258
330,2025-12-29,14:30:00,53100,0,276864
331,2025-12-29,14:31:00,53100,0,279167
332,2025-12-29,14:32:00,53100,0,279393
333,2025-12-29,14:33:00,53000,-100,279597
334,2025-12-29,14:34:00,53000,-100,279795
335,2025-12-29,14:35:00,53100,0,280148
336,2025-12-29,14:36:00,53000,-100,280686
337,2025-12-29,14:37:00,53100,0,282584
338,2025-12-29,14:38:00,53100,0,283365
339,2025-12-29,14:39:00,53000,-100,283664
340,2025-12-29,14:40:00,53000,-100,284180
341,2025-12-29,14:41:00,53000,-100,284445
342,2025-12-29,14:42:00,53000,-100,284935
343,2025-12-29,14:43:00,53100,0,286421
344,2025-12-29,14:44:00,53100,0,287003
345,2025-12-29,14:45:00,53100,0,288538
346,2025-12-29,14:46:00,53000,-100,289012
347,2025-12-29,14:47:00,53000,-100,289307
348,2025-12-29,14:48:00,53000,-100,289967
349,2025-12-29,14:49:00,53000,-100,290508
350,2025-12-29,14:50:00,53100,0,291210
351,2025-12-29,14:51:00,53100,0,291558
352,2025-12-29,14:52:00,53100,0,295073
353,2025-12-29,14:53:00,53100,0,298253
354,2025-12-29,14:54:00,53100,0,299691
355,2025-12-29,14:55:00,53000,-100,299814
356,2025-12-29,14:56:00,53000,-100,300027
357,2025-12-29,14:57:00,53000,-100,300810
358,2025-12-29,14:58:00,53000,-100,306444
359,2025-12-29,14:59:00,53000,-100,307502
360,2025-12-29,15:00:00,53100,0,307822
361,2025-12-29,15:01:00,52900,-200,308399
362,2025-12-29,15:02:00,53000,-100,308632
363,2025-12-29,15:03:00,53100,0,310373
364,2025-12-29,15:04:00,53000,-100,311181
365,2025-12-29,15:05:00,53100,0,311360
366,2025-12-29,15:06:00,53100,0,311624
367,2025-12-29,15:07:00,53100,0,311979
368,2025-12-29,15:08:00,53100,0,312330
369,2025-12-29,15:09:00,53100,0,312618
370,2025-12-29,15:10:00,53100,0,313170
371,2025-12-29,15:11:00,53100,0,313438
372,2025-12-29,15:12:00,53100,0,313683
373,2025-12-29,15:13:00,53100,0,314203
374,2025-12-29,15:14:00,53100,0,314932
375,2025-12-29,15:15:00,53100,0,315790
376,2025-12-29,15:16:00,53000,-100,317111
377,2025-12-29,15:17:00,53100,0,318288
378,2025-12-29,15:18:00,53100,0,319379
379,2025-12-29,15:19:00,53100,0,322182
380,2025-12-29,15:30:00,53200,100,359563
381,2025-12-29,15:40:00,53200,100,359564
382,2025-12-29,15:47:00,53200,100,359567
383,2025-12-29,15:48:00,53200,100,359571
384,2025-12-29,15:51:00,53200,100,359598
385,2025-12-29,15:53:00,53200,100,359599
386,2025-12-29,15:55:00,53200,100,359600
