,date,retail,foreigner,institution,financial,invtrust,pension,privequity,bank,insurance,financeetc,corporateetc,foreigneretc
0,2022-01-03,2794,2474,-5300,-3749,-1101,-680,418,-92,-97,0,33,0
1,2022-01-04,-3009,5352,-2370,-2264,25,-141,295,-120,-163,-2,23,4
2,2022-01-05,508,191,-692,-4187,123,3407,117,0,-153,2,-15,7
3,2022-01-06,218,1969,-2318,-797,140,-1433,-61,-28,-83,-57,133,-3
4,2022-01-07,-23490,9554,14376,2227,4248,5894,502,-477,1911,70,-433,-7
5,2022-01-10,-4938,-3856,8271,514,1426,6384,-764,0,712,0,550,-27
6,2022-01-11,7656,-4533,-2669,-779,112,-1388,-296,0,-317,0,-569,115
7,2022-01-12,-653,2582,-1823,2224,-1126,-1816,-39,0,-1047,-19,-108,2
8,2022-01-13,138,4864,-4818,5060,-2263,-7570,-27,0,-16,-2,-209,25
9,2022-01-14,6632,-5133,-1629,-2382,713,409,-1847,0,1434,44,123,8
10,2022-01-17,495,-510,-12,-316,-216,605,9,0,-93,0,17,10
11,2022-01-18,4725,-987,-3778,-93,-1938,-1030,-103,0,-613,0,21,20
12,2022-01-19,-5498,1581,3894,478,570,1766,1158,-83,17,-12,30,-7
13,2022-01-20,-3075,3376,-266,908,-376,-1090,684,0,-393,0,-18,-17
14,2022-01-21,297,1745,-2167,-505,-142,-438,-1000,0,-83,0,124,2
15,2022-01-24,1533,-3981,2389,2205,82,391,60,0,-380,31,43,16
16,2022-01-25,4925,-3106,-2858,-345,-1193,-1107,-100,0,-120,6,973,65
17,2022-01-26,-1043,1022,81,882,-295,-235,-55,0,-215,0,-62,2
18,2022-01-27,4508,1547,-6230,-168,-89,-5766,79,-125,-180,18,161,13
19,2022-01-28,1436,-2202,625,514,8,82,42,0,-13,-8,139,2
20,2022-02-03,995,-3179,2152,-940,189,2176,-3,54,723,-47,17,16
21,2022-02-04,1075,-1278,424,-834,-234,1084,-23,0,428,4,-226,4
22,2022-02-07,807,-3022,2392,-1720,1052,66,1553,0,1454,-14,-190,13
23,2022-02-08,-9556,-379,10321,-252,3662,4600,-288,14,2487,98,-371,-15
24,2022-02-09,-16358,3940,13669,-1229,5036,5500,2396,103,1863,0,-1203,-49
25,2022-02-10,881,1063,-1900,-2783,-406,1244,-177,0,222,0,-34,-10
26,2022-02-11,-20122,2954,18169,663,5512,4357,6166,0,1481,-10,-933,-69
27,2022-02-14,-1348,-5694,7054,1537,967,7946,-3757,0,361,0,-36,25
28,2022-02-15,1762,-3942,2058,873,557,1147,-115,0,-404,0,114,8
29,2022-02-16,639,-5714,5125,1708,398,2673,6,26,317,-3,-37,-13
30,2022-02-17,-4469,-2366,6896,649,3408,948,6,0,1886,0,-56,-5
31,2022-02-18,-20775,2575,18756,2053,4933,2834,7395,112,1121,307,-484,-72
32,2022-02-21,-4661,-4449,9078,-2691,1440,3637,5741,0,952,0,32,0
33,2022-02-22,-1508,-4413,6025,-201,1167,100,4842,0,151,-34,-85,-18
34,2022-02-23,-5710,-4127,9858,663,526,911,7792,0,-34,0,-20,-2
35,2022-02-24,-3292,1942,1546,-1132,1609,912,-2004,0,1040,1120,-197,0
36,2022-02-25,7912,-5353,-2535,1538,-97,730,-4413,0,-292,0,-24,1
37,2022-02-28,-2272,2083,112,-382,1059,-617,-34,208,-120,0,87,-10
38,2022-03-02,41390,-16477,-26631,-1157,-6043,-10554,-6999,0,-1892,14,1595,122
39,2022-03-03,18430,1603,-20237,-1867,-4839,-8261,-3571,1,-1699,0,195,8
40,2022-03-04,10417,778,-11705,-824,-4963,-4061,-555,0,-1493,191,494,16
41,2022-03-07,27978,-4125,-25205,-6228,-5361,-8409,-4395,2,-827,13,1226,126
42,2022-03-08,4073,-3062,-815,-368,-2,656,-1429,0,299,30,-214,18
43,2022-03-10,-3586,-7451,10901,9252,322,-317,1778,99,-234,0,140,-4
44,2022-03-11,-2074,449,1521,-1098,40,-3393,5934,0,69,-30,99,6
45,2022-03-14,-7855,5672,2487,-1176,2140,-257,1190,0,631,-41,-302,-3
46,2022-03-15,1130,-6158,5055,0,3132,583,-39,20,1360,0,-26,-1
47,2022-03-16,-5160,3240,1825,1314,438,38,-21,21,35,0,96,0
48,2022-03-17,-155,-891,1183,506,-376,2267,-2459,4,1230,10,-129,-8
49,2022-03-18,3271,-1681,-1729,214,-1076,999,-1639,45,-279,7,20,119
50,2022-03-21,-2356,3060,-166,-37,310,589,-113,-522,-392,0,-529,-9
51,2022-03-22,395,595,-1003,568,-188,-48,-1254,1,-83,0,13,-1
52,2022-03-23,-4410,5344,-965,376,-889,-199,268,8,-529,0,29,2
53,2022-03-24,4896,-2171,-2772,-750,-1318,-531,50,6,-229,0,56,-9
54,2022-03-25,20613,-7743,-13002,-2429,-4579,-4341,-749,1,-905,0,114,18
55,2022-03-28,1644,59,-1625,-6,-1671,842,-465,1,-326,0,-92,15
56,2022-03-29,568,-1574,919,1139,-227,-328,-5,10,331,0,86,1
57,2022-03-30,6793,-6315,-486,1119,-331,503,-518,-19,-1240,0,-14,21
58,2022-03-31,-27168,18254,9001,2721,758,1481,2708,5,1329,0,-59,-28
59,2022-04-01,4081,-2797,-1473,-2126,1986,-531,-809,2,5,0,186,2
60,2022-04-04,2840,-2968,117,-213,334,53,8,0,-65,0,15,-4
61,2022-04-05,25877,-15946,-11070,-3232,-2674,-3373,-1474,6,-322,0,1152,-13
62,2022-04-06,11804,-2809,-9289,-2725,-3540,-1508,-190,1,-1327,0,281,13
63,2022-04-07,-3829,5278,-1540,-1154,-231,-160,76,-59,-13,0,91,0
64,2022-04-08,5852,-2250,-3711,-556,-455,-311,-1074,5,-1320,0,96,14
65,2022-04-11,679,-88,-612,-60,-686,167,-19,2,-17,0,17,4
66,2022-04-12,2569,-1550,-1022,-130,-336,-588,-190,361,-139,0,-1,4
67,2022-04-13,2543,-3456,883,621,285,304,-318,96,-105,0,28,2
68,2022-04-14,1559,-5963,4382,3699,-312,1078,248,0,-331,0,22,1
69,2022-04-15,10018,-5276,-5618,-1804,-274,-3320,-200,0,-20,0,783,94
70,2022-04-18,-2,-949,117,-363,36,713,-12,4,-260,0,829,5
71,2022-04-19,-3478,2338,1398,420,-80,1321,-244,1,-19,0,-256,-2
72,2022-04-20,2090,-1774,-491,-760,139,269,-11,5,-133,0,163,12
73,2022-04-21,-1583,927,640,601,138,223,-86,5,-255,14,15,1
74,2022-04-22,-262,3647,-3345,-1494,504,-2908,606,0,-55,2,-40,1
75,2022-04-25,163,-1084,905,102,14,581,95,6,107,0,-17,33
76,2022-04-26,1470,-2093,658,-94,883,-576,325,103,17,0,-32,-2
77,2022-04-27,8891,-4911,-4293,-1421,-399,-752,-1617,2,-119,14,312,0
78,2022-04-28,-4824,4375,416,462,62,-7,86,2,-189,0,33,1
79,2022-04-29,-3614,3121,690,1045,-201,-452,-359,3,655,0,-191,-6
80,2022-05-02,-6642,1244,5501,237,409,-435,5320,4,-23,-10,-67,-36
81,2022-05-03,-1704,2644,-848,-536,-38,-297,137,-2,-110,0,-93,1
82,2022-05-04,-4068,4315,-205,83,193,-495,114,7,-107,0,-8,-33
83,2022-05-06,-1199,1687,-667,-367,-121,-172,4,5,-16,0,175,5
84,2022-05-09,2845,327,-3178,-287,-511,-1624,-304,6,-457,0,-2,8
85,2022-05-10,98,-3119,2954,188,25,2057,646,121,-85,2,65,2
86,2022-05-11,425,1155,-1692,-847,109,-1958,899,0,104,0,86,27
87,2022-05-12,1705,-1536,-254,560,210,-343,-503,0,-116,-61,84,1
88,2022-05-13,-3234,3173,144,1731,-140,-1428,43,0,-37,-24,-26,-57
89,2022-05-16,-12,486,-493,-631,80,-1133,155,59,934,42,19,0
90,2022-05-17,-4671,4567,172,888,601,-1348,-20,0,60,-9,-63,-5
91,2022-05-18,61,2042,-2352,-1826,2,-1381,610,17,236,-8,251,-3
92,2022-05-19,-4050,3914,131,-1671,2056,369,-560,38,54,-156,-19,24
93,2022-05-20,-5957,3166,2870,1603,169,589,496,2,10,0,-58,-21
94,2022-05-23,-1796,-338,2393,935,292,322,32,9,775,28,-249,-10
95,2022-05-24,1717,-903,-749,-573,-564,588,-194,0,18,-24,-65,0
96,2022-05-25,1843,-3165,1312,1388,-474,299,-109,0,209,0,0,10
97,2022-05-26,-4,4488,-4396,-46,13,-2477,-72,-975,-839,0,-96,8
98,2022-05-27,-9792,2487,7396,2212,1502,3316,43,10,290,22,-74,-18
99,2022-05-30,-22594,8690,14449,4044,3689,5128,307,1,1306,-26,-494,-51
100,2022-05-31,2397,-1476,-773,-1754,14,527,-40,61,328,90,-150,2
101,2022-06-02,-3384,-4171,7849,-2100,3536,2961,2278,39,1071,63,-296,2
102,2022-06-03,-4774,699,4145,604,1829,2089,-1021,0,615,29,-74,4
103,2022-06-07,2221,-726,-1515,-2257,183,948,-864,37,377,60,22,-1
104,2022-06-08,601,-1757,1137,245,229,404,-98,0,356,0,34,-15
105,2022-06-09,-3806,-2003,5553,1074,1088,2444,209,42,696,0,250,6
106,2022-06-10,-2972,-518,3538,-688,1294,1850,711,4,367,0,-52,4
107,2022-06-13,-216,-4668,4951,88,1272,2792,416,28,332,23,-51,-17
108,2022-06-14,-403,-2971,3334,947,-2440,4148,162,0,460,57,53,-14
109,2022-06-15,1930,-3323,1393,680,92,308,-171,34,410,38,-13,12
110,2022-06-16,-4122,1622,2996,-203,659,1216,583,38,702,2,-490,-7
111,2022-06-17,3087,-4274,1129,2160,83,-1371,-915,0,1170,2,57,0
112,2022-06-20,-12891,1241,11932,1588,5559,2094,1629,-91,1121,31,-289,8
113,2022-06-21,3385,-6304,2887,1109,175,885,291,0,423,4,31,1
114,2022-06-22,2016,-2767,787,-306,-70,682,-307,0,799,-11,-3,-33
115,2022-06-23,2258,-5333,2980,2343,-59,416,71,-41,250,0,87,8
116,2022-06-24,-2175,-268,2056,1135,542,1050,-475,-20,-176,0,384,3
117,2022-06-27,-838,635,125,-366,175,401,-71,-17,22,-19,73,5
118,2022-06-28,560,-108,-458,-123,-89,732,-142,0,-841,5,-8,14
119,2022-06-29,5608,-1038,-4637,-1898,-1352,175,-1456,0,-92,-14,61,7
120,2022-06-30,8670,-3239,-5566,-818,-910,-1611,-1669,-34,-438,-84,135,0
121,2022-07-01,-8965,3229,5814,983,2603,1177,242,0,808,0,-79,1
122,2022-07-04,1377,-976,-398,805,-249,-764,-291,1,111,-10,-3,0
123,2022-07-05,772,-690,-142,140,-18,197,-682,0,310,-89,41,19
124,2022-07-06,9713,-6206,-3488,-1365,-141,370,-2143,0,-193,-15,-21,2
125,2022-07-07,1889,-4790,2878,485,562,193,287,50,1301,0,16,7
126,2022-07-08,1357,-256,-1141,343,-1322,906,-534,0,-432,-102,37,4
127,2022-07-11,13510,-7635,-6459,-1373,-1227,-2325,-39,-13,-1463,-19,559,24
128,2022-07-12,6041,-1215,-4829,-830,-2560,-772,822,-33,-1455,0,-40,43
129,2022-07-13,1174,-3648,2498,684,474,518,-6,0,468,360,-24,1
130,2022-07-14,696,846,-1752,1467,-1445,-1826,483,0,-430,0,245,-36
131,2022-07-15,4879,1328,-6300,-1220,-2793,-2368,35,0,47,-2,91,2
132,2022-07-18,212,1804,-2045,-738,-1640,-499,1474,68,-221,-489,30,0
133,2022-07-19,4283,332,-4646,-1283,-1572,-1809,-342,8,115,236,27,5
134,2022-07-20,4037,69,-4177,-255,-1700,-1455,-55,0,-758,48,52,19
135,2022-07-21,1704,1550,-3325,-446,-1283,-1446,101,0,-267,15,68,4
136,2022-07-22,2912,-2410,-617,-394,-220,-91,-21,0,110,0,92,22
137,2022-07-25,-1682,-12,1672,848,712,-1169,591,78,612,0,0,22
138,2022-07-26,233,-1436,1234,816,-182,128,-16,0,485,4,-3,-29
139,2022-07-27,-1188,-1197,2517,1867,116,650,51,3,-188,17,-125,-7
140,2022-07-28,-2473,3705,-1151,211,-373,-1425,102,0,423,-89,-100,18
141,2022-07-29,3155,-3989,785,546,-522,652,82,-167,172,23,27,21
142,2022-08-01,-4509,1244,3266,312,141,845,947,847,170,5,3,-5
143,2022-08-02,1881,-933,-1064,-1273,155,-24,-63,-134,271,2,114,2
144,2022-08-03,-185,428,-206,261,-248,431,-33,0,-617,0,-32,-4
145,2022-08-04,3411,-1875,-1531,-2020,226,689,-22,0,-405,2,-28,23
146,2022-08-05,-9568,4677,4714,2252,6,2987,38,36,-631,24,196,-19
147,2022-08-08,10274,-5461,-5452,-3642,-464,-281,-172,0,-894,0,607,33
148,2022-08-09,-7062,102,6819,8757,-128,-1908,96,52,-50,0,144,-3
149,2022-08-10,-6373,-2821,9275,9152,-389,-113,-48,1004,-331,0,-56,-25
150,2022-08-11,-12192,-2404,14847,10404,1334,1787,-5,-1,1215,113,-248,-2
151,2022-08-12,-2184,-4600,6863,8377,-399,-574,66,25,-605,-26,-81,2
152,2022-08-16,200,-4629,4539,-802,2591,2852,-67,0,-35,0,-118,8
153,2022-08-17,858,806,-1650,247,159,-194,-1961,0,98,0,-3,-11
154,2022-08-18,722,994,-1747,-886,-132,767,-1744,0,248,0,27,4
155,2022-08-19,93,2925,-3079,-46,-654,-84,-2288,9,-36,20,62,0
156,2022-08-22,1988,-1740,-402,-576,-177,575,-287,35,28,0,149,6
157,2022-08-23,255,-278,-66,-196,306,372,-1,0,-547,1,84,4
158,2022-08-24,69,-1363,1323,185,-42,1159,-140,0,161,1,-38,8
159,2022-08-25,1897,-2198,295,-187,-158,853,-84,1,-124,-6,5,0
160,2022-08-26,-2031,883,1143,186,206,810,-18,19,-59,0,3,3
161,2022-08-29,6767,-1016,-5847,-1563,-2052,-1312,-546,-79,-302,8,-41,137
162,2022-08-30,1573,3029,-4667,19,-2638,-691,-270,9,-1096,0,55,11
163,2022-08-31,717,1406,-2134,-678,-202,-909,-90,-14,-243,1,11,0
164,2022-09-01,4843,-2811,-2055,-1877,477,-227,-209,1,-220,0,14,10
165,2022-09-02,4066,-4225,80,-315,376,-108,-99,0,225,1,78,1
166,2022-09-05,-352,72,372,162,77,228,-4,0,-74,-17,-103,10
167,2022-09-06,-4043,2385,1616,-65,92,1286,-6,0,309,0,19,23
168,2022-09-07,-418,1139,-747,47,-156,-482,-134,0,-22,0,47,-21
169,2022-09-08,-728,-3825,4349,3513,1313,-924,318,34,95,0,34,170
170,2022-09-13,-1190,-5980,7099,1555,1893,413,3147,79,12,0,7,65
171,2022-09-14,-804,5095,-4274,-876,-163,-490,-2635,51,-160,0,-31,14
172,2022-09-15,-1433,2121,-643,-176,-639,150,-70,0,92,0,-45,0
173,2022-09-16,-652,2874,-2242,-767,-594,-441,-284,-11,-138,-8,20,0
174,2022-09-19,-900,1059,247,-78,78,328,-4,0,-77,0,-332,-74
175,2022-09-20,-1740,3473,-1706,793,-2947,551,28,0,-131,0,-27,0
176,2022-09-21,1785,4147,-6012,-1085,-2479,-1792,-577,0,-75,-3,77,2
177,2022-09-22,-602,2517,-1895,-766,-469,-449,-112,0,-100,0,5,-25
178,2022-09-23,765,-175,-407,222,-47,854,-669,6,-68,-704,-161,-23
179,2022-09-26,406,-2489,2020,1894,93,-331,461,141,-105,-134,57,7
180,2022-09-27,583,77,-746,-213,45,-136,0,0,-602,159,87,-2
181,2022-09-28,12874,3778,-16654,-758,-301,-11074,381,-1748,-2921,-233,-46,48
182,2022-09-29,-614,1930,-1409,397,-164,-2020,750,-4,-497,128,74,20
183,2022-09-30,-153,3511,-3406,46,-1531,-1320,-653,0,50,3,43,5
184,2022-10-04,-2173,5415,-3227,-583,-652,-1079,-11,-116,-799,14,-14,0
185,2022-10-05,-353,4854,-4525,-3323,-338,-480,39,-32,-341,-49,56,-32
186,2022-10-06,1901,2832,-4779,-58,-2027,-1935,-353,-83,-335,14,74,-28
187,2022-10-07,-1578,3031,-1377,652,-678,-630,-45,-56,-620,0,-15,-62
188,2022-10-11,-294,1898,-1533,-355,-362,-136,-898,-130,-109,458,-71,0
189,2022-10-12,-7732,-3945,12152,9237,553,5277,-2318,10,-606,0,-460,-15
190,2022-10-13,4495,-2315,-2168,1407,-1675,984,-2029,0,-3,-853,-18,6
191,2022-10-14,-3772,4227,-486,842,-20,459,-146,0,-1630,10,26,6
192,2022-10-17,-217,-291,439,-65,468,182,-85,0,-61,0,-14,83
193,2022-10-18,-3320,-798,4148,2876,-84,1100,279,0,5,-29,-31,1
194,2022-10-19,473,4882,-5361,2374,-953,-4339,-2257,-31,-141,-15,9,-2
195,2022-10-20,12046,6143,-18048,-1036,-6394,-6614,-104,-73,-3803,-24,-69,-72
196,2022-10-21,16297,4986,-21426,1782,-8985,-6833,-3829,-55,-3505,0,118,24
197,2022-10-24,-5366,5456,-184,2447,-1107,-3047,1103,0,419,0,94,0
198,2022-10-25,375,1373,-1763,-841,-555,-1053,827,158,-302,2,7,8
199,2022-10-26,2219,3442,-5668,-966,-1912,-1730,-359,0,-700,0,5,2
200,2022-10-27,-1432,6310,-4845,1628,-886,-3739,-1335,0,-512,0,-35,2
201,2022-10-28,-370,1497,-1261,724,-70,-1898,-60,0,42,0,59,75
202,2022-10-31,2321,1422,-3809,-1114,-983,-1460,-32,-25,-195,0,-11,77
203,2022-11-01,-9633,9242,598,968,-27,68,-234,0,-146,-30,-179,-29
204,2022-11-02,-5788,3645,2265,299,2216,-837,942,14,-369,0,-40,-83
205,2022-11-03,-568,4723,-4159,-2466,-641,-1311,216,-2,44,0,2,2
206,2022-11-04,232,2902,-3179,98,207,-2664,-634,0,-186,0,44,1
207,2022-11-07,-18225,10895,7444,2070,1581,2092,1748,19,-122,56,-96,-18
208,2022-11-08,1561,-337,-1132,1044,-311,-3745,839,9,1032,0,-103,11
209,2022-11-09,-8162,-1303,9531,-1379,3461,7062,241,9,140,-3,-78,11
210,2022-11-10,-5245,1895,3461,-1940,2227,3630,-1594,98,1051,-11,-123,12
211,2022-11-11,5910,8117,-14328,-6686,24,-986,-4411,-42,-2235,7,-94,394
212,2022-11-14,-25255,20076,5792,-11865,6944,2222,3427,703,4328,34,17,-629
213,2022-11-15,-5657,3589,2095,-2930,4291,2166,-294,0,-1117,-20,-121,93
214,2022-11-16,17821,22928,-41348,-15187,-4116,-16453,-3049,-411,-1593,-539,38,562
215,2022-11-17,3592,9154,-12726,2072,-2814,-10743,766,-21,-1992,7,26,-45
216,2022-11-18,1776,3139,-4462,1064,-439,-4066,-650,30,-401,-1,-100,-353
217,2022-11-21,-24260,4805,19623,6946,5874,4520,978,163,813,328,-70,-99
218,2022-11-22,-1140,-3108,4260,2118,207,1851,-37,0,121,0,5,-16
219,2022-11-23,-9051,2182,7068,2372,1332,1579,416,0,1360,8,-119,-80
220,2022-11-24,-4045,-580,4186,2382,538,1151,12,15,83,4,390,49
221,2022-11-25,-1262,-437,1732,393,132,667,164,0,377,0,-10,-24
222,2022-11-28,-1850,1453,406,134,57,181,346,0,-312,0,-3,-7
223,2022-11-29,-14807,5570,10299,4403,2154,1816,1886,0,41,0,-983,-79
224,2022-11-30,-2338,1542,822,-650,979,-313,478,0,328,0,-29,3
225,2022-12-01,889,-2429,1583,219,178,707,-33,0,513,0,-4,-40
226,2022-12-02,-1073,1239,-199,-494,614,-127,-233,0,41,0,34,0
227,2022-12-05,-15817,4451,11592,1622,5658,1662,1000,0,1642,8,-161,-65
228,2022-12-06,-1063,846,301,-3460,635,3866,-673,-48,79,-99,-82,-2
229,2022-12-07,-16489,11528,5267,5775,-157,-363,-24,0,23,12,-304,-2
230,2022-12-08,-10239,-4067,13967,17593,-1171,-682,-1821,-7,113,-57,340,-1
231,2022-12-09,7860,-7497,-503,1118,162,-1570,-204,0,-13,6,118,22
232,2022-12-12,-7671,8466,-731,-219,-616,320,-514,0,292,5,-34,-31
233,2022-12-13,-6971,6536,396,2765,788,-1812,-1270,0,55,-129,40,-1
234,2022-12-14,4864,-4,-4934,-3283,-984,-361,124,0,-429,0,39,35
235,2022-12-15,4720,-211,-4844,-3437,-1103,1332,-1246,0,-390,0,339,-4
236,2022-12-16,2092,2399,-3967,-733,-2582,61,-533,0,-188,9,-530,6
237,2022-12-19,153,-61,101,236,-1,-12,-6,0,-116,0,-198,4
238,2022-12-20,178,-887,774,1025,-831,-507,1109,6,-37,8,-72,7
239,2022-12-21,522,-1775,1504,-57,-124,1314,-3,0,375,-1,-234,-16
240,2022-12-22,-5275,-96,5446,2216,1237,1113,32,0,796,52,-65,-10
241,2022-12-23,-5416,-4883,11175,4198,1212,4589,-369,103,1451,-9,-855,-21
242,2022-12-26,-5472,-715,6244,1193,497,3001,446,49,1067,-9,-36,-21
243,2022-12-27,-5232,-3204,8194,3324,-18,2588,1586,32,682,0,261,-20
244,2022-12-28,-2971,1912,1109,-2151,561,2562,145,139,-143,-3,-44,-7
245,2022-12-29,153,3522,-3575,-3039,-312,-169,-18,12,-90,41,-100,-1
246,2023-01-02,-717,-630,1263,-2609,-224,2362,1742,0,-44,36,74,10
247,2023-01-03,-104,-839,901,-5416,599,3595,1775,0,293,55,34,9
248,2023-01-04,1622,1055,-3162,-7897,750,3520,112,170,120,62,461,23
249,2023-01-05,-2071,5103,-2943,-5927,1103,3624,-1609,0,-139,5,-89,0
250,2023-01-06,-4199,-2441,5625,-4187,2687,4615,-984,0,3495,0,1006,8
251,2023-01-09,-11583,4582,7615,-3786,1202,4240,3228,96,2530,105,-550,-64
252,2023-01-10,-2347,699,1935,-2846,-71,3068,1483,74,228,0,-285,-2
253,2023-01-11,-599,-795,1668,336,-122,2264,-973,0,163,0,-295,22
254,2023-01-12,1344,4608,-6031,-3014,-2325,1294,-1846,0,-133,-6,77,2
255,2023-01-13,8079,4395,-12669,-6539,-1926,-861,-1905,0,-1439,0,161,34
256,2023-01-16,-5162,-1316,6457,-4956,2406,7098,1213,0,697,0,20,2
257,2023-01-17,-8943,1324,8098,-2557,1197,8434,-417,0,1437,5,-458,-21
258,2023-01-18,-728,-4799,5656,-1117,1831,4421,146,9,367,0,-137,8
259,2023-01-19,-373,214,134,-538,-240,1548,-306,0,-323,-8,7,18
260,2023-01-20,-2418,-1815,4163,785,934,1194,219,33,1013,-15,83,-12
261,2023-01-25,2900,-1599,-1109,-415,-1064,1933,-813,-57,-691,-3,-177,-15
262,2023-01-26,453,2987,-3424,1839,-1314,-1849,-430,-933,-727,-12,-17,2
263,2023-01-27,1220,1319,-2656,470,-1109,-473,-858,-133,-553,0,80,37
264,2023-01-30,11867,-794,-11086,-467,-1251,-5067,-3244,-155,-903,0,-2,15
265,2023-01-31,-1225,476,649,2807,541,-314,-1023,-1,-1386,25,97,4
266,2023-02-01,-4121,1014,3151,-720,1080,2630,29,0,151,-20,-7,-36
267,2023-02-02,2611,-4400,1786,-680,1376,-134,13,-30,802,438,-15,19
268,2023-02-03,9346,185,-9574,464,-1641,-4470,-3513,7,-273,-148,5,38
269,2023-02-06,-1517,6139,-4637,-1329,730,-1732,-2601,0,326,-32,-2,17
270,2023-02-07,1363,4926,-5968,-70,-586,-2867,-2360,29,-113,0,-363,42
271,2023-02-08,5750,1950,-7783,1092,-926,-4251,-3460,0,-221,-16,79,4
272,2023-02-09,2898,9027,-11895,4095,-691,-4325,-10769,-13,-159,-34,-34,4
273,2023-02-10,-1578,7537,-5954,-3114,-554,-1660,-560,0,-66,0,10,-15
274,2023-02-13,-17332,8859,8749,-1024,1323,5049,1653,102,1500,146,-214,-62
275,2023-02-14,9447,-6302,-3272,-794,1110,-3766,15,19,144,-1,137,-10
276,2023-02-15,1501,-536,-973,-220,959,-1210,-919,-26,431,13,5,4
277,2023-02-16,1306,-4052,2778,2995,508,-293,-651,0,218,0,-37,6
278,2023-02-17,-21782,12057,10266,-557,3769,5126,1158,19,525,226,-483,-58
279,2023-02-20,5160,-5713,548,1448,-49,-1453,245,33,274,51,33,-28
280,2023-02-21,-26394,4266,22912,2686,5599,6281,7322,0,1025,0,-722,-61
281,2023-02-22,-2211,-8065,10373,-1517,2232,6369,-52,64,3297,-21,-76,-20
282,2023-02-23,-612,-7268,7932,598,2869,3110,570,9,816,-40,-45,-7
283,2023-02-24,2481,-1695,-893,-27,-416,-440,70,-6,-131,57,19,87
284,2023-02-27,3259,-1556,-1278,-748,-218,324,-372,0,-342,78,-440,15
285,2023-02-28,5947,-7217,1351,1510,-300,746,-357,0,-249,0,1,-82
286,2023-03-02,-6970,59,7051,1487,2212,2892,-437,28,869,0,52,-192
287,2023-03-03,-3202,-4985,8212,-284,3899,1857,2973,95,-461,133,-22,-3
288,2023-03-06,7452,-6487,-1475,1305,-2221,175,423,20,-1170,-6,517,-8
289,2023-03-07,-4802,265,4654,319,492,3861,86,0,-106,2,-125,8
290,2023-03-08,6007,-2040,-4511,-3650,-825,118,-255,0,100,1,526,18
291,2023-03-09,211,-4222,4298,2238,-541,2717,-403,319,-32,0,-289,1
292,2023-03-10,2597,-4248,-3859,-3988,-1169,883,-345,0,-129,889,5509,1
293,2023-03-13,-58,-3446,-527,-186,-339,136,36,0,-174,0,4030,1
294,2023-03-14,1711,-3389,-3056,-126,-1155,-1434,-49,27,-333,14,4725,9
295,2023-03-15,-1506,-2251,1487,237,-318,1176,1097,0,-717,13,2271,0
296,2023-03-16,107,-1121,1023,-602,-128,1256,1056,0,-565,5,0,-8
297,2023-03-17,7384,-4567,-2736,-358,-219,228,-2114,0,-481,207,-85,4
298,2023-03-20,-2156,-620,2797,613,377,1045,500,-25,262,25,-21,0
299,2023-03-21,-1717,-81,1785,217,-93,482,867,-30,338,3,-1,15
300,2023-03-22,30,-4558,4534,499,693,804,1926,35,903,-326,-1,-5
301,2023-03-23,-9199,-3165,12359,992,2906,5490,1299,0,1692,-20,-26,31
302,2023-03-24,5551,-4943,-645,-1356,25,1745,-746,0,-295,-17,-5,42
303,2023-03-27,1516,296,-1807,427,-1073,749,-2514,0,623,-19,-4,-1
304,2023-03-28,-10838,-91,11279,1035,4507,5193,-579,-1,1112,12,-84,-266
305,2023-03-29,-1078,-2899,3737,1219,384,1884,26,0,206,18,163,77
306,2023-03-30,-9567,927,8947,682,1766,5695,94,12,756,-57,-108,-200
307,2023-03-31,-8863,-7790,16517,3115,2792,7120,611,36,2772,69,157,-20
308,2023-04-03,3569,70,-3650,-1522,-1920,426,-464,1,-175,4,35,-24
309,2023-04-04,-254,-481,755,-426,265,1635,-588,0,-130,0,-9,-12
310,2023-04-05,1187,-2168,921,752,1266,-1304,-108,0,-148,463,39,21
311,2023-04-06,1074,1960,-2982,-1692,-51,520,-1256,2,-506,0,-27,-24
312,2023-04-07,1643,346,-1647,37,-2591,632,364,0,-88,0,-350,8
313,2023-04-10,-235,221,35,235,476,132,-117,0,-690,-2,1,-22
314,2023-04-11,-723,170,477,599,-474,726,-12,6,-365,-3,67,10
315,2023-04-12,1053,1054,-2123,-1375,-57,-492,93,2,-294,0,32,-16
316,2023-04-13,2973,-68,-2902,-71,-474,-1610,-454,0,-292,0,-1,-2
317,2023-04-14,-3651,2666,876,915,-424,338,-201,-53,267,34,105,4
318,2023-04-17,8552,-3396,-5201,-1205,-1181,-2380,24,-68,-337,-53,39,7
319,2023-04-18,5651,1313,-6931,-1341,-2367,-1183,-515,-67,-1452,-6,-97,63
320,2023-04-19,4626,-170,-4391,-123,-1967,-1171,-513,4,-622,0,-86,21
321,2023-04-20,3941,-1431,-2491,223,-1839,-1180,651,1,-319,-28,-17,-3
322,2023-04-21,4198,-533,-3659,975,-1969,-1540,-751,-12,-361,0,-26,20
323,2023-04-24,2036,-189,-1835,841,-1106,-1639,-27,3,93,0,0,-11
324,2023-04-25,7569,1009,-8557,-411,-4068,-1575,-1920,7,-591,0,-25,4
325,2023-04-26,2421,3132,-5412,-994,-2075,-1639,-139,6,-573,2,-164,22
326,2023-04-27,2926,4368,-7311,-1936,-3399,-1220,236,-177,-585,-232,21,-5
327,2023-04-28,2624,913,-3533,-1213,-905,-1227,-187,0,-13,14,-5,0
328,2023-05-02,-2509,-470,2880,923,596,636,792,0,-67,0,95,4
329,2023-05-03,1936,405,-2344,-696,-233,-1361,-118,0,65,0,0,2
330,2023-05-04,467,-546,92,-900,217,54,701,0,20,0,-17,4
331,2023-05-08,1687,-1838,110,1441,186,-2886,1208,0,158,1,38,4
332,2023-05-09,1713,-2220,432,418,-879,617,433,-1,-207,51,67,8
333,2023-05-10,1264,-92,-1342,-316,7,-1554,177,-5,349,0,162,8
334,2023-05-11,-10059,1539,8165,2409,2662,958,1839,-1,300,0,363,-8
335,2023-05-12,-5223,-4662,9979,339,2241,5068,273,87,1900,72,-106,13
336,2023-05-15,1194,-114,-846,316,-1654,902,97,0,-509,2,-239,6
337,2023-05-16,2683,-1358,-1350,-12,-1114,-280,-264,0,313,7,14,11
338,2023-05-17,-5692,6763,-967,-550,461,-725,-215,0,9,53,-89,-14
339,2023-05-18,-1343,1791,-475,-795,274,-38,-148,0,231,0,27,0
340,2023-05-19,360,-1169,850,1675,-710,-567,79,0,369,4,-41,0
341,2023-05-22,3507,-4240,769,2120,447,-1536,-128,-9,-118,-5,-36,-1
342,2023-05-23,1002,2597,-3599,889,-1477,-1492,-28,-1,-1490,1,10,-10
343,2023-05-24,3833,-1265,-2627,1110,-1082,-2323,13,-11,-337,2,54,6
344,2023-05-25,14150,-5226,-9103,-810,-2695,-4057,-762,0,-784,6,160,18
345,2023-05-26,397,636,-1060,-336,43,-180,-524,0,-63,0,8,20
346,2023-05-30,11851,-5310,-6580,-782,-1489,-3322,-4,-1,-983,0,8,31
347,2023-05-31,3561,-2491,-1111,-742,-34,73,-88,0,-328,8,42,-2
348,2023-06-01,5014,-2092,-2890,-1307,505,-1653,-341,-1,-2,-92,-36,4
349,2023-06-02,1266,-1207,-131,472,4,-320,65,-39,-259,-54,69,2
350,2023-06-05,-13724,5875,7650,1835,3202,992,1510,-8,81,37,193,6
351,2023-06-07,-6035,2254,3859,1558,764,90,137,0,1305,4,-75,-2
352,2023-06-08,-10379,2912,7382,1593,3892,852,52,49,948,-3,76,8
353,2023-06-09,13183,-4470,-8719,4,-1404,-2207,-2683,2,-2430,-1,0,7
354,2023-06-12,952,1055,-1913,893,-269,-1777,-19,24,-765,0,-96,1
355,2023-06-13,-1202,-1821,2954,1628,410,532,370,0,15,0,65,3
356,2023-06-14,-19909,6922,13203,1769,4087,3364,3013,12,915,43,-205,-11
357,2023-06-15,8221,-6838,-1399,-361,-1677,2316,-962,9,-31,-693,12,4
358,2023-06-16,-680,-1460,2103,-290,849,1331,133,17,63,0,29,9
359,2023-06-19,-10376,2867,7527,627,3859,1472,940,0,681,-50,1,-19
360,2023-06-20,-13887,1689,13908,2020,3595,6622,-1224,46,2828,20,-1457,-252
361,2023-06-21,5725,-5665,-226,-330,-724,424,-23,10,416,0,167,-1
362,2023-06-22,-714,437,254,493,59,2140,-2319,0,-128,10,69,-47
363,2023-06-23,12817,-1002,-11754,-2273,-1849,-2927,-3739,-2,-987,23,-79,17
364,2023-06-26,20588,-7537,-13158,-1700,-3918,-3828,-492,-157,-3035,-29,42,66
365,2023-06-27,4557,-2841,-1618,-1274,348,484,-339,0,-836,0,-119,21
366,2023-06-28,20154,-5190,-15348,-3351,-4143,-5490,301,-219,-2150,-295,330,54
367,2023-06-29,4629,-1570,-2925,-1042,-952,-1196,788,-18,-527,21,-155,22
368,2023-06-30,258,-1391,1123,-390,-36,528,1451,0,-132,-299,-27,37
369,2023-07-03,-1280,-36,1268,2533,169,-1249,-10,0,-175,0,42,6
370,2023-07-04,3765,-1162,-2709,-168,-221,-1667,-122,-9,-608,86,56,49
371,2023-07-05,2813,310,-3232,-777,-305,-2161,197,0,-186,0,131,-22
372,2023-07-06,1202,1305,-2547,-1796,101,-548,-18,6,-283,-10,39,1
373,2023-07-07,3421,3269,-6560,-1121,-2628,-2261,-492,0,-42,-17,-138,8
374,2023-07-10,921,3649,-4564,-171,-425,-3536,-331,0,-100,0,-1,-4
375,2023-07-11,2311,-895,-1446,1112,-1731,-421,-5,0,-400,0,22,8
376,2023-07-12,1661,-391,-1278,-421,-530,27,-209,-24,-112,-7,8,0
377,2023-07-13,582,-1599,1002,2488,-302,-994,66,0,-258,0,24,-9
378,2023-07-14,-1836,19,1803,2252,-189,-48,72,-10,-253,-22,16,-3
379,2023-07-17,5414,-283,-5099,-317,-2792,-485,-975,-13,-518,0,5,-38
380,2023-07-18,4328,-887,-3467,-268,-256,-2673,128,-11,-377,-11,38,-12
381,2023-07-19,10982,-927,-10198,-506,-1011,-7417,-85,-10,-1152,-17,158,-15
382,2023-07-20,-4304,6784,-2479,-932,184,-1904,95,0,78,0,-5,3
383,2023-07-21,1100,-62,-1026,-74,-155,-612,-42,0,-127,-17,8,-20
384,2023-07-24,571,1426,-2007,-737,-97,-160,-802,-18,-179,-13,5,5
385,2023-07-25,2214,2030,-4261,-576,-2118,-1112,-19,0,-428,-7,10,7
386,2023-07-26,-1082,3158,-1933,-1273,-474,-78,292,16,-417,0,-127,-16
387,2023-07-27,-8012,3793,4226,2873,100,337,361,0,556,0,-5,-2
388,2023-07-28,237,670,-872,-1196,150,-101,374,-34,-24,-41,-13,-21
389,2023-07-31,-3436,3919,-362,-673,233,-624,795,0,-93,0,-121,-1
390,2023-08-01,-15590,10172,5401,297,1937,709,1155,53,1251,0,62,-46
391,2023-08-02,-1130,2271,-1172,-1294,323,-176,-21,10,72,-86,37,-5
392,2023-08-03,-432,4907,-4609,-1847,5,-2847,-213,9,219,64,128,6
393,2023-08-04,-1486,4116,-2623,-946,868,-2837,285,9,-34,32,-5,-2
394,2023-08-07,596,2658,-3246,-1066,299,-1858,-786,9,93,63,0,-9
395,2023-08-08,1468,3103,-5328,-1441,-917,-1891,-758,0,-321,0,756,0
396,2023-08-09,27496,-14139,-13530,-2095,-2801,-5776,-1290,-18,-1550,0,113,60
397,2023-08-10,4285,-988,-3612,713,-1469,-2608,-301,11,42,0,278,37
398,2023-08-11,9561,-3934,-5719,-482,-1196,-2912,61,1,-1192,0,84,8
399,2023-08-14,8011,-2420,-6064,-2808,-241,-2337,-99,-140,-438,0,451,21
400,2023-08-16,4826,1238,-6253,-2826,-1799,-1194,-111,142,-370,-94,196,-8
401,2023-08-17,1851,-997,-1016,-1450,611,-191,158,40,-92,-92,156,6
402,2023-08-18,1996,1172,-3237,-725,-1360,215,-1593,117,-25,134,69,1
403,2023-08-21,-2867,157,3008,552,1563,272,334,0,341,-55,-308,10
404,2023-08-22,3375,-1752,-1647,98,-49,-1688,-23,2,12,0,15,9
405,2023-08-23,3938,711,-4937,55,-1785,-2094,-590,1,-445,-78,243,46
406,2023-08-24,281,1325,-1613,243,-1054,-918,573,0,-353,-103,7,1
407,2023-08-25,-807,-1480,2297,-1170,1101,2596,48,-57,-153,-68,-16,7
408,2023-08-28,-2970,-96,3101,1133,332,290,1198,51,97,0,30,-66
409,2023-08-29,-1693,-156,1842,103,97,847,595,0,200,0,2,5
410,2023-08-30,-23,1126,-1232,456,8,-679,-644,0,-373,0,68,61
411,2023-08-31,-2839,2688,126,394,-569,272,-34,9,54,0,8,17
412,2023-09-01,2140,-76,-2041,-431,-435,-214,-883,-9,-68,0,-20,-3
413,2023-09-04,-12928,3034,9919,717,2042,6773,-335,0,696,27,-10,-15
414,2023-09-05,1157,-2241,1387,-435,492,438,719,0,173,0,-304,1
415,2023-09-06,-1784,-2494,4276,-1241,743,4227,259,0,250,38,2,0
416,2023-09-07,964,-792,-289,-390,-7,101,-73,0,79,0,115,2
417,2023-09-08,-439,-1471,1900,318,-7,1720,-124,0,-6,0,12,-2
418,2023-09-11,-105,-429,500,195,-173,240,250,0,-11,0,11,22
419,2023-09-12,-270,-469,739,529,41,235,-89,-1,25,0,1,-2
420,2023-09-13,-5458,3164,2354,1138,552,-13,433,0,226,18,-17,-43
421,2023-09-14,-6,-3552,3581,2804,341,423,-19,0,33,0,-21,-1
422,2023-09-15,-14662,2089,12511,2799,5651,3325,-116,14,840,-3,169,-107
423,2023-09-18,1738,-2298,684,-55,369,258,81,-7,40,-2,-119,-5
424,2023-09-19,-1954,-2523,4329,-611,1036,3016,646,0,242,0,147,2
425,2023-09-20,2052,-759,-1153,-146,228,-314,-905,6,-22,0,-144,5
426,2023-09-21,1117,578,-1740,-1293,192,-315,-328,-1,5,0,55,-10
427,2023-09-22,2414,-1251,-1166,-120,-296,-269,-619,12,90,36,2,2
428,2023-09-25,-943,-1792,2739,1143,374,957,129,0,137,0,-12,7
429,2023-09-26,36,-91,-20,-380,-1338,2230,-484,-1,77,-124,82,-8
430,2023-09-27,-99,-1229,1385,198,100,963,79,0,44,2,-39,-18
431,2023-10-04,2410,436,-2953,-545,-1673,902,-931,16,-722,0,40,66
432,2023-10-05,1597,-2190,546,1050,-27,30,-70,-24,-413,0,56,-9
433,2023-10-06,207,-1559,1346,225,30,1014,74,1,2,0,6,0
434,2023-10-10,-1057,-2060,3116,1005,-617,2740,10,0,-21,0,3,-1
435,2023-10-11,1530,-2475,922,1020,-214,356,-69,-1,-171,0,22,1
436,2023-10-12,-4763,139,4616,292,750,2454,44,-98,1174,0,9,-1
437,2023-10-13,436,-3780,3297,-270,908,2415,186,0,58,0,48,0
438,2023-10-16,-3645,1159,2596,40,58,2384,-471,-15,600,0,-105,-5
439,2023-10-17,1104,-117,-1278,-360,-293,-11,-145,-1,-468,0,291,0
440,2023-10-18,492,-1190,653,149,190,380,-21,0,-44,0,44,1
441,2023-10-19,-23,-1427,1368,-90,-33,1490,-6,0,7,0,79,3
442,2023-10-20,263,-1166,893,484,47,527,-39,0,-125,0,9,-1
443,2023-10-23,914,-3147,2212,1372,97,506,170,0,67,0,20,0
444,2023-10-24,2241,-1431,-734,-186,-39,-530,6,1,14,0,-77,1
445,2023-10-25,-9646,-3350,13150,618,2179,6870,1624,236,1472,150,-82,-72
446,2023-10-26,-573,-2248,2828,1086,347,-39,950,32,452,0,0,-7
447,2023-10-27,-927,-583,1504,160,536,-44,166,0,695,-10,6,0
448,2023-10-30,-12594,1616,11069,893,2775,4503,1567,1,993,337,-60,-30
449,2023-10-31,-1295,-8433,9596,-213,2121,4091,3273,24,300,0,130,2
450,2023-11-01,-107,-5369,5404,852,687,1454,2069,0,245,97,76,-3
451,2023-11-02,-3430,-2725,6176,1443,1052,1428,1214,34,1015,-10,-21,1
452,2023-11-03,-1920,-1368,3230,553,223,1777,103,-8,476,105,57,1
453,2023-11-06,-7825,3833,4224,1526,380,1021,920,9,374,-6,-227,-5
454,2023-11-07,-5948,4108,1276,-456,1179,653,-114,0,24,-10,564,1
455,2023-11-08,-2334,2985,-514,-76,185,-210,-563,74,74,3,-131,-7
456,2023-11-09,-2953,1285,1705,-1236,-112,2788,514,0,-249,0,1,-38
457,2023-11-10,9348,-5974,-3602,-722,-49,-790,-2169,71,57,0,193,35
458,2023-11-13,-30,510,-255,3534,-2021,1080,-3087,0,238,0,-215,-9
459,2023-11-14,-984,-480,1483,4335,-979,-1274,-139,1,-578,116,-13,-5
460,2023-11-15,-9227,5132,4138,5866,-628,-967,338,100,-516,-55,-38,-4
461,2023-11-16,-103,438,-354,3078,-853,-2121,-231,-3,-224,0,21,-1
462,2023-11-17,-6114,-2303,8490,3818,2336,-307,2003,80,560,0,-70,-4
463,2023-11-20,-2612,-1582,4228,4641,236,-432,-26,0,-183,-8,-33,0
464,2023-11-21,-1329,-1987,3333,3368,-158,15,102,0,5,0,-17,0
465,2023-11-22,-633,-3565,4219,2749,1071,149,264,11,-25,0,-2,-20
466,2023-11-23,282,1033,-1219,-154,224,-1264,-15,0,-10,0,-98,2
467,2023-11-24,-909,-474,1753,285,515,-5,-196,-3,1158,0,-368,-1
468,2023-11-27,-4222,-1331,5598,791,1411,2444,-12,0,965,0,-43,-2
469,2023-11-28,-2032,-139,2209,1131,1342,-284,-479,-1,500,0,-37,-1
470,2023-11-29,1117,-244,-872,-696,16,175,-979,0,612,0,-1,-1
471,2023-11-30,1304,-2084,757,607,-75,308,-315,0,232,0,22,0
472,2023-12-01,-3148,-2261,5434,289,1638,2651,-66,105,928,-111,-24,-1
473,2023-12-04,-2135,1333,853,1370,63,-806,103,0,123,0,-39,-13
474,2023-12-05,-10915,3266,8003,931,2257,2927,939,0,947,0,-304,-50
475,2023-12-06,-330,-1888,2169,1913,-555,205,30,199,376,0,33,16
476,2023-12-07,-2944,-784,3645,461,1496,255,240,-32,1302,-76,93,-10
477,2023-12-08,1992,-1280,-690,2004,-454,-1714,87,-1,-611,0,-28,5
478,2023-12-11,-361,-850,1262,1359,-79,-128,97,32,-44,25,-49,-2
479,2023-12-12,-1924,-1675,3697,3089,147,231,-298,329,199,0,-99,2
480,2023-12-13,-1143,-835,1892,1280,-6,511,-78,25,159,0,86,0
481,2023-12-14,-1316,-4799,5995,3338,866,1062,400,0,314,17,114,6
482,2023-12-15,1472,11,-1462,366,-84,-672,-367,0,-507,-197,-21,0
483,2023-12-18,325,859,-1161,321,-153,-638,-419,0,-264,-8,-24,1
484,2023-12-19,3260,-150,-3082,1136,-1066,-811,-2110,54,-286,0,-31,2
485,2023-12-20,-3337,468,2919,3421,183,-487,-45,92,-245,0,-45,-5
486,2023-12-21,2109,67,-2213,1281,-317,-1454,-934,8,-785,-12,36,1
487,2023-12-22,2719,-30,-2655,1234,-877,-2149,-77,-82,-688,-15,-36,2
488,2023-12-26,-1277,612,613,3306,-2229,-629,-31,35,134,27,65,-13
489,2023-12-27,1327,-635,-710,882,-185,-492,-66,0,-797,-52,18,0
490,2023-12-28,-573,1832,-1237,1902,-971,-953,-418,30,-530,-297,-29,6
491,2024-01-02,11081,-1943,-9269,479,-4195,-4368,-69,-89,-935,-92,74,56
492,2024-01-03,4662,2138,-6364,-2054,-2217,-2229,-149,23,117,144,-438,2
493,2024-01-04,6393,4929,-11317,-1596,-4114,-3079,-809,15,-1810,77,-12,7
494,2024-01-05,3938,2147,-6137,-506,-1534,-2007,-412,-339,-1137,-202,45,7
495,2024-01-08,1106,1317,-2459,-1047,-3,-794,-515,0,-100,0,26,11
496,2024-01-09,911,-165,-732,401,-900,-168,-29,0,-35,0,-17,3
497,2024-01-10,5874,-2428,-3776,-534,617,-3869,-32,44,-2,0,326,4
498,2024-01-11,589,4490,-5089,706,746,-6241,203,0,-510,6,4,6
499,2024-01-12,6233,-21,-6559,461,-1426,-4955,-38,0,-600,-2,332,15
500,2024-01-15,4446,-68,-5122,446,-571,-4824,8,4,-185,0,666,77
501,2024-01-16,5791,-119,-5749,-247,-1064,-4253,-2,0,-170,-13,73,3
502,2024-01-17,6759,-3473,-3402,590,-280,-3012,12,47,-307,-452,83,33
503,2024-01-18,6160,-246,-6027,-1239,-279,-4156,-129,0,-288,66,70,43
504,2024-01-19,7140,56,-6996,-340,-708,-5382,-21,0,-571,26,-222,22
505,2024-01-22,2134,1830,-3989,-318,-282,-2549,-12,-143,-681,-4,22,4
506,2024-01-23,1300,-1070,-247,-298,-48,-1582,1410,4,261,6,7,10
507,2024-01-24,-9165,4625,4568,-555,2373,1336,313,0,1033,67,-15,-11
508,2024-01-25,-12651,10846,1968,218,-2945,3809,-694,4,1473,106,-83,-80
509,2024-01-26,-2972,2061,863,1037,-421,-245,557,0,-65,-1,56,-9
510,2024-01-29,-1718,2089,-348,906,217,-1366,31,0,-136,0,-51,28
511,2024-01-30,1228,5734,-6904,313,-647,-4459,-1799,10,-322,0,-52,-6
512,2024-01-31,-562,4723,-4152,-176,-1000,-2801,-58,0,-60,-56,6,-15
513,2024-02-01,-11547,9564,2399,-683,897,1290,581,0,287,29,-349,-68
514,2024-02-02,13664,-7416,-6500,826,-3630,-2736,-949,-7,-30,26,228,24
515,2024-02-05,899,2731,-3490,-1781,-479,-876,-28,-5,-322,0,-130,-10
516,2024-02-06,-237,391,-194,-100,14,556,-26,-13,-624,-1,24,16
517,2024-02-07,-8255,3641,4576,1695,920,1289,311,1,321,39,39,-1
518,2024-02-08,3657,-5620,1972,-3,2779,-740,-50,11,-23,-2,-11,3
519,2024-02-13,1212,-2693,1413,1905,11,-610,53,12,42,0,67,1
520,2024-02-14,2177,581,-2765,-1239,126,-1604,86,42,-176,0,6,1
521,2024-02-15,1961,-505,-1442,-367,-110,-484,-384,14,-112,0,-20,6
522,2024-02-16,-7043,2540,4517,2633,1167,260,233,-21,270,-25,13,-27
523,2024-02-19,-2264,1659,816,1529,324,-635,-153,2,-252,0,-223,13
524,2024-02-20,2213,-1474,-753,-308,-151,-357,-17,20,60,0,11,3
525,2024-02-21,4397,-2853,-1274,87,-1080,-322,-8,22,31,-4,-272,2
526,2024-02-22,7295,-6093,-1408,-240,39,-832,-7,0,-367,0,154,51
527,2024-02-23,4787,-4613,-255,24,-248,-137,35,18,53,0,82,0
528,2024-02-26,6557,-4550,-2016,-248,-201,-1505,-38,7,-39,8,4,5
529,2024-02-27,1055,-992,-320,-55,56,-318,-25,5,9,8,256,1
530,2024-02-28,512,251,-769,62,-67,-688,83,2,-161,0,5,1
531,2024-02-29,10294,-6653,-3796,-1549,-654,-1570,-6,20,-37,0,112,43
532,2024-03-04,-6805,-4862,11538,627,2936,6497,293,2,1182,0,142,-13
533,2024-03-05,1132,-1492,405,-768,-41,1189,-6,8,23,0,-26,-19
534,2024-03-06,4662,-556,-4086,-429,-454,-2034,-870,4,-303,0,-22,2
535,2024-03-07,5189,335,-5600,-169,-1933,-3280,-134,-59,-26,0,-8,84
536,2024-03-08,879,-337,-806,1192,-513,-1332,4,-94,-61,-2,161,103
537,2024-03-11,4948,-1619,-3356,-338,-215,-2346,-79,2,-388,9,10,18
538,2024-03-12,2139,-1539,-615,2769,-714,-1896,-542,1,-233,0,2,14
539,2024-03-13,2763,-160,-2673,440,-531,-2066,-179,7,-344,0,64,6
540,2024-03-14,-3152,5167,-2030,-2928,631,269,4,0,-2,-4,16,-2
541,2024-03-15,-1035,-359,1496,-522,393,1613,-44,7,50,0,-96,-7
542,2024-03-18,1874,-665,-1215,60,-63,-960,2,11,-264,0,2,3
543,2024-03-19,6707,-2763,-3966,-913,-2587,-451,-26,14,-1,0,15,7
544,2024-03-20,8637,-4200,-4501,380,-1712,-2983,-342,16,141,0,56,9
545,2024-03-21,-1155,503,782,2352,-1397,366,-116,-80,-221,-121,-123,-8
546,2024-03-22,-1793,918,822,-43,307,314,39,-6,242,-30,63,-10
547,2024-03-25,2929,-2465,-473,-343,225,-427,0,7,66,0,3,6
548,2024-03-26,139,-938,774,1464,-7,-652,-28,7,-11,0,23,2
549,2024-03-27,1190,-2389,1187,291,-39,783,11,13,127,0,13,0
550,2024-03-28,1132,-1251,252,-63,214,-38,45,1,91,0,-127,-6
551,2024-03-29,3266,-1689,-1580,-250,120,-1177,-241,2,-35,0,-3,6
552,2024-04-01,-11196,1636,9433,3420,1186,3085,520,6,1217,0,133,-6
553,2024-04-02,1725,-3530,1892,-877,154,2093,38,0,450,34,-97,9
554,2024-04-03,498,-2162,1665,-977,125,2828,-331,2,17,0,-3,2
555,2024-04-04,1701,-2151,344,-88,35,159,-37,3,238,34,106,0
556,2024-04-05,715,-413,-252,-404,-113,339,-12,1,-62,0,-50,-1
557,2024-04-08,8941,-9397,532,-808,468,466,27,25,320,33,-94,18
558,2024-04-09,3331,-3286,-109,-202,430,-587,6,5,205,34,71,-6
559,2024-04-11,6151,-1358,-4891,-4056,229,-334,-786,0,56,0,92,7
560,2024-04-12,5025,-2447,-2684,-1424,-134,-1038,-55,-12,-22,0,46,59
561,2024-04-15,5816,-4810,-1137,-220,-80,-386,-37,0,-409,-5,134,-4
562,2024-04-16,9746,-7104,-2734,-203,-68,-1944,-46,4,-444,-33,52,39
563,2024-04-17,7927,-4547,-3545,-412,-34,-2280,-172,-8,-612,-27,149,16
564,2024-04-18,1885,-840,-1349,-3,152,-1313,-4,35,-143,-73,303,1
565,2024-04-19,5543,-1244,-4629,-734,-832,-2551,-104,34,-570,127,316,15
566,2024-04-22,-2632,-874,3442,1741,436,-338,1336,3,297,-33,35,29
567,2024-04-23,2949,-2156,-816,262,-122,-2186,951,6,275,-2,30,-7
568,2024-04-24,367,1572,-1956,608,192,-2537,-2,8,-225,0,11,5
569,2024-04-25,-471,993,-560,-492,463,-677,72,10,64,-1,30,9
570,2024-04-26,2103,-1307,-801,155,-51,-941,-25,2,59,0,5,1
571,2024-04-29,-10625,-449,11153,1595,5247,2418,972,7,922,-8,-80,2
572,2024-04-30,398,-1978,1547,192,755,-947,1330,3,29,186,24,9
573,2024-05-02,271,-793,436,-583,-467,-546,1461,4,566,0,80,5
574,2024-05-03,-1049,-2304,3338,-279,429,582,1556,69,947,34,15,0
575,2024-05-07,227,-3017,2788,1419,95,505,723,5,41,0,-8,9
576,2024-05-08,-300,1111,-807,-228,-240,-180,689,-704,-137,-7,2,-6
577,2024-05-09,1755,542,-2350,-2339,107,257,-406,5,26,1,48,5
578,2024-05-10,-2859,3559,-653,1431,103,-294,-1916,19,3,0,-35,-11
579,2024-05-13,-3365,-104,3502,584,1214,-300,913,10,1081,0,-33,-1
580,2024-05-14,-12282,241,12306,951,3882,3482,2689,7,1295,0,-240,-24
581,2024-05-16,3323,-6363,3008,2187,481,54,248,13,46,-23,28,4
582,2024-05-17,-6727,-4011,10785,2887,3482,3282,715,24,395,0,-46,0
583,2024-05-20,-6022,2854,2861,-26,1577,-376,869,18,800,0,304,3
584,2024-05-21,3282,-807,-2521,-43,719,-3747,222,21,308,0,46,0
585,2024-05-22,-4107,301,3862,-90,1007,321,1817,35,406,366,-58,2
586,2024-05-23,2831,-1102,-1386,-706,185,-28,-871,4,66,-37,-349,7
587,2024-05-24,1887,2321,-4197,-2828,-835,-11,-1409,15,583,288,3,-13
588,2024-05-27,-1734,-108,1909,244,876,-793,1448,18,117,0,-45,-22
589,2024-05-28,589,-2300,1640,249,352,759,-438,36,683,0,76,-5
590,2024-05-29,14162,-7420,-7518,-2702,-854,-3356,-585,26,-525,478,725,52
591,2024-05-30,-4803,3213,1585,-866,256,-3,2229,25,425,-480,6,-1
592,2024-05-31,-1329,-1501,2894,1726,55,429,29,21,947,-311,-24,-40
593,2024-06-03,3894,556,-4462,342,-803,-2717,-1398,102,298,-287,13,-1
594,2024-06-04,-1392,-1202,2574,-638,-12,434,1359,61,1371,0,75,-54
595,2024-06-05,-4270,1031,3211,-413,1644,737,1034,102,106,0,31,-3
596,2024-06-07,2521,-1993,-540,281,-28,-81,-701,11,-22,0,-4,16
597,2024-06-10,291,923,-1201,-585,-2,-711,64,15,18,0,0,-14
598,2024-06-11,-16651,7743,8938,2327,2619,1383,1535,4,1087,-17,-23,-7
599,2024-06-12,-2418,-465,3164,-127,2481,330,-14,4,474,17,-268,-14
600,2024-06-13,10482,-2282,-8314,-3781,-1185,-2375,-449,6,-512,-18,80,35
601,2024-06-14,748,-11,-752,-2103,458,499,-1006,13,1388,-1,0,15
602,2024-06-17,4142,-1571,-2459,-299,-621,-347,-1048,1,-111,-34,-125,14
603,2024-06-18,1804,-2510,856,-110,-193,1616,-587,27,179,-77,-136,-14
604,2024-06-19,-986,194,1254,836,430,434,-553,22,110,-25,-440,-23
605,2024-06-20,-15531,5596,10276,291,2788,5457,600,143,997,0,-299,-42
606,2024-06-21,1625,-2288,623,89,72,986,-524,24,-21,-3,104,-65
607,2024-06-24,-677,-2037,2762,-499,1544,1118,229,5,366,0,-27,-21
608,2024-06-25,-110,-2033,2165,-28,187,1696,-99,10,399,0,-6,-17
609,2024-06-26,646,-1081,420,-595,-403,2372,-1221,23,239,5,0,14
610,2024-06-27,6826,-3863,-2990,-1071,-784,964,-956,11,-1154,0,12,15
611,2024-06-28,-3415,2261,1137,213,48,1436,-486,6,-68,-12,19,-2
612,2024-07-01,2185,-813,-1360,103,-235,-466,-745,14,-31,0,-15,3
613,2024-07-02,7644,-2726,-5529,-152,-1088,-1711,-1873,0,-705,0,608,3
614,2024-07-03,4226,-2255,-2351,229,-544,-556,-859,-2,-620,0,375,5
615,2024-07-04,-2064,153,1902,1390,28,472,46,2,-36,0,10,-1
616,2024-07-05,3284,-1105,-1807,1404,-716,-1012,-927,-132,-407,-17,-375,2
617,2024-07-08,4064,1438,-5545,27,-3720,-359,-1225,1,-269,0,30,12
618,2024-07-09,211,307,-518,790,-353,-162,-705,0,-88,0,0,0
619,2024-07-10,9539,-4850,-4710,-1255,-1353,-655,-1051,-5,-390,0,37,-17
620,2024-07-11,575,-1735,1153,1654,-678,375,-132,-29,-37,0,10,-2
621,2024-07-12,-1382,1482,-199,1015,13,-499,-404,0,-258,-67,96,2
622,2024-07-15,-2359,414,1944,493,-295,2189,-649,4,203,-1,-3,4
623,2024-07-16,742,-1328,708,1595,-671,570,-651,0,-136,0,-109,-14
624,2024-07-17,904,-73,-876,1789,-1010,-647,-875,0,-133,0,46,-1
625,2024-07-18,3966,-748,-3299,19,-963,-807,-1159,2,-392,0,122,-40
626,2024-07-19,5118,298,-5482,-875,-1433,-2089,-892,4,-197,0,67,-2
627,2024-07-22,894,360,-1270,388,-780,-236,-605,0,-37,0,17,-1
628,2024-07-23,1580,-813,-790,-340,-124,-299,-10,0,-18,0,22,1
629,2024-07-24,1408,-838,-794,-243,-238,-191,-15,0,-106,0,222,2
630,2024-07-25,1021,21,-842,-861,-217,529,171,-20,-392,-51,-203,2
631,2024-07-26,348,-170,-184,186,-863,483,2,0,8,1,9,-2
632,2024-07-29,1176,552,-1710,-151,-963,-220,-45,0,-331,0,-17,0
633,2024-07-30,2486,1965,-4473,-232,-724,-3388,-24,0,-106,0,21,2
634,2024-07-31,-801,1163,-355,-149,-291,64,11,34,-90,65,-6,-1
635,2024-08-01,-549,986,-452,-201,75,-130,-74,0,-58,-63,15,0
636,2024-08-02,232,29,-263,-7,-24,-182,29,0,-94,15,1,1
637,2024-08-05,11462,-8491,-3447,-1330,-290,-795,29,13,-911,-162,467,9
638,2024-08-06,16,-246,200,446,-921,1182,-128,-85,-294,0,-1,31
639,2024-08-07,1952,-85,-1871,-581,-131,-1057,-10,-1,-91,0,-2,6
640,2024-08-08,3382,-514,-2897,-714,-599,-1457,-284,0,157,0,28,1
641,2024-08-09,43886,-26540,-18784,-3305,-6614,-4330,-428,4,-4079,-32,1374,64
642,2024-08-12,-5304,5037,247,697,4,-456,150,-97,-51,0,20,0
643,2024-08-13,-870,1623,-785,245,104,-1193,-3,100,-38,0,20,12
644,2024-08-14,-3761,4499,-736,355,-109,-986,170,5,-171,0,-1,-1
645,2024-08-16,25,95,-211,272,-97,-417,44,1,-14,0,62,28
646,2024-08-19,-725,585,122,86,30,50,-12,0,-31,0,15,3
647,2024-08-20,4154,-79,-4101,-494,-134,-3212,-12,0,-249,0,8,18
648,2024-08-21,-1192,2163,-1018,185,-118,-810,-6,0,-269,0,-3,50
649,2024-08-22,-3470,2680,829,577,160,187,-32,3,-66,0,-34,-6
650,2024-08-23,1228,-305,-1035,763,-633,-492,-320,1,-330,-24,66,46
651,2024-08-26,-3442,1138,2314,616,860,869,-12,0,-19,0,-19,8
652,2024-08-27,-543,-271,742,407,163,-137,68,8,233,0,72,0
653,2024-08-28,1088,-645,-499,-103,0,-319,16,1,-93,0,56,0
654,2024-08-29,11,1364,-1376,105,-235,-788,-24,2,-437,0,2,0
655,2024-08-30,1322,739,-2069,461,-182,-1943,1,-1,-369,-37,14,-6
656,2024-09-02,928,1014,-1975,-675,-13,-1164,-17,13,-118,0,2,31
657,2024-09-03,-3538,2211,1298,522,371,418,129,4,-145,0,25,4
658,2024-09-04,7927,-4416,-3475,-470,-926,-1310,-220,0,-549,0,-81,45
659,2024-09-05,-1300,886,415,256,-114,280,-14,5,2,0,-1,0
660,2024-09-06,4004,-3168,-900,-104,-49,-764,23,0,-6,0,19,45
661,2024-09-09,240,658,-936,-132,-440,-217,-39,0,-85,-23,43,-5
662,2024-09-10,3511,-2646,-921,-463,-20,-418,-24,7,-3,0,57,-1
663,2024-09-11,-2056,1723,296,429,-221,254,-37,23,16,-167,33,4
664,2024-09-12,-2655,2670,-114,-355,331,-732,297,3,178,165,100,0
665,2024-09-13,628,-74,-561,140,-49,-212,37,16,-493,0,9,-2
666,2024-09-19,3165,-2873,-316,549,-15,-51,-17,2,-785,0,22,2
667,2024-09-20,-1043,779,259,316,-129,262,-195,11,-3,-1,6,0
668,2024-09-23,2353,-3225,849,212,80,562,-36,32,-2,0,24,0
669,2024-09-24,-12819,7680,5117,1032,1944,1116,707,18,321,-22,21,2
670,2024-09-25,-8307,-1139,9437,373,1399,4840,1595,40,1200,-11,52,-43
671,2024-09-26,-2473,-552,3152,1471,791,1627,9,40,-785,0,-128,0
672,2024-09-27,-21464,-3896,25010,-1313,7497,12501,1880,45,4351,49,343,7
673,2024-09-30,-2335,-6552,8840,306,1510,6427,123,75,329,71,59,-12
674,2024-10-02,26,-3029,3009,533,1572,1306,-614,45,138,30,-20,14
675,2024-10-04,-34,-25,405,784,-239,295,-60,1,-376,0,-349,4
676,2024-10-07,-5594,-7483,13063,9,2908,8819,531,84,712,0,1,13
677,2024-10-08,1514,719,-2005,-3181,-79,764,20,1,510,-39,-219,-9
678,2024-10-10,-1035,-2721,4099,-546,52,5100,-90,-76,-341,0,-347,4
679,2024-10-11,3440,-2020,-1399,-816,-523,175,-323,1,88,0,-22,1
680,2024-10-14,-1024,-190,1206,-753,-594,2393,-220,1,338,40,10,-1
681,2024-10-15,1584,2245,-3464,-1238,-1756,295,-365,6,-446,40,-315,-51
682,2024-10-16,-1451,-1507,2953,-609,-634,4101,-88,-5,159,30,12,-8
683,2024-10-17,1103,687,-1806,99,133,-2713,479,0,178,19,1,15
684,2024-10-18,-365,-912,1287,20,339,682,-100,0,337,10,-10,0
685,2024-10-21,-1911,4,2016,28,169,1809,6,0,5,0,-93,-17
686,2024-10-22,1031,-2766,1578,-1576,-185,3530,4,27,-223,0,144,12
687,2024-10-23,-1621,-1618,3243,-482,147,3746,97,5,-270,0,-5,2
688,2024-10-24,759,-1027,259,-399,-44,616,46,12,28,0,6,2
689,2024-10-25,-206,1424,-1198,-59,-174,55,-996,15,-39,0,-21,0
690,2024-10-28,-2877,1659,1314,558,139,473,138,14,-8,0,-101,6
691,2024-10-29,1285,-201,-991,-590,-22,-437,185,6,-134,0,-93,0
692,2024-10-30,-1129,-656,1753,-268,324,1672,7,8,11,0,5,27
693,2024-10-31,-2235,453,1742,378,-269,1168,-226,69,50,573,41,0
694,2024-11-01,802,-202,-611,-713,98,-112,2,6,108,0,-5,16
695,2024-11-04,760,-830,77,-159,-14,234,8,4,5,0,-7,0
696,2024-11-05,-4950,3287,1714,-237,146,1571,81,11,142,0,21,-71
697,2024-11-06,-3022,-2934,6010,-121,2903,2973,-817,2,1010,60,-51,-3
698,2024-11-07,-292,-1637,1935,-378,129,1436,308,1,429,10,-6,0
699,2024-11-08,8981,-5665,-4003,233,-1990,-485,-392,18,-1358,-29,685,2
700,2024-11-11,13121,-1265,-12058,-251,-2228,-3869,-2308,-159,-2487,-757,197,6
701,2024-11-12,2000,-6,-2191,-446,-706,-909,9,-2,-94,-44,207,-10
702,2024-11-13,1192,-705,-491,-480,-279,-338,132,673,-161,-36,2,2
703,2024-11-14,-406,28,345,264,-494,199,393,-1,46,-62,32,2
704,2024-11-15,3274,-151,-2944,-767,-341,-1434,-80,-185,-137,0,-127,-53
705,2024-11-18,19521,670,-20507,-520,-2257,-14721,-701,0,-2301,-9,188,129
706,2024-11-19,4659,1611,-6345,-797,-705,-3717,-665,-74,-387,0,71,4
707,2024-11-20,5543,2336,-8041,-222,-892,-5357,-1156,0,-414,0,143,19
708,2024-11-21,-1447,3025,-1741,-58,-868,-664,-22,5,-129,-4,70,94
709,2024-11-22,2546,16,-2625,-94,-438,-1651,-309,4,-137,0,57,5
710,2024-11-25,-2052,5353,-3203,-231,-210,-2154,-167,3,-443,0,-65,-33
711,2024-11-26,2995,235,-3108,-569,-659,-1462,-186,0,-232,0,-126,4
712,2024-11-27,689,151,-853,-67,-214,-68,-17,-3,-478,-6,6,7
713,2024-11-28,-5196,4329,933,-152,1148,-193,250,2,-121,0,-28,-39
714,2024-11-29,6527,-3443,-3271,-227,-942,-891,-684,-20,-505,0,163,23
715,2024-12-02,2636,573,-3078,46,84,-3119,-2,1,-88,0,-138,7
716,2024-12-03,-2275,1946,306,315,89,-173,10,0,65,0,7,16
717,2024-12-04,701,366,-1081,-36,34,-1076,12,-1,-14,0,15,-1
718,2024-12-05,2400,-1310,-1159,-218,85,-782,-34,-3,-207,0,45,24
719,2024-12-06,-1058,1345,-370,368,-350,-238,-28,-1,-121,0,83,-1
720,2024-12-09,-724,654,23,370,17,-363,9,5,10,-25,35,12
721,2024-12-10,-5668,1904,3806,262,1184,1491,335,-9,547,-3,-18,-24
722,2024-12-11,-315,95,224,103,-28,-124,227,1,45,0,0,-5
723,2024-12-12,-1625,-3049,4692,1088,3250,-851,679,21,492,14,-13,-5
724,2024-12-13,2137,-758,-1387,-365,-856,-620,113,1,339,0,8,0
725,2024-12-16,-3215,1511,1723,-51,-63,1587,-130,5,375,0,2,-21
726,2024-12-17,2361,-1379,-952,-98,47,-253,-780,4,128,0,-32,3
727,2024-12-18,-512,889,-264,-198,236,-517,-1,266,-51,0,-110,-2
728,2024-12-19,-1521,-530,1948,-242,2453,-943,906,2,-228,0,86,17
729,2024-12-20,3468,-709,-2703,-218,-806,-393,-1102,10,-194,0,-63,7
730,2024-12-23,-1258,324,954,37,1673,-585,-26,3,-149,0,-19,-1
731,2024-12-24,2974,-1484,-1308,-227,27,-725,-193,-9,-181,0,-182,0
732,2024-12-26,1081,521,-1193,-212,-109,-597,-101,0,-174,0,-410,1
733,2024-12-27,494,-77,-355,-70,14,128,-159,-9,-259,0,-57,-4
734,2024-12-30,533,185,-563,-123,-7,-457,-3,-6,33,0,-156,0
735,2025-01-02,1664,-97,-1639,-404,-835,-46,6,-1,-360,0,88,-15
736,2025-01-03,-1395,2691,-1295,774,-630,-1036,-94,0,-321,11,-1,0
737,2025-01-06,499,300,-801,-161,-472,-32,-47,0,-88,0,1,0
738,2025-01-07,-579,351,229,-230,-59,440,139,0,-62,0,0,0
739,2025-01-08,492,347,-843,442,-2145,378,361,25,95,0,3,1
740,2025-01-09,2335,-3151,818,-637,350,-45,358,0,793,-1,-2,0
741,2025-01-10,3159,-443,-2726,-632,-573,-361,-722,-1,-437,0,9,0
742,2025-01-13,2303,-1085,-1240,-468,-279,0,-199,0,-294,0,22,0
743,2025-01-14,-1052,840,161,-252,199,248,-27,0,-6,0,51,1
744,2025-01-15,959,-130,-945,-236,-63,-531,-105,3,-14,0,116,0
745,2025-01-16,954,-315,-647,-274,-68,-211,-90,-1,-5,0,9,0
746,2025-01-17,556,66,-744,-373,-4,-195,-57,2,-116,0,122,0
747,2025-01-20,-1176,2326,-1154,-466,-142,-526,1,-1,-19,0,4,0
748,2025-01-21,259,-351,101,-282,1,353,-13,0,43,0,-10,0
749,2025-01-22,-1015,704,333,532,-1,-202,17,2,-15,0,-21,0
750,2025-01-23,4565,-2787,-1860,-1022,-102,-700,0,1,-36,0,80,2
751,2025-01-24,-36,855,-762,-245,-208,-313,-7,-3,14,0,-53,-4
752,2025-01-31,-159,238,-62,129,-41,-130,-7,-2,-10,0,-18,1
753,2025-02-03,866,-297,-654,-556,-120,147,-107,4,-22,0,84,1
754,2025-02-04,830,-445,-430,-340,-182,128,-27,-4,-6,0,45,0
755,2025-02-05,-1831,1666,194,199,-234,240,1,-2,-11,0,-28,0
756,2025-02-06,166,-410,244,104,131,7,2,-2,2,0,5,-6
757,2025-02-07,1170,-855,-319,-146,-23,-88,-58,-2,-3,0,5,0
758,2025-02-10,2109,-801,-1226,118,-668,107,-135,1,-649,0,-84,3
759,2025-02-11,-118,1000,-939,2,-221,-721,24,1,-24,0,14,43
760,2025-02-12,-393,-493,827,41,458,-65,322,6,65,0,58,1
761,2025-02-13,-6838,4465,2482,686,1070,-1170,732,0,1184,-20,-97,-12
762,2025-02-14,-1340,-947,1312,-75,386,1202,25,-3,-223,0,942,34
763,2025-02-17,-5087,-1768,6679,563,1019,4696,-19,-2,422,0,73,103
764,2025-02-18,49,-3892,3946,-573,1048,1344,862,-6,1270,0,-138,34
765,2025-02-19,-2907,-3303,6547,1089,2043,3109,19,-1,287,0,-186,-152
766,2025-02-20,-3716,-4462,8148,125,3426,2993,1133,-3,210,266,47,-17
767,2025-02-21,597,-1503,941,-135,-138,1188,28,3,-5,0,0,-34
768,2025-02-24,2639,-2371,-319,-757,-697,1637,143,1,-646,0,51,0
769,2025-02-25,-920,411,678,-178,-517,1920,-10,1,-539,0,-124,-45
770,2025-02-26,-3926,-3620,7722,1766,454,4328,136,-26,1065,0,-180,5
771,2025-02-27,-1294,451,981,-124,337,381,-25,2,410,0,-136,-3
772,2025-02-28,4141,-13047,8614,6664,-2043,3251,279,-6,468,0,291,1
773,2025-03-04,2255,-4089,2031,523,-68,872,247,0,458,0,-195,-3
774,2025-03-05,-10896,-2952,14085,214,1796,11761,106,4,204,0,-169,-68
775,2025-03-06,-284,-7965,7835,939,331,4661,628,0,1247,29,460,-46
776,2025-03-07,-479,-13041,13853,150,2776,8450,1927,85,449,15,-313,-19
777,2025-03-10,2589,-9685,7108,2888,551,3798,-138,-8,17,0,-51,40
778,2025-03-11,1464,-3458,2021,809,-157,1355,-301,-13,328,0,-29,2
779,2025-03-12,-107,-4859,4978,1036,-236,3816,216,-10,156,0,0,-12
780,2025-03-13,-2339,-11584,13870,5234,334,6752,1127,2,420,0,33,20
781,2025-03-14,-59,-1305,1400,-407,1188,586,23,2,9,0,-36,-1
782,2025-03-17,706,1488,-1940,-495,-519,-342,-830,0,246,0,-167,-87
783,2025-03-18,1322,-999,-335,-188,-83,190,-40,3,-217,0,10,2
784,2025-03-19,-1734,-605,1935,380,174,1167,8,-5,30,181,360,45
785,2025-03-20,1958,-2037,73,-365,-8,325,230,-16,-93,0,-8,14
786,2025-03-21,-1345,1759,-400,-219,-27,95,-214,-1,-33,0,21,-34
787,2025-03-24,1117,78,-1202,-220,-141,-597,-228,1,-17,0,6,0
788,2025-03-25,1604,729,-2342,964,-911,-1587,-665,-65,-65,-13,8,1
789,2025-03-26,-1135,-776,1911,1118,167,546,33,3,44,0,2,-1
790,2025-03-27,-4198,496,3767,-333,690,2242,71,1,1096,0,-14,-51
791,2025-03-28,4306,-5797,1478,376,464,581,-46,-2,105,0,12,1
792,2025-03-31,110,-4094,4089,2623,337,1022,-83,1,188,0,-91,-13
793,2025-04-01,1536,-3205,1740,1394,-17,345,-88,2,104,0,-68,-3
794,2025-04-02,2313,-3279,900,620,70,-208,-141,0,560,0,55,10
795,2025-04-03,4970,-3163,-1818,2118,-877,-2813,-152,2,-97,0,9,2
796,2025-04-04,912,-7,-922,1413,411,-2669,-76,1,-2,0,6,11
797,2025-04-07,2302,-1812,-448,234,-371,-336,-177,-1,203,0,-44,1
798,2025-04-08,1286,-2099,836,-461,70,1170,366,-1,-308,0,8,-31
799,2025-04-09,2030,-278,-1675,109,-171,-1373,-197,-1,-43,0,-77,0
800,2025-04-10,-432,976,-559,-4215,2801,67,416,0,372,0,13,1
801,2025-04-11,-978,96,876,-2709,374,2704,254,2,251,0,2,3
802,2025-04-14,464,-1144,657,-275,213,193,538,-1,-11,0,13,11
803,2025-04-15,479,246,-746,-786,-141,299,-104,1,-15,0,3,18
804,2025-04-16,-327,-1201,1569,-1070,307,2233,119,1,-5,-16,-27,-15
805,2025-04-17,1858,-719,-1170,55,-401,-300,-372,1,-153,0,24,7
806,2025-04-18,56,135,-201,-239,208,-129,-11,-3,-28,0,13,-3
807,2025-04-21,116,-320,210,-197,224,232,-64,-1,16,0,-6,1
808,2025-04-22,-307,-377,680,-699,439,428,24,501,-13,0,-6,10
809,2025-04-23,-1029,711,341,-445,277,166,66,301,-25,0,-16,-6
810,2025-04-24,-158,220,-103,-1249,-301,952,-4,-5,503,0,37,5
811,2025-04-25,-1029,312,727,486,150,108,-1,21,-38,0,-10,0
812,2025-04-28,701,-115,-601,-420,150,-63,-250,-13,-6,0,7,7
813,2025-04-29,428,1120,-1563,-54,59,-1369,-76,5,-128,0,13,2
814,2025-04-30,1312,-10,-1326,12,19,-672,-539,-13,-133,0,16,8
815,2025-05-02,151,-234,83,289,17,-217,17,-12,-11,0,-1,1
816,2025-05-07,-5795,2241,3646,2094,-84,472,762,37,404,-39,-70,-23
817,2025-05-08,-419,-653,1102,701,415,-79,57,-1,9,0,-33,3
818,2025-05-09,1435,-1288,-172,89,-377,537,-551,-7,138,0,6,18
819,2025-05-12,616,-765,143,533,-230,22,-176,-16,11,0,6,0
820,2025-05-13,1456,-762,-658,-512,-170,-137,-35,12,182,0,-39,4
821,2025-05-14,14440,-8305,-6207,-381,-933,-3914,-528,10,-431,-28,38,33
822,2025-05-15,2187,-1662,-552,500,-224,-509,-103,54,-269,0,25,1
823,2025-05-16,918,-1193,245,821,-342,-211,-6,7,-24,0,4,25
824,2025-05-19,1555,370,-1953,-480,-806,-731,-31,-9,104,0,3,25
825,2025-05-20,3345,602,-4011,-16,-2290,-681,-581,9,-246,-205,72,-7
826,2025-05-21,464,-163,-281,-125,121,82,-347,16,-28,0,0,-20
827,2025-05-22,624,-383,-237,-414,140,103,-15,16,-66,0,1,-6
828,2025-05-23,478,-434,-107,46,100,-96,-118,25,-63,0,51,11
829,2025-05-26,-513,405,127,502,79,-561,0,3,105,0,-14,-5
830,2025-05-27,-725,385,345,42,139,-51,115,10,90,0,-4,0
831,2025-05-28,-1928,791,1169,771,213,-681,576,9,281,0,-27,-4
832,2025-05-29,391,1381,-1785,486,-2230,43,-14,14,-84,0,14,-2
833,2025-05-30,1360,-524,-864,-460,-70,-326,4,12,-24,0,27,1
834,2025-06-02,183,9,-196,-72,-81,-41,-2,19,-18,0,4,0
835,2025-06-04,-1014,2109,-1104,-202,-129,-380,-237,26,-181,0,13,-5
836,2025-06-05,-806,712,120,325,30,-65,-24,5,-145,-8,-25,0
837,2025-06-09,-390,1327,-1203,-503,-371,2,-34,3,-298,-3,267,-1
838,2025-06-10,-10395,9897,509,30,649,-732,285,46,233,0,22,-33
839,2025-06-11,32,-471,460,366,-41,177,-2,31,-70,-1,-23,3
840,2025-06-12,563,1046,-1572,-366,-1406,967,-306,25,-484,-1,-35,-3
841,2025-06-13,-1253,-529,1789,453,-812,1736,225,35,152,0,-10,3
842,2025-06-16,235,64,-300,607,-32,-503,-53,1,-319,0,-5,6
843,2025-06-17,4557,-1111,-3451,-957,-897,-830,80,-34,-813,0,2,3
844,2025-06-18,1446,-203,-1272,-119,-424,-393,-127,-42,-166,0,23,6
845,2025-06-19,1011,-747,-404,146,-147,-969,-11,-2,579,0,138,1
846,2025-06-20,3878,64,-3946,69,190,-3444,-172,15,-604,0,3,1
847,2025-06-23,879,-287,-619,-73,-145,-270,-83,2,-50,0,22,4
848,2025-06-24,-5091,3776,1181,412,2927,-2636,287,50,150,-9,93,40
849,2025-06-25,5411,827,-6361,-436,-3592,-1892,-257,-42,-142,0,122,1
850,2025-06-26,1887,-1233,-663,-639,107,-222,-19,50,60,0,9,1
851,2025-06-27,17656,-11227,-6478,-2126,-506,-2683,-22,8,-1149,0,40,8
852,2025-06-30,2458,-1035,-1500,397,-290,-1515,3,11,-107,0,67,10
853,2025-07-01,-8053,8807,-766,-12,-51,-59,-602,-2,-39,0,7,4
854,2025-07-02,-8885,9205,-274,1130,-176,-731,533,0,-1029,0,-48,3
855,2025-07-03,-12025,5267,6812,458,2368,3153,222,5,605,0,-38,-16
856,2025-07-04,-1678,200,1554,-119,255,1752,-653,3,316,0,-95,19
857,2025-07-07,-56,191,-150,145,-385,445,3,23,-379,0,22,-6
858,2025-07-08,109,-1669,1503,1320,-460,340,313,7,-18,0,78,-21
859,2025-07-09,1043,2372,-3469,-688,-470,-1870,-228,54,-267,0,63,-10
860,2025-07-10,-162,2301,-2075,-1100,451,-831,-449,-18,-126,0,-67,2
861,2025-07-11,-6187,3843,1868,865,-214,710,312,14,181,0,485,-8
862,2025-07-14,1530,-1826,586,204,-33,35,319,-20,79,0,-290,0
863,2025-07-15,512,-140,-297,80,587,-131,-715,7,-126,1,-72,-2
864,2025-07-16,3562,-2684,-884,-171,-631,-7,-199,82,42,0,5,1
865,2025-07-17,-71,-194,331,123,405,-279,63,30,-10,0,-69,3
866,2025-07-18,703,-285,-463,436,-291,-635,64,39,-71,-4,3,42
867,2025-07-21,-6036,3094,2993,799,1123,707,216,38,110,0,-55,4
868,2025-07-22,-338,-309,636,189,68,161,81,26,114,-3,11,0
869,2025-07-23,1074,-46,-1047,212,-1215,119,-319,26,130,0,13,5
870,2025-07-24,37,1678,-1739,23,-452,-1369,-5,41,1,23,14,9
871,2025-07-25,1195,714,-1961,-55,-104,-1561,-59,47,-229,0,46,6
872,2025-07-28,191,-318,127,349,107,-92,-179,16,-76,2,-3,3
873,2025-07-29,1474,-1091,-445,-293,-105,-131,153,7,-76,0,49,13
874,2025-07-30,-4604,4906,-327,-150,-15,126,-295,1,6,0,20,5
875,2025-07-31,700,-919,391,-157,-208,843,-30,10,-68,0,-144,-27
876,2025-08-01,3170,-4307,1137,736,-252,538,97,10,9,0,-3,3
877,2025-08-04,1313,-1831,490,-80,235,-114,477,11,-40,0,24,4
878,2025-08-05,2762,-2058,-714,-379,-112,-143,-32,7,-56,0,10,0
879,2025-08-06,700,146,-850,-43,-375,-270,-33,22,-151,0,5,0
880,2025-08-07,7257,-3723,-3643,-168,-593,-2389,-476,0,-17,0,100,9
881,2025-08-08,4817,-846,-4036,66,-1910,-2130,-69,8,-1,0,49,15
882,2025-08-11,5315,-3687,-1632,-151,599,-1372,-152,1,-557,0,-9,13
883,2025-08-12,6972,-2166,-4902,186,-1378,-1947,-358,35,-1440,0,72,23
884,2025-08-13,332,863,-1202,-205,-410,-132,-134,2,-323,0,-3,10
885,2025-08-14,1003,933,-1949,-1205,-45,-639,17,29,-106,0,19,-6
886,2025-08-18,939,-131,-854,-97,-189,-469,4,4,-107,0,63,-18
887,2025-08-19,1058,-153,-903,753,-409,-1275,11,20,-3,0,0,-2
888,2025-08-20,-5755,2840,2957,740,314,1136,-74,12,703,126,18,-60
889,2025-08-21,-21102,19435,1976,157,1174,1418,5,23,-760,-42,-334,25
890,2025-08-22,6031,-3849,-2215,100,-489,-1619,-77,7,-137,0,12,20
891,2025-08-25,-5042,972,4071,-131,2709,793,710,13,-22,0,-4,2
892,2025-08-26,-10366,4924,5975,270,279,5523,175,17,-464,175,-491,-42
893,2025-08-27,1904,-2579,620,-452,-97,1134,17,12,6,0,54,0
894,2025-08-28,3173,-2933,-380,-5,-735,537,-122,-1,-54,0,137,3
895,2025-08-29,1468,-1125,-363,-98,-309,138,-43,52,-104,0,12,7
896,2025-09-01,3040,-463,-2684,-160,-612,-1842,0,3,-73,0,105,3
897,2025-09-02,1758,-728,-889,-83,-109,-292,-299,18,-123,0,-147,6
898,2025-09-03,825,145,-923,-146,-1137,410,-44,35,-41,0,-51,3
899,2025-09-04,-69,-1218,1295,-29,340,615,-19,22,51,314,-4,-4
900,2025-09-05,206,-386,188,-184,-11,364,0,25,-5,0,-10,2
901,2025-09-08,1235,-464,-776,-239,-62,-290,-60,15,-140,0,1,4
902,2025-09-09,-8377,3774,4726,217,312,3133,34,-1,998,33,-93,-30
903,2025-09-10,-1102,-1593,2699,707,-217,2154,8,0,42,6,-8,4
904,2025-09-11,1172,-476,-692,-873,-332,628,-58,30,-86,0,-8,4
905,2025-09-12,-1103,-93,1237,203,-246,1321,10,23,-74,0,-34,-7
906,2025-09-15,-666,2822,-2167,137,-39,-2121,-13,84,-215,0,-1,12
907,2025-09-16,619,-308,-298,-408,-115,457,-300,84,-25,8,-10,-3
908,2025-09-17,400,108,-493,-349,-4,-94,-9,-4,-32,0,-4,-10
909,2025-09-18,-5181,5620,-404,380,-120,-956,297,3,-8,1,-46,11
910,2025-09-19,2950,-2674,-308,-276,-661,907,-349,43,28,0,31,1
911,2025-09-22,2098,-568,-1537,194,-1061,-628,14,11,-67,0,7,0
912,2025-09-23,4139,-828,-3328,-18,-692,-2078,21,25,-265,-321,13,3
913,2025-09-24,2095,-1509,-597,-55,18,-327,16,-16,-244,10,1,10
914,2025-09-25,1012,-1235,175,200,106,-262,25,15,87,3,47,0
915,2025-09-26,-8986,6209,2559,76,745,1958,-139,26,-107,0,236,-19
916,2025-09-29,-4404,3029,1332,512,160,546,-15,8,119,3,39,4
917,2025-09-30,-267,1395,-1131,-469,235,-978,-8,11,77,0,2,0
918,2025-10-01,810,873,-1553,486,-137,-2275,450,9,-86,0,-117,-12
919,2025-10-02,-508,775,-443,294,-299,-56,-185,-2,-172,-23,165,11
920,2025-10-10,2807,-685,-2070,-488,-1024,-129,-370,18,-75,0,-47,-5
921,2025-10-13,281,444,-742,-560,16,-193,45,-14,-36,0,14,3
922,2025-10-14,-2240,2986,-981,-485,-57,-471,122,-2,-86,0,231,4
923,2025-10-15,-3211,3030,154,-15,85,275,-157,-14,-21,0,21,6
924,2025-10-16,-13408,10077,3966,457,735,2902,-7,-5,-116,0,-608,-26
925,2025-10-17,-4290,901,2662,-192,408,2208,46,88,103,0,756,-29
926,2025-10-20,-149,394,-230,840,-215,187,-972,-13,-57,0,1,-16
927,2025-10-21,767,-162,-575,424,-333,211,-660,-1,-215,0,6,-36
928,2025-10-22,-3899,837,3104,135,309,2267,339,-6,55,6,4,-46
929,2025-10-23,2283,-4254,1911,481,-168,1553,9,11,19,6,59,1
930,2025-10-24,2050,-3060,1026,199,15,723,113,1,-26,0,-3,-13
931,2025-10-27,6589,-3540,-3062,190,-566,-1668,-730,-54,-235,0,-17,31
932,2025-10-28,874,125,-1348,30,-88,-1223,-5,-18,-44,0,348,1
933,2025-10-29,65,1327,-1392,624,-637,-1179,4,-50,-141,-13,41,-42
934,2025-10-30,1809,-78,-1879,-204,-148,-903,-140,-12,-114,-357,145,3
