,time,sec_investors.pkl,lgenergy_investors.pkl,skhynix_investors.pkl,ssbio_investors.pkl,sdi_investors.pkl,lgchemical_investors.pkl,secpre_investors.pkl,hyunmotor_investors.pkl,naver_investors.pkl,kia_investors.pkl,kakao_investors.pkl,poscoholding_investors.pkl,kbbank_investors.pkl,sscnt_investors.pkl,celltrion_investors.pkl,mobis_investors.pkl,shgroup_investors.pkl,lgelec_investors.pkl,poscochemical_investors.pkl,skinnovation_investors.pkl,ktng_investors.pkl,kt_investors.pkl,lg_investors.pkl,sk_investors.pkl,sslife_investors.pkl,hana_investors.pkl,sselec_investors.pkl,koreaelec_investors.pkl,doosanener_investors.pkl,koreazinc_investors.pkl,sktelecom_investors.pkl,hmm_investors.pkl,ssfire_investors.pkl,lglife_investors.pkl,soil_investors.pkl,crafton_investors.pkl,sds_investors.pkl,hhi_investors.pkl,koreanair_investors.pkl,ncsoft_investors.pkl,hanhwasol_investors.pkl,woorifg_investors.pkl,amore_investors.pkl,lottechem_investors.pkl,ibk_investors.pkl,meritz_investors.pkl,kakaopay_investors.pkl,lginnotek_investors.pkl,ssengineering_investors.pkl,skietech_investors.pkl,glovis_investors.pkl,skbio_investors.pkl
sec_investors.pkl,2024-03-18 17:59:23.784856,,,,,,,,,,,,,,,,,,,,,,,,,,,,,,,,,,,,,,,,,,,,,,,,,,,,
lgenergy_investors.pkl,2024-03-18 17:59:42.477778,,,,,,,,,,,,,,,,,,,,,,,,,,,,,,,,,,,,,,,,,,,,,,,,,,,,
skhynix_investors.pkl,2024-03-18 18:00:01.650131,,,,,,,,,,,,,,,,,,,,,,,,,,,,,,,,,,,,,,,,,,,,,,,,,,,,
ssbio_investors.pkl,2024-03-18 18:00:20.875418,,,,,,,,,,,,,,,,,,,,,,,,,,,,,,,,,,,,,,,,,,,,,,,,,,,,
sdi_investors.pkl,2024-03-18 18:00:39.024394,,,,,,,,,,,,,,,,,,,,,,,,,,,,,,,,,,,,,,,,,,,,,,,,,,,,
lgchemical_investors.pkl,2024-03-18 18:00:57.099743,,,,,,,,,,,,,,,,,,,,,,,,,,,,,,,,,,,,,,,,,,,,,,,,,,,,
secpre_investors.pkl,2024-03-18 18:01:15.260337,,,,,,,,,,,,,,,,,,,,,,,,,,,,,,,,,,,,,,,,,,,,,,,,,,,,
hyunmotor_investors.pkl,2024-03-18 18:01:33.467271,,,,,,,,,,,,,,,,,,,,,,,,,,,,,,,,,,,,,,,,,,,,,,,,,,,,
naver_investors.pkl,2024-03-18 18:01:51.650263,,,,,,,,,,,,,,,,,,,,,,,,,,,,,,,,,,,,,,,,,,,,,,,,,,,,
kia_investors.pkl,2024-03-18 18:02:10.081478,,,,,,,,,,,,,,,,,,,,,,,,,,,,,,,,,,,,,,,,,,,,,,,,,,,,
kakao_investors.pkl,2024-03-18 18:02:29.554097,,,,,,,,,,,,,,,,,,,,,,,,,,,,,,,,,,,,,,,,,,,,,,,,,,,,
poscoholding_investors.pkl,2024-03-18 18:02:47.673725,,,,,,,,,,,,,,,,,,,,,,,,,,,,,,,,,,,,,,,,,,,,,,,,,,,,
kbbank_investors.pkl,2024-03-18 18:03:05.768960,,,,,,,,,,,,,,,,,,,,,,,,,,,,,,,,,,,,,,,,,,,,,,,,,,,,
sscnt_investors.pkl,2024-03-18 18:03:23.902566,,,,,,,,,,,,,,,,,,,,,,,,,,,,,,,,,,,,,,,,,,,,,,,,,,,,
celltrion_investors.pkl,2024-03-18 18:03:41.821647,,,,,,,,,,,,,,,,,,,,,,,,,,,,,,,,,,,,,,,,,,,,,,,,,,,,
mobis_investors.pkl,2024-03-18 18:03:59.808028,,,,,,,,,,,,,,,,,,,,,,,,,,,,,,,,,,,,,,,,,,,,,,,,,,,,
shgroup_investors.pkl,2024-03-18 18:04:17.975091,,,,,,,,,,,,,,,,,,,,,,,,,,,,,,,,,,,,,,,,,,,,,,,,,,,,
lgelec_investors.pkl,2024-03-18 18:04:36.586178,,,,,,,,,,,,,,,,,,,,,,,,,,,,,,,,,,,,,,,,,,,,,,,,,,,,
poscochemical_investors.pkl,2024-03-18 18:04:55.081166,,,,,,,,,,,,,,,,,,,,,,,,,,,,,,,,,,,,,,,,,,,,,,,,,,,,
skinnovation_investors.pkl,2024-03-18 18:05:13.397456,,,,,,,,,,,,,,,,,,,,,,,,,,,,,,,,,,,,,,,,,,,,,,,,,,,,
ktng_investors.pkl,2024-03-18 18:05:32.089013,,,,,,,,,,,,,,,,,,,,,,,,,,,,,,,,,,,,,,,,,,,,,,,,,,,,
kt_investors.pkl,2024-03-18 18:05:51.318004,,,,,,,,,,,,,,,,,,,,,,,,,,,,,,,,,,,,,,,,,,,,,,,,,,,,
lg_investors.pkl,2024-03-18 18:06:11.097406,,,,,,,,,,,,,,,,,,,,,,,,,,,,,,,,,,,,,,,,,,,,,,,,,,,,
sk_investors.pkl,2024-03-18 18:06:29.264178,,,,,,,,,,,,,,,,,,,,,,,,,,,,,,,,,,,,,,,,,,,,,,,,,,,,
sslife_investors.pkl,2024-03-18 18:06:47.549631,,,,,,,,,,,,,,,,,,,,,,,,,,,,,,,,,,,,,,,,,,,,,,,,,,,,
hana_investors.pkl,2024-03-18 18:07:05.813921,,,,,,,,,,,,,,,,,,,,,,,,,,,,,,,,,,,,,,,,,,,,,,,,,,,,
sselec_investors.pkl,2024-03-18 18:07:24.111615,,,,,,,,,,,,,,,,,,,,,,,,,,,,,,,,,,,,,,,,,,,,,,,,,,,,
koreaelec_investors.pkl,2024-03-18 18:07:42.370221,,,,,,,,,,,,,,,,,,,,,,,,,,,,,,,,,,,,,,,,,,,,,,,,,,,,
doosanener_investors.pkl,2024-03-18 18:08:00.443256,,,,,,,,,,,,,,,,,,,,,,,,,,,,,,,,,,,,,,,,,,,,,,,,,,,,
koreazinc_investors.pkl,2024-03-18 18:08:19.062676,,,,,,,,,,,,,,,,,,,,,,,,,,,,,,,,,,,,,,,,,,,,,,,,,,,,
sktelecom_investors.pkl,2024-03-18 18:08:37.736601,,,,,,,,,,,,,,,,,,,,,,,,,,,,,,,,,,,,,,,,,,,,,,,,,,,,
hmm_investors.pkl,2024-03-18 18:08:55.796824,,,,,,,,,,,,,,,,,,,,,,,,,,,,,,,,,,,,,,,,,,,,,,,,,,,,
ssfire_investors.pkl,2024-03-18 18:09:14.142265,,,,,,,,,,,,,,,,,,,,,,,,,,,,,,,,,,,,,,,,,,,,,,,,,,,,
lglife_investors.pkl,2024-03-18 18:09:32.221602,,,,,,,,,,,,,,,,,,,,,,,,,,,,,,,,,,,,,,,,,,,,,,,,,,,,
soil_investors.pkl,2024-03-18 18:09:50.246956,,,,,,,,,,,,,,,,,,,,,,,,,,,,,,,,,,,,,,,,,,,,,,,,,,,,
crafton_investors.pkl,2024-03-18 18:10:08.434476,,,,,,,,,,,,,,,,,,,,,,,,,,,,,,,,,,,,,,,,,,,,,,,,,,,,
sds_investors.pkl,2024-03-18 18:10:28.184350,,,,,,,,,,,,,,,,,,,,,,,,,,,,,,,,,,,,,,,,,,,,,,,,,,,,
hhi_investors.pkl,2024-03-18 18:10:46.782996,,,,,,,,,,,,,,,,,,,,,,,,,,,,,,,,,,,,,,,,,,,,,,,,,,,,
koreanair_investors.pkl,2024-03-18 18:11:04.923828,,,,,,,,,,,,,,,,,,,,,,,,,,,,,,,,,,,,,,,,,,,,,,,,,,,,
ncsoft_investors.pkl,2024-03-18 18:11:23.153643,,,,,,,,,,,,,,,,,,,,,,,,,,,,,,,,,,,,,,,,,,,,,,,,,,,,
hanhwasol_investors.pkl,2024-03-18 18:11:41.387443,,,,,,,,,,,,,,,,,,,,,,,,,,,,,,,,,,,,,,,,,,,,,,,,,,,,
woorifg_investors.pkl,2024-03-18 18:11:59.508063,,,,,,,,,,,,,,,,,,,,,,,,,,,,,,,,,,,,,,,,,,,,,,,,,,,,
amore_investors.pkl,2024-03-18 18:12:18.215942,,,,,,,,,,,,,,,,,,,,,,,,,,,,,,,,,,,,,,,,,,,,,,,,,,,,
lottechem_investors.pkl,2024-03-18 18:12:36.873575,,,,,,,,,,,,,,,,,,,,,,,,,,,,,,,,,,,,,,,,,,,,,,,,,,,,
ibk_investors.pkl,2024-03-18 18:12:55.085008,,,,,,,,,,,,,,,,,,,,,,,,,,,,,,,,,,,,,,,,,,,,,,,,,,,,
meritz_investors.pkl,2024-03-18 18:13:13.187462,,,,,,,,,,,,,,,,,,,,,,,,,,,,,,,,,,,,,,,,,,,,,,,,,,,,
kakaopay_investors.pkl,2024-03-18 18:13:31.521307,,,,,,,,,,,,,,,,,,,,,,,,,,,,,,,,,,,,,,,,,,,,,,,,,,,,
lginnotek_investors.pkl,2024-03-18 18:13:49.628272,,,,,,,,,,,,,,,,,,,,,,,,,,,,,,,,,,,,,,,,,,,,,,,,,,,,
ssengineering_investors.pkl,2024-03-18 18:14:07.802243,,,,,,,,,,,,,,,,,,,,,,,,,,,,,,,,,,,,,,,,,,,,,,,,,,,,
skietech_investors.pkl,2024-03-18 18:14:26.066098,,,,,,,,,,,,,,,,,,,,,,,,,,,,,,,,,,,,,,,,,,,,,,,,,,,,
glovis_investors.pkl,2024-03-18 18:14:44.266586,,,,,,,,,,,,,,,,,,,,,,,,,,,,,,,,,,,,,,,,,,,,,,,,,,,,
skbio_investors.pkl,2024-03-18 18:15:02.430358,,,,,,,,,,,,,,,,,,,,,,,,,,,,,,,,,,,,,,,,,,,,,,,,,,,,
0,,2025-12-15 16:49:39.894751,2025-12-15 16:50:02.407374,2025-12-15 16:50:24.704078,2025-12-15 16:50:47.586695,2025-12-15 16:51:10.131,2025-12-15 16:51:32.947158,2025-12-15 16:51:55.478386,2025-12-15 16:52:17.910227,2025-12-15 16:52:40.359178,2025-12-15 16:53:02.745528,2025-12-15 16:53:25.105169,2025-12-15 16:53:47.860902,2025-12-15 16:54:11.169925,2025-12-15 16:54:33.523769,2025-12-15 16:54:56.174538,2025-12-15 16:55:18.631744,2025-12-15 16:55:41.374765,2025-12-15 16:56:04.260309,2025-12-15 16:56:26.785106,2025-12-15 16:56:49.581251,2025-12-15 16:57:12.092587,2025-12-15 16:57:34.499038,2025-12-15 16:57:56.937388,2025-12-15 16:58:19.794875,2025-12-15 16:58:42.452101,2025-12-15 16:59:04.970149,2025-12-15 16:59:27.717531,2025-12-15 16:59:50.124130,2025-12-15 17:00:12.571565,2025-12-15 17:00:35.164477,2025-12-15 17:00:58.497779,2025-12-15 17:01:21.442476,2025-12-15 17:01:44.698805,2025-12-15 17:02:07.465209,2025-12-15 17:02:30.411464,2025-12-15 17:02:53.174938,2025-12-15 17:03:15.855933,2025-12-15 17:03:38.614575,2025-12-15 17:04:01.337926,2025-12-15 17:04:23.902841,2025-12-15 17:04:46.653612,2025-12-15 17:05:09.314659,2025-12-15 17:05:31.772835,2025-12-15 17:05:54.447673,2025-12-15 17:06:17.287656,2025-12-15 17:06:39.919465,2025-12-15 17:07:02.364555,2025-12-15 17:07:25.111838,2025-12-15 17:07:48.456250,2025-12-15 17:08:11.237921,2025-12-15 17:08:34.079527,2025-12-15 17:08:56.584703
