,time,sec_historical.pkl,lgenergy_historical.pkl,skhynix_historical.pkl,ssbio_historical.pkl,sdi_historical.pkl,lgchemical_historical.pkl,secpre_historical.pkl,hyunmotor_historical.pkl,naver_historical.pkl,kia_historical.pkl,kakao_historical.pkl,poscoholding_historical.pkl,kbbank_historical.pkl,sscnt_historical.pkl,celltrion_historical.pkl,mobis_historical.pkl,shgroup_historical.pkl,lgelec_historical.pkl,poscochemical_historical.pkl,skinnovation_historical.pkl,ktng_historical.pkl,kt_historical.pkl,lg_historical.pkl,sk_historical.pkl,sslife_historical.pkl,hana_historical.pkl,sselec_historical.pkl,koreaelec_historical.pkl,doosanener_historical.pkl,koreazinc_historical.pkl,sktelecom_historical.pkl,hmm_historical.pkl,ssfire_historical.pkl,lglife_historical.pkl,soil_historical.pkl,crafton_historical.pkl,sds_historical.pkl,hhi_historical.pkl,koreanair_historical.pkl,ncsoft_historical.pkl,hanhwasol_historical.pkl,woorifg_historical.pkl,amore_historical.pkl,lottechem_historical.pkl,ibk_historical.pkl,meritz_historical.pkl,kakaopay_historical.pkl,lginnotek_historical.pkl,ssengineering_historical.pkl,skietech_historical.pkl,glovis_historical.pkl,skbio_historical.pkl,hanmisemi_historical.pkl,ecopro_historical.pkl,alteogen_historical.pkl,hanhwaaero_historical.pkl
sec_historical.pkl,2024-03-18 17:41:22.299747,,,,,,,,,,,,,,,,,,,,,,,,,,,,,,,,,,,,,,,,,,,,,,,,,,,,,,,,
lgenergy_historical.pkl,2024-03-18 17:41:36.190360,,,,,,,,,,,,,,,,,,,,,,,,,,,,,,,,,,,,,,,,,,,,,,,,,,,,,,,,
skhynix_historical.pkl,2024-03-18 17:41:50.290572,,,,,,,,,,,,,,,,,,,,,,,,,,,,,,,,,,,,,,,,,,,,,,,,,,,,,,,,
ssbio_historical.pkl,2024-03-18 17:42:04.554539,,,,,,,,,,,,,,,,,,,,,,,,,,,,,,,,,,,,,,,,,,,,,,,,,,,,,,,,
sdi_historical.pkl,2024-03-18 17:42:18.398841,,,,,,,,,,,,,,,,,,,,,,,,,,,,,,,,,,,,,,,,,,,,,,,,,,,,,,,,
lgchemical_historical.pkl,2024-03-18 17:42:32.298953,,,,,,,,,,,,,,,,,,,,,,,,,,,,,,,,,,,,,,,,,,,,,,,,,,,,,,,,
secpre_historical.pkl,2024-03-18 17:42:46.675764,,,,,,,,,,,,,,,,,,,,,,,,,,,,,,,,,,,,,,,,,,,,,,,,,,,,,,,,
hyunmotor_historical.pkl,2024-03-18 17:43:00.549976,,,,,,,,,,,,,,,,,,,,,,,,,,,,,,,,,,,,,,,,,,,,,,,,,,,,,,,,
naver_historical.pkl,2024-03-18 17:43:15.024173,,,,,,,,,,,,,,,,,,,,,,,,,,,,,,,,,,,,,,,,,,,,,,,,,,,,,,,,
kia_historical.pkl,2024-03-18 17:43:28.827298,,,,,,,,,,,,,,,,,,,,,,,,,,,,,,,,,,,,,,,,,,,,,,,,,,,,,,,,
kakao_historical.pkl,2024-03-18 17:43:42.277387,,,,,,,,,,,,,,,,,,,,,,,,,,,,,,,,,,,,,,,,,,,,,,,,,,,,,,,,
poscoholding_historical.pkl,2024-03-18 17:43:55.731045,,,,,,,,,,,,,,,,,,,,,,,,,,,,,,,,,,,,,,,,,,,,,,,,,,,,,,,,
kbbank_historical.pkl,2024-03-18 17:44:09.664963,,,,,,,,,,,,,,,,,,,,,,,,,,,,,,,,,,,,,,,,,,,,,,,,,,,,,,,,
sscnt_historical.pkl,2024-03-18 17:44:23.037504,,,,,,,,,,,,,,,,,,,,,,,,,,,,,,,,,,,,,,,,,,,,,,,,,,,,,,,,
celltrion_historical.pkl,2024-03-18 17:44:36.456515,,,,,,,,,,,,,,,,,,,,,,,,,,,,,,,,,,,,,,,,,,,,,,,,,,,,,,,,
mobis_historical.pkl,2024-03-18 17:44:49.883445,,,,,,,,,,,,,,,,,,,,,,,,,,,,,,,,,,,,,,,,,,,,,,,,,,,,,,,,
shgroup_historical.pkl,2024-03-18 17:45:03.812806,,,,,,,,,,,,,,,,,,,,,,,,,,,,,,,,,,,,,,,,,,,,,,,,,,,,,,,,
lgelec_historical.pkl,2024-03-18 17:45:17.381628,,,,,,,,,,,,,,,,,,,,,,,,,,,,,,,,,,,,,,,,,,,,,,,,,,,,,,,,
poscochemical_historical.pkl,2024-03-18 17:45:30.886412,,,,,,,,,,,,,,,,,,,,,,,,,,,,,,,,,,,,,,,,,,,,,,,,,,,,,,,,
skinnovation_historical.pkl,2024-03-18 17:45:44.405446,,,,,,,,,,,,,,,,,,,,,,,,,,,,,,,,,,,,,,,,,,,,,,,,,,,,,,,,
ktng_historical.pkl,2024-03-18 17:45:57.853777,,,,,,,,,,,,,,,,,,,,,,,,,,,,,,,,,,,,,,,,,,,,,,,,,,,,,,,,
kt_historical.pkl,2024-03-18 17:46:11.263145,,,,,,,,,,,,,,,,,,,,,,,,,,,,,,,,,,,,,,,,,,,,,,,,,,,,,,,,
lg_historical.pkl,2024-03-18 17:46:24.695908,,,,,,,,,,,,,,,,,,,,,,,,,,,,,,,,,,,,,,,,,,,,,,,,,,,,,,,,
sk_historical.pkl,2024-03-18 17:46:38.079011,,,,,,,,,,,,,,,,,,,,,,,,,,,,,,,,,,,,,,,,,,,,,,,,,,,,,,,,
sslife_historical.pkl,2024-03-18 17:46:51.478413,,,,,,,,,,,,,,,,,,,,,,,,,,,,,,,,,,,,,,,,,,,,,,,,,,,,,,,,
hana_historical.pkl,2024-03-18 17:47:04.963767,,,,,,,,,,,,,,,,,,,,,,,,,,,,,,,,,,,,,,,,,,,,,,,,,,,,,,,,
sselec_historical.pkl,2024-03-18 17:47:18.299517,,,,,,,,,,,,,,,,,,,,,,,,,,,,,,,,,,,,,,,,,,,,,,,,,,,,,,,,
koreaelec_historical.pkl,2024-03-18 17:47:31.775342,,,,,,,,,,,,,,,,,,,,,,,,,,,,,,,,,,,,,,,,,,,,,,,,,,,,,,,,
doosanener_historical.pkl,2024-03-18 17:47:45.256703,,,,,,,,,,,,,,,,,,,,,,,,,,,,,,,,,,,,,,,,,,,,,,,,,,,,,,,,
koreazinc_historical.pkl,2024-03-18 17:47:58.642844,,,,,,,,,,,,,,,,,,,,,,,,,,,,,,,,,,,,,,,,,,,,,,,,,,,,,,,,
sktelecom_historical.pkl,2024-03-18 17:48:12.578431,,,,,,,,,,,,,,,,,,,,,,,,,,,,,,,,,,,,,,,,,,,,,,,,,,,,,,,,
hmm_historical.pkl,2024-03-18 17:48:25.980637,,,,,,,,,,,,,,,,,,,,,,,,,,,,,,,,,,,,,,,,,,,,,,,,,,,,,,,,
ssfire_historical.pkl,2024-03-18 17:48:39.506618,,,,,,,,,,,,,,,,,,,,,,,,,,,,,,,,,,,,,,,,,,,,,,,,,,,,,,,,
lglife_historical.pkl,2024-03-18 17:48:52.998551,,,,,,,,,,,,,,,,,,,,,,,,,,,,,,,,,,,,,,,,,,,,,,,,,,,,,,,,
soil_historical.pkl,2024-03-18 17:49:06.473533,,,,,,,,,,,,,,,,,,,,,,,,,,,,,,,,,,,,,,,,,,,,,,,,,,,,,,,,
crafton_historical.pkl,2024-03-18 17:49:19.819598,,,,,,,,,,,,,,,,,,,,,,,,,,,,,,,,,,,,,,,,,,,,,,,,,,,,,,,,
sds_historical.pkl,2024-03-18 17:49:33.791119,,,,,,,,,,,,,,,,,,,,,,,,,,,,,,,,,,,,,,,,,,,,,,,,,,,,,,,,
hhi_historical.pkl,2024-03-18 17:49:47.261749,,,,,,,,,,,,,,,,,,,,,,,,,,,,,,,,,,,,,,,,,,,,,,,,,,,,,,,,
koreanair_historical.pkl,2024-03-18 17:50:01.196940,,,,,,,,,,,,,,,,,,,,,,,,,,,,,,,,,,,,,,,,,,,,,,,,,,,,,,,,
ncsoft_historical.pkl,2024-03-18 17:50:14.532634,,,,,,,,,,,,,,,,,,,,,,,,,,,,,,,,,,,,,,,,,,,,,,,,,,,,,,,,
hanhwasol_historical.pkl,2024-03-18 17:50:28.443886,,,,,,,,,,,,,,,,,,,,,,,,,,,,,,,,,,,,,,,,,,,,,,,,,,,,,,,,
woorifg_historical.pkl,2024-03-18 17:50:42.436249,,,,,,,,,,,,,,,,,,,,,,,,,,,,,,,,,,,,,,,,,,,,,,,,,,,,,,,,
amore_historical.pkl,2024-03-18 17:50:55.977524,,,,,,,,,,,,,,,,,,,,,,,,,,,,,,,,,,,,,,,,,,,,,,,,,,,,,,,,
lottechem_historical.pkl,2024-03-18 17:51:09.491658,,,,,,,,,,,,,,,,,,,,,,,,,,,,,,,,,,,,,,,,,,,,,,,,,,,,,,,,
ibk_historical.pkl,2024-03-18 17:51:22.955966,,,,,,,,,,,,,,,,,,,,,,,,,,,,,,,,,,,,,,,,,,,,,,,,,,,,,,,,
meritz_historical.pkl,2024-03-18 17:51:36.478462,,,,,,,,,,,,,,,,,,,,,,,,,,,,,,,,,,,,,,,,,,,,,,,,,,,,,,,,
kakaopay_historical.pkl,2024-03-18 17:51:49.971447,,,,,,,,,,,,,,,,,,,,,,,,,,,,,,,,,,,,,,,,,,,,,,,,,,,,,,,,
lginnotek_historical.pkl,2024-03-18 17:52:03.485550,,,,,,,,,,,,,,,,,,,,,,,,,,,,,,,,,,,,,,,,,,,,,,,,,,,,,,,,
ssengineering_historical.pkl,2024-03-18 17:52:16.911081,,,,,,,,,,,,,,,,,,,,,,,,,,,,,,,,,,,,,,,,,,,,,,,,,,,,,,,,
skietech_historical.pkl,2024-03-18 17:52:30.411812,,,,,,,,,,,,,,,,,,,,,,,,,,,,,,,,,,,,,,,,,,,,,,,,,,,,,,,,
glovis_historical.pkl,2024-03-18 17:52:43.824320,,,,,,,,,,,,,,,,,,,,,,,,,,,,,,,,,,,,,,,,,,,,,,,,,,,,,,,,
skbio_historical.pkl,2024-03-18 17:52:57.848259,,,,,,,,,,,,,,,,,,,,,,,,,,,,,,,,,,,,,,,,,,,,,,,,,,,,,,,,
0,,2026-01-02 16:26:09.344032,2025-12-31 10:22:53.921865,2026-01-02 16:26:36.658681,2026-01-02 16:26:50.839287,2026-01-02 16:27:04.990044,2026-01-02 16:27:18.606385,2026-01-02 16:27:32.225833,2026-01-02 16:27:45.612840,2026-01-02 16:27:59.212907,2026-01-02 16:28:12.819012,2026-01-02 16:28:26.931495,2026-01-02 16:28:40.817129,2026-01-02 16:28:54.440077,2026-01-02 16:29:08.065834,2026-01-02 16:29:21.670524,2026-01-02 16:29:35.322234,2026-01-02 16:29:48.897797,2026-01-02 16:30:03.022303,2026-01-02 16:30:17.153317,2026-01-02 16:30:30.757583,2026-01-02 16:30:44.864301,2026-01-02 16:30:58.954548,2026-01-02 16:31:13.046489,2026-01-02 16:31:26.599158,2026-01-02 16:31:40.181340,2026-01-02 16:31:53.734835,2026-01-02 16:32:07.295708,2026-01-02 16:32:20.857318,2026-01-02 16:32:34.440202,2026-01-02 16:32:48.006636,2026-01-02 16:33:01.580094,2026-01-02 16:33:15.168664,2026-01-02 16:33:28.825921,2026-01-02 16:33:42.425071,2026-01-02 16:33:56.085273,2026-01-02 16:34:09.730093,2026-01-02 16:34:23.386807,2026-01-02 16:34:36.963302,2026-01-02 16:34:50.529108,2026-01-02 16:35:04.141108,2026-01-02 16:35:17.770369,2026-01-02 16:35:31.375510,2026-01-02 16:35:44.960847,2026-01-02 16:35:58.583688,2026-01-02 16:36:12.873999,2026-01-02 16:36:26.453008,2026-01-02 16:36:40.819552,2026-01-02 16:36:54.915281,2026-01-02 16:37:08.556559,2026-01-02 16:37:22.181969,2026-01-02 16:37:35.763601,2026-01-02 16:37:49.358630,2026-01-02 16:38:02.986862,2026-01-02 16:38:16.555289,2026-01-02 16:38:30.655955,2026-01-02 16:38:44.236920
