,date,bkx,open,high,low,volume,bkx_cr
0,2021-12-27,132.8300018310547,131.58999633789062,132.85000610351562,130.8300018310547,0,nan%
1,2021-12-28,132.7899932861328,132.39999389648438,133.8000030517578,132.39999389648438,0,-0.03%
2,2021-12-29,132.77000427246094,133.02999877929688,133.39999389648438,132.58999633789062,0,-0.02%
3,2021-12-30,132.3000030517578,132.92999267578125,133.91000366210938,132.22000122070312,0,-0.35%
4,2021-12-31,132.22000122070312,132.0,132.75999450683594,131.86000061035156,0,-0.06%
5,2022-01-03,135.69000244140625,133.74000549316406,135.9600067138672,133.69000244140625,0,2.62%
6,2022-01-04,140.2899932861328,137.3300018310547,141.13999938964844,137.30999755859375,0,3.39%
7,2022-01-05,138.77000427246094,141.14999389648438,141.6300048828125,138.63999938964844,0,-1.08%
8,2022-01-06,143.27999877929688,140.7100067138672,143.3300018310547,139.89999389648438,0,3.25%
9,2022-01-07,145.57000732421875,143.4499969482422,145.8699951171875,143.00999450683594,0,1.60%
10,2022-01-10,145.25,146.82000732421875,147.27999877929688,143.6699981689453,0,-0.22%
11,2022-01-11,146.5399932861328,145.8800048828125,146.60000610351562,144.4199981689453,0,0.89%
12,2022-01-12,147.27999877929688,147.0399932861328,148.10000610351562,146.52999877929688,0,0.50%
13,2022-01-13,147.55999755859375,147.83999633789062,148.9600067138672,147.13999938964844,0,0.19%
14,2022-01-14,147.10000610351562,145.8699951171875,147.16000366210938,144.1199951171875,0,-0.31%
15,2022-01-18,143.57000732421875,147.13999938964844,147.47999572753906,142.94000244140625,0,-2.40%
16,2022-01-19,139.07000732421875,144.60000610351562,144.69000244140625,139.0399932861328,0,-3.13%
17,2022-01-20,136.77000427246094,138.8800048828125,140.9199981689453,136.5,0,-1.65%
18,2022-01-21,132.35000610351562,135.67999267578125,135.67999267578125,131.67999267578125,0,-3.23%
19,2022-01-24,133.6300048828125,130.36000061035156,134.0399932861328,127.30000305175781,0,0.97%
20,2022-01-25,134.2899932861328,132.5,135.36000061035156,129.7899932861328,0,0.49%
21,2022-01-26,134.66000366210938,135.19000244140625,137.1300048828125,132.69000244140625,0,0.28%
22,2022-01-27,133.0399932861328,136.24000549316406,137.6699981689453,132.14999389648438,0,-1.20%
23,2022-01-28,134.4199981689453,132.55999755859375,134.4499969482422,130.6999969482422,0,1.04%
24,2022-01-31,134.97999572753906,133.24000549316406,135.3000030517578,131.94000244140625,0,0.42%
25,2022-02-01,138.19000244140625,134.83999633789062,138.38999938964844,134.66000366210938,0,2.38%
26,2022-02-02,138.74000549316406,137.8000030517578,138.9499969482422,136.6999969482422,0,0.40%
27,2022-02-03,137.3000030517578,138.8000030517578,139.9199981689453,137.02999877929688,0,-1.04%
28,2022-02-04,140.0500030517578,137.8000030517578,141.19000244140625,137.77000427246094,0,2.00%
29,2022-02-07,140.91000366210938,140.38999938964844,141.72999572753906,139.5,0,0.61%
30,2022-02-08,143.77000427246094,142.57000732421875,144.0800018310547,142.3699951171875,0,2.03%
31,2022-02-09,143.89999389648438,143.86000061035156,144.6999969482422,143.39999389648438,0,0.09%
32,2022-02-10,143.44000244140625,143.77000427246094,146.25999450683594,142.75999450683594,0,-0.32%
33,2022-02-11,141.47000122070312,142.32000732421875,145.4499969482422,140.4499969482422,0,-1.37%
34,2022-02-14,140.02000427246094,141.85000610351562,142.4199981689453,138.75999450683594,0,-1.02%
35,2022-02-15,142.66000366210938,141.4600067138672,143.16000366210938,141.41000366210938,0,1.89%
36,2022-02-16,143.00999450683594,141.66000366210938,143.82000732421875,141.66000366210938,0,0.25%
37,2022-02-17,137.7899932861328,141.24000549316406,141.60000610351562,137.33999633789062,0,-3.65%
38,2022-02-18,137.1999969482422,137.5500030517578,139.07000732421875,136.6699981689453,0,-0.43%
39,2022-02-22,137.0,136.9600067138672,138.3300018310547,135.66000366210938,0,-0.15%
40,2022-02-23,133.5500030517578,137.8300018310547,138.4199981689453,133.0500030517578,0,-2.52%
41,2022-02-24,130.7100067138672,129.97000122070312,131.08999633789062,126.19999694824219,0,-2.13%
42,2022-02-25,135.94000244140625,131.72000122070312,136.25,131.6999969482422,0,4.00%
43,2022-02-28,134.16000366210938,133.75,134.9600067138672,132.42999267578125,0,-1.31%
44,2022-03-01,126.4800033569336,132.89999389648438,133.0399932861328,125.4800033569336,0,-5.72%
45,2022-03-02,131.0399932861328,127.93000030517578,131.86000061035156,127.80999755859375,0,3.61%
46,2022-03-03,129.92999267578125,131.27000427246094,131.7899932861328,128.67999267578125,0,-0.85%
47,2022-03-04,125.51000213623047,127.16999816894531,127.16999816894531,123.77999877929688,0,-3.40%
48,2022-03-07,119.69999694824219,124.26000213623047,124.41999816894531,119.66999816894531,0,-4.63%
49,2022-03-08,120.45999908447266,121.2300033569336,124.12000274658203,119.41999816894531,0,0.63%
50,2022-03-09,125.45999908447266,123.62999725341797,126.66000366210938,123.62999725341797,0,4.15%
51,2022-03-10,124.02999877929688,124.08000183105469,125.22000122070312,122.33000183105469,0,-1.14%
52,2022-03-11,122.66000366210938,125.04000091552734,126.37999725341797,122.56999969482422,0,-1.10%
53,2022-03-14,124.77999877929688,124.37000274658203,127.13999938964844,124.02999877929688,0,1.73%
54,2022-03-15,125.73999786376953,125.61000061035156,126.55999755859375,124.08000183105469,0,0.77%
55,2022-03-16,130.30999755859375,127.58999633789062,130.8800048828125,127.51000213623047,0,3.63%
56,2022-03-17,130.14999389648438,128.52000427246094,130.16000366210938,126.79000091552734,0,-0.12%
57,2022-03-18,129.97000122070312,129.77999877929688,130.30999755859375,127.44000244140625,0,-0.14%
58,2022-03-21,129.27999877929688,130.52999877929688,131.27999877929688,128.2899932861328,0,-0.53%
59,2022-03-22,132.22000122070312,131.0800018310547,133.5399932861328,131.0500030517578,0,2.27%
60,2022-03-23,128.52999877929688,131.22000122070312,131.36000061035156,128.3000030517578,0,-2.79%
61,2022-03-24,129.36000061035156,129.32000732421875,129.8800048828125,128.3000030517578,0,0.65%
62,2022-03-25,131.33999633789062,129.77999877929688,131.83999633789062,129.72000122070312,0,1.53%
63,2022-03-28,129.82000732421875,130.57000732421875,130.57000732421875,127.87999725341797,0,-1.16%
64,2022-03-29,130.97999572753906,131.8699951171875,132.7100067138672,130.16000366210938,0,0.89%
65,2022-03-30,128.08999633789062,130.8300018310547,130.8699951171875,127.2300033569336,0,-2.21%
66,2022-03-31,124.13999938964844,127.73999786376953,128.25,124.13999938964844,0,-3.08%
67,2022-04-01,122.58000183105469,125.23999786376953,125.58999633789062,121.83999633789062,0,-1.26%
68,2022-04-04,122.55999755859375,122.1500015258789,123.25,120.51000213623047,0,-0.02%
69,2022-04-05,121.30999755859375,121.7699966430664,122.98999786376953,121.08999633789062,0,-1.02%
70,2022-04-06,119.66999816894531,120.61000061035156,120.83000183105469,119.33999633789062,0,-1.35%
71,2022-04-07,118.81999969482422,119.91999816894531,119.94000244140625,116.88999938964844,0,-0.71%
72,2022-04-08,119.79000091552734,119.41000366210938,120.47000122070312,118.66000366210938,0,0.82%
73,2022-04-11,119.77999877929688,119.62000274658203,122.04000091552734,119.26000213623047,0,-0.01%
74,2022-04-12,118.16999816894531,119.51000213623047,120.98999786376953,117.44000244140625,0,-1.34%
75,2022-04-13,118.33999633789062,116.80000305175781,118.4000015258789,116.5999984741211,0,0.14%
76,2022-04-14,116.7300033569336,118.45999908447266,119.2699966430664,116.38999938964844,0,-1.36%
77,2022-04-18,117.79000091552734,116.19999694824219,118.30000305175781,116.05000305175781,0,0.91%
78,2022-04-19,120.36000061035156,118.91000366210938,120.62999725341797,118.55000305175781,0,2.18%
79,2022-04-20,121.19999694824219,121.30000305175781,122.94999694824219,120.98999786376953,0,0.70%
80,2022-04-21,119.01000213623047,122.27999877929688,122.97000122070312,118.55999755859375,0,-1.81%
81,2022-04-22,116.05000305175781,119.44000244140625,119.52999877929688,115.94000244140625,0,-2.49%
82,2022-04-25,116.12000274658203,114.98999786376953,116.33999633789062,112.75,0,0.06%
83,2022-04-26,113.12000274658203,114.38999938964844,116.18000030517578,113.11000061035156,0,-2.58%
84,2022-04-27,112.38999938964844,112.87000274658203,113.62000274658203,111.87000274658203,0,-0.65%
85,2022-04-28,113.80000305175781,113.33999633789062,114.0999984741211,111.66000366210938,0,1.25%
86,2022-04-29,110.05999755859375,113.75,114.19999694824219,109.83000183105469,0,-3.29%
87,2022-05-02,111.27999877929688,111.08000183105469,111.44000244140625,108.83999633789062,0,1.11%
88,2022-05-03,113.12000274658203,112.04000091552734,114.16000366210938,111.76000213623047,0,1.65%
89,2022-05-04,116.9000015258789,113.0999984741211,117.0999984741211,112.75,0,3.34%
90,2022-05-05,113.69999694824219,115.37999725341797,115.47000122070312,111.69999694824219,0,-2.74%
91,2022-05-06,112.5,113.41000366210938,113.55999755859375,110.55999755859375,0,-1.06%
92,2022-05-09,110.36000061035156,111.20999908447266,111.66999816894531,109.38999938964844,0,-1.90%
93,2022-05-10,108.72000122070312,111.2300033569336,112.0199966430664,106.6500015258789,0,-1.49%
94,2022-05-11,106.79000091552734,109.0199966430664,111.38999938964844,106.68000030517578,0,-1.78%
95,2022-05-12,106.16999816894531,106.19000244140625,107.22000122070312,103.81999969482422,0,-0.58%
96,2022-05-13,107.30999755859375,107.4000015258789,108.51000213623047,106.37999725341797,0,1.07%
97,2022-05-16,106.0999984741211,107.30000305175781,107.33000183105469,105.33000183105469,0,-1.13%
98,2022-05-17,110.2300033569336,107.87000274658203,110.55999755859375,107.87000274658203,0,3.89%
99,2022-05-18,107.05000305175781,109.12999725341797,109.33000183105469,106.55000305175781,0,-2.88%
100,2022-05-19,106.56999969482422,105.80999755859375,107.47000122070312,105.80999755859375,0,-0.45%
101,2022-05-20,106.51000213623047,107.2699966430664,108.16999816894531,104.04000091552734,0,-0.06%
102,2022-05-23,110.8499984741211,108.38999938964844,111.94000244140625,108.38999938964844,0,4.07%
103,2022-05-24,110.27999877929688,110.5199966430664,110.69999694824219,107.83999633789062,0,-0.51%
104,2022-05-25,112.0999984741211,110.02999877929688,112.80999755859375,110.0,0,1.65%
105,2022-05-26,114.81999969482422,113.20999908447266,115.2699966430664,113.20999908447266,0,2.43%
106,2022-05-27,116.27999877929688,114.95999908447266,116.29000091552734,114.75,0,1.27%
107,2022-05-31,116.52999877929688,115.16999816894531,117.2699966430664,114.4800033569336,0,0.21%
108,2022-06-01,114.23999786376953,116.61000061035156,116.88999938964844,112.94000244140625,0,-1.97%
109,2022-06-02,115.97000122070312,114.33000183105469,116.0,113.43000030517578,0,1.51%
110,2022-06-03,114.33000183105469,115.12000274658203,115.36000061035156,114.19000244140625,0,-1.41%
111,2022-06-06,114.7699966430664,115.3499984741211,116.87000274658203,114.73999786376953,0,0.38%
112,2022-06-07,115.7300033569336,113.80000305175781,115.87000274658203,113.55000305175781,0,0.84%
113,2022-06-08,113.73999786376953,114.61000061035156,114.94999694824219,113.0199966430664,0,-1.72%
114,2022-06-09,110.1500015258789,113.55999755859375,113.62000274658203,110.13999938964844,0,-3.16%
115,2022-06-10,105.37000274658203,107.88999938964844,108.26000213623047,105.19999694824219,0,-4.34%
116,2022-06-13,101.7699966430664,103.56999969482422,103.56999969482422,101.1500015258789,0,-3.42%
117,2022-06-14,100.93000030517578,102.16999816894531,103.43000030517578,100.06999969482422,0,-0.83%
118,2022-06-15,102.5199966430664,102.05999755859375,104.05000305175781,100.83999633789062,0,1.58%
119,2022-06-16,99.66000366210938,100.51000213623047,100.51000213623047,98.47000122070312,0,-2.79%
120,2022-06-17,100.54000091552734,100.05999755859375,101.81999969482422,99.43000030517578,0,0.88%
121,2022-06-21,102.48999786376953,102.68000030517578,103.62999725341797,101.8499984741211,0,1.94%
122,2022-06-22,102.16000366210938,101.45999908447266,102.75,101.1500015258789,0,-0.32%
123,2022-06-23,100.77999877929688,101.73999786376953,101.9000015258789,99.01000213623047,0,-1.35%
124,2022-06-24,105.05999755859375,101.19000244140625,105.33000183105469,100.93000030517578,0,4.25%
125,2022-06-27,104.29000091552734,105.6500015258789,105.72000122070312,103.61000061035156,0,-0.73%
126,2022-06-28,103.79000091552734,105.41000366210938,106.88999938964844,103.61000061035156,0,-0.48%
127,2022-06-29,102.69999694824219,103.91000366210938,103.94000244140625,102.26000213623047,0,-1.05%
128,2022-06-30,101.01000213623047,101.0,102.30000305175781,98.81999969482422,0,-1.65%
129,2022-07-01,102.55999755859375,100.68000030517578,102.83999633789062,99.54000091552734,0,1.53%
130,2022-07-05,102.4000015258789,100.4000015258789,102.41999816894531,98.95999908447266,0,-0.16%
131,2022-07-06,101.48999786376953,101.70999908447266,102.37999725341797,100.45999908447266,0,-0.89%
132,2022-07-07,103.43000030517578,102.87000274658203,103.88999938964844,102.7300033569336,0,1.91%
133,2022-07-08,103.0,104.01000213623047,104.06999969482422,102.4000015258789,0,-0.42%
134,2022-07-11,102.11000061035156,102.18000030517578,102.75,101.37000274658203,0,-0.86%
135,2022-07-12,101.87000274658203,101.12000274658203,103.80999755859375,101.0999984741211,0,-0.24%
136,2022-07-13,100.37999725341797,100.9000015258789,100.91999816894531,98.81999969482422,0,-1.46%
137,2022-07-14,98.36000061035156,98.7300033569336,98.86000061035156,97.01000213623047,0,-2.01%
138,2022-07-15,104.02999877929688,99.3499984741211,104.76000213623047,99.3499984741211,0,5.76%
139,2022-07-18,104.13999938964844,105.66000366210938,106.9800033569336,103.69000244140625,0,0.11%
140,2022-07-19,107.08999633789062,105.1500015258789,107.4800033569336,105.12999725341797,0,2.83%
141,2022-07-20,107.13999938964844,106.44000244140625,107.25,105.72000122070312,0,0.05%
142,2022-07-21,107.80999755859375,106.55999755859375,107.87000274658203,105.94000244140625,0,0.63%
143,2022-07-22,106.16999816894531,107.43000030517578,107.94000244140625,105.37999725341797,0,-1.52%
144,2022-07-25,107.55999755859375,107.18000030517578,108.18000030517578,106.41000366210938,0,1.31%
145,2022-07-26,105.22000122070312,106.70999908447266,107.56999969482422,105.0199966430664,0,-2.18%
146,2022-07-27,107.30000305175781,105.7300033569336,107.88999938964844,105.33000183105469,0,1.98%
147,2022-07-28,106.9800033569336,107.16000366210938,107.73999786376953,105.26000213623047,0,-0.30%
148,2022-07-29,108.44999694824219,107.19000244140625,108.75,106.98999786376953,0,1.37%
149,2022-08-01,108.05000305175781,107.63999938964844,108.33000183105469,106.55000305175781,0,-0.37%
150,2022-08-02,106.54000091552734,107.58999633789062,107.87999725341797,106.38999938964844,0,-1.40%
151,2022-08-03,108.37000274658203,107.63999938964844,108.70999908447266,106.98999786376953,0,1.72%
152,2022-08-04,107.18000030517578,108.0199966430664,108.26000213623047,106.94000244140625,0,-1.10%
153,2022-08-05,108.56999969482422,106.88999938964844,109.13999938964844,106.69000244140625,0,1.30%
154,2022-08-08,107.98999786376953,109.16000366210938,109.54000091552734,107.91999816894531,0,-0.53%
155,2022-08-09,108.4800033569336,108.16999816894531,108.58000183105469,107.73999786376953,0,0.45%
156,2022-08-10,111.62000274658203,109.97000122070312,112.4000015258789,109.97000122070312,0,2.89%
157,2022-08-11,113.41000366210938,112.94000244140625,113.98999786376953,112.83000183105469,0,1.60%
158,2022-08-12,114.86000061035156,114.06999969482422,114.87999725341797,113.2300033569336,0,1.28%
159,2022-08-15,114.62999725341797,113.61000061035156,114.80999755859375,113.29000091552734,0,-0.20%
160,2022-08-16,115.55000305175781,114.30000305175781,116.19999694824219,114.27999877929688,0,0.80%
161,2022-08-17,114.38999938964844,114.13999938964844,114.98999786376953,113.5,0,-1.00%
162,2022-08-18,114.37999725341797,114.30000305175781,114.45999908447266,113.43000030517578,0,-0.01%
163,2022-08-19,112.1500015258789,113.44000244140625,113.48999786376953,111.6500015258789,0,-1.95%
164,2022-08-22,109.58999633789062,110.08999633789062,110.2300033569336,109.0999984741211,0,-2.28%
165,2022-08-23,109.31999969482422,109.70999908447266,110.47000122070312,109.23999786376953,0,-0.25%
166,2022-08-24,109.5,109.05000305175781,110.01000213623047,108.56999969482422,0,0.16%
167,2022-08-25,111.37999725341797,109.81999969482422,111.4800033569336,109.44999694824219,0,1.72%
168,2022-08-26,107.6500015258789,112.01000213623047,112.05999755859375,107.61000061035156,0,-3.35%
169,2022-08-29,106.7300033569336,107.04000091552734,107.52999877929688,106.05999755859375,0,-0.85%
170,2022-08-30,106.58000183105469,107.23999786376953,107.58000183105469,105.61000061035156,0,-0.14%
171,2022-08-31,105.80000305175781,106.97000122070312,107.26000213623047,105.62000274658203,0,-0.73%
172,2022-09-01,105.61000061035156,105.48999786376953,105.68000030517578,103.61000061035156,0,-0.18%
173,2022-09-02,104.97000122070312,106.9800033569336,108.08999633789062,104.45999908447266,0,-0.61%
174,2022-09-06,104.02999877929688,105.3499984741211,105.62999725341797,102.9000015258789,0,-0.90%
175,2022-09-07,106.30000305175781,103.58999633789062,106.4800033569336,103.30000305175781,0,2.18%
176,2022-09-08,109.31999969482422,105.63999938964844,109.33999633789062,105.16000366210938,0,2.84%
177,2022-09-09,110.25,109.94999694824219,110.80000305175781,109.87999725341797,0,0.85%
178,2022-09-12,111.16000366210938,110.6500015258789,112.04000091552734,110.45999908447266,0,0.83%
179,2022-09-13,106.79000091552734,109.0,109.41000366210938,106.41999816894531,0,-3.93%
180,2022-09-14,106.26000213623047,107.08000183105469,107.58999633789062,104.87000274658203,0,-0.50%
181,2022-09-15,107.72000122070312,106.3499984741211,109.0999984741211,106.33999633789062,0,1.37%
182,2022-09-16,106.08000183105469,106.70999908447266,106.76000213623047,104.97000122070312,0,-1.52%
183,2022-09-19,107.27999877929688,104.8499984741211,107.62000274658203,104.81999969482422,0,1.13%
184,2022-09-20,105.68000030517578,106.56999969482422,106.66000366210938,104.80000305175781,0,-1.49%
185,2022-09-21,103.43000030517578,106.08000183105469,106.8499984741211,103.41999816894531,0,-2.13%
186,2022-09-22,100.87000274658203,103.9800033569336,103.9800033569336,100.76000213623047,0,-2.48%
187,2022-09-23,98.88999938964844,99.80000305175781,99.9000015258789,97.19999694824219,0,-1.96%
188,2022-09-26,97.08000183105469,98.0199966430664,99.12999725341797,96.37999725341797,0,-1.83%
189,2022-09-27,96.16999816894531,97.58999633789062,98.3499984741211,95.18000030517578,0,-0.94%
190,2022-09-28,98.16999816894531,96.37000274658203,98.76000213623047,96.23999786376953,0,2.08%
191,2022-09-29,96.62999725341797,96.94999694824219,97.31999969482422,95.33999633789062,0,-1.57%
192,2022-09-30,95.83000183105469,96.73999786376953,98.25,95.70999908447266,0,-0.83%
193,2022-10-03,98.70999908447266,96.95999908447266,99.2699966430664,95.6500015258789,0,3.01%
194,2022-10-04,102.97000122070312,100.1500015258789,102.98999786376953,100.13999938964844,0,4.32%
195,2022-10-05,101.73999786376953,101.2699966430664,102.12999725341797,100.58999633789062,0,-1.19%
196,2022-10-06,99.81999969482422,100.88999938964844,101.5999984741211,99.66999816894531,0,-1.89%
197,2022-10-07,97.55999755859375,99.01000213623047,99.08000183105469,97.01000213623047,0,-2.26%
198,2022-10-10,96.79000091552734,98.36000061035156,98.52999877929688,96.23999786376953,0,-0.79%
199,2022-10-11,94.79000091552734,96.25,96.63999938964844,94.41000366210938,0,-2.07%
200,2022-10-12,94.66000366210938,94.5199966430664,95.9800033569336,94.02999877929688,0,-0.14%
201,2022-10-13,99.56999969482422,93.44999694824219,99.95999908447266,92.7300033569336,0,5.19%
202,2022-10-14,98.19000244140625,100.0199966430664,102.30000305175781,98.06999969482422,0,-1.39%
203,2022-10-17,101.12000274658203,100.52999877929688,101.97000122070312,100.4000015258789,0,2.98%
204,2022-10-18,102.16000366210938,102.45999908447266,103.9000015258789,100.80999755859375,0,1.03%
205,2022-10-19,98.4800033569336,100.9800033569336,101.68000030517578,98.16999816894531,0,-3.60%
206,2022-10-20,96.30999755859375,98.08999633789062,99.69000244140625,95.95999908447266,0,-2.20%
207,2022-10-21,98.83999633789062,95.87000274658203,99.0199966430664,95.3499984741211,0,2.63%
208,2022-10-24,100.58000183105469,99.13999938964844,100.9800033569336,98.9800033569336,0,1.76%
209,2022-10-25,102.31999969482422,99.83000183105469,102.68000030517578,99.55999755859375,0,1.73%
210,2022-10-26,102.7300033569336,102.54000091552734,103.87000274658203,102.5,0,0.40%
211,2022-10-27,102.73999786376953,103.80999755859375,104.33000183105469,102.56999969482422,0,0.01%
212,2022-10-28,104.62999725341797,103.18000030517578,104.72000122070312,102.66000366210938,0,1.84%
213,2022-10-31,104.12000274658203,104.13999938964844,104.94999694824219,103.80999755859375,0,-0.49%
214,2022-11-01,104.8499984741211,105.02999877929688,105.3499984741211,104.16000366210938,0,0.70%
215,2022-11-02,102.77999877929688,104.52999877929688,106.0999984741211,102.72000122070312,0,-1.97%
216,2022-11-03,101.31999969482422,101.72000122070312,102.12000274658203,100.41000366210938,0,-1.42%
217,2022-11-04,103.91000366210938,102.51000213623047,104.2699966430664,102.19999694824219,0,2.56%
218,2022-11-07,104.63999938964844,104.69999694824219,105.0999984741211,103.66999816894531,0,0.70%
219,2022-11-08,105.2300033569336,104.73999786376953,105.83000183105469,104.11000061035156,0,0.56%
220,2022-11-09,102.91999816894531,104.31999969482422,104.43000030517578,102.76000213623047,0,-2.20%
221,2022-11-10,108.83999633789062,105.48999786376953,108.95999908447266,105.4800033569336,0,5.75%
222,2022-11-11,109.93000030517578,109.30999755859375,110.56999969482422,109.0199966430664,0,1.00%
223,2022-11-14,107.4000015258789,109.33999633789062,109.4800033569336,107.4000015258789,0,-2.30%
224,2022-11-15,107.87999725341797,108.8499984741211,109.45999908447266,106.72000122070312,0,0.45%
225,2022-11-16,106.3499984741211,107.73999786376953,107.83999633789062,106.12000274658203,0,-1.42%
226,2022-11-17,105.02999877929688,104.98999786376953,105.29000091552734,104.11000061035156,0,-1.24%
227,2022-11-18,105.86000061035156,106.69999694824219,106.77999877929688,104.81999969482422,0,0.79%
228,2022-11-21,106.22000122070312,105.69999694824219,106.45999908447266,105.5199966430664,0,0.34%
229,2022-11-22,107.26000213623047,106.88999938964844,107.69000244140625,106.83999633789062,0,0.98%
230,2022-11-23,107.5999984741211,107.05000305175781,107.87999725341797,107.05000305175781,0,0.32%
231,2022-11-25,107.98999786376953,107.83000183105469,108.18000030517578,107.61000061035156,0,0.36%
232,2022-11-28,105.54000091552734,107.06999969482422,107.55000305175781,105.30000305175781,0,-2.27%
233,2022-11-29,106.76000213623047,105.79000091552734,106.81999969482422,105.55999755859375,0,1.16%
234,2022-11-30,108.88999938964844,106.43000030517578,108.88999938964844,104.4800033569336,0,2.00%
235,2022-12-01,107.44999694824219,108.91999816894531,109.33999633789062,106.68000030517578,0,-1.32%
236,2022-12-02,106.4000015258789,106.36000061035156,106.58000183105469,105.61000061035156,0,-0.98%
237,2022-12-05,101.7300033569336,105.69999694824219,105.70999908447266,101.2699966430664,0,-4.39%
238,2022-12-06,100.06999969482422,101.62000274658203,102.16000366210938,99.05999755859375,0,-1.63%
239,2022-12-07,100.29000091552734,99.25,101.16000366210938,98.77999877929688,0,0.22%
240,2022-12-08,100.47000122070312,100.80999755859375,101.12999725341797,99.73999786376953,0,0.18%
241,2022-12-09,100.5199966430664,100.16000366210938,101.19000244140625,100.0999984741211,0,0.05%
242,2022-12-12,102.01000213623047,100.41999816894531,102.27999877929688,99.68000030517578,0,1.48%
243,2022-12-13,102.05000305175781,104.05000305175781,104.9000015258789,101.26000213623047,0,0.04%
244,2022-12-14,100.31999969482422,101.94999694824219,102.51000213623047,99.91000366210938,0,-1.70%
245,2022-12-15,98.43000030517578,98.86000061035156,98.97000122070312,97.79000091552734,0,-1.88%
246,2022-12-16,97.68000030517578,97.58999633789062,98.43000030517578,96.81999969482422,0,-0.76%
247,2022-12-19,97.66000366210938,97.73999786376953,98.62999725341797,96.94000244140625,0,-0.02%
248,2022-12-20,97.75,98.05000305175781,98.70999908447266,97.62999725341797,0,0.09%
249,2022-12-21,99.2699966430664,98.87999725341797,99.68000030517578,98.86000061035156,0,1.55%
250,2022-12-22,98.83000183105469,98.55999755859375,98.87000274658203,96.8499984741211,0,-0.44%
251,2022-12-23,99.30000305175781,98.9000015258789,99.38999938964844,98.37999725341797,0,0.48%
252,2022-12-27,99.6500015258789,99.43000030517578,99.94000244140625,98.69000244140625,0,0.35%
253,2022-12-28,99.33999633789062,99.81999969482422,99.9800033569336,98.91000366210938,0,-0.31%
254,2022-12-29,101.02999877929688,99.69000244140625,101.13999938964844,99.47000122070312,0,1.70%
255,2022-12-30,100.8499984741211,100.3499984741211,101.12999725341797,100.08000183105469,0,-0.18%
256,2023-01-03,101.45999908447266,101.6500015258789,102.81999969482422,100.7300033569336,0,0.60%
257,2023-01-04,103.80999755859375,102.45999908447266,104.91999816894531,102.44000244140625,0,2.32%
258,2023-01-05,102.66000366210938,102.94999694824219,103.04000091552734,101.69000244140625,0,-1.11%
259,2023-01-06,105.2699966430664,103.41000366210938,105.55999755859375,102.4800033569336,0,2.54%
260,2023-01-09,104.80000305175781,105.7300033569336,106.01000213623047,104.63999938964844,0,-0.45%
261,2023-01-10,105.37999725341797,104.66000366210938,105.44999694824219,104.02999877929688,0,0.55%
262,2023-01-11,106.30999755859375,105.73999786376953,106.54000091552734,105.26000213623047,0,0.88%
263,2023-01-12,106.88999938964844,106.94000244140625,107.69999694824219,106.27999877929688,0,0.55%
264,2023-01-13,107.62999725341797,105.68000030517578,107.75,104.06999969482422,0,0.69%
265,2023-01-17,107.37000274658203,107.44000244140625,107.87000274658203,106.33999633789062,0,-0.24%
266,2023-01-18,104.62000274658203,106.69999694824219,107.19000244140625,104.58000183105469,0,-2.56%
267,2023-01-19,103.83000183105469,103.55000305175781,104.41999816894531,102.4000015258789,0,-0.76%
268,2023-01-20,107.06999969482422,104.86000061035156,107.06999969482422,104.37000274658203,0,3.12%
269,2023-01-23,109.31999969482422,107.29000091552734,109.87000274658203,107.2300033569336,0,2.10%
270,2023-01-24,108.63999938964844,108.18000030517578,109.69000244140625,107.48999786376953,0,-0.62%
271,2023-01-25,110.37000274658203,107.87999725341797,110.37999725341797,107.80000305175781,0,1.59%
272,2023-01-26,111.45999908447266,111.05000305175781,111.80000305175781,110.16999816894531,0,0.99%
273,2023-01-27,112.06999969482422,111.47000122070312,112.63999938964844,111.44000244140625,0,0.55%
274,2023-01-30,111.05000305175781,111.2300033569336,111.87999725341797,110.94000244140625,0,-0.91%
275,2023-01-31,112.93000030517578,111.13999938964844,112.93000030517578,110.69000244140625,0,1.69%
276,2023-02-01,113.55999755859375,111.81999969482422,114.6500015258789,111.63999938964844,0,0.56%
277,2023-02-02,114.87000274658203,114.25,115.9800033569336,113.66000366210938,0,1.15%
278,2023-02-03,114.5199966430664,113.88999938964844,115.5999984741211,113.51000213623047,0,-0.30%
279,2023-02-06,113.66000366210938,113.56999969482422,113.83000183105469,112.88999938964844,0,-0.75%
280,2023-02-07,115.0999984741211,113.20999908447266,115.54000091552734,113.05999755859375,0,1.27%
281,2023-02-08,114.2699966430664,114.12999725341797,115.12999725341797,113.81999969482422,0,-0.72%
282,2023-02-09,112.55000305175781,114.5999984741211,114.93000030517578,112.2699966430664,0,-1.51%
283,2023-02-10,112.41999816894531,112.0199966430664,112.51000213623047,111.37999725341797,0,-0.12%
284,2023-02-13,113.62999725341797,112.19000244140625,113.66000366210938,111.88999938964844,0,1.08%
285,2023-02-14,113.41000366210938,113.37000274658203,114.19999694824219,112.38999938964844,0,-0.19%
286,2023-02-15,113.37999725341797,112.37000274658203,113.62000274658203,112.33000183105469,0,-0.03%
287,2023-02-16,111.79000091552734,112.2699966430664,112.86000061035156,111.55000305175781,0,-1.40%
288,2023-02-17,111.86000061035156,111.4800033569336,111.9800033569336,110.66999816894531,0,0.06%
289,2023-02-21,108.87000274658203,110.80999755859375,110.83000183105469,108.25,0,-2.67%
290,2023-02-22,108.5,108.63999938964844,109.16000366210938,107.87000274658203,0,-0.34%
291,2023-02-23,108.8499984741211,109.20999908447266,109.73999786376953,107.61000061035156,0,0.32%
292,2023-02-24,109.06999969482422,107.80000305175781,109.16999816894531,107.44999694824219,0,0.20%
293,2023-02-27,109.31999969482422,110.01000213623047,110.69999694824219,109.05000305175781,0,0.23%
294,2023-02-28,109.6500015258789,109.70999908447266,110.29000091552734,109.27999877929688,0,0.30%
295,2023-03-01,109.33000183105469,109.0199966430664,109.7699966430664,108.66000366210938,0,-0.29%
296,2023-03-02,107.37999725341797,108.27999877929688,108.43000030517578,106.19000244140625,0,-1.78%
297,2023-03-03,109.44000244140625,107.94999694824219,109.58000183105469,107.73999786376953,0,1.92%
298,2023-03-06,108.98999786376953,109.5199966430664,110.25,108.80000305175781,0,-0.41%
299,2023-03-07,104.77999877929688,108.30000305175781,108.30000305175781,104.51000213623047,0,-3.86%
300,2023-03-08,103.9800033569336,104.58000183105469,105.2300033569336,103.43000030517578,0,-0.76%
301,2023-03-09,95.97000122070312,101.9000015258789,101.9000015258789,95.55999755859375,0,-7.70%
302,2023-03-10,92.22000122070312,94.31999969482422,96.7699966430664,89.37000274658203,0,-3.91%
303,2023-03-13,81.47000122070312,88.66000366210938,88.66999816894531,79.58000183105469,0,-11.66%
304,2023-03-14,84.06999969482422,84.44999694824219,86.83000183105469,82.66999816894531,0,3.19%
305,2023-03-15,81.08000183105469,82.0199966430664,82.02999877929688,79.7699966430664,0,-3.56%
306,2023-03-16,83.16999816894531,79.98999786376953,84.5199966430664,78.16999816894531,0,2.58%
307,2023-03-17,78.80000305175781,82.33999633789062,82.33999633789062,78.52999877929688,0,-5.25%
308,2023-03-20,79.41999816894531,79.69000244140625,81.9000015258789,79.18000030517578,0,0.79%
309,2023-03-21,83.3499984741211,81.55000305175781,84.0,81.55000305175781,0,4.95%
310,2023-03-22,79.43000030517578,83.23999786376953,83.25,79.4000015258789,0,-4.70%
311,2023-03-23,78.05999755859375,79.94000244140625,80.66000366210938,77.56999969482422,0,-1.72%
312,2023-03-24,78.38999938964844,76.94000244140625,78.62000274658203,76.19999694824219,0,0.42%
313,2023-03-27,80.37999725341797,80.66000366210938,81.69000244140625,79.66000366210938,0,2.54%
314,2023-03-28,80.63999938964844,80.30999755859375,81.08999633789062,79.7699966430664,0,0.32%
315,2023-03-29,82.31999969482422,81.56999969482422,82.36000061035156,81.3499984741211,0,2.08%
316,2023-03-30,81.31999969482422,83.05000305175781,83.38999938964844,80.9000015258789,0,-1.21%
317,2023-03-31,82.04000091552734,81.94999694824219,82.19999694824219,80.95999908447266,0,0.89%
318,2023-04-03,81.58999633789062,82.37999725341797,82.69000244140625,81.02999877929688,0,-0.55%
319,2023-04-04,79.9800033569336,82.06999969482422,82.08000183105469,79.13999938964844,0,-1.97%
320,2023-04-05,79.58000183105469,79.1500015258789,79.9000015258789,78.55999755859375,0,-0.50%
321,2023-04-06,80.41999816894531,79.73999786376953,81.0,79.66000366210938,0,1.06%
322,2023-04-10,81.08000183105469,80.16000366210938,81.4800033569336,79.81999969482422,0,0.82%
323,2023-04-11,82.12000274658203,81.2300033569336,82.54000091552734,81.06999969482422,0,1.28%
324,2023-04-12,81.48999786376953,82.44000244140625,82.94000244140625,80.94000244140625,0,-0.77%
325,2023-04-13,82.08999633789062,81.41000366210938,82.2699966430664,80.68000030517578,0,0.74%
326,2023-04-14,82.9800033569336,83.16999816894531,84.08999633789062,82.5199966430664,0,1.08%
327,2023-04-17,84.13999938964844,82.62000274658203,84.16999816894531,80.79000091552734,0,1.40%
328,2023-04-18,84.29000091552734,84.22000122070312,84.41999816894531,83.05999755859375,0,0.18%
329,2023-04-19,85.70999908447266,84.23999786376953,85.94999694824219,83.91999816894531,0,1.68%
330,2023-04-20,84.16000366210938,85.0199966430664,85.04000091552734,83.73999786376953,0,-1.81%
331,2023-04-21,82.9000015258789,83.3499984741211,83.45999908447266,82.41000366210938,0,-1.50%
332,2023-04-24,82.54000091552734,82.79000091552734,83.08000183105469,82.13999938964844,0,-0.43%
333,2023-04-25,79.69999694824219,81.48999786376953,81.5199966430664,79.29000091552734,0,-3.44%
334,2023-04-26,78.87000274658203,79.4800033569336,80.2300033569336,78.2300033569336,0,-1.04%
335,2023-04-27,80.08000183105469,79.19999694824219,80.47000122070312,79.19000244140625,0,1.53%
336,2023-04-28,81.27999877929688,79.08000183105469,81.51000213623047,78.94000244140625,0,1.50%
337,2023-05-01,79.83000183105469,81.44999694824219,81.87000274658203,79.80999755859375,0,-1.78%
338,2023-05-02,76.26000213623047,79.37000274658203,79.37999725341797,75.36000061035156,0,-4.47%
339,2023-05-03,74.81999969482422,76.44999694824219,77.37000274658203,74.62999725341797,0,-1.89%
340,2023-05-04,71.95999908447266,73.44999694824219,73.80000305175781,70.37999725341797,0,-3.82%
341,2023-05-05,75.2699966430664,73.8499984741211,75.54000091552734,73.8499984741211,0,4.60%
342,2023-05-08,75.08000183105469,76.41000366210938,76.8499984741211,74.95999908447266,0,-0.25%
343,2023-05-09,75.0999984741211,74.37000274658203,75.51000213623047,73.80999755859375,0,0.03%
344,2023-05-10,74.16000366210938,75.86000061035156,76.04000091552734,73.30999755859375,0,-1.25%
345,2023-05-11,73.2300033569336,73.12000274658203,73.75,72.45999908447266,0,-1.25%
346,2023-05-12,72.63999938964844,73.69000244140625,73.69000244140625,71.9800033569336,0,-0.81%
347,2023-05-15,74.51000213623047,72.87000274658203,74.75,72.70999908447266,0,2.57%
348,2023-05-16,73.43000030517578,74.45999908447266,74.95999908447266,73.41999816894531,0,-1.45%
349,2023-05-17,77.16000366210938,74.4000015258789,77.19999694824219,74.38999938964844,0,5.08%
350,2023-05-18,77.62000274658203,76.95999908447266,77.75,76.19000244140625,0,0.60%
351,2023-05-19,76.86000061035156,77.88999938964844,78.08999633789062,76.05000305175781,0,-0.98%
352,2023-05-22,78.20999908447266,77.4800033569336,78.33000183105469,76.8499984741211,0,1.76%
353,2023-05-23,78.72000122070312,78.41000366210938,80.27999877929688,78.38999938964844,0,0.65%
354,2023-05-24,77.31999969482422,78.12000274658203,78.43000030517578,76.94000244140625,0,-1.78%
355,2023-05-25,77.18000030517578,76.95999908447266,77.6500015258789,76.38999938964844,0,-0.18%
356,2023-05-26,77.8499984741211,77.18000030517578,78.04000091552734,76.66000366210938,0,0.87%
357,2023-05-30,78.08999633789062,78.05000305175781,78.33999633789062,76.80999755859375,0,0.31%
358,2023-05-31,76.16000366210938,77.22000122070312,77.4000015258789,75.38999938964844,0,-2.47%
359,2023-06-01,77.37999725341797,76.69000244140625,77.9000015258789,75.73999786376953,0,1.60%
360,2023-06-02,80.27999877929688,78.51000213623047,80.68000030517578,78.44999694824219,0,3.75%
361,2023-06-05,79.37999725341797,80.4800033569336,80.55000305175781,78.73999786376953,0,-1.12%
362,2023-06-06,81.73999786376953,79.23999786376953,82.33000183105469,79.16000366210938,0,2.97%
363,2023-06-07,82.93000030517578,81.94999694824219,83.22000122070312,81.38999938964844,0,1.46%
364,2023-06-08,82.55999755859375,82.5999984741211,82.73999786376953,81.55000305175781,0,-0.45%
365,2023-06-09,82.08999633789062,82.5199966430664,82.81999969482422,81.87999725341797,0,-0.57%
366,2023-06-12,81.27999877929688,81.8499984741211,83.1500015258789,80.30000305175781,0,-0.99%
367,2023-06-13,82.5199966430664,81.05999755859375,83.19999694824219,80.80000305175781,0,1.53%
368,2023-06-14,81.01000213623047,82.81999969482422,83.37999725341797,80.6500015258789,0,-1.83%
369,2023-06-15,82.2300033569336,80.52999877929688,82.37000274658203,80.43000030517578,0,1.51%
370,2023-06-16,81.6500015258789,82.41999816894531,82.66000366210938,81.3499984741211,0,-0.71%
371,2023-06-20,80.81999969482422,81.2300033569336,81.25,80.05999755859375,0,-1.02%
372,2023-06-21,80.30999755859375,80.75,81.05000305175781,80.0999984741211,0,-0.63%
373,2023-06-22,78.44000244140625,80.08000183105469,80.08000183105469,78.33999633789062,0,-2.33%
374,2023-06-23,77.5999984741211,77.66000366210938,78.0,77.19999694824219,0,-1.07%
375,2023-06-26,78.08999633789062,77.87000274658203,78.86000061035156,77.8499984741211,0,0.63%
376,2023-06-27,78.93000030517578,78.12999725341797,79.18000030517578,77.63999938964844,0,1.08%
377,2023-06-28,78.5999984741211,78.6500015258789,78.6500015258789,78.02999877929688,0,-0.42%
378,2023-06-29,80.02999877929688,79.05999755859375,80.30999755859375,79.04000091552734,0,1.82%
379,2023-06-30,80.20999908447266,80.73999786376953,80.83999633789062,79.95999908447266,0,0.22%
380,2023-07-03,81.62999725341797,80.52999877929688,82.12000274658203,80.51000213623047,0,1.77%
381,2023-07-05,80.9000015258789,80.83999633789062,81.7300033569336,80.5199966430664,0,-0.89%
382,2023-07-06,79.62999725341797,79.97000122070312,79.9800033569336,78.51000213623047,0,-1.57%
383,2023-07-07,80.70999908447266,79.66000366210938,81.44000244140625,79.6500015258789,0,1.36%
384,2023-07-10,80.88999938964844,80.3499984741211,81.51000213623047,80.3499984741211,0,0.22%
385,2023-07-11,82.25,81.30999755859375,82.4000015258789,80.9000015258789,0,1.68%
386,2023-07-12,83.16000366210938,83.25,84.76000213623047,82.9000015258789,0,1.11%
387,2023-07-13,84.26000213623047,83.5199966430664,84.44999694824219,83.25,0,1.32%
388,2023-07-14,82.27999877929688,84.79000091552734,84.97000122070312,82.19999694824219,0,-2.35%
389,2023-07-17,83.16000366210938,82.12999725341797,83.4000015258789,82.02999877929688,0,1.07%
390,2023-07-18,85.68000030517578,83.36000061035156,85.75,83.19999694824219,0,3.03%
391,2023-07-19,87.91999816894531,85.91999816894531,88.33000183105469,85.7300033569336,0,2.61%
392,2023-07-20,88.52999877929688,88.04000091552734,88.55999755859375,87.20999908447266,0,0.69%
393,2023-07-21,87.66999816894531,88.80000305175781,88.86000061035156,87.4000015258789,0,-0.97%
394,2023-07-24,89.16999816894531,87.80000305175781,89.70999908447266,87.7699966430664,0,1.71%
395,2023-07-25,87.7300033569336,89.29000091552734,89.52999877929688,87.69999694824219,0,-1.61%
396,2023-07-26,89.37999725341797,88.33999633789062,89.81999969482422,88.33000183105469,0,1.88%
397,2023-07-27,88.30999755859375,89.52999877929688,90.54000091552734,88.08999633789062,0,-1.20%
398,2023-07-28,89.01000213623047,89.05999755859375,89.27999877929688,88.37000274658203,0,0.79%
399,2023-07-31,89.33999633789062,89.23999786376953,89.87000274658203,88.80000305175781,0,0.37%
400,2023-08-01,88.44999694824219,88.91999816894531,89.01000213623047,87.76000213623047,0,-1.00%
401,2023-08-02,87.4800033569336,87.27999877929688,87.58000183105469,86.37000274658203,0,-1.10%
402,2023-08-03,88.06999969482422,87.19999694824219,88.37999725341797,86.7300033569336,0,0.67%
403,2023-08-04,87.9000015258789,87.83999633789062,89.01000213623047,87.69999694824219,0,-0.19%
404,2023-08-07,88.70999908447266,88.22000122070312,88.94000244140625,88.16999816894531,0,0.92%
405,2023-08-08,87.62999725341797,87.13999938964844,87.69999694824219,85.2300033569336,0,-1.22%
406,2023-08-09,86.16999816894531,87.25,87.58000183105469,86.13999938964844,0,-1.67%
407,2023-08-10,86.33000183105469,86.58000183105469,87.30000305175781,86.0199966430664,0,0.19%
408,2023-08-11,86.66999816894531,85.86000061035156,86.91000366210938,85.86000061035156,0,0.39%
409,2023-08-14,85.2300033569336,85.77999877929688,85.77999877929688,84.93000030517578,0,-1.66%
410,2023-08-15,82.88999938964844,84.13999938964844,84.25,82.63999938964844,0,-2.75%
411,2023-08-16,82.1500015258789,82.61000061035156,82.91000366210938,82.0,0,-0.89%
412,2023-08-17,82.12999725341797,82.54000091552734,82.77999877929688,81.80999755859375,0,-0.02%
413,2023-08-18,81.77999877929688,81.3499984741211,82.25,81.3499984741211,0,-0.43%
414,2023-08-21,81.55999755859375,81.94000244140625,82.16999816894531,80.7699966430664,0,-0.27%
415,2023-08-22,79.41999816894531,81.54000091552734,81.66000366210938,79.36000061035156,0,-2.62%
416,2023-08-23,80.33000183105469,79.45999908447266,80.37999725341797,79.0,0,1.15%
417,2023-08-24,80.41000366210938,80.3499984741211,81.66999816894531,80.16999816894531,0,0.10%
418,2023-08-25,80.04000091552734,80.68000030517578,81.08000183105469,79.44999694824219,0,-0.46%
419,2023-08-28,81.01000213623047,80.51000213623047,81.52999877929688,80.4800033569336,0,1.21%
420,2023-08-29,82.12000274658203,81.06999969482422,82.3499984741211,80.79000091552734,0,1.37%
421,2023-08-30,81.5999984741211,82.02999877929688,82.25,81.44999694824219,0,-0.63%
422,2023-08-31,81.5,81.72000122070312,81.91999816894531,81.19999694824219,0,-0.12%
423,2023-09-01,82.37000274658203,82.08999633789062,82.86000061035156,82.05000305175781,0,1.07%
424,2023-09-05,81.58999633789062,82.22000122070312,82.94000244140625,81.58000183105469,0,-0.95%
425,2023-09-06,80.48999786376953,80.97000122070312,81.29000091552734,79.8499984741211,0,-1.35%
426,2023-09-07,79.51000213623047,80.12000274658203,80.69000244140625,79.33999633789062,0,-1.22%
427,2023-09-08,80.38999938964844,79.5999984741211,80.41000366210938,78.94999694824219,0,1.11%
428,2023-09-11,80.62999725341797,81.06999969482422,81.87999725341797,80.5,0,0.30%
