,date,dji,open,high,low,volume,dji_cr
0,2021-12-27,36302.37890625,35954.48046875,36306.609375,35954.48046875,244350000,nan%
1,2021-12-28,36398.2109375,36302.98828125,36527.26171875,36302.98828125,239090000,0.26%
2,2021-12-29,36488.62890625,36421.140625,36571.55078125,36396.19140625,213480000,0.25%
3,2021-12-30,36398.078125,36522.48046875,36679.44140625,36372.12890625,205620000,-0.25%
4,2021-12-31,36338.30078125,36385.8515625,36484.94140625,36303.96875,213200000,-0.16%
5,2022-01-03,36585.05859375,36321.58984375,36595.8203125,36246.44921875,347930000,0.68%
6,2022-01-04,36799.6484375,36636.0,36934.83984375,36636.0,435080000,0.59%
7,2022-01-05,36407.109375,36722.6015625,36952.6484375,36400.390625,462040000,-1.07%
8,2022-01-06,36236.46875,36409.05078125,36464.19140625,36200.6796875,385890000,-0.47%
9,2022-01-07,36231.66015625,36249.58984375,36382.83984375,36111.53125,356110000,-0.01%
10,2022-01-10,36068.87109375,36175.2109375,36175.2109375,35639.91015625,430680000,-0.45%
11,2022-01-11,36252.01953125,36058.8515625,36271.46875,35769.37890625,356850000,0.51%
12,2022-01-12,36290.3203125,36336.16015625,36453.48828125,36168.1484375,310180000,0.11%
13,2022-01-13,36113.62109375,36312.48828125,36513.87890625,36044.21875,343640000,-0.49%
14,2022-01-14,35911.80859375,35996.4296875,35996.4296875,35641.48828125,389200000,-0.56%
15,2022-01-18,35368.46875,35661.76171875,35661.76171875,35262.01953125,427260000,-1.51%
16,2022-01-19,35028.6484375,35412.30078125,35547.828125,35015.48828125,393080000,-0.96%
17,2022-01-20,34715.390625,35102.66015625,35490.19921875,34670.12109375,369070000,-0.89%
18,2022-01-21,34265.37109375,34701.69140625,34896.671875,34229.55078125,523880000,-1.30%
19,2022-01-24,34364.5,34070.609375,34420.98828125,33150.328125,664010000,0.29%
20,2022-01-25,34297.73046875,34186.640625,34591.0390625,33545.51953125,506430000,-0.19%
21,2022-01-26,34168.08984375,34520.8203125,34815.671875,33876.48046875,546330000,-0.38%
22,2022-01-27,34160.78125,34261.75,34773.3203125,34007.78125,527780000,-0.02%
23,2022-01-28,34725.46875,34135.23828125,34731.76953125,33807.51171875,568440000,1.65%
24,2022-01-31,35131.859375,34691.171875,35148.140625,34496.1015625,468070000,1.17%
25,2022-02-01,35405.23828125,35151.46875,35441.08984375,34977.94921875,386080000,0.78%
26,2022-02-02,35629.328125,35378.19140625,35679.19921875,35290.12109375,359540000,0.63%
27,2022-02-03,35111.16015625,35520.078125,35535.94140625,35071.05859375,381020000,-1.45%
28,2022-02-04,35089.73828125,35095.73828125,35333.55078125,34799.078125,349880000,-0.06%
29,2022-02-07,35091.12890625,35108.37890625,35325.01171875,34993.98046875,328910000,0.00%
30,2022-02-08,35462.78125,35160.6796875,35544.890625,35090.421875,319190000,1.06%
31,2022-02-09,35768.05859375,35614.8984375,35824.28125,35614.8984375,333610000,0.86%
32,2022-02-10,35241.58984375,35630.80859375,35800.23828125,35100.71875,411620000,-1.47%
33,2022-02-11,34738.05859375,35267.890625,35431.1484375,34620.51953125,398860000,-1.43%
34,2022-02-14,34566.171875,34694.5,34744.55859375,34304.28125,370320000,-0.49%
35,2022-02-15,34988.83984375,34686.19140625,35047.7890625,34686.19140625,305670000,1.22%
36,2022-02-16,34934.26953125,34951.828125,35042.08984375,34642.640625,294410000,-0.16%
37,2022-02-17,34312.03125,34858.46875,34858.46875,34246.23046875,348720000,-1.78%
38,2022-02-18,34079.1796875,34310.44921875,34423.578125,33976.1796875,414080000,-0.68%
39,2022-02-22,33596.609375,33974.08984375,34024.73828125,33364.2890625,432090000,-1.42%
40,2022-02-23,33131.76171875,33680.96875,33832.58984375,33084.8984375,370600000,-1.38%
41,2022-02-24,33223.828125,32830.328125,33269.33984375,32272.640625,590850000,0.28%
42,2022-02-25,34058.75,33277.21875,34095.73828125,33277.21875,417630000,2.51%
43,2022-02-28,33892.6015625,33870.62109375,33963.62890625,33469.30859375,443460000,-0.49%
44,2022-03-01,33294.94921875,33813.48046875,33870.140625,33107.671875,438730000,-1.76%
45,2022-03-02,33891.3515625,33379.51171875,34013.671875,33379.51171875,400920000,1.79%
46,2022-03-03,33794.66015625,33972.87109375,34179.0703125,33641.53125,369740000,-0.29%
47,2022-03-04,33614.80078125,33655.4296875,33655.4296875,33254.12109375,408390000,-0.53%
48,2022-03-07,32817.37890625,33579.75,33579.75,32806.1484375,488400000,-2.37%
49,2022-03-08,32632.640625,32885.171875,33402.98046875,32578.73046875,553750000,-0.56%
50,2022-03-09,33286.25,32860.421875,33457.28125,32860.421875,418670000,2.00%
51,2022-03-10,33174.0703125,33106.76953125,33236.58984375,32819.76171875,399480000,-0.34%
52,2022-03-11,32944.19140625,33279.71875,33515.609375,32911.890625,369480000,-0.69%
53,2022-03-14,32945.23828125,33000.37109375,33395.58984375,32818.16015625,394940000,0.00%
54,2022-03-15,33544.33984375,32989.26953125,33620.83984375,32989.26953125,388810000,1.82%
55,2022-03-16,34063.1015625,33653.9296875,34075.94140625,33391.23828125,427400000,1.55%
56,2022-03-17,34480.76171875,33995.390625,34483.921875,33896.05859375,339470000,1.23%
57,2022-03-18,34754.9296875,34466.71875,34755.19921875,34279.828125,615420000,0.80%
58,2022-03-21,34552.98828125,34669.8515625,34808.28125,34341.80859375,408490000,-0.58%
59,2022-03-22,34807.4609375,34583.23828125,34882.03125,34583.23828125,368550000,0.74%
60,2022-03-23,34358.5,34748.83984375,34748.83984375,34352.9609375,347880000,-1.29%
61,2022-03-24,34707.94140625,34406.80859375,34713.55859375,34355.421875,324870000,1.02%
62,2022-03-25,34861.23828125,34702.390625,34942.69921875,34631.51953125,285440000,0.44%
63,2022-03-28,34955.890625,34833.03125,34957.9296875,34552.23046875,299790000,0.27%
64,2022-03-29,35294.19140625,35114.3515625,35372.26171875,35030.0703125,355050000,0.97%
65,2022-03-30,35228.80859375,35273.62890625,35361.359375,35058.578125,317320000,-0.19%
66,2022-03-31,34678.3515625,35201.51953125,35201.51953125,34677.98828125,433400000,-1.56%
67,2022-04-01,34818.26953125,34740.890625,34847.91015625,34538.25,340400000,0.40%
68,2022-04-04,34921.87890625,34799.98046875,34940.78125,34615.37890625,316570000,0.30%
69,2022-04-05,34641.1796875,34876.328125,35112.2109375,34566.0390625,304010000,-0.80%
70,2022-04-06,34496.51171875,34520.33984375,34609.83984375,34277.171875,386250000,-0.42%
71,2022-04-07,34583.5703125,34439.23828125,34705.828125,34190.94921875,319870000,0.25%
72,2022-04-08,34721.12109375,34569.23828125,34908.4609375,34470.19140625,301750000,0.40%
73,2022-04-11,34308.078125,34630.26953125,34701.33984375,34272.2890625,333290000,-1.19%
74,2022-04-12,34220.359375,34412.51171875,34669.96875,34102.80859375,333510000,-0.26%
75,2022-04-13,34564.58984375,34166.640625,34598.359375,34140.640625,313630000,1.01%
76,2022-04-14,34451.23046875,34628.4609375,34889.171875,34437.5,353680000,-0.33%
77,2022-04-18,34411.69140625,34411.48828125,34618.2890625,34279.078125,264110000,-0.11%
78,2022-04-19,34911.19921875,34394.62109375,34983.109375,34394.62109375,296350000,1.45%
79,2022-04-20,35160.7890625,34962.671875,35315.3984375,34962.671875,337620000,0.71%
80,2022-04-21,34792.76171875,35258.80078125,35492.21875,34723.8203125,366390000,-1.05%
81,2022-04-22,33811.3984375,34727.37890625,34727.37890625,33773.390625,373280000,-2.82%
82,2022-04-25,34049.4609375,33731.6484375,34106.01171875,33323.37109375,416900000,0.70%
83,2022-04-26,33240.1796875,33907.48828125,33909.51171875,33230.94921875,400020000,-2.38%
84,2022-04-27,33301.9296875,33450.921875,33697.1796875,33108.890625,447230000,0.19%
85,2022-04-28,33916.390625,33425.9609375,34054.7890625,33248.4609375,440380000,1.85%
86,2022-04-29,32977.2109375,33787.01171875,33919.58984375,32913.1484375,501560000,-2.77%
87,2022-05-02,33061.5,32978.48828125,33224.94921875,32449.869140625,453390000,0.26%
88,2022-05-03,33128.7890625,33086.08984375,33341.578125,32914.75,364420000,0.20%
89,2022-05-04,34061.05859375,33171.80078125,34117.73828125,33021.83984375,411060000,2.81%
90,2022-05-05,32997.96875,33854.171875,33854.171875,32685.099609375,448420000,-3.12%
91,2022-05-06,32899.37109375,32773.87890625,33055.83984375,32474.689453125,416520000,-0.30%
92,2022-05-09,32245.69921875,32685.169921875,32685.169921875,32121.98046875,470770000,-1.99%
93,2022-05-10,32160.740234375,32504.08984375,32752.169921875,31887.890625,439290000,-0.26%
94,2022-05-11,31834.109375,32123.240234375,32584.01953125,31798.859375,458460000,-1.02%
95,2022-05-12,31730.30078125,31699.0390625,31914.4609375,31228.220703125,544240000,-0.33%
96,2022-05-13,32196.66015625,31963.859375,32276.05078125,31862.7890625,388520000,1.47%
97,2022-05-16,32223.419921875,32152.150390625,32514.01953125,31928.1796875,330030000,0.08%
98,2022-05-17,32654.58984375,32427.0,32689.140625,32308.150390625,389310000,1.34%
99,2022-05-18,31490.0703125,32468.669921875,32468.669921875,31393.94921875,465060000,-3.57%
100,2022-05-19,31253.130859375,31262.619140625,31569.130859375,31016.41015625,517190000,-0.75%
101,2022-05-20,31261.900390625,31426.939453125,31515.779296875,30635.759765625,495510000,0.03%
102,2022-05-23,31880.240234375,31395.890625,31968.419921875,31395.890625,402010000,1.98%
103,2022-05-24,31928.619140625,31717.609375,32014.859375,31365.58984375,382950000,0.15%
104,2022-05-25,32120.279296875,31816.310546875,32254.439453125,31754.330078125,343460000,0.60%
105,2022-05-26,32637.189453125,32248.169921875,32774.140625,32248.169921875,351220000,1.61%
106,2022-05-27,33212.9609375,32735.08984375,33213.62109375,32682.009765625,328770000,1.76%
107,2022-05-31,32990.12109375,33160.58984375,33240.21875,32752.33984375,533560000,-0.67%
108,2022-06-01,32813.23046875,33156.30859375,33272.33984375,32584.759765625,338210000,-0.54%
109,2022-06-02,33248.28125,32809.01171875,33248.609375,32509.4296875,333210000,1.33%
110,2022-06-03,32899.69921875,32986.3203125,33135.609375,32839.2109375,298570000,-1.05%
111,2022-06-06,32915.78125,33032.0390625,33235.37109375,32819.5,253010000,0.05%
112,2022-06-07,33180.140625,32783.03125,33207.44921875,32641.849609375,270750000,0.80%
113,2022-06-08,32910.8984375,33087.0703125,33156.5,32824.37109375,270470000,-0.81%
114,2022-06-09,32272.7890625,32828.62109375,32956.73046875,32267.779296875,289710000,-1.94%
115,2022-06-10,31392.7890625,32053.51953125,32053.51953125,31387.83984375,362300000,-2.73%
116,2022-06-13,30516.740234375,31144.91015625,31144.91015625,30373.720703125,472290000,-2.79%
117,2022-06-14,30364.830078125,30592.33984375,30690.80078125,30144.23046875,366800000,-0.50%
118,2022-06-15,30668.529296875,30570.5,31011.970703125,30185.080078125,392670000,1.00%
119,2022-06-16,29927.0703125,30305.740234375,30305.740234375,29740.349609375,442910000,-2.42%
120,2022-06-17,29888.779296875,29912.69921875,30167.51953125,29653.2890625,692830000,-0.13%
121,2022-06-21,30530.25,30074.689453125,30653.98046875,30074.689453125,376900000,2.15%
122,2022-06-22,30483.130859375,30352.5703125,30777.919921875,30166.009765625,343490000,-0.15%
123,2022-06-23,30677.359375,30570.330078125,30715.630859375,30293.400390625,361420000,0.64%
124,2022-06-24,31500.6796875,30846.939453125,31517.2890625,30846.939453125,465480000,2.68%
125,2022-06-27,31438.259765625,31533.599609375,31598.58984375,31351.369140625,309910000,-0.20%
126,2022-06-28,30946.990234375,31549.05078125,31885.08984375,30934.330078125,350780000,-1.56%
127,2022-06-29,31029.310546875,31067.41015625,31152.9609375,30894.529296875,269390000,0.27%
128,2022-06-30,30775.4296875,30790.0,30979.849609375,30431.869140625,394070000,-0.82%
129,2022-07-01,31097.259765625,30737.76953125,31139.349609375,30487.7890625,310440000,1.05%
130,2022-07-05,30967.8203125,30903.119140625,30971.740234375,30355.119140625,323080000,-0.42%
131,2022-07-06,31037.6796875,30957.30078125,31224.689453125,30794.83984375,289800000,0.23%
132,2022-07-07,31384.55078125,31190.650390625,31421.83984375,31154.640625,296620000,1.12%
133,2022-07-08,31338.150390625,31348.4296875,31511.4609375,31212.44921875,238120000,-0.15%
134,2022-07-11,31173.83984375,31277.98046875,31367.55078125,31114.400390625,245020000,-0.52%
135,2022-07-12,30981.330078125,31113.310546875,31346.099609375,30860.509765625,324190000,-0.62%
136,2022-07-13,30772.7890625,30743.630859375,30979.169921875,30514.609375,291830000,-0.67%
137,2022-07-14,30630.169921875,30451.80078125,30680.119140625,30143.9296875,325130000,-0.46%
138,2022-07-15,31288.259765625,30775.369140625,31288.259765625,30775.369140625,321570000,2.15%
139,2022-07-18,31072.609375,31475.98046875,31644.6796875,30982.970703125,309960000,-0.69%
140,2022-07-19,31827.05078125,31165.91015625,31842.25,31165.91015625,378720000,2.43%
141,2022-07-20,31874.83984375,31829.990234375,31944.44921875,31646.94921875,313520000,0.15%
142,2022-07-21,32036.900390625,31826.490234375,32040.630859375,31534.080078125,302320000,0.51%
143,2022-07-22,31899.2890625,32167.919921875,32219.25,31731.470703125,319880000,-0.43%
144,2022-07-25,31990.0390625,31950.9296875,32029.029296875,31821.669921875,255450000,0.28%
145,2022-07-26,31761.5390625,31950.0390625,31950.0390625,31705.359375,324930000,-0.71%
146,2022-07-27,32197.58984375,31865.05078125,32336.23046875,31799.4296875,365480000,1.37%
147,2022-07-28,32529.630859375,32197.619140625,32609.5390625,31982.609375,331110000,1.03%
148,2022-07-29,32845.12890625,32515.619140625,32910.1796875,32493.01953125,487360000,0.97%
149,2022-08-01,32798.3984375,32755.7109375,32972.03125,32640.7890625,321180000,-0.14%
150,2022-08-02,32396.169921875,32691.2890625,32772.9296875,32387.119140625,316740000,-1.23%
151,2022-08-03,32812.5,32514.2109375,32912.73828125,32514.2109375,342160000,1.29%
152,2022-08-04,32726.8203125,32805.69140625,32829.21875,32652.630859375,315590000,-0.26%
153,2022-08-05,32803.46875,32593.900390625,32814.609375,32489.619140625,273010000,0.23%
154,2022-08-08,32832.5390625,32877.359375,33109.9609375,32769.1015625,275350000,0.09%
155,2022-08-09,32774.41015625,32807.359375,32877.53125,32702.66015625,281080000,-0.18%
156,2022-08-10,33309.51171875,33130.62890625,33364.41015625,33130.62890625,311740000,1.63%
157,2022-08-11,33336.671875,33451.51171875,33651.80078125,33289.828125,308030000,0.08%
158,2022-08-12,33761.05078125,33430.71875,33767.08984375,33398.3203125,299140000,1.27%
159,2022-08-15,33912.44140625,33710.69921875,33954.7109375,33582.9609375,262670000,0.45%
160,2022-08-16,34152.01171875,33924.3515625,34281.359375,33852.5703125,288670000,0.71%
161,2022-08-17,33980.3203125,34029.55078125,34161.01171875,33828.41015625,281390000,-0.50%
162,2022-08-18,33999.0390625,33981.859375,34043.828125,33844.4609375,282550000,0.06%
163,2022-08-19,33706.73828125,33904.69140625,33904.69140625,33627.08984375,293990000,-0.86%
164,2022-08-22,33063.609375,33586.58984375,33586.58984375,33007.62890625,308900000,-1.91%
165,2022-08-23,32909.58984375,33033.51953125,33138.26171875,32858.890625,251870000,-0.47%
166,2022-08-24,32969.23046875,32899.01171875,33095.5,32828.55859375,256900000,0.18%
167,2022-08-25,33291.78125,33029.26953125,33306.08984375,32889.8515625,308530000,0.98%
168,2022-08-26,32283.400390625,33293.4296875,33364.69921875,32278.220703125,352850000,-3.03%
169,2022-08-29,32098.990234375,32188.0,32325.16015625,31972.7890625,317820000,-0.57%
170,2022-08-30,31790.869140625,32163.83984375,32205.66015625,31647.220703125,317150000,-0.96%
171,2022-08-31,31510.4296875,31827.150390625,31966.0390625,31509.58984375,392780000,-0.88%
172,2022-09-01,31656.419921875,31454.580078125,31677.509765625,31219.75,339360000,0.46%
173,2022-09-02,31318.439453125,31848.5,32026.900390625,31182.08984375,306180000,-1.07%
174,2022-09-06,31145.30078125,31343.7890625,31463.890625,31048.4609375,347320000,-0.55%
175,2022-09-07,31581.279296875,31145.630859375,31644.33984375,31095.2109375,345080000,1.40%
176,2022-09-08,31774.51953125,31481.94921875,31783.369140625,31321.5,344340000,0.61%
177,2022-09-09,32151.7109375,31876.220703125,32227.740234375,31876.220703125,310980000,1.19%
178,2022-09-12,32381.33984375,32159.490234375,32504.0390625,32159.490234375,339250000,0.71%
179,2022-09-13,31104.970703125,32006.5,32006.5,31018.5390625,428930000,-3.94%
180,2022-09-14,31135.08984375,31141.01953125,31276.8203125,30885.01953125,348670000,0.10%
181,2022-09-15,30961.8203125,31124.6796875,31277.689453125,30882.080078125,345500000,-0.56%
182,2022-09-16,30822.419921875,30866.609375,30866.609375,30550.080078125,627920000,-0.45%
183,2022-09-19,31019.6796875,30722.859375,31026.890625,30559.369140625,291200000,0.64%
184,2022-09-20,30706.23046875,30888.529296875,30888.529296875,30465.91015625,317970000,-1.01%
185,2022-09-21,30183.779296875,30819.390625,31020.7890625,30181.990234375,354960000,-1.70%
186,2022-09-22,30076.6796875,30204.51953125,30302.279296875,29994.529296875,335270000,-0.35%
187,2022-09-23,29590.41015625,29955.650390625,29955.650390625,29250.470703125,388200000,-1.62%
188,2022-09-26,29260.810546875,29536.83984375,29630.76953125,29161.119140625,369450000,-1.11%
189,2022-09-27,29134.990234375,29419.880859375,29659.119140625,28958.220703125,355460000,-0.43%
190,2022-09-28,29683.740234375,29198.919921875,29811.779296875,29114.970703125,436040000,1.88%
191,2022-09-29,29225.609375,29513.73046875,29513.73046875,28997.33984375,388820000,-1.54%
192,2022-09-30,28725.509765625,29123.029296875,29355.779296875,28715.849609375,464260000,-1.71%
193,2022-10-03,29490.890625,28855.25,29647.7890625,28855.25,397830000,2.66%
194,2022-10-04,30316.3203125,29826.669921875,30325.05078125,29826.669921875,375640000,2.80%
195,2022-10-05,30273.869140625,30078.359375,30454.4609375,29886.439453125,290610000,-0.14%
196,2022-10-06,29926.939453125,30206.130859375,30329.609375,29859.33984375,306840000,-1.15%
197,2022-10-07,29296.7890625,29685.26953125,29685.26953125,29142.66015625,367950000,-2.11%
198,2022-10-10,29202.880859375,29419.08984375,29485.8203125,29010.41015625,315410000,-0.32%
199,2022-10-11,29239.189453125,29085.19921875,29608.419921875,29074.23046875,352920000,0.12%
200,2022-10-12,29210.849609375,29233.060546875,29455.119140625,29136.029296875,304420000,-0.10%
201,2022-10-13,30038.720703125,28755.830078125,30168.5390625,28660.939453125,470260000,2.83%
202,2022-10-14,29634.830078125,30192.2109375,30428.8203125,29614.30078125,379090000,-1.34%
203,2022-10-17,30185.8203125,30059.580078125,30311.94921875,29997.619140625,369820000,1.86%
204,2022-10-18,30523.80078125,30697.51953125,30837.900390625,30301.830078125,387130000,1.12%
205,2022-10-19,30423.810546875,30439.0390625,30662.109375,30226.900390625,314030000,-0.33%
206,2022-10-20,30333.58984375,30411.919921875,30822.9609375,30265.19921875,333190000,-0.30%
207,2022-10-21,31082.560546875,30291.1796875,31119.26953125,30206.279296875,418190000,2.47%
208,2022-10-24,31499.619140625,31187.3203125,31603.630859375,31161.41015625,345040000,1.34%
209,2022-10-25,31836.740234375,31463.650390625,31876.150390625,31423.529296875,336930000,1.07%
210,2022-10-26,31839.109375,31738.439453125,32172.419921875,31738.439453125,430400000,0.01%
211,2022-10-27,32033.279296875,32062.140625,32388.419921875,31993.2109375,375720000,0.61%
212,2022-10-28,32861.80078125,32204.310546875,32889.80859375,32158.380859375,495830000,2.59%
213,2022-10-31,32732.94921875,32754.26953125,32883.859375,32586.9296875,390890000,-0.39%
214,2022-11-01,32653.19921875,32862.7890625,32975.48046875,32485.23046875,323210000,-0.24%
215,2022-11-02,32147.759765625,32576.279296875,33071.9296875,32139.76953125,398430000,-1.55%
216,2022-11-03,32001.25,31985.05078125,32185.7109375,31727.05078125,354440000,-0.46%
217,2022-11-04,32403.220703125,32265.009765625,32611.51953125,31938.919921875,422370000,1.26%
218,2022-11-07,32827.0,32454.099609375,32895.58984375,32424.990234375,336300000,1.31%
219,2022-11-08,33160.828125,32934.55859375,33355.390625,32831.4609375,335340000,1.02%
220,2022-11-09,32513.939453125,33004.46875,33065.109375,32478.869140625,355200000,-1.95%
221,2022-11-10,33715.37109375,33263.91015625,33727.73046875,33167.8203125,480130000,3.70%
222,2022-11-11,33747.859375,33797.75,33817.9609375,33394.4296875,427790000,0.10%
223,2022-11-14,33536.69921875,33662.05078125,33964.30078125,33533.9609375,354340000,-0.63%
224,2022-11-15,33592.921875,33755.94140625,33987.05859375,33320.19921875,390610000,0.17%
225,2022-11-16,33553.828125,33554.9296875,33682.828125,33516.98828125,301560000,-0.12%
226,2022-11-17,33546.3203125,33329.26953125,33616.01953125,33239.75,319210000,-0.02%
227,2022-11-18,33745.69140625,33606.58984375,33827.94140625,33540.640625,312950000,0.59%
228,2022-11-21,33700.28125,33760.30078125,33864.58984375,33559.1796875,352960000,-0.13%
229,2022-11-22,34098.1015625,33810.05078125,34115.69921875,33810.05078125,277070000,1.18%
230,2022-11-23,34194.05859375,34091.5703125,34262.0703125,34004.640625,236820000,0.28%
231,2022-11-25,34347.03125,34213.0390625,34386.51171875,34199.5703125,131660000,0.45%
232,2022-11-28,33849.4609375,34275.91015625,34303.87890625,33799.3515625,300330000,-1.45%
233,2022-11-29,33852.53125,33847.80078125,33933.91015625,33662.44921875,279750000,0.01%
234,2022-11-30,34589.76953125,33795.4296875,34589.76953125,33583.76953125,524440000,2.18%
235,2022-12-01,34395.01171875,34533.58984375,34595.51171875,34129.3515625,348720000,-0.56%
236,2022-12-02,34429.87890625,34265.44921875,34483.2109375,34039.73046875,290580000,0.10%
237,2022-12-05,33947.1015625,34335.73046875,34335.73046875,33846.80859375,312960000,-1.40%
238,2022-12-06,33596.33984375,33936.87109375,34006.62890625,33418.58984375,306220000,-1.03%
239,2022-12-07,33597.921875,33556.3984375,33774.26953125,33503.671875,359980000,0.00%
240,2022-12-08,33781.48046875,33695.96875,33899.171875,33642.4609375,271830000,0.55%
241,2022-12-09,33476.4609375,33746.7109375,33844.62890625,33462.6484375,287630000,-0.90%
242,2022-12-12,34005.0390625,33519.5,34005.0390625,33519.5,313440000,1.58%
243,2022-12-13,34108.640625,34268.44140625,34712.28125,33890.87890625,442650000,0.30%
244,2022-12-14,33966.3515625,34086.0703125,34395.6484375,33704.171875,339090000,-0.42%
245,2022-12-15,33202.21875,33773.0,33773.0,33016.16015625,394290000,-2.25%
246,2022-12-16,32920.4609375,33166.4609375,33166.4609375,32654.58984375,756310000,-0.85%
247,2022-12-19,32757.5390625,32921.44921875,33038.94140625,32581.970703125,326430000,-0.49%
248,2022-12-20,32849.73828125,32735.240234375,32992.23046875,32649.44921875,303970000,0.28%
249,2022-12-21,33376.48046875,33028.08984375,33437.83984375,33028.08984375,328020000,1.60%
250,2022-12-22,33027.48828125,33233.3515625,33233.3515625,32573.4296875,340640000,-1.05%
251,2022-12-23,33203.9296875,32961.05859375,33226.140625,32814.01953125,221050000,0.53%
252,2022-12-27,33241.55859375,33224.23046875,33387.71875,33069.578125,246010000,0.11%
253,2022-12-28,32875.7109375,33264.76171875,33379.55078125,32869.1484375,252260000,-1.10%
254,2022-12-29,33220.80078125,33021.4296875,33293.421875,33020.3515625,243060000,1.05%
255,2022-12-30,33147.25,33121.609375,33152.55078125,32847.8203125,295500000,-0.22%
256,2023-01-03,33136.37109375,33148.8984375,33387.51953125,32850.5703125,355930000,-0.03%
257,2023-01-04,33269.76953125,33165.140625,33409.1015625,33033.48046875,379400000,0.40%
258,2023-01-05,32930.078125,33191.71875,33191.71875,32812.328125,337920000,-1.02%
259,2023-01-06,33630.609375,33055.30078125,33710.66015625,32997.390625,360740000,2.13%
260,2023-01-09,33517.6484375,33664.390625,33935.109375,33487.66015625,327840000,-0.34%
261,2023-01-10,33704.1015625,33516.4296875,33726.5390625,33421.80078125,268260000,0.56%
262,2023-01-11,33973.01171875,33754.03125,33974.69140625,33711.0390625,301650000,0.80%
263,2023-01-12,34189.96875,34047.859375,34292.671875,33792.1015625,308190000,0.64%
264,2023-01-13,34302.609375,34075.30859375,34342.3203125,33915.48828125,274110000,0.33%
265,2023-01-17,33910.8515625,34222.3203125,34269.96875,33860.671875,353050000,-1.14%
266,2023-01-18,33296.9609375,33948.48828125,34016.53125,33269.8984375,351670000,-1.81%
267,2023-01-19,33044.55859375,33171.3515625,33227.48828125,32982.05078125,319770000,-0.76%
268,2023-01-20,33375.48828125,33073.4609375,33381.94921875,32948.9296875,367330000,1.00%
269,2023-01-23,33629.55859375,33439.55859375,33782.87890625,33316.25,355220000,0.76%
270,2023-01-24,33733.9609375,33444.71875,33782.921875,33310.55859375,299310000,0.31%
271,2023-01-25,33743.83984375,33538.359375,33773.08984375,33273.2109375,341720000,0.03%
272,2023-01-26,33949.41015625,33771.66015625,33953.7890625,33635.6015625,327000000,0.61%
273,2023-01-27,33978.078125,33952.9296875,34164.328125,33830.8515625,441260000,0.08%
274,2023-01-30,33717.08984375,33909.2109375,34055.2890625,33695.1796875,343920000,-0.77%
275,2023-01-31,34086.0390625,33803.55859375,34095.23046875,33664.91015625,360240000,1.09%
276,2023-02-01,34092.9609375,34039.6015625,34334.69921875,33581.421875,370120000,0.02%
277,2023-02-02,34053.94140625,34129.30078125,34145.140625,33814.78125,429910000,-0.11%
278,2023-02-03,33926.01171875,33926.30078125,34179.578125,33813.859375,425150000,-0.38%
279,2023-02-06,33891.01953125,33874.44140625,33962.83984375,33683.578125,296400000,-0.10%
280,2023-02-07,34156.69140625,33769.78125,34240.0,33634.1015625,361620000,0.78%
281,2023-02-08,33949.01171875,34132.8984375,34161.6484375,33899.7890625,324090000,-0.61%
282,2023-02-09,33699.87890625,34105.609375,34252.5703125,33607.12890625,347520000,-0.73%
283,2023-02-10,33869.26953125,33671.5390625,33897.30859375,33591.98828125,288150000,0.50%
284,2023-02-13,34245.9296875,33887.390625,34249.6015625,33887.390625,302600000,1.11%
285,2023-02-14,34089.26953125,34194.08984375,34331.46875,33827.44921875,288820000,-0.46%
286,2023-02-15,34128.05078125,34008.62890625,34130.48828125,33833.1015625,267530000,0.11%
287,2023-02-16,33696.8515625,33992.08984375,34041.16015625,33686.58984375,317530000,-1.26%
288,2023-02-17,33826.69140625,33677.01171875,33846.640625,33517.73046875,302900000,0.39%
289,2023-02-21,33129.58984375,33699.69140625,33699.69140625,33115.73828125,348320000,-2.06%
290,2023-02-22,33045.08984375,33169.328125,33245.96875,32948.26953125,321910000,-0.26%
291,2023-02-23,33153.91015625,33175.390625,33272.3984375,32795.671875,288120000,0.33%
292,2023-02-24,32816.921875,32999.19140625,32999.19140625,32643.48046875,277120000,-1.02%
293,2023-02-27,32889.08984375,32906.16015625,33189.28125,32814.1796875,243660000,0.22%
294,2023-02-28,32656.69921875,32873.46875,32873.46875,32636.4296875,303760000,-0.71%
295,2023-03-01,32661.83984375,32656.369140625,32746.150390625,32500.7109375,292810000,0.02%
296,2023-03-02,33003.5703125,32780.96875,33083.44921875,32665.849609375,317450000,1.05%
297,2023-03-03,33390.96875,33076.328125,33405.8203125,33008.41015625,300050000,1.17%
298,2023-03-06,33431.44140625,33425.3203125,33572.21875,33383.46875,329190000,0.12%
299,2023-03-07,32856.4609375,33428.30859375,33453.25,32838.2109375,299400000,-1.72%
300,2023-03-08,32798.3984375,32872.078125,32903.44140625,32612.69921875,242750000,-0.18%
301,2023-03-09,32254.859375,32876.828125,32990.4609375,32190.599609375,315860000,-1.66%
302,2023-03-10,31909.640625,32185.140625,32422.099609375,31783.41015625,397790000,-1.07%
303,2023-03-13,31819.140625,31819.9296875,32240.349609375,31624.869140625,429090000,-0.28%
304,2023-03-14,32155.400390625,32055.2890625,32306.58984375,31805.400390625,391760000,1.06%
305,2023-03-15,31874.5703125,31759.869140625,31906.470703125,31429.8203125,420910000,-0.87%
306,2023-03-16,32246.55078125,31827.650390625,32281.609375,31571.4609375,440940000,1.17%
307,2023-03-17,31861.98046875,32217.3203125,32217.3203125,31728.69921875,712100000,-1.19%
308,2023-03-20,32244.580078125,31872.330078125,32280.0703125,31872.330078125,357210000,1.20%
309,2023-03-21,32560.599609375,32420.7109375,32593.6796875,32346.119140625,363190000,0.98%
310,2023-03-22,32030.109375,32570.189453125,32761.890625,32020.4609375,325990000,-1.63%
311,2023-03-23,32105.25,32101.490234375,32511.490234375,31864.740234375,335430000,0.23%
312,2023-03-24,32237.529296875,32038.220703125,32257.240234375,31805.1796875,317070000,0.41%
313,2023-03-27,32432.080078125,32276.720703125,32564.0,32276.720703125,291560000,0.60%
314,2023-03-28,32394.25,32434.849609375,32551.009765625,32295.5,248560000,-0.12%
315,2023-03-29,32717.599609375,32566.5390625,32728.0390625,32539.939453125,314110000,1.00%
316,2023-03-30,32859.03125,32807.4296875,32905.80078125,32682.869140625,283380000,0.43%
317,2023-03-31,33274.1484375,32901.9609375,33291.0,32901.9609375,353740000,1.26%
318,2023-04-03,33601.1484375,33245.78125,33632.8984375,33245.78125,311890000,0.98%
319,2023-04-04,33402.37890625,33594.7890625,33634.71875,33275.62109375,283360000,-0.59%
320,2023-04-05,33482.71875,33394.6015625,33543.83984375,33376.26953125,286660000,0.24%
321,2023-04-06,33485.2890625,33420.9609375,33525.9609375,33325.37109375,258680000,0.01%
322,2023-04-10,33586.51953125,33425.25,33590.23828125,33343.4296875,232920000,0.30%
323,2023-04-11,33684.7890625,33586.75,33781.2890625,33586.75,241430000,0.29%
324,2023-04-12,33646.5,33764.2109375,33895.4296875,33593.3203125,260300000,-0.11%
325,2023-04-13,34029.69140625,33668.96875,34054.98828125,33605.171875,277230000,1.14%
326,2023-04-14,33886.46875,33981.7109375,34082.94140625,33730.8515625,276720000,-0.42%
327,2023-04-17,33987.1796875,33930.4609375,33991.23046875,33796.91015625,234530000,0.30%
328,2023-04-18,33976.62890625,33965.16015625,34018.62109375,33791.890625,253570000,-0.03%
329,2023-04-19,33897.01171875,33889.828125,33957.98046875,33814.6484375,251490000,-0.23%
330,2023-04-20,33786.62109375,33740.6015625,33875.390625,33677.73828125,307910000,-0.33%
331,2023-04-21,33808.9609375,33793.6015625,33858.828125,33688.5703125,291080000,0.07%
332,2023-04-24,33875.3984375,33805.0390625,33891.1484375,33726.08984375,252020000,0.20%
333,2023-04-25,33530.828125,33828.33984375,33875.48828125,33525.390625,297880000,-1.02%
334,2023-04-26,33301.87109375,33596.33984375,33645.828125,33235.8515625,321170000,-0.68%
335,2023-04-27,33826.16015625,33381.66015625,33859.75,33374.6484375,343240000,1.57%
336,2023-04-28,34098.16015625,33797.4296875,34104.55859375,33728.3984375,354310000,0.80%
337,2023-05-01,34051.69921875,34116.80859375,34257.828125,34030.140625,244190000,-0.14%
338,2023-05-02,33684.53125,34017.62109375,34017.75,33436.66015625,274460000,-1.08%
339,2023-05-03,33414.23828125,33726.640625,33811.83984375,33396.05078125,286900000,-0.80%
340,2023-05-04,33127.73828125,33347.78125,33354.859375,32937.5,305160000,-0.86%
341,2023-05-05,33674.37890625,33248.55078125,33748.4296875,33248.55078125,316350000,1.65%
342,2023-05-08,33618.69140625,33715.1484375,33747.48828125,33509.23046875,225680000,-0.17%
343,2023-05-09,33561.80859375,33589.8515625,33656.3984375,33509.71875,232940000,-0.17%
344,2023-05-10,33531.328125,33707.19921875,33772.08984375,33239.44921875,271180000,-0.09%
345,2023-05-11,33309.51171875,33383.890625,33389.87890625,33127.69921875,298000000,-0.66%
346,2023-05-12,33300.62109375,33370.578125,33406.3984375,33110.609375,227570000,-0.03%
347,2023-05-15,33348.6015625,33321.2109375,33400.30078125,33161.9296875,224020000,0.14%
348,2023-05-16,33012.140625,33275.37109375,33290.8515625,33006.19140625,246680000,-1.01%
349,2023-05-17,33420.76953125,33092.48046875,33472.37890625,33050.41015625,307130000,1.24%
350,2023-05-18,33535.91015625,33374.55859375,33579.91015625,33212.08984375,333070000,0.34%
351,2023-05-19,33426.62890625,33582.94921875,33652.8984375,33336.66015625,315210000,-0.33%
352,2023-05-22,33286.578125,33408.5390625,33512.30078125,33207.8515625,268900000,-0.42%
353,2023-05-23,33055.51171875,33190.6015625,33310.171875,33013.2890625,291550000,-0.69%
354,2023-05-24,32799.921875,33021.76171875,33031.75,32752.439453125,246180000,-0.77%
355,2023-05-25,32764.650390625,32854.26171875,32870.4296875,32586.560546875,364670000,-0.11%
356,2023-05-26,33093.33984375,32795.5,33162.05859375,32795.5,330290000,1.00%
357,2023-05-30,33042.78125,33103.6484375,33132.69921875,32893.96875,322700000,-0.15%
358,2023-05-31,32908.26953125,32948.7109375,32984.828125,32739.73046875,689990000,-0.41%
359,2023-06-01,33061.5703125,32929.8515625,33167.75,32704.509765625,349460000,0.47%
360,2023-06-02,33762.76171875,33187.578125,33805.0,33187.578125,383590000,2.12%
361,2023-06-05,33562.859375,33771.12890625,33804.21875,33552.7890625,367170000,-0.59%
362,2023-06-06,33573.28125,33547.671875,33631.25,33399.69140625,294070000,0.03%
363,2023-06-07,33665.01953125,33562.46875,33708.78125,33546.109375,347400000,0.27%
364,2023-06-08,33833.609375,33656.98046875,33873.80859375,33630.0390625,269160000,0.50%
365,2023-06-09,33876.78125,33852.44140625,33975.3203125,33787.16015625,262310000,0.13%
366,2023-06-12,34066.328125,33906.80078125,34077.83984375,33878.4609375,308130000,0.56%
367,2023-06-13,34212.12109375,34111.078125,34310.28125,34107.98046875,308790000,0.43%
368,2023-06-14,33979.328125,34044.69921875,34151.421875,33783.55078125,354910000,-0.68%
369,2023-06-15,34408.05859375,33945.98046875,34488.98046875,33945.98046875,361400000,1.26%
370,2023-06-16,34299.12109375,34464.01953125,34588.6796875,34285.69140625,595230000,-0.32%
371,2023-06-20,34053.87109375,34206.66015625,34206.66015625,33915.9296875,334810000,-0.72%
372,2023-06-21,33951.51953125,33990.55859375,34097.9296875,33876.171875,323690000,-0.30%
373,2023-06-22,33946.7109375,33900.46875,34003.55859375,33835.390625,275600000,-0.01%
374,2023-06-23,33727.4296875,33835.66015625,33835.66015625,33646.48828125,379800000,-0.65%
375,2023-06-26,33714.7109375,33730.7890625,33819.48828125,33610.3203125,265330000,-0.04%
376,2023-06-27,33926.73828125,33739.03125,33975.6484375,33730.390625,293210000,0.63%
377,2023-06-28,33852.66015625,33881.37890625,33903.76171875,33755.921875,268050000,-0.22%
378,2023-06-29,34122.421875,33854.5703125,34147.6796875,33828.62890625,279940000,0.80%
379,2023-06-30,34407.6015625,34269.921875,34467.3515625,34269.921875,351060000,0.84%
380,2023-07-03,34418.46875,34369.78125,34465.6015625,34286.5390625,157590000,0.03%
381,2023-07-05,34288.640625,34344.71875,34376.109375,34226.98046875,274570000,-0.38%
382,2023-07-06,33922.26171875,34171.390625,34171.390625,33771.46875,293840000,-1.07%
383,2023-07-07,33734.87890625,33837.0703125,34036.37890625,33716.75,272730000,-0.55%
384,2023-07-10,33944.3984375,33705.6796875,33958.359375,33705.6796875,299200000,0.62%
385,2023-07-11,34261.421875,34056.94140625,34288.87109375,33993.01171875,278940000,0.93%
386,2023-07-12,34347.4296875,34395.28125,34586.94140625,34308.78125,331410000,0.25%
387,2023-07-13,34395.140625,34412.30859375,34482.26171875,34365.328125,267180000,0.14%
388,2023-07-14,34509.03125,34425.328125,34592.26171875,34425.328125,293540000,0.33%
389,2023-07-17,34585.3515625,34499.73828125,34665.1484375,34418.71875,359780000,0.22%
390,2023-07-18,34951.9296875,34597.078125,34986.359375,34530.609375,385940000,1.06%
391,2023-07-19,35061.2109375,34991.2109375,35234.05078125,34991.2109375,365130000,0.31%
392,2023-07-20,35225.1796875,35091.98046875,35372.76953125,35091.98046875,340880000,0.47%
393,2023-07-21,35227.69140625,35274.3203125,35340.66015625,35186.05078125,465270000,0.01%
394,2023-07-24,35411.23828125,35230.7890625,35463.96875,35230.7890625,284460000,0.52%
395,2023-07-25,35438.0703125,35421.48828125,35527.5703125,35365.26171875,299530000,0.08%
396,2023-07-26,35520.12109375,35345.98828125,35633.609375,35306.26953125,346240000,0.23%
397,2023-07-27,35282.71875,35558.7890625,35645.3515625,35216.578125,352230000,-0.67%
398,2023-07-28,35459.2890625,35443.48828125,35565.51171875,35355.1484375,369000000,0.50%
399,2023-07-31,35559.53125,35465.96875,35566.94921875,35430.21875,327410000,0.28%
400,2023-08-01,35630.6796875,35585.98828125,35679.12890625,35526.609375,259490000,0.20%
401,2023-08-02,35282.51953125,35551.921875,35551.921875,35226.26171875,298570000,-0.98%
402,2023-08-03,35215.890625,35194.55859375,35348.19921875,35122.3203125,254960000,-0.19%
403,2023-08-04,35065.62109375,35230.12890625,35506.87890625,35033.76171875,338290000,-0.43%
404,2023-08-07,35473.12890625,35125.6015625,35497.37890625,35125.6015625,300150000,1.16%
405,2023-08-08,35314.48828125,35345.3984375,35346.640625,35007.41015625,303840000,-0.45%
406,2023-08-09,35123.359375,35324.28125,35370.890625,35058.73046875,306680000,-0.54%
407,2023-08-10,35176.1484375,35231.5390625,35578.578125,35107.6015625,337110000,0.15%
408,2023-08-11,35281.3984375,35111.359375,35354.6015625,35059.98828125,277840000,0.30%
409,2023-08-14,35307.62890625,35273.890625,35335.44921875,35169.96875,300250000,0.07%
410,2023-08-15,34946.390625,35219.37109375,35219.37109375,34908.5,323920000,-1.02%
411,2023-08-16,34765.73828125,34914.9609375,35133.55859375,34757.37109375,332310000,-0.52%
412,2023-08-17,34474.828125,34829.609375,34888.48046875,34440.73046875,392850000,-0.84%
413,2023-08-18,34500.66015625,34368.359375,34587.0703125,34263.19140625,320680000,0.07%
414,2023-08-21,34463.69140625,34531.28125,34570.9609375,34248.4609375,396490000,-0.11%
415,2023-08-22,34288.828125,34494.171875,34514.0390625,34256.83984375,279200000,-0.51%
416,2023-08-23,34472.98046875,34338.58984375,34534.71875,34321.0,360610000,0.54%
417,2023-08-24,34099.421875,34439.828125,34694.6796875,34093.6484375,342520000,-1.08%
418,2023-08-25,34346.8984375,34217.05859375,34441.91015625,34029.21875,257440000,0.73%
419,2023-08-28,34559.98046875,34441.640625,34652.91015625,34441.640625,224640000,0.62%
420,2023-08-29,34852.671875,34531.12109375,34864.421875,34531.12109375,262550000,0.85%
421,2023-08-30,34890.23828125,34847.80078125,35025.5703125,34811.73828125,236070000,0.11%
422,2023-08-31,34721.91015625,34909.08984375,35070.2109375,34719.76953125,341900000,-0.48%
423,2023-09-01,34837.7109375,34876.23828125,34979.1796875,34720.69921875,286370000,0.33%
424,2023-09-05,34641.96875,34843.21875,34871.26171875,34635.62890625,283540000,-0.56%
425,2023-09-06,34443.19140625,34611.6796875,34611.6796875,34291.55859375,308900000,-0.57%
426,2023-09-07,34500.73046875,34351.1796875,34560.859375,34351.1796875,386980000,0.17%
427,2023-09-08,34576.58984375,34487.41015625,34627.8515625,34473.5703125,293990000,0.22%
428,2023-09-11,34663.71875,34650.01171875,34784.51953125,34578.58984375,291720000,0.25%
429,2023-09-12,34645.98828125,34620.01953125,34852.609375,34560.55078125,318670000,-0.05%
430,2023-09-13,34575.53125,34667.28125,34767.109375,34509.94921875,295480000,-0.20%
431,2023-09-14,34907.109375,34687.5,34977.96875,34687.5,305180000,0.96%
432,2023-09-15,34618.23828125,34902.0390625,34902.0390625,34572.26953125,582160000,-0.83%
433,2023-09-18,34624.30078125,34612.2890625,34725.05859375,34545.3515625,252700000,0.02%
434,2023-09-19,34517.73046875,34571.83984375,34597.55859375,34311.69140625,282830000,-0.31%
435,2023-09-20,34440.87890625,34575.5,34776.28125,34434.2890625,291650000,-0.22%
436,2023-09-21,34070.421875,34332.23046875,34378.30078125,34058.71875,331930000,-1.08%
437,2023-09-22,33963.83984375,34077.078125,34156.1484375,33947.23828125,268760000,-0.31%
438,2023-09-25,34006.87890625,33907.58984375,34017.53125,33780.671875,229450000,0.13%
439,2023-09-26,33618.87890625,33862.6796875,33879.9296875,33569.6015625,280100000,-1.14%
440,2023-09-27,33550.26953125,33682.80859375,33731.6484375,33306.30078125,300330000,-0.20%
441,2023-09-28,33666.33984375,33519.44140625,33777.8984375,33473.5,275610000,0.35%
442,2023-09-29,33507.5,33882.609375,33893.6796875,33407.44921875,319830000,-0.47%
443,2023-10-02,33433.3515625,33455.5,33511.91015625,33219.55859375,275630000,-0.22%
444,2023-10-03,33002.37890625,33318.83984375,33398.5390625,32916.19921875,293450000,-1.29%
445,2023-10-04,33129.55078125,33034.1796875,33156.44921875,32873.23046875,287030000,0.39%
446,2023-10-05,33119.5703125,33099.23046875,33174.37890625,32941.55859375,277250000,-0.03%
447,2023-10-06,33407.578125,33040.69921875,33557.69140625,32846.94140625,332990000,0.87%
448,2023-10-09,33604.6484375,33259.83984375,33631.80859375,33253.69140625,228760000,0.59%
449,2023-10-10,33739.30078125,33683.41015625,33898.21875,33604.3203125,255640000,0.40%
450,2023-10-11,33804.87109375,33822.19921875,33882.55078125,33612.25,256560000,0.19%
451,2023-10-12,33631.140625,33845.6484375,33863.80078125,33455.6015625,289160000,-0.51%
452,2023-10-13,33670.2890625,33733.33984375,33957.71875,33551.578125,306340000,0.12%
453,2023-10-16,33984.5390625,33832.421875,34088.98046875,33832.421875,270060000,0.93%
454,2023-10-17,33997.6484375,33869.83984375,34147.62890625,33854.69921875,281010000,0.04%
455,2023-10-18,33665.078125,33960.25,33991.51171875,33598.640625,285410000,-0.98%
456,2023-10-19,33414.171875,33669.51953125,33852.390625,33368.578125,304320000,-0.75%
457,2023-10-20,33127.28125,33365.26953125,33425.76953125,33118.12109375,325530000,-0.86%
458,2023-10-23,32936.41015625,32993.01953125,33234.8515625,32892.19140625,342500000,-0.58%
459,2023-10-24,33141.37890625,33089.640625,33272.19140625,32988.4296875,359230000,0.62%
460,2023-10-25,33035.9296875,33203.53125,33267.91015625,32989.71875,355690000,-0.32%
461,2023-10-26,32784.30078125,33017.171875,33105.03125,32743.990234375,379880000,-0.76%
462,2023-10-27,32417.58984375,32782.3984375,32787.55859375,32327.19921875,376970000,-1.12%
463,2023-10-30,32928.9609375,32537.5390625,33002.96875,32537.5390625,298640000,1.58%
464,2023-10-31,33052.87109375,33029.109375,33070.28125,32787.12109375,306950000,0.38%
465,2023-11-01,33274.578125,33081.87109375,33337.1484375,33010.8515625,307570000,0.67%
466,2023-11-02,33839.078125,33457.8203125,33852.9609375,33450.03125,304350000,1.70%
467,2023-11-03,34061.3203125,33988.828125,34163.62890625,33946.6015625,311000000,0.66%
468,2023-11-06,34095.859375,34092.609375,34167.26171875,33989.71875,265570000,0.10%
469,2023-11-07,34152.6015625,34075.6484375,34206.98046875,34026.71875,281790000,0.17%
470,2023-11-08,34112.26953125,34185.921875,34252.75,33996.19921875,280330000,-0.12%
471,2023-11-09,33891.94140625,34163.7109375,34167.5390625,33859.76953125,325400000,-0.65%
472,2023-11-10,34283.1015625,34020.8203125,34310.359375,33905.62109375,302460000,1.15%
473,2023-11-13,34337.87109375,34259.25,34405.83984375,34205.80859375,245090000,0.16%
474,2023-11-14,34827.69921875,34581.19921875,34931.01171875,34581.19921875,328050000,1.43%
475,2023-11-15,34991.2109375,34906.71875,35051.1015625,34868.48046875,347790000,0.47%
476,2023-11-16,34945.46875,34868.03125,35022.4609375,34818.03125,435540000,-0.13%
477,2023-11-17,34947.28125,34964.8203125,35028.21875,34882.8203125,334820000,0.01%
478,2023-11-20,35151.0390625,34932.48828125,35227.48046875,34907.98046875,331050000,0.58%
479,2023-11-21,35088.2890625,35104.83984375,35118.0390625,35038.44140625,271120000,-0.18%
480,2023-11-22,35273.03125,35189.328125,35315.19921875,35155.80078125,237290000,0.53%
481,2023-11-24,35390.1484375,35299.8984375,35399.44140625,35299.8984375,117040000,0.33%
482,2023-11-27,35333.46875,35376.44140625,35410.37109375,35280.5703125,258340000,-0.16%
483,2023-11-28,35416.98046875,35332.12890625,35518.671875,35307.73046875,256210000,0.24%
484,2023-11-29,35430.421875,35436.80078125,35579.12890625,35405.890625,299330000,0.04%
485,2023-11-30,35950.890625,35596.5703125,35970.69921875,35592.21875,435540000,1.47%
486,2023-12-01,36245.5,35914.44921875,36264.8515625,35914.44921875,321840000,0.82%
487,2023-12-04,36204.44140625,36089.37890625,36238.1796875,36029.69140625,329450000,-0.11%
488,2023-12-05,36124.55859375,36135.6484375,36164.6796875,36010.8515625,309250000,-0.22%
489,2023-12-06,36054.4296875,36183.73046875,36292.578125,36024.25,283240000,-0.19%
490,2023-12-07,36117.37890625,36124.171875,36164.171875,36021.94921875,287280000,0.17%
491,2023-12-08,36247.87109375,36084.8203125,36296.19921875,36061.640625,295180000,0.36%
492,2023-12-11,36404.9296875,36254.328125,36416.1796875,36231.19140625,342490000,0.43%
493,2023-12-12,36577.94140625,36442.1015625,36596.109375,36373.21875,292770000,0.48%
494,2023-12-13,37090.23828125,36601.80078125,37094.8515625,36523.58984375,354790000,1.40%
495,2023-12-14,37248.3515625,37115.62890625,37287.5,37051.51953125,455820000,0.43%
496,2023-12-15,37305.16015625,37194.5,37347.6015625,37092.01953125,788160000,0.15%
497,2023-12-18,37306.01953125,37330.140625,37393.44921875,37284.8515625,292120000,0.00%
498,2023-12-19,37557.921875,37311.8203125,37562.828125,37311.8203125,272740000,0.68%
499,2023-12-20,37082.0,37520.12890625,37641.30078125,37073.0390625,303450000,-1.27%
500,2023-12-21,37404.3515625,37225.3203125,37418.76171875,37127.05078125,253120000,0.87%
501,2023-12-22,37385.96875,37349.26953125,37534.51953125,37268.87890625,252970000,-0.05%
502,2023-12-26,37545.328125,37405.8984375,37617.98828125,37371.828125,212420000,0.43%
503,2023-12-27,37656.51953125,37518.62109375,37683.69921875,37488.6015625,245530000,0.30%
504,2023-12-28,37710.1015625,37661.51953125,37778.8515625,37650.98046875,199550000,0.14%
505,2023-12-29,37689.5390625,37701.62890625,37759.4296875,37538.80078125,234570000,-0.05%
506,2024-01-02,37715.0390625,37566.21875,37790.078125,37495.91015625,350280000,0.07%
507,2024-01-03,37430.19140625,37629.23046875,37629.23046875,37401.8515625,322010000,-0.76%
508,2024-01-04,37440.33984375,37425.28125,37716.41015625,37425.28125,380220000,0.03%
509,2024-01-05,37466.109375,37455.4609375,37623.62109375,37323.8203125,299480000,0.07%
510,2024-01-08,37683.01171875,37327.37109375,37692.921875,37249.23828125,362200000,0.58%
511,2024-01-09,37525.16015625,37523.55078125,37552.37890625,37373.30078125,289860000,-0.42%
512,2024-01-10,37695.73046875,37552.91015625,37740.76953125,37524.3984375,279540000,0.45%
513,2024-01-11,37711.01953125,37747.140625,37801.8984375,37424.28125,299540000,0.04%
514,2024-01-12,37592.98046875,37818.05078125,37825.26953125,37470.19140625,279250000,-0.31%
515,2024-01-16,37361.12109375,37493.5390625,37543.1796875,37201.390625,378280000,-0.62%
516,2024-01-17,37266.671875,37281.859375,37371.66015625,37132.890625,290880000,-0.25%
517,2024-01-18,37468.609375,37300.80859375,37522.2890625,37122.94921875,340620000,0.54%
518,2024-01-19,37863.80078125,37572.5,37933.73046875,37451.7109375,377650000,1.05%
519,2024-01-22,38001.80859375,37919.55078125,38109.19921875,37911.609375,339560000,0.36%
520,2024-01-23,37905.44921875,37959.7890625,37980.73046875,37804.98828125,334110000,-0.25%
521,2024-01-24,37806.390625,37975.37109375,38064.21875,37795.7109375,336090000,-0.26%
522,2024-01-25,38049.12890625,37862.5703125,38057.53125,37796.46875,402970000,0.64%
523,2024-01-26,38109.4296875,38006.6796875,38215.30859375,37997.76953125,387000000,0.16%
524,2024-01-29,38333.44921875,38115.828125,38343.9296875,38061.171875,312480000,0.59%
525,2024-01-30,38467.30859375,38298.23046875,38497.390625,38257.80078125,326640000,0.35%
526,2024-01-31,38150.30078125,38426.78125,38588.859375,38139.66015625,453250000,-0.82%
527,2024-02-01,38519.83984375,38175.33984375,38522.5,38106.83984375,321830000,0.97%
528,2024-02-02,38654.421875,38448.1015625,38783.62109375,38336.5703125,379760000,0.35%
529,2024-02-05,38380.12109375,38546.76953125,38633.87890625,38220.3984375,322290000,-0.71%
530,2024-02-06,38521.359375,38392.8984375,38545.28125,38350.4609375,276140000,0.37%
531,2024-02-07,38677.359375,38613.890625,38748.109375,38571.01171875,302210000,0.40%
532,2024-02-08,38726.328125,38702.109375,38755.6796875,38544.359375,315510000,0.13%
533,2024-02-09,38671.69140625,38731.96875,38734.28125,38567.8984375,299970000,-0.14%
534,2024-02-12,38797.37890625,38656.76171875,38927.078125,38628.921875,273020000,0.33%
535,2024-02-13,38272.75,38699.171875,38699.171875,38039.859375,318390000,-1.35%
536,2024-02-14,38424.26953125,38372.671875,38442.55859375,38194.62109375,274610000,0.40%
537,2024-02-15,38773.12109375,38397.94140625,38781.890625,38397.94140625,303840000,0.91%
538,2024-02-16,38627.98828125,38751.7109375,38825.03125,38583.23828125,282210000,-0.37%
539,2024-02-20,38563.80078125,38576.26171875,38663.08984375,38460.19921875,335990000,-0.17%
540,2024-02-21,38612.23828125,38483.66015625,38618.03125,38338.578125,279510000,0.13%
541,2024-02-22,39069.109375,38845.19140625,39149.609375,38802.0703125,324630000,1.18%
542,2024-02-23,39131.53125,39127.96875,39282.28125,39094.359375,286910000,0.16%
543,2024-02-26,39069.23046875,39144.7890625,39245.890625,39025.80078125,296930000,-0.16%
544,2024-02-27,38972.41015625,39087.8984375,39087.8984375,38881.8984375,272860000,-0.25%
545,2024-02-28,38949.01953125,38938.078125,38956.4609375,38741.6796875,272560000,-0.06%
546,2024-02-29,38996.390625,39013.75,39074.12890625,38809.28125,519690000,0.12%
547,2024-03-01,39087.37890625,38989.51171875,39120.359375,38850.5,331030000,0.23%
548,2024-03-04,38989.828125,38968.76953125,39087.859375,38913.30078125,386290000,-0.25%
549,2024-03-05,38585.19140625,38906.98046875,38906.98046875,38457.828125,393750000,-1.04%
550,2024-03-06,38661.05078125,38721.1484375,38858.12890625,38570.80078125,347900000,0.20%
551,2024-03-07,38791.3515625,38784.30078125,38910.3515625,38730.12890625,335580000,0.34%
552,2024-03-08,38722.69140625,38776.80078125,38971.1484375,38705.03125,342030000,-0.18%
553,2024-03-11,38769.66015625,38667.2109375,38794.76171875,38483.25,300190000,0.12%
554,2024-03-12,39005.48828125,38883.3203125,39071.55859375,38711.390625,329090000,0.61%
555,2024-03-13,39043.3203125,39054.578125,39201.94140625,38937.921875,330930000,0.10%
556,2024-03-14,38905.66015625,39122.390625,39160.25,38704.359375,375810000,-0.35%
557,2024-03-15,38714.76953125,38809.6484375,38928.12890625,38618.19921875,774360000,-0.49%
558,2024-03-18,38790.4296875,38826.9296875,38898.41015625,38760.7890625,327950000,0.20%
559,2024-03-19,39110.76171875,38819.609375,39122.7109375,38761.28125,310610000,0.83%
560,2024-03-20,39512.12890625,39072.05078125,39529.12890625,38988.6484375,350050000,1.03%
561,2024-03-21,39781.37109375,39661.03125,39889.05078125,39589.23046875,408990000,0.68%
562,2024-03-22,39475.8984375,39774.05859375,39824.76171875,39469.53125,332340000,-0.77%
563,2024-03-25,39313.640625,39410.5390625,39430.171875,39296.03125,323670000,-0.41%
564,2024-03-26,39282.328125,39338.3203125,39439.44140625,39277.19140625,306940000,-0.08%
565,2024-03-27,39760.078125,39461.98046875,39769.41015625,39461.98046875,332190000,1.22%
566,2024-03-28,39807.37109375,39763.73828125,39868.58984375,39717.25,360970000,0.12%
567,2024-04-01,39566.8515625,39807.9296875,39815.0,39491.21875,269470000,-0.60%
568,2024-04-02,39170.23828125,39256.26953125,39256.26953125,39051.69921875,319590000,-1.00%
569,2024-04-03,39127.140625,39139.58984375,39305.76171875,39017.12890625,364180000,-0.11%
570,2024-04-04,38596.98046875,39343.6015625,39421.3515625,38559.421875,356510000,-1.35%
571,2024-04-05,38904.0390625,38664.98046875,39040.171875,38602.1796875,317110000,0.80%
572,2024-04-08,38892.80078125,38916.421875,39013.19921875,38857.69921875,291460000,-0.03%
573,2024-04-09,38883.671875,38983.66015625,38992.890625,38572.08984375,328700000,-0.02%
574,2024-04-10,38461.51171875,38662.28125,38662.28125,38304.66015625,317580000,-1.09%
575,2024-04-11,38459.078125,38523.26171875,38598.98046875,38197.28125,356640000,-0.01%
576,2024-04-12,37983.23828125,38319.140625,38319.140625,37877.30078125,440910000,-1.24%
577,2024-04-15,37735.109375,38075.37890625,38386.80859375,37657.7890625,389170000,-0.65%
578,2024-04-16,37798.96875,37992.21875,37992.21875,37713.69921875,339480000,0.17%
579,2024-04-17,37753.30859375,37949.671875,38036.69921875,37611.55859375,314650000,-0.12%
580,2024-04-18,37775.37890625,37847.2109375,38083.76171875,37681.51953125,300230000,0.06%
581,2024-04-19,37986.3984375,37801.98046875,38102.5703125,37781.609375,420460000,0.56%
582,2024-04-22,38239.98046875,38116.890625,38447.16015625,37985.0703125,351650000,0.67%
583,2024-04-23,38503.69140625,38356.0703125,38561.5,38297.71875,329420000,0.69%
584,2024-04-24,38460.921875,38552.7890625,38552.7890625,38310.55078125,337230000,-0.11%
585,2024-04-25,38085.80078125,38052.08984375,38157.21875,37754.37890625,408170000,-0.98%
586,2024-04-26,38239.66015625,38114.69921875,38337.640625,38065.05078125,398680000,0.40%
587,2024-04-29,38386.08984375,38282.16015625,38406.19921875,38215.46875,343630000,0.38%
588,2024-04-30,37815.921875,38337.3984375,38337.3984375,37810.12109375,448480000,-1.49%
589,2024-05-01,37903.2890625,37845.55859375,38349.19921875,37780.5390625,413540000,0.23%
590,2024-05-02,38225.66015625,38075.6484375,38295.2890625,37895.66015625,355910000,0.85%
591,2024-05-03,38675.6796875,38709.359375,38808.51953125,38518.28125,410530000,1.18%
592,2024-05-06,38852.26953125,38762.4296875,38886.46875,38689.37890625,315550000,0.46%
593,2024-05-07,38884.26171875,38858.94140625,38977.609375,38840.3984375,360930000,0.08%
594,2024-05-08,39056.390625,38818.8984375,39094.73828125,38814.98828125,292340000,0.44%
595,2024-05-09,39387.76171875,39064.26953125,39413.66015625,38988.8515625,303270000,0.85%
596,2024-05-10,39512.83984375,39466.51953125,39579.87890625,39406.26171875,289480000,0.32%
597,2024-05-13,39431.51171875,39591.28125,39647.390625,39403.05078125,323370000,-0.21%
598,2024-05-14,39558.109375,39466.76171875,39616.41015625,39371.921875,320860000,0.32%
599,2024-05-15,39908.0,39615.1015625,39935.0390625,39615.1015625,411190000,0.88%
600,2024-05-16,39869.37890625,39912.33984375,40051.05078125,39864.6796875,400560000,-0.10%
601,2024-05-17,40003.58984375,39911.71875,40010.87890625,39858.859375,300260000,0.34%
602,2024-05-20,39806.76953125,39989.76171875,40077.3984375,39787.08984375,272420000,-0.49%
603,2024-05-21,39872.98828125,39804.3984375,39905.80078125,39778.73046875,314120000,0.17%
604,2024-05-22,39671.0390625,39863.328125,39890.91015625,39559.08984375,258430000,-0.51%
605,2024-05-23,39065.26171875,39694.94921875,39694.94921875,39025.51171875,335640000,-1.53%
606,2024-05-24,39069.58984375,39089.23046875,39220.30859375,39020.2890625,249810000,0.01%
607,2024-05-28,38852.859375,39028.98828125,39028.98828125,38706.140625,303340000,-0.55%
608,2024-05-29,38441.5390625,38716.28125,38716.28125,38413.671875,292280000,-1.06%
609,2024-05-30,38111.48046875,38368.3515625,38493.6015625,38000.9609375,360090000,-0.86%
610,2024-05-31,38686.3203125,38140.26171875,38719.4296875,38092.26953125,618200000,1.51%
611,2024-06-03,38571.03125,38709.98828125,38735.609375,38247.21875,314010000,-0.30%
612,2024-06-04,38711.2890625,38518.859375,38786.62109375,38397.8203125,304450000,0.36%
613,2024-06-05,38807.328125,38774.8203125,38844.3203125,38548.76953125,310970000,0.25%
614,2024-06-06,38886.171875,38825.3984375,39004.16015625,38735.98828125,269000000,0.20%
615,2024-06-07,38798.98828125,38861.23828125,39105.23046875,38751.8515625,265850000,-0.22%
616,2024-06-10,38868.0390625,38784.8984375,38877.859375,38665.44921875,330580000,0.18%
617,2024-06-11,38747.421875,38795.7109375,38795.7109375,38446.23828125,383090000,-0.31%
618,2024-06-12,38712.2109375,38950.6484375,39120.26171875,38621.44921875,472280000,-0.09%
619,2024-06-13,38647.1015625,38677.12109375,38712.2109375,38407.69921875,341330000,-0.17%
620,2024-06-14,38589.16015625,38528.390625,38595.23828125,38305.8515625,272200000,-0.15%
621,2024-06-17,38778.1015625,38565.1796875,38839.87890625,38431.94921875,346190000,0.49%
622,2024-06-18,38834.859375,38779.12109375,38936.9296875,38727.671875,324260000,0.15%
623,2024-06-20,39134.76171875,38804.73046875,39232.5,38778.4609375,397010000,0.77%
624,2024-06-21,39150.328125,39208.51171875,39257.1796875,39061.671875,818670000,0.04%
625,2024-06-24,39411.2109375,39184.48828125,39571.23046875,39184.48828125,373940000,0.67%
626,2024-06-25,39112.16015625,39398.7890625,39423.26171875,38997.23046875,339010000,-0.76%
627,2024-06-26,39127.80078125,39063.1484375,39183.73828125,38908.98828125,333100000,0.04%
628,2024-06-27,39164.05859375,39107.1015625,39250.69140625,39026.75,338010000,0.09%
629,2024-06-28,39118.859375,39092.390625,39443.6015625,38937.1484375,679630000,-0.12%
630,2024-07-01,39169.51953125,39186.19921875,39438.359375,39037.94140625,346210000,0.13%
631,2024-07-02,39331.8515625,39108.25,39340.48828125,39085.69140625,317380000,0.41%
632,2024-07-03,39308.0,39358.94921875,39411.171875,39230.859375,202070000,-0.06%
633,2024-07-05,39375.87109375,39313.3984375,39399.62109375,39168.69921875,325230000,0.17%
634,2024-07-08,39344.7890625,39391.98046875,39654.9609375,39278.4296875,358320000,-0.08%
635,2024-07-09,39291.96875,39357.37109375,39492.28125,39146.6015625,361410000,-0.13%
636,2024-07-10,39721.359375,39272.44921875,39736.19921875,39256.71875,334180000,1.09%
637,2024-07-11,39753.75,39695.1796875,39875.6015625,39623.12109375,361530000,0.08%
638,2024-07-12,40000.8984375,39783.28125,40257.23828125,39783.28125,325780000,0.62%
639,2024-07-15,40211.71875,40138.3984375,40351.1015625,40136.1015625,308880000,0.53%
640,2024-07-16,40954.48046875,40263.78125,40988.80859375,40263.78125,306390000,1.85%
641,2024-07-17,41198.078125,40862.5703125,41221.98046875,40849.7109375,433450000,0.59%
642,2024-07-18,40665.01953125,41156.55859375,41376.0,40597.5,393450000,-1.29%
643,2024-07-19,40287.53125,40592.3515625,40626.16015625,40203.26953125,348530000,-0.93%
644,2024-07-22,40415.44140625,40414.48828125,40472.53125,40222.76953125,351670000,0.32%
645,2024-07-23,40358.08984375,40443.73046875,40527.890625,40319.69921875,287390000,-0.14%
646,2024-07-24,39853.87109375,40210.62890625,40258.44140625,39807.44921875,394210000,-1.25%
647,2024-07-25,39935.0703125,39828.62890625,40438.8203125,39817.5,375790000,0.20%
648,2024-07-26,40589.33984375,40140.859375,40753.828125,40140.859375,332070000,1.64%
649,2024-07-29,40539.9296875,40665.7109375,40682.48828125,40388.828125,272200000,-0.12%
650,2024-07-30,40743.328125,40622.12890625,40866.25,40529.1015625,350910000,0.50%
651,2024-07-31,40842.7890625,40768.87890625,41198.62890625,40655.890625,420090000,0.24%
652,2024-08-01,40347.96875,40916.9609375,41096.66015625,40098.5703125,472030000,-1.21%
653,2024-08-02,39737.26171875,40075.328125,40075.328125,39358.6796875,827820000,-1.51%
654,2024-08-05,38703.26953125,39056.19140625,39056.19140625,38499.26953125,661280000,-2.60%
655,2024-08-06,38997.66015625,38736.21875,39449.53125,38638.30078125,462650000,0.76%
656,2024-08-07,38763.44921875,39230.08984375,39477.9609375,38731.51171875,428250000,-0.60%
657,2024-08-08,39446.48828125,38940.37890625,39508.3984375,38922.7890625,376440000,1.76%
658,2024-08-09,39497.5390625,39408.05859375,39628.66015625,39230.4296875,316320000,0.13%
659,2024-08-12,39357.01171875,39556.01171875,39587.05859375,39251.71875,312380000,-0.36%
660,2024-08-13,39765.640625,39445.26953125,39792.80078125,39392.41015625,365560000,1.04%
661,2024-08-14,40008.390625,39800.58984375,40068.75,39737.19921875,317800000,0.61%
662,2024-08-15,40563.05859375,40295.73828125,40590.51171875,40295.73828125,446850000,1.39%
663,2024-08-16,40659.76171875,40528.859375,40726.03125,40453.578125,323210000,0.24%
664,2024-08-19,40896.53125,40670.828125,40907.3203125,40670.828125,283890000,0.58%
665,2024-08-20,40834.96875,40874.51953125,40909.37890625,40756.6484375,299380000,-0.15%
666,2024-08-21,40890.48828125,40881.03125,40974.3984375,40738.4296875,281460000,0.14%
667,2024-08-22,40712.78125,40932.23046875,41026.640625,40584.46875,310470000,-0.43%
668,2024-08-23,41175.078125,40879.12109375,41207.921875,40842.9609375,300080000,1.14%
669,2024-08-26,41240.51953125,41200.83984375,41420.05078125,41140.23046875,249300000,0.16%
670,2024-08-27,41250.5,41186.28125,41271.75,41109.421875,256160000,0.02%
671,2024-08-28,41091.421875,41250.171875,41351.109375,40842.2890625,272170000,-0.39%
672,2024-08-29,41335.05078125,41345.5,41577.96875,41086.80859375,309820000,0.59%
673,2024-08-30,41563.078125,41366.16015625,41585.2109375,41145.8515625,494900000,0.55%
674,2024-09-03,40936.9296875,41489.671875,41489.671875,40778.08984375,420530000,-1.51%
675,2024-09-04,40974.96875,40872.05859375,41172.58984375,40840.890625,359380000,0.09%
676,2024-09-05,40755.75,41056.328125,41084.78125,40519.078125,331250000,-0.54%
677,2024-09-06,40345.41015625,40756.80859375,41009.390625,40297.328125,370440000,-1.01%
678,2024-09-09,40829.58984375,40555.109375,41000.23828125,40518.05859375,376720000,1.20%
679,2024-09-10,40736.9609375,40916.5,40916.5,40417.48046875,360950000,-0.23%
680,2024-09-11,40861.7109375,40638.76171875,40903.6796875,39993.0703125,356040000,0.31%
681,2024-09-12,41096.76953125,40862.109375,41107.3515625,40665.53125,289300000,0.58%
682,2024-09-13,41393.78125,41153.69921875,41533.83984375,41128.69921875,276800000,0.72%
683,2024-09-16,41622.078125,41435.171875,41733.96875,41435.171875,408670000,0.55%
684,2024-09-17,41606.1796875,41723.78125,41835.28125,41470.69140625,448610000,-0.04%
685,2024-09-18,41503.1015625,41628.91015625,41981.96875,41449.0,383600000,-0.25%
686,2024-09-19,42025.19140625,41972.55859375,42160.91015625,41832.08984375,429760000,1.26%
687,2024-09-20,42063.359375,41959.4296875,42138.41015625,41865.94921875,1207660000,0.09%
688,2024-09-23,42124.6484375,42060.3984375,42190.05078125,42012.21875,455200000,0.15%
689,2024-09-24,42208.21875,42234.98828125,42281.05859375,42056.8203125,401020000,0.20%
690,2024-09-25,41914.75,42236.08984375,42299.640625,41859.73046875,374960000,-0.70%
691,2024-09-26,42175.109375,42113.421875,42224.1484375,42036.28125,353600000,0.62%
692,2024-09-27,42313.0,42227.94921875,42628.3203125,42227.94921875,329840000,0.33%
693,2024-09-30,42330.1484375,42289.75,42347.66015625,41929.0703125,354430000,0.04%
694,2024-10-01,42156.96875,42262.96875,42322.359375,41945.62890625,380240000,-0.41%
695,2024-10-02,42196.51953125,42125.140625,42259.51953125,41968.7890625,301760000,0.09%
696,2024-10-03,42011.58984375,42099.53125,42125.83984375,41847.80859375,267260000,-0.44%
697,2024-10-04,42352.75,42248.26171875,42361.37890625,41972.109375,296550000,0.81%
698,2024-10-07,41954.23828125,42289.51171875,42293.640625,41831.73828125,307230000,-0.94%
699,2024-10-08,42080.37109375,42022.6484375,42128.55859375,41874.71875,284500000,0.30%
700,2024-10-09,42512.0,42070.3203125,42562.01171875,41993.3515625,267400000,1.03%
701,2024-10-10,42454.12109375,42511.37109375,42511.37109375,42308.0390625,245570000,-0.14%
702,2024-10-11,42863.859375,42507.53125,42899.75,42507.53125,265330000,0.97%
703,2024-10-14,43065.21875,42800.890625,43139.0,42707.140625,240050000,0.47%
704,2024-10-15,42740.421875,43240.171875,43277.78125,42703.171875,360880000,-0.75%
705,2024-10-16,43077.69921875,42706.48828125,43100.83984375,42692.37109375,297510000,0.79%
706,2024-10-17,43239.05078125,43119.80859375,43289.76171875,43119.80859375,267370000,0.37%
707,2024-10-18,43275.91015625,43187.12109375,43325.08984375,43036.3515625,295500000,0.09%
708,2024-10-21,42931.6015625,43222.2109375,43310.87109375,42877.5703125,273590000,-0.80%
709,2024-10-22,42924.890625,42876.83984375,43041.05078125,42718.26171875,335200000,-0.02%
710,2024-10-23,42514.94921875,42834.3984375,42834.3984375,42293.171875,356610000,-0.96%
711,2024-10-24,42374.359375,42522.55078125,42522.55078125,42191.828125,282680000,-0.33%
712,2024-10-25,42114.3984375,42477.51171875,42594.640625,42051.390625,314000000,-0.61%
713,2024-10-28,42387.5703125,42264.5390625,42476.4609375,42264.5390625,284770000,0.65%
714,2024-10-29,42233.05078125,42323.48046875,42491.859375,42171.6484375,373550000,-0.36%
715,2024-10-30,42141.5390625,42249.80859375,42457.921875,42141.5390625,377420000,-0.22%
716,2024-10-31,41763.4609375,41956.33984375,41991.91015625,41704.62890625,497370000,-0.90%
717,2024-11-01,42052.19140625,41869.8203125,42326.30859375,41869.8203125,531350000,0.69%
718,2024-11-04,41794.6015625,42004.66015625,42035.87109375,41647.30078125,341500000,-0.61%
719,2024-11-05,42221.87890625,41835.48828125,42258.83984375,41766.9609375,283990000,1.02%
720,2024-11-06,43729.9296875,42850.3984375,43778.78125,42850.3984375,550400000,3.57%
721,2024-11-07,43729.33984375,43718.921875,43823.1015625,43641.921875,437510000,-0.00%
722,2024-11-08,43988.98828125,43768.53125,44157.2890625,43733.859375,454570000,0.59%
723,2024-11-11,44293.12890625,44057.6484375,44486.69921875,44057.6484375,451940000,0.69%
724,2024-11-12,43910.98046875,44359.2109375,44405.73046875,43887.26953125,482720000,-0.86%
725,2024-11-13,43958.19140625,43880.4609375,44141.328125,43829.98046875,500190000,0.11%
726,2024-11-14,43750.859375,44032.37890625,44080.78125,43704.8203125,545090000,-0.47%
727,2024-11-15,43444.98828125,43587.9296875,43647.53125,43350.4296875,664320000,-0.70%
