,date,dji_f,open,high,low,volume,dji_f_cr
0,2021-12-20,34813.0,35253.0,35328.0,34547.0,220.12K,-2.42
1,2021-12-21,35381.0,34907.0,35413.0,34858.0,168.39K,1.63
2,2021-12-22,35632.0,35405.0,35662.0,35286.0,110.14K,0.71
3,2021-12-23,35832.0,35647.0,35946.0,35625.0,91.40K,0.56
4,2021-12-27,36178.0,35831.0,36206.0,35759.0,91.65K,0.97
5,2021-12-28,36282.0,36180.0,36408.0,36113.0,115.49K,0.29
6,2021-12-29,36381.0,36278.0,36463.0,36250.0,94.68K,0.27
7,2021-12-30,36291.0,36394.0,36572.0,36255.0,85.64K,-0.25
8,2021-12-31,36226.0,36296.0,36371.0,36121.0,76.94K,-0.18
9,2022-01-03,36455.0,36304.0,36472.0,36120.0,158.89K,0.63
10,2022-01-04,36675.0,36432.0,36804.0,36409.0,175.66K,0.6
11,2022-01-05,36291.0,36656.0,36832.0,36279.0,243.99K,-1.05
12,2022-01-06,36123.0,36309.0,36418.0,36074.0,266.02K,-0.46
13,2022-01-07,36107.0,36173.0,36265.0,35988.0,218.01K,-0.04
14,2022-01-10,35952.0,36121.0,36171.0,35521.0,268.67K,-0.43
15,2022-01-11,36128.0,35948.0,36153.0,35641.0,220.38K,0.49
16,2022-01-12,36160.0,36131.0,36332.0,36040.0,175.02K,0.09
17,2022-01-13,35989.0,36179.0,36390.0,35921.0,217.10K,-0.47
18,2022-01-14,35796.0,36002.0,36114.0,35515.0,256.88K,-0.54
19,2022-01-16,35809.0,35888.0,35901.0,35799.0,4.05K,0.04
20,2022-01-17,35824.0,35844.0,35864.0,35774.0,42.89K,0.04
21,2022-01-18,35259.0,35856.0,35901.0,35135.0,322.17K,-1.58
22,2022-01-19,34910.0,35301.0,35430.0,34883.0,296.13K,-0.99
23,2022-01-20,34616.0,34953.0,35379.0,34407.0,272.49K,-0.84
24,2022-01-21,34157.0,34556.0,34782.0,34100.0,335.70K,-1.33
25,2022-01-24,34253.0,34143.0,34410.0,33031.0,465.70K,0.28
26,2022-01-25,34185.0,34294.0,34472.0,33422.0,340.84K,-0.2
27,2022-01-26,34055.0,33969.0,34699.0,33745.0,319.04K,-0.38
28,2022-01-27,34043.0,34071.0,34658.0,33532.0,329.89K,-0.04
29,2022-01-28,34595.0,34240.0,34622.0,33613.0,315.13K,1.62
30,2022-01-31,34997.0,34576.0,35026.0,34313.0,234.76K,1.16
31,2022-02-01,35274.0,34915.0,35316.0,34833.0,209.61K,0.79
32,2022-02-02,35492.0,35232.0,35590.0,35167.0,222.53K,0.62
33,2022-02-03,34971.0,35545.0,35569.0,34941.0,234.69K,-1.47
34,2022-02-04,34978.0,35113.0,35212.0,34668.0,266.48K,0.02
35,2022-02-07,34969.0,35002.0,35205.0,34806.0,174.18K,-0.03
36,2022-02-08,35342.0,35001.0,35426.0,34931.0,182.37K,1.07
37,2022-02-09,35641.0,35382.0,35752.0,35370.0,166.01K,0.85
38,2022-02-10,35139.0,35717.0,35750.0,34990.0,282.69K,-1.41
39,2022-02-11,34627.0,35128.0,35330.0,34511.0,319.73K,-1.46
40,2022-02-14,34471.0,34665.0,34755.0,34205.0,274.11K,-0.45
41,2022-02-15,34904.0,34472.0,34968.0,34345.0,193.89K,1.26
42,2022-02-16,34851.0,34886.0,35060.0,34558.0,196.64K,-0.15
43,2022-02-17,34231.0,34842.0,34910.0,34171.0,209.14K,-1.78
44,2022-02-18,34007.0,34237.0,34500.0,33900.0,232.78K,-0.65
45,2022-02-20,33928.0,33884.0,33954.0,33884.0,5.76K,-0.23
46,2022-02-21,33557.0,33928.0,34348.0,33407.0,131.14K,-1.09
47,2022-02-22,33525.0,33869.0,34349.0,33292.0,450.33K,-0.1
48,2022-02-23,33066.0,33585.0,33824.0,33015.0,238.84K,-1.37
49,2022-02-24,33156.0,33052.0,33205.0,32167.0,438.50K,0.27
50,2022-02-25,33994.0,33036.0,34034.0,32762.0,286.52K,2.53
51,2022-02-28,33840.0,33678.0,33914.0,33322.0,303.76K,-0.45
52,2022-03-01,33267.0,33822.0,34065.0,33064.0,275.41K,-1.69
53,2022-03-02,33849.0,33318.0,33977.0,33121.0,239.41K,1.75
54,2022-03-03,33738.0,33805.0,34143.0,33597.0,195.52K,-0.33
55,2022-03-04,33583.0,33772.0,33859.0,33210.0,260.95K,-0.46
56,2022-03-07,32782.0,33451.0,33542.0,32689.0,253.27K,-2.39
57,2022-03-08,32602.0,32716.0,33374.0,32305.0,286.68K,-0.55
58,2022-03-09,33265.0,32538.0,33441.0,32521.0,202.05K,2.03
59,2022-03-10,33152.0,33254.0,33294.0,32799.0,184.10K,-0.34
60,2022-03-11,32925.0,33190.0,33691.0,32901.0,150.21K,-0.68
61,2022-03-14,32944.0,33012.0,33395.0,32815.0,111.93K,0.06
62,2022-03-15,33532.0,32979.0,33618.0,32680.0,94.05K,1.78
63,2022-03-16,34059.0,33510.0,34160.0,33388.0,42.65K,1.57
64,2022-03-17,34461.0,34124.0,34491.0,33867.0,24.15K,1.18
65,2022-03-18,34413.66,34335.0,34484.0,34215.0,1.86K,-0.14
66,2022-03-21,34436.0,34670.0,34694.0,34228.0,153.66K,0.06
67,2022-03-22,34709.0,34490.0,34775.0,34318.0,111.07K,0.79
68,2022-03-23,34250.0,34691.0,34792.0,34217.0,128.19K,-1.32
69,2022-03-24,34604.0,34252.0,34655.0,34214.0,123.38K,1.03
70,2022-03-25,34759.0,34640.0,34841.0,34522.0,123.52K,0.45
71,2022-03-28,34853.0,34762.0,34886.0,34445.0,129.89K,0.27
72,2022-03-29,35190.0,34848.0,35281.0,34826.0,147.28K,0.97
73,2022-03-30,35117.0,35154.0,35257.0,34955.0,121.05K,-0.21
74,2022-03-31,34618.0,35124.0,35215.0,34592.0,137.84K,-1.42
75,2022-04-01,34718.0,34702.0,34805.0,34437.0,152.09K,0.29
76,2022-04-02,34688.0,34688.0,34688.0,34688.0,,-0.09
77,2022-04-04,34829.0,34688.0,34849.0,34514.0,117.20K,0.41
78,2022-04-05,34550.0,34802.0,35015.0,34469.0,152.77K,-0.8
79,2022-04-06,34399.0,34595.0,34608.0,34178.0,185.47K,-0.44
80,2022-04-07,34490.0,34370.0,34613.0,34093.0,168.41K,0.26
81,2022-04-08,34613.0,34481.0,34820.0,34368.0,156.89K,0.36
82,2022-04-11,34219.0,34636.0,34668.0,34181.0,159.04K,-1.14
83,2022-04-12,34139.0,34232.0,34582.0,34002.0,193.14K,-0.23
84,2022-04-13,34482.0,34178.0,34511.0,34052.0,161.48K,1.0
85,2022-04-14,34358.0,34463.0,34794.0,34340.0,168.12K,-0.36
86,2022-04-18,34313.0,34369.0,34530.0,34179.0,138.27K,-0.13
87,2022-04-19,34841.0,34397.0,34897.0,34226.0,172.17K,1.54
88,2022-04-20,35079.0,34785.0,35233.0,34728.0,207.81K,0.68
89,2022-04-21,34709.0,35125.0,35413.0,34635.0,195.64K,-1.05
90,2022-04-22,33728.0,34696.0,34719.0,33594.0,234.37K,-2.83
91,2022-04-25,33965.0,33644.0,34021.0,33230.0,265.19K,0.7
92,2022-04-26,33160.0,33965.0,34038.0,33081.0,222.15K,-2.37
93,2022-04-27,33226.0,33163.0,33611.0,33015.0,239.70K,0.2
94,2022-04-28,33828.0,33308.0,33968.0,33155.0,211.62K,1.81
95,2022-04-29,32882.0,33735.0,33903.0,32820.0,202.18K,-2.8
96,2022-05-02,32980.0,32988.0,33145.0,32358.0,222.20K,0.3
97,2022-05-03,33033.0,32960.0,33254.0,32806.0,162.76K,0.16
98,2022-05-04,33969.0,33041.0,34027.0,32925.0,188.06K,2.83
99,2022-05-05,32910.0,33926.0,34020.0,32589.0,252.37K,-3.12
100,2022-05-06,32809.0,32933.0,32966.0,32376.0,241.72K,-0.31
101,2022-05-07,32742.0,32742.0,32742.0,32742.0,,-0.2
102,2022-05-09,32161.0,32624.0,32690.0,32037.0,242.48K,-1.77
103,2022-05-10,32087.0,32206.0,32663.0,31805.0,239.43K,-0.23
104,2022-05-11,31743.0,32048.0,32506.0,31715.0,264.40K,-1.07
105,2022-05-12,31652.0,31803.0,31893.0,31148.0,256.20K,-0.29
106,2022-05-13,32120.0,31556.0,32201.0,31556.0,171.08K,1.48
107,2022-05-14,32087.0,32087.0,32087.0,32087.0,,-0.1
108,2022-05-16,32159.0,32148.0,32453.0,31867.0,167.02K,0.22
109,2022-05-17,32581.0,32139.0,32692.0,32129.0,166.27K,1.31
110,2022-05-18,31440.0,32629.0,32651.0,31299.0,168.60K,-3.5
111,2022-05-19,31202.0,31397.0,31524.0,30955.0,222.59K,-0.76
112,2022-05-20,31213.0,31209.0,31548.0,30585.0,217.51K,0.04
113,2022-05-23,31839.0,31288.0,31925.0,31286.0,181.35K,2.01
114,2022-05-24,31880.0,31782.0,31972.0,31315.0,204.98K,0.13
115,2022-05-25,32076.0,31943.0,32215.0,31683.0,180.97K,0.61
116,2022-05-26,32600.0,32074.0,32738.0,31996.0,153.65K,1.63
117,2022-05-27,33158.0,32531.0,33239.0,32485.0,139.30K,1.71
118,2022-05-29,33212.0,33209.0,33253.0,33168.0,2.32K,0.16
119,2022-05-30,33245.0,33213.0,33434.0,33155.0,34.10K,0.1
120,2022-05-31,32971.0,33201.0,33434.0,32722.0,219.70K,-0.82
121,2022-06-01,32798.0,33067.0,33254.0,32563.0,176.39K,-0.52
122,2022-06-02,33223.0,32763.0,33263.0,32491.0,162.37K,1.3
123,2022-06-03,32888.0,33250.0,33317.0,32824.0,161.88K,-1.01
124,2022-06-06,32912.0,32967.0,33229.0,32805.0,140.65K,0.07
125,2022-06-07,33165.0,32903.0,33198.0,32603.0,155.26K,0.77
126,2022-06-08,32889.0,33107.0,33169.0,32806.0,146.01K,-0.83
127,2022-06-09,32263.0,32909.0,33110.0,32252.0,179.16K,-1.9
128,2022-06-10,31388.0,32319.0,32346.0,31368.0,149.28K,-2.71
129,2022-06-13,30527.0,31254.0,31293.0,30355.0,112.01K,-2.74
130,2022-06-14,30375.0,30531.0,30874.0,30137.0,69.32K,-0.5
131,2022-06-15,30661.0,30383.0,31008.0,30172.0,48.55K,0.94
132,2022-06-16,29928.0,30727.0,30943.0,29741.0,38.76K,-2.39
133,2022-06-17,29806.19,30021.0,30214.0,29800.0,8.05K,-0.41
134,2022-06-19,30039.0,29928.0,30050.0,29919.0,3.53K,0.78
135,2022-06-20,30154.0,30038.0,30216.0,29744.0,59.19K,0.38
136,2022-06-21,30525.0,29930.0,30646.0,29741.0,202.38K,1.23
137,2022-06-22,30471.0,30524.0,30770.0,30003.0,210.52K,-0.18
138,2022-06-23,30672.0,30478.0,30698.0,30247.0,208.47K,0.66
139,2022-06-24,31487.0,30568.0,31508.0,30538.0,139.78K,2.66
140,2022-06-27,31421.0,31466.0,31695.0,31331.0,125.46K,-0.21
141,2022-06-28,30933.0,31464.0,31867.0,30905.0,164.02K,-1.55
142,2022-06-29,30999.0,30966.0,31142.0,30861.0,147.97K,0.21
143,2022-06-30,30781.0,31021.0,31034.0,30406.0,186.27K,-0.7
144,2022-07-01,31061.0,30720.0,31116.0,30422.0,180.47K,0.91
145,2022-07-03,30933.0,31043.0,31051.0,30919.0,2.09K,-0.41
146,2022-07-04,31174.0,30924.0,31210.0,30808.0,33.67K,0.78
147,2022-07-05,30936.0,31051.0,31220.0,30331.0,213.59K,-0.76
148,2022-07-06,31013.0,30958.0,31206.0,30739.0,169.29K,0.25
149,2022-07-07,31367.0,31054.0,31404.0,30898.0,123.74K,1.14
150,2022-07-08,31310.0,31309.0,31490.0,31187.0,146.49K,-0.18
151,2022-07-11,31140.0,31323.0,31344.0,31040.0,130.93K,-0.54
152,2022-07-12,30966.0,31177.0,31328.0,30828.0,148.98K,-0.56
153,2022-07-13,30758.0,30968.0,31309.0,30475.0,198.52K,-0.67
154,2022-07-14,30604.0,30700.0,30774.0,30109.0,172.97K,-0.5
155,2022-07-15,31247.0,30633.0,31264.0,30495.0,190.11K,2.1
156,2022-07-18,31047.0,31298.0,31614.0,30947.0,147.51K,-0.64
157,2022-07-19,31791.0,31064.0,31844.0,31031.0,143.74K,2.4
158,2022-07-20,31853.0,31809.0,31980.0,31621.0,153.53K,0.2
159,2022-07-21,32007.0,31791.0,32032.0,31504.0,158.14K,0.48
160,2022-07-22,31875.0,31982.0,32193.0,31704.0,155.95K,-0.41
161,2022-07-25,31967.0,31872.0,32065.0,31773.0,137.10K,0.29
162,2022-07-26,31732.0,31840.0,31916.0,31665.0,166.36K,-0.74
163,2022-07-27,32172.0,31762.0,32315.0,31761.0,210.16K,1.39
164,2022-07-28,32490.0,32144.0,32609.0,31944.0,206.84K,0.99
165,2022-07-29,32825.0,32567.0,32887.0,32458.0,162.74K,1.03
166,2022-08-01,32767.0,32827.0,32938.0,32602.0,191.68K,-0.18
167,2022-08-02,32365.0,32766.0,32781.0,32350.0,228.06K,-1.23
168,2022-08-03,32770.0,32420.0,32873.0,32342.0,161.49K,1.25
169,2022-08-04,32681.0,32746.0,32866.0,32601.0,132.26K,-0.27
170,2022-08-05,32757.0,32688.0,32786.0,32431.0,175.48K,0.23
171,2022-08-08,32792.0,32750.0,33065.0,32665.0,181.50K,0.11
172,2022-08-09,32737.0,32857.0,32881.0,32662.0,145.11K,-0.17
173,2022-08-10,33260.0,32768.0,33331.0,32678.0,176.37K,1.6
174,2022-08-11,33304.0,33299.0,33625.0,33255.0,172.62K,0.13
175,2022-08-12,33718.0,33360.0,33728.0,33295.0,136.09K,1.24
176,2022-08-15,33873.0,33708.0,33924.0,33485.0,128.49K,0.46
177,2022-08-16,34118.0,33849.0,34246.0,33786.0,138.29K,0.72
178,2022-08-17,33963.0,34127.0,34177.0,33804.0,163.82K,-0.45
179,2022-08-18,33981.0,33994.0,34056.0,33823.0,123.71K,0.05
180,2022-08-19,33706.0,34003.0,34009.0,33616.0,139.45K,-0.81
181,2022-08-22,33056.0,33620.0,33654.0,33001.0,145.28K,-1.93
182,2022-08-23,32901.0,33103.0,33177.0,32844.0,152.94K,-0.47
183,2022-08-24,32958.0,32901.0,33084.0,32753.0,146.03K,0.17
184,2022-08-25,33273.0,32955.0,33290.0,32872.0,166.90K,0.96
185,2022-08-26,32263.0,33236.0,33444.0,32156.0,202.97K,-3.04
186,2022-08-29,32075.0,32040.0,32301.0,31926.0,182.59K,-0.58
187,2022-08-30,31775.0,32105.0,32347.0,31616.0,189.78K,-0.94
188,2022-08-31,31532.0,31792.0,32002.0,31501.0,194.24K,-0.76
189,2022-09-01,31663.0,31555.0,31678.0,31221.0,209.86K,0.42
190,2022-09-02,31312.0,31646.0,32029.0,31182.0,205.42K,-1.11
191,2022-09-04,31387.0,31359.0,31392.0,31277.0,3.26K,0.24
192,2022-09-05,31444.0,31385.0,31484.0,31318.0,33.15K,0.18
193,2022-09-06,31166.0,31345.0,31592.0,31042.0,238.78K,-0.88
194,2022-09-07,31577.0,31153.0,31644.0,30975.0,142.79K,1.32
195,2022-09-08,31766.0,31574.0,31809.0,31303.0,172.33K,0.6
196,2022-09-09,32164.0,31807.0,32233.0,31769.0,101.78K,1.25
197,2022-09-12,32386.0,32210.0,32505.0,32137.0,73.22K,0.69
198,2022-09-13,31103.0,32434.0,32667.0,31020.0,85.20K,-3.96
199,2022-09-14,31149.0,31159.0,31285.0,30892.0,52.59K,0.15
200,2022-09-15,30974.0,31190.0,31281.0,30882.0,34.96K,-0.56
201,2022-09-16,30645.2,30834.0,30855.0,30535.0,3.59K,-1.06
202,2022-09-19,31117.0,30948.0,31183.0,30590.0,155.41K,1.54
203,2022-09-20,30801.0,31145.0,31256.0,30558.0,180.45K,-1.02
204,2022-09-21,30282.0,30836.0,31132.0,30202.0,246.93K,-1.69
205,2022-09-22,30149.0,30228.0,30494.0,30048.0,206.73K,-0.44
206,2022-09-23,29669.0,30216.0,30240.0,29315.0,217.03K,-1.59
207,2022-09-26,29343.0,29645.0,29736.0,29227.0,210.69K,-1.1
208,2022-09-27,29203.0,29339.0,29729.0,29019.0,200.40K,-0.48
209,2022-09-28,29750.0,29250.0,29883.0,28886.0,232.85K,1.87
210,2022-09-29,29285.0,29754.0,29783.0,29047.0,191.74K,-1.56
211,2022-09-30,28801.0,29264.0,29549.0,28767.0,217.65K,-1.65
212,2022-10-03,29538.0,28767.0,29702.0,28635.0,194.80K,2.56
213,2022-10-04,30365.0,29583.0,30399.0,29500.0,176.36K,2.8
214,2022-10-05,30310.0,30356.0,30513.0,29933.0,154.46K,-0.18
215,2022-10-06,29982.0,30323.0,30484.0,29904.0,166.10K,-1.08
216,2022-10-07,29353.0,29944.0,30111.0,29188.0,158.67K,-2.1
217,2022-10-10,29260.0,29278.0,29539.0,29055.0,171.60K,-0.32
218,2022-10-11,29266.0,29262.0,29659.0,28946.0,203.44K,0.02
219,2022-10-12,29261.0,29316.0,29526.0,29177.0,169.92K,-0.02
220,2022-10-13,30091.0,29312.0,30215.0,28671.0,299.09K,2.84
221,2022-10-14,29708.0,30091.0,30480.0,29650.0,242.08K,-1.27
222,2022-10-17,30230.0,29658.0,30361.0,29640.0,160.67K,1.76
223,2022-10-18,30576.0,30333.0,30877.0,30333.0,217.31K,1.14
224,2022-10-19,30460.0,30711.0,30818.0,30254.0,183.78K,-0.38
225,2022-10-20,30353.0,30525.0,30857.0,30287.0,204.71K,-0.35
226,2022-10-21,31123.0,30409.0,31197.0,30102.0,252.17K,2.54
227,2022-10-24,31545.0,31190.0,31640.0,30922.0,213.83K,1.36
228,2022-10-25,31877.0,31509.0,31917.0,31346.0,184.77K,1.05
229,2022-10-26,31872.0,31826.0,32211.0,31744.0,189.24K,-0.02
230,2022-10-27,32074.0,31951.0,32421.0,31871.0,229.32K,0.63
231,2022-10-28,32896.0,32043.0,33002.0,31884.0,230.00K,2.56
232,2022-10-31,32775.0,32920.0,32941.0,32617.0,201.24K,-0.37
233,2022-11-01,32685.0,32769.0,33026.0,32510.0,224.69K,-0.27
234,2022-11-02,32178.0,32657.0,33106.0,32121.0,260.43K,-1.55
235,2022-11-03,32017.0,32186.0,32273.0,31738.0,199.60K,-0.5
236,2022-11-04,32428.0,31995.0,32632.0,31870.0,276.67K,1.28
237,2022-11-07,32838.0,32272.0,32904.0,32113.0,184.17K,1.26
238,2022-11-08,33175.0,32814.0,33366.0,32766.0,223.72K,1.03
239,2022-11-09,32527.0,33113.0,33225.0,32487.0,217.27K,-1.95
240,2022-11-10,33712.0,32535.0,33800.0,32450.0,260.41K,3.64
241,2022-11-11,33763.0,33796.0,33982.0,33409.0,229.78K,0.15
242,2022-11-14,33561.0,33645.0,33981.0,33550.0,178.09K,-0.6
243,2022-11-15,33605.0,33628.0,34026.0,33324.0,257.57K,0.13
244,2022-11-16,33591.0,33569.0,33733.0,33471.0,178.33K,-0.04
245,2022-11-17,33581.0,33675.0,33732.0,33189.0,170.67K,-0.03
246,2022-11-18,33775.0,33581.0,33855.0,33469.0,162.98K,0.58
247,2022-11-21,33735.0,33762.0,33899.0,33585.0,144.24K,-0.12
248,2022-11-22,34126.0,33734.0,34138.0,33658.0,142.86K,1.16
249,2022-11-23,34211.0,34134.0,34277.0,34015.0,161.91K,0.25
250,2022-11-24,34265.0,34258.0,34302.0,34225.0,24.77K,0.16
251,2022-11-25,34356.0,34255.0,34393.0,34206.0,98.20K,0.27
252,2022-11-28,33871.0,34300.0,34321.0,33805.0,177.64K,-1.41
253,2022-11-29,33857.0,33872.0,33993.0,33668.0,173.50K,-0.04
254,2022-11-30,34599.0,33866.0,34647.0,33623.0,285.45K,2.19
255,2022-12-01,34429.0,34616.0,34707.0,34157.0,246.22K,-0.49
256,2022-12-02,34459.0,34403.0,34528.0,33935.0,217.68K,0.09
257,2022-12-05,33986.0,34440.0,34463.0,33883.0,170.59K,-1.37
258,2022-12-06,33633.0,34007.0,34084.0,33452.0,196.31K,-1.04
259,2022-12-07,33625.0,33638.0,33818.0,33462.0,187.12K,-0.02
260,2022-12-08,33803.0,33621.0,33931.0,33482.0,163.24K,0.53
261,2022-12-09,33498.0,33791.0,33960.0,33478.0,135.31K,-0.9
262,2022-12-12,34017.0,33487.0,34026.0,33433.0,83.04K,1.55
263,2022-12-13,34133.0,33997.0,34984.0,33911.0,83.53K,0.34
264,2022-12-14,33993.0,34124.0,34420.0,33718.0,45.58K,-0.41
265,2022-12-15,33212.0,34032.0,34088.0,33021.0,36.19K,-2.3
266,2022-12-16,32966.46,33200.0,33270.0,32779.0,3.25K,-0.74
267,2022-12-19,32973.0,33105.0,33279.0,32792.0,138.09K,0.02
268,2022-12-20,33053.0,32950.0,33204.0,32686.0,156.32K,0.24
269,2022-12-21,33569.0,33148.0,33645.0,33141.0,150.66K,1.56
270,2022-12-22,33208.0,33639.0,33663.0,32750.0,165.17K,-1.08
271,2022-12-23,33375.0,33215.0,33411.0,32989.0,158.61K,0.5
272,2022-12-25,33352.0,33352.0,33352.0,33352.0,,-0.07
273,2022-12-26,33537.0,33457.0,33546.0,33451.0,2.08K,0.55
274,2022-12-27,33416.0,33399.0,33613.0,33236.0,125.98K,-0.36
275,2022-12-28,33046.0,33427.0,33567.0,33026.0,137.87K,-1.11
276,2022-12-29,33375.0,33067.0,33458.0,32999.0,105.02K,1.0
277,2022-12-30,33285.0,33351.0,33370.0,32989.0,119.35K,-0.27
278,2023-01-01,33315.0,33315.0,33315.0,33315.0,,0.09
279,2023-01-02,33373.0,33315.0,33516.0,33315.0,3.45K,0.17
280,2023-01-03,33278.0,33485.0,33643.0,32983.0,196.90K,-0.28
281,2023-01-04,33416.0,33238.0,33564.0,33171.0,187.17K,0.41
282,2023-01-05,33070.0,33380.0,33467.0,32943.0,173.18K,-1.04
283,2023-01-06,33772.0,33082.0,33863.0,33032.0,238.43K,2.12
284,2023-01-09,33670.0,33790.0,34080.0,33630.0,153.57K,-0.3
285,2023-01-10,33849.0,33674.0,33870.0,33489.0,141.92K,0.53
286,2023-01-11,34110.0,33849.0,34125.0,33826.0,122.66K,0.77
287,2023-01-12,34319.0,34119.0,34422.0,33850.0,206.58K,0.61
288,2023-01-13,34416.0,34308.0,34464.0,34006.0,152.64K,0.28
289,2023-01-15,34398.0,34441.0,34446.0,34390.0,1.41K,-0.05
290,2023-01-16,34402.0,34404.0,34487.0,34303.0,23.22K,0.01
291,2023-01-17,34020.0,34436.0,34489.0,33970.0,189.74K,-1.11
292,2023-01-18,33386.0,34006.0,34131.0,33365.0,200.01K,-1.86
293,2023-01-19,33139.0,33368.0,33391.0,33067.0,176.09K,-0.74
294,2023-01-20,33474.0,33187.0,33482.0,33031.0,165.28K,1.01
295,2023-01-23,33727.0,33471.0,33885.0,33402.0,176.74K,0.76
296,2023-01-24,33826.0,33732.0,33906.0,33474.0,160.73K,0.29
297,2023-01-25,33823.0,33838.0,33866.0,33347.0,182.79K,-0.01
298,2023-01-26,34023.0,33813.0,34044.0,33701.0,163.84K,0.59
299,2023-01-27,34046.0,33998.0,34241.0,33899.0,141.44K,0.07
300,2023-01-30,33785.0,34014.0,34123.0,33762.0,150.81K,-0.77
301,2023-01-31,34156.0,33819.0,34166.0,33579.0,147.86K,1.1
302,2023-02-01,34148.0,34132.0,34407.0,33624.0,207.74K,-0.02
303,2023-02-02,34097.0,34126.0,34214.0,33857.0,194.09K,-0.15
304,2023-02-03,33962.0,34048.0,34226.0,33821.0,226.64K,-0.4
305,2023-02-06,33934.0,33886.0,34010.0,33685.0,164.85K,-0.08
306,2023-02-07,34206.0,33920.0,34283.0,33661.0,273.43K,0.8
307,2023-02-08,33995.0,34145.0,34212.0,33919.0,176.35K,-0.62
308,2023-02-09,33734.0,34043.0,34287.0,33630.0,194.88K,-0.77
309,2023-02-10,33895.0,33760.0,33924.0,33543.0,186.97K,0.48
310,2023-02-13,34268.0,33905.0,34289.0,33759.0,145.50K,1.1
311,2023-02-14,34121.0,34276.0,34551.0,33852.0,242.93K,-0.43
312,2023-02-15,34174.0,34086.0,34193.0,33871.0,158.06K,0.16
313,2023-02-16,33739.0,34169.0,34233.0,33709.0,193.14K,-1.27
314,2023-02-17,33866.0,33719.0,33889.0,33514.0,183.82K,0.38
315,2023-02-19,33827.0,33840.0,33856.0,33806.0,0.79K,-0.12
316,2023-02-20,33770.0,33828.0,33875.0,33738.0,21.94K,-0.17
317,2023-02-21,33162.0,33844.0,33875.0,33141.0,192.79K,-1.8
318,2023-02-22,33079.0,33186.0,33273.0,32976.0,161.68K,-0.25
319,2023-02-23,33182.0,33097.0,33294.0,32816.0,173.20K,0.31
320,2023-02-24,32826.0,33139.0,33197.0,32648.0,179.17K,-1.07
321,2023-02-27,32909.0,32816.0,33211.0,32783.0,156.50K,0.25
322,2023-02-28,32682.0,32940.0,33021.0,32607.0,158.69K,-0.69
323,2023-03-01,32693.0,32652.0,32864.0,32527.0,188.69K,0.03
324,2023-03-02,33018.0,32845.0,33107.0,32639.0,163.24K,0.99
325,2023-03-03,33414.0,33004.0,33430.0,32953.0,148.71K,1.2
326,2023-03-06,33451.0,33399.0,33590.0,33354.0,135.35K,0.11
327,2023-03-07,32864.0,33455.0,33512.0,32840.0,192.15K,-1.75
328,2023-03-08,32813.0,32875.0,32939.0,32626.0,170.99K,-0.16
329,2023-03-09,32259.0,32829.0,33002.0,32190.0,203.24K,-1.69
330,2023-03-10,31918.0,32262.0,32434.0,31787.0,306.88K,-1.06
331,2023-03-13,31830.0,32029.0,32366.0,31530.0,201.52K,-0.28
332,2023-03-14,32161.0,31909.0,32311.0,31805.0,95.69K,1.04
333,2023-03-15,31872.0,32160.0,32203.0,31428.0,59.92K,-0.9
334,2023-03-16,32249.0,31850.0,32283.0,31566.0,39.73K,1.18
335,2023-03-17,32106.3,32230.0,32351.0,31931.0,2.56K,-0.44
336,2023-03-20,32456.0,32142.0,32510.0,31657.0,221.27K,1.09
337,2023-03-21,32774.0,32474.0,32830.0,32441.0,136.93K,0.98
338,2023-03-22,32258.0,32789.0,32994.0,32231.0,185.80K,-1.57
339,2023-03-23,32319.0,32296.0,32733.0,32054.0,214.72K,0.19
340,2023-03-24,32434.0,32381.0,32485.0,31945.0,193.25K,0.36
341,2023-03-27,32631.0,32486.0,32770.0,32418.0,136.41K,0.61
342,2023-03-28,32588.0,32667.0,32784.0,32486.0,120.17K,-0.13
343,2023-03-29,32903.0,32622.0,32924.0,32616.0,135.01K,0.97
344,2023-03-30,33044.0,32894.0,33123.0,32863.0,132.07K,0.43
345,2023-03-31,33460.0,33039.0,33549.0,33003.0,136.55K,1.26
346,2023-04-03,33786.0,33441.0,33821.0,33436.0,131.79K,0.97
347,2023-04-04,33577.0,33766.0,33877.0,33455.0,138.74K,-0.62
348,2023-04-05,33656.0,33626.0,33720.0,33503.0,138.42K,0.24
349,2023-04-06,33659.0,33634.0,33716.0,33486.0,124.32K,0.01
350,2023-04-07,33659.0,33629.0,33774.0,33577.0,13.57K,0.0
351,2023-04-10,33751.0,33699.0,33784.0,33508.0,109.23K,0.27
352,2023-04-11,33852.0,33766.0,33953.0,33730.0,121.33K,0.3
353,2023-04-12,33813.0,33881.0,34119.0,33760.0,170.02K,-0.12
354,2023-04-13,34190.0,33788.0,34216.0,33747.0,142.66K,1.11
355,2023-04-14,34037.0,34130.0,34275.0,33877.0,187.28K,-0.45
356,2023-04-17,34129.0,34125.0,34148.0,33938.0,128.28K,0.27
357,2023-04-18,34124.0,34123.0,34287.0,33928.0,140.67K,-0.01
358,2023-04-19,34033.0,34104.0,34105.0,33942.0,124.52K,-0.27
359,2023-04-20,33909.0,34014.0,34033.0,33802.0,147.31K,-0.36
360,2023-04-21,33950.0,33899.0,33996.0,33809.0,145.06K,0.12
361,2023-04-24,34001.0,33922.0,34024.0,33775.0,121.54K,0.15
362,2023-04-25,33652.0,34006.0,34007.0,33643.0,179.21K,-1.03
363,2023-04-26,33424.0,33726.0,33762.0,33347.0,184.15K,-0.68
364,2023-04-27,33929.0,33444.0,33967.0,33421.0,173.75K,1.51
365,2023-04-28,34200.0,33861.0,34236.0,33752.0,169.86K,0.8
366,2023-05-01,34152.0,34216.0,34363.0,34106.0,109.77K,-0.14
367,2023-05-02,33772.0,34111.0,34188.0,33520.0,194.06K,-1.11
368,2023-05-03,33492.0,33752.0,33917.0,33400.0,184.19K,-0.83
369,2023-05-04,33196.0,33392.0,33562.0,33004.0,219.40K,-0.88
370,2023-05-05,33739.0,33190.0,33822.0,33173.0,152.68K,1.64
371,2023-05-08,33685.0,33753.0,33848.0,33566.0,104.60K,-0.16
372,2023-05-09,33637.0,33684.0,33726.0,33539.0,103.17K,-0.14
373,2023-05-10,33602.0,33630.0,33854.0,33297.0,201.17K,-0.1
374,2023-05-11,33371.0,33594.0,33683.0,33180.0,151.68K,-0.69
375,2023-05-12,33355.0,33367.0,33544.0,33163.0,145.45K,-0.05
376,2023-05-15,33398.0,33321.0,33506.0,33212.0,130.11K,0.13
377,2023-05-16,33060.0,33385.0,33397.0,33032.0,145.84K,-1.01
378,2023-05-17,33478.0,33094.0,33540.0,33062.0,169.60K,1.26
379,2023-05-18,33618.0,33473.0,33651.0,33281.0,183.60K,0.42
380,2023-05-19,33496.0,33625.0,33731.0,33394.0,181.17K,-0.36
381,2023-05-22,33360.0,33412.0,33587.0,33273.0,152.19K,-0.41
382,2023-05-23,33132.0,33396.0,33479.0,33070.0,178.44K,-0.68
383,2023-05-24,32854.0,33131.0,33184.0,32806.0,184.60K,-0.84
384,2023-05-25,32806.0,32897.0,32914.0,32619.0,194.76K,-0.15
385,2023-05-26,33125.0,32792.0,33202.0,32724.0,168.33K,0.97
386,2023-05-28,33242.0,33300.0,33300.0,33232.0,3.17K,0.35
387,2023-05-29,33166.0,33237.0,33266.0,33158.0,27.86K,-0.23
388,2023-05-30,33089.0,33279.0,33330.0,32921.0,203.08K,-0.23
389,2023-05-31,32979.0,33064.0,33076.0,32793.0,174.70K,-0.33
390,2023-06-01,33103.0,32910.0,33212.0,32737.0,186.75K,0.38
391,2023-06-02,33817.0,33143.0,33863.0,33120.0,218.21K,2.16
392,2023-06-05,33619.0,33817.0,33894.0,33600.0,177.15K,-0.59
393,2023-06-06,33617.0,33612.0,33677.0,33448.0,161.27K,-0.01
394,2023-06-07,33709.0,33611.0,33745.0,33542.0,170.14K,0.27
395,2023-06-08,33865.0,33703.0,33908.0,33635.0,143.74K,0.46
396,2023-06-09,33909.0,33843.0,34000.0,33741.0,168.82K,0.13
397,2023-06-12,34083.0,33898.0,34096.0,33888.0,94.23K,0.51
398,2023-06-13,34228.0,34093.0,34330.0,34010.0,82.12K,0.43
399,2023-06-14,33990.0,34221.0,34221.0,33793.0,40.06K,-0.7
400,2023-06-15,34420.0,33993.0,34496.0,33875.0,26.16K,1.27
401,2023-06-16,34582.19,34395.0,34699.0,34370.0,2.35K,0.47
402,2023-06-18,34591.0,34626.0,34627.0,34582.0,1.50K,0.03
403,2023-06-19,34507.0,34589.0,34612.0,34473.0,44.44K,-0.24
404,2023-06-20,34356.0,34621.0,34649.0,34197.0,189.09K,-0.44
405,2023-06-21,34235.0,34328.0,34387.0,34160.0,131.66K,-0.35
406,2023-06-22,34210.0,34248.0,34274.0,34096.0,133.73K,-0.07
407,2023-06-23,33977.0,34250.0,34250.0,33888.0,144.69K,-0.68
408,2023-06-26,33971.0,33977.0,34072.0,33855.0,131.13K,-0.02
409,2023-06-27,34183.0,34002.0,34232.0,33901.0,149.65K,0.62
410,2023-06-28,34101.0,34169.0,34218.0,33993.0,150.80K,-0.24
411,2023-06-29,34353.0,34145.0,34388.0,34051.0,158.62K,0.74
412,2023-06-30,34643.0,34325.0,34705.0,34313.0,125.43K,0.84
413,2023-07-03,34637.0,34619.0,34688.0,34510.0,73.71K,-0.02
414,2023-07-04,34604.0,34624.0,34652.0,34584.0,30.44K,-0.1
415,2023-07-05,34509.0,34628.0,34652.0,34435.0,144.07K,-0.27
416,2023-07-06,34131.0,34488.0,34495.0,33967.0,159.33K,-1.1
417,2023-07-07,33937.0,34107.0,34244.0,33918.0,137.65K,-0.57
418,2023-07-10,34146.0,33968.0,34169.0,33803.0,123.29K,0.62
419,2023-07-11,34464.0,34151.0,34493.0,34060.0,140.62K,0.93
420,2023-07-12,34550.0,34439.0,34792.0,34410.0,151.14K,0.25
421,2023-07-13,34590.0,34570.0,34675.0,34543.0,110.88K,0.12
422,2023-07-14,34678.0,34547.0,34788.0,34495.0,135.13K,0.25
423,2023-07-17,34763.0,34647.0,34850.0,34580.0,117.30K,0.25
424,2023-07-18,35142.0,34744.0,35173.0,34691.0,155.19K,1.09
425,2023-07-19,35253.0,35120.0,35417.0,35110.0,167.59K,0.32
426,2023-07-20,35401.0,35237.0,35549.0,35192.0,176.63K,0.42
427,2023-07-21,35398.0,35413.0,35516.0,35348.0,144.93K,-0.01
428,2023-07-22,35385.0,35385.0,35385.0,35385.0,,-0.04
429,2023-07-24,35581.0,35397.0,35638.0,35351.0,127.73K,0.55
430,2023-07-25,35604.0,35584.0,35693.0,35527.0,124.98K,0.06
431,2023-07-26,35684.0,35573.0,35800.0,35470.0,173.88K,0.22
432,2023-07-27,35431.0,35635.0,35843.0,35346.0,188.13K,-0.71
433,2023-07-28,35592.0,35439.0,35708.0,35376.0,144.65K,0.45
434,2023-07-31,35695.0,35598.0,35713.0,35511.0,105.89K,0.29
435,2023-08-01,35757.0,35706.0,35810.0,35571.0,125.39K,0.17
436,2023-08-02,35403.0,35650.0,35728.0,35333.0,167.19K,-0.99
437,2023-08-03,35312.0,35396.0,35494.0,35216.0,153.65K,-0.26
438,2023-08-04,35153.0,35295.0,35602.0,35117.0,183.91K,-0.45
439,2023-08-05,35145.0,35145.0,35145.0,35145.0,,-0.02
440,2023-08-07,35554.0,35150.0,35589.0,35140.0,146.89K,1.16
441,2023-08-08,35395.0,35563.0,35569.0,35076.0,153.08K,-0.45
442,2023-08-09,35202.0,35376.0,35494.0,35131.0,140.79K,-0.55
443,2023-08-10,35251.0,35271.0,35660.0,35179.0,206.77K,0.14
444,2023-08-11,35351.0,35265.0,35431.0,35115.0,139.82K,0.28
445,2023-08-14,35371.0,35391.0,35456.0,35226.0,131.74K,0.06
446,2023-08-15,35007.0,35347.0,35413.0,34957.0,165.85K,-1.03
447,2023-08-16,34821.0,35006.0,35190.0,34803.0,166.42K,-0.53
448,2023-08-17,34536.0,34847.0,34953.0,34499.0,164.74K,-0.82
449,2023-08-18,34565.0,34526.0,34660.0,34328.0,157.85K,0.08
450,2023-08-21,34524.0,34565.0,34709.0,34308.0,144.07K,-0.12
451,2023-08-22,34344.0,34501.0,34652.0,34307.0,139.81K,-0.52
452,2023-08-23,34522.0,34349.0,34593.0,34340.0,132.08K,0.52
453,2023-08-24,34140.0,34576.0,34737.0,34099.0,173.27K,-1.11
454,2023-08-25,34377.0,34149.0,34483.0,34062.0,196.52K,0.69
455,2023-08-28,34594.0,34423.0,34692.0,34400.0,142.34K,0.63
456,2023-08-29,34887.0,34606.0,34908.0,34525.0,141.83K,0.85
457,2023-08-30,34956.0,34900.0,35090.0,34849.0,149.96K,0.2
458,2023-08-31,34791.0,35023.0,35177.0,34770.0,152.65K,-0.47
459,2023-09-01,34882.0,34807.0,35027.0,34761.0,144.44K,0.26
460,2023-09-03,34867.0,34868.0,34888.0,34847.0,0.88K,-0.04
461,2023-09-04,34851.0,34869.0,34969.0,34790.0,25.71K,-0.05
462,2023-09-05,34680.0,34869.0,34969.0,34673.0,152.73K,-0.49
463,2023-09-06,34479.0,34685.0,34709.0,34317.0,156.45K,-0.58
464,2023-09-07,34528.0,34468.0,34585.0,34365.0,132.86K,0.14
465,2023-09-08,34608.0,34543.0,34660.0,34443.0,135.84K,0.23
466,2023-09-09,34607.0,34607.0,34607.0,34607.0,,0.0
467,2023-09-11,34682.0,34627.0,34809.0,34581.0,86.29K,0.22
468,2023-09-12,34667.0,34673.0,34876.0,34556.0,71.52K,-0.04
469,2023-09-13,34588.0,34669.0,34790.0,34517.0,39.14K,-0.23
470,2023-09-14,34924.0,34601.0,34990.0,34585.0,28.30K,0.97
471,2023-09-15,34914.63,34950.0,35035.0,34852.0,3.85K,-0.03
472,2023-09-18,34935.0,34930.0,35038.0,34848.0,122.94K,0.06
473,2023-09-19,34817.0,34942.0,34991.0,34606.0,161.16K,-0.34
474,2023-09-20,34729.0,34815.0,35083.0,34718.0,178.63K,-0.25
475,2023-09-21,34337.0,34732.0,34746.0,34301.0,213.07K,-1.13
476,2023-09-22,34232.0,34330.0,34421.0,34211.0,173.50K,-0.31
477,2023-09-25,34273.0,34270.0,34358.0,34040.0,169.72K,0.12
478,2023-09-26,33875.0,34294.0,34294.0,33815.0,182.09K,-1.16
479,2023-09-27,33791.0,33920.0,34012.0,33544.0,207.62K,-0.25
480,2023-09-28,33892.0,33864.0,34010.0,33693.0,217.71K,0.3
481,2023-09-29,33725.0,33939.0,34127.0,33623.0,241.69K,-0.49
482,2023-10-02,33638.0,33892.0,33939.0,33435.0,232.20K,-0.26
483,2023-10-03,33201.0,33633.0,33709.0,33117.0,242.37K,-1.3
484,2023-10-04,33326.0,33177.0,33357.0,33021.0,232.77K,0.38
485,2023-10-05,33304.0,33274.0,33367.0,33123.0,181.56K,-0.07
486,2023-10-06,33600.0,33291.0,33756.0,33032.0,250.29K,0.89
487,2023-10-09,33801.0,33477.0,33834.0,33298.0,173.48K,0.6
488,2023-10-10,33936.0,33800.0,34092.0,33776.0,169.53K,0.4
489,2023-10-11,33992.0,33929.0,34078.0,33799.0,147.30K,0.17
490,2023-10-12,33796.0,34046.0,34153.0,33617.0,179.97K,-0.58
491,2023-10-13,33827.0,33786.0,34123.0,33707.0,231.27K,0.09
492,2023-10-16,34134.0,33810.0,34254.0,33810.0,160.40K,0.91
493,2023-10-17,34144.0,34173.0,34305.0,33966.0,199.59K,0.03
494,2023-10-18,33806.0,34120.0,34147.0,33738.0,214.22K,-0.99
495,2023-10-19,33547.0,33828.0,33990.0,33492.0,286.55K,-0.77
496,2023-10-20,33258.0,33530.0,33559.0,33220.0,196.25K,-0.86
497,2023-10-23,33067.0,33299.0,33366.0,33013.0,201.98K,-0.57
498,2023-10-24,33269.0,33130.0,33420.0,33055.0,205.76K,0.61
499,2023-10-25,33150.0,33345.0,33389.0,33098.0,229.83K,-0.36
500,2023-10-26,32876.0,33161.0,33204.0,32832.0,246.58K,-0.83
501,2023-10-27,32504.0,32927.0,33008.0,32409.0,235.22K,-1.13
502,2023-10-30,33017.0,32542.0,33094.0,32506.0,206.16K,1.58
503,2023-10-31,33135.0,33025.0,33220.0,32868.0,189.65K,0.36
504,2023-11-01,33351.0,33087.0,33418.0,32990.0,195.52K,0.65
505,2023-11-02,33914.0,33358.0,33934.0,33338.0,187.25K,1.69
506,2023-11-03,34137.0,33889.0,34232.0,33885.0,149.46K,0.66
507,2023-11-06,34164.0,34170.0,34230.0,34051.0,112.89K,0.08
508,2023-11-07,34215.0,34132.0,34268.0,34031.0,113.60K,0.15
509,2023-11-08,34173.0,34232.0,34315.0,34052.0,118.36K,-0.12
510,2023-11-09,33944.0,34159.0,34283.0,33915.0,158.26K,-0.67
511,2023-11-10,34338.0,33980.0,34373.0,33913.0,148.24K,1.16
512,2023-11-13,34385.0,34299.0,34461.0,34203.0,108.07K,0.14
513,2023-11-14,34887.0,34385.0,34984.0,34334.0,158.88K,1.46
514,2023-11-15,35050.0,34924.0,35103.0,34898.0,143.75K,0.47
515,2023-11-16,35019.0,35045.0,35091.0,34879.0,149.54K,-0.09
516,2023-11-17,35012.0,35051.0,35168.0,34944.0,116.81K,-0.02
517,2023-11-18,34987.0,34987.0,34987.0,34987.0,,-0.07
518,2023-11-20,35225.0,34978.0,35292.0,34962.0,103.05K,0.68
519,2023-11-21,35148.0,35232.0,35247.0,35096.0,89.15K,-0.22
520,2023-11-22,35318.0,35141.0,35360.0,35119.0,113.37K,0.48
521,2023-11-23,35351.0,35289.0,35389.0,35281.0,30.72K,0.09
522,2023-11-24,35430.0,35312.0,35440.0,35281.0,84.10K,0.22
523,2023-11-27,35373.0,35428.0,35456.0,35315.0,99.66K,-0.16
524,2023-11-28,35445.0,35373.0,35548.0,35319.0,119.10K,0.2
525,2023-11-29,35488.0,35447.0,35641.0,35447.0,143.80K,0.12
526,2023-11-30,36010.0,35583.0,36027.0,35563.0,173.51K,1.47
527,2023-12-01,36303.0,35986.0,36338.0,35963.0,160.64K,0.81
528,2023-12-02,36327.0,36327.0,36327.0,36327.0,,0.07
529,2023-12-04,36268.0,36318.0,36332.0,36093.0,154.84K,-0.16
530,2023-12-05,36189.0,36249.0,36249.0,36066.0,151.78K,-0.22
531,2023-12-06,36112.0,36172.0,36352.0,36076.0,132.91K,-0.21
532,2023-12-07,36166.0,36112.0,36210.0,36021.0,115.32K,0.15
533,2023-12-08,36280.0,36147.0,36335.0,36006.0,131.65K,0.32
534,2023-12-09,36284.0,36284.0,36284.0,36284.0,,0.01
535,2023-12-11,36438.0,36296.0,36453.0,36244.0,72.79K,0.42
536,2023-12-12,36598.0,36433.0,36660.0,36390.0,71.51K,0.44
537,2023-12-13,37111.0,36620.0,37153.0,36552.0,41.52K,1.4
538,2023-12-14,37265.0,37123.0,37320.0,37056.0,,0.41
539,2023-12-15,36996.45,37252.0,37438.0,37202.0,,-0.72
540,2023-12-18,37678.0,37660.0,37772.0,37646.0,,1.84
541,2023-12-19,37931.0,37662.0,37940.0,37637.0,,0.67
542,2023-12-20,37445.0,37918.0,38012.0,37390.0,,-1.28
543,2023-12-21,37756.0,37467.0,37765.0,37462.0,,0.83
544,2023-12-22,37740.0,37701.0,37878.0,37585.0,,-0.04
545,2023-12-26,37894.0,37694.0,37962.0,37693.0,,0.41
546,2023-12-27,38006.0,37914.0,38026.0,37818.0,0.00K,0.3
547,2023-12-28,38029.0,38010.0,38089.0,37925.0,,0.06
548,2023-12-29,38012.0,38028.0,38089.0,37841.0,,-0.04
549,2024-01-02,37993.0,37982.0,38113.0,37758.0,,-0.05
550,2024-01-03,37697.0,38001.0,38014.0,37664.0,,-0.78
551,2024-01-04,37715.0,37714.0,37985.0,37699.0,,0.05
552,2024-01-05,37719.0,37751.0,37882.0,37504.0,,0.01
553,2024-01-08,37933.0,37674.0,37946.0,37470.0,,0.57
554,2024-01-09,37763.0,37899.0,37902.0,37607.0,,-0.45
555,2024-01-10,37936.0,37743.0,37984.0,37698.0,,0.46
556,2024-01-11,37927.0,37921.0,38038.0,37627.0,,-0.02
557,2024-01-12,37792.0,37900.0,38031.0,37651.0,,-0.36
558,2024-01-16,37553.0,37737.0,37830.0,37388.0,,-0.63
559,2024-01-17,37458.0,37541.0,37559.0,37315.0,,-0.25
560,2024-01-18,37659.0,37453.0,37708.0,37303.0,,0.54
561,2024-01-19,38045.0,37645.0,38133.0,37597.0,,1.02
562,2024-01-22,38199.0,38048.0,38302.0,38048.0,,0.4
563,2024-01-23,38089.0,38196.0,38209.0,37976.0,,-0.29
564,2024-01-24,37979.0,38103.0,38253.0,37950.0,,-0.29
565,2024-01-25,38210.0,38056.0,38219.0,37911.0,,0.61
566,2024-01-26,38258.0,38159.0,38374.0,38050.0,,0.13
567,2024-01-29,38488.0,38209.0,38498.0,38157.0,,0.6
568,2024-01-30,38612.0,38432.0,38644.0,38386.0,,0.32
569,2024-01-31,38280.0,38568.0,38720.0,38247.0,,-0.86
570,2024-02-01,38625.0,38288.0,38661.0,38212.0,,0.9
571,2024-02-02,38765.0,38598.0,38892.0,38433.0,,0.36
572,2024-02-05,38466.0,38753.0,38797.0,38310.0,,-0.77
573,2024-02-06,38613.0,38451.0,38633.0,38367.0,,0.38
574,2024-02-07,38774.0,38591.0,38843.0,38546.0,,0.42
575,2024-02-08,38824.0,38789.0,38847.0,38627.0,,0.13
576,2024-02-09,38748.0,38795.0,38979.0,38645.0,,-0.2
577,2024-02-12,38884.0,38713.0,39012.0,38679.0,,0.35
578,2024-02-13,38333.0,38863.0,38897.0,38095.0,,-1.42
579,2024-02-14,38494.0,38337.0,38526.0,38255.0,,0.42
580,2024-02-15,38858.0,38490.0,38866.0,38455.0,,0.95
581,2024-02-16,38697.0,38858.0,38909.0,38653.0,,-0.41
582,2024-02-20,38642.0,38658.0,38747.0,38523.0,,-0.14
583,2024-02-21,38677.0,38677.0,38749.0,38400.0,,0.09
584,2024-02-22,39123.0,38636.0,39214.0,38633.0,,1.15
585,2024-02-23,39189.0,39102.0,39343.0,39087.0,,0.17
586,2024-02-26,39116.0,39187.0,39290.0,39070.0,,-0.19
587,2024-02-27,39016.0,39097.0,39154.0,38911.0,,-0.26
588,2024-02-28,38993.0,38988.0,39002.0,38789.0,,-0.06
589,2024-02-29,39043.0,38911.0,39123.0,38837.0,,0.13
590,2024-03-01,39142.0,39019.0,39172.0,38892.0,,0.25
591,2024-03-04,39022.0,39114.0,39125.0,38906.0,,-0.31
592,2024-03-05,38607.0,38995.0,38995.0,38478.0,,-1.06
593,2024-03-06,38706.0,38617.0,38901.0,38584.0,,0.26
594,2024-03-07,38826.0,38706.0,38944.0,38548.0,0.00K,0.31
595,2024-03-08,38756.0,38847.0,39008.0,38630.0,,-0.18
596,2024-03-11,38797.0,38797.0,38822.0,38499.0,,0.11
597,2024-03-12,39032.0,38821.0,39095.0,38653.0,,0.61
598,2024-03-13,39067.0,39023.0,39227.0,38950.0,0.00K,0.09
599,2024-03-14,38913.0,39090.0,39244.0,38704.0,,-0.39
600,2024-03-15,38691.18,38892.0,38994.0,38702.0,,-0.57
601,2024-03-18,39223.0,39139.0,39337.0,39089.0,,1.37
602,2024-03-19,39539.0,39239.0,39556.0,39115.0,,0.81
603,2024-03-20,39940.0,39545.0,39988.0,39425.0,0.00K,1.01
604,2024-03-21,40206.0,39980.0,40316.0,39948.0,0.00K,0.67
605,2024-03-22,39868.0,40231.0,40267.0,39820.0,,-0.84
606,2024-03-25,39699.0,39848.0,39853.0,39681.0,0.00K,-0.42
607,2024-03-26,39680.0,39711.0,39822.0,39657.0,,-0.05
608,2024-03-27,40144.0,39754.0,40181.0,39742.0,,1.17
609,2024-03-28,40176.0,40140.0,40240.0,40086.0,,0.08
610,2024-04-01,39894.0,40158.0,40358.0,39709.0,,-0.7
611,2024-04-02,39508.0,39789.0,39805.0,39368.0,,-0.97
612,2024-04-03,39482.0,39512.0,39634.0,39345.0,,-0.07
613,2024-04-04,38916.0,39501.0,39759.0,38876.0,,-1.43
614,2024-04-05,39223.0,38921.0,39369.0,38864.0,,0.79
615,2024-04-08,39219.0,39280.0,39344.0,39117.0,,-0.01
616,2024-04-09,39196.0,39248.0,39307.0,38873.0,,-0.06
617,2024-04-10,38757.0,39220.0,39345.0,38590.0,0.00K,-1.12
618,2024-04-11,38732.0,38716.0,38880.0,38472.0,0.00K,-0.06
619,2024-04-12,38238.0,38756.0,38836.0,38132.0,0.00K,-1.28
620,2024-04-15,37993.0,38150.0,38637.0,37911.0,0.00K,-0.64
621,2024-04-16,38046.0,37993.0,38284.0,37838.0,,0.14
622,2024-04-17,37990.0,38080.0,38257.0,37842.0,0.00K,-0.15
623,2024-04-18,38007.0,37987.0,38317.0,37900.0,,0.04
624,2024-04-19,38208.0,38008.0,38344.0,37463.0,0.00K,0.53
625,2024-04-22,38468.0,38271.0,38682.0,38208.0,0.00K,0.68
626,2024-04-23,38726.0,38507.0,38789.0,38431.0,0.00K,0.67
627,2024-04-24,38680.0,38749.0,38801.0,38520.0,,-0.12
628,2024-04-25,38288.0,38577.0,38637.0,37944.0,,-1.01
629,2024-04-26,38441.0,38343.0,38535.0,38242.0,,0.4
630,2024-04-29,38559.0,38490.0,38593.0,38392.0,,0.31
631,2024-04-30,37993.0,38576.0,38576.0,37925.0,,-1.47
632,2024-05-01,38069.0,37923.0,38527.0,37866.0,174.07K,0.2
633,2024-05-02,38382.0,38126.0,38643.0,38037.0,0.00K,0.82
634,2024-05-03,38832.0,38642.0,38958.0,38584.0,148.52K,1.17
635,2024-05-04,38869.0,38869.0,38869.0,38869.0,,0.1
636,2024-05-06,38997.0,38920.0,39028.0,38834.0,77.49K,0.33
637,2024-05-07,39027.0,38985.0,39127.0,38976.0,79.87K,0.08
638,2024-05-08,39195.0,39016.0,39236.0,38936.0,91.39K,0.43
639,2024-05-09,39536.0,39198.0,39592.0,39086.0,105.73K,0.87
640,2024-05-10,39642.0,39562.0,39718.0,39531.0,98.77K,0.27
641,2024-05-11,39618.0,39618.0,39618.0,39618.0,,-0.06
642,2024-05-13,39559.0,39620.0,39781.0,39519.0,85.73K,-0.15
643,2024-05-14,39677.0,39542.0,39736.0,39405.0,109.44K,0.3
644,2024-05-15,40039.0,39680.0,40063.0,39652.0,0.00K,0.91
645,2024-05-16,40010.0,40016.0,40191.0,39979.0,120.77K,-0.07
646,2024-05-17,40137.0,39995.0,40147.0,39955.0,89.43K,0.32
647,2024-05-18,40134.0,40134.0,40134.0,40134.0,,-0.01
648,2024-05-20,39944.0,40133.0,40213.0,39919.0,107.16K,-0.47
649,2024-05-21,40006.0,39946.0,40034.0,39907.0,0.00K,0.16
650,2024-05-22,39783.0,39992.0,40033.0,39668.0,125.63K,-0.56
651,2024-05-23,39153.0,39730.0,39882.0,39114.0,193.14K,-1.58
652,2024-05-24,39157.0,39143.0,39315.0,39105.0,108.40K,0.01
653,2024-05-26,39119.0,39163.0,39169.0,39109.0,1.00K,-0.1
654,2024-05-27,39180.0,39120.0,39231.0,39095.0,21.05K,0.16
655,2024-05-28,38944.0,39163.0,39235.0,38787.0,0.01K,-0.6
656,2024-05-29,38524.0,38920.0,38920.0,38221.0,0.00K,-1.08
657,2024-05-30,38231.0,38268.0,38312.0,38111.0,0.02K,-0.76
658,2024-05-31,38791.0,38225.0,38858.0,38139.0,0.03K,1.46
659,2024-06-03,38656.0,38824.0,38919.0,38333.0,159.33K,-0.35
660,2024-06-04,38787.0,38666.0,38878.0,38425.0,0.03K,0.34
661,2024-06-05,38884.0,38801.0,38937.0,38628.0,0.01K,0.25
662,2024-06-06,38955.0,38884.0,39092.0,38808.0,148.12K,0.18
663,2024-06-07,38857.0,38955.0,39174.0,38716.0,0.04K,-0.25
664,2024-06-10,38929.0,38852.0,38945.0,38719.0,0.00K,0.19
665,2024-06-11,38794.0,38898.0,38932.0,38481.0,3.14K,-0.35
666,2024-06-12,38752.0,38773.0,39193.0,38658.0,0.00K,-0.11
667,2024-06-13,38677.0,38735.0,38770.0,38436.0,0.15K,-0.19
668,2024-06-14,39365.0,39429.0,39429.0,39252.0,0.02K,1.78
669,2024-06-17,39592.0,39315.0,39648.0,39230.0,0.03K,0.58
670,2024-06-18,39640.0,39605.0,39605.0,39605.0,0.03K,0.12
671,2024-06-20,39928.0,39735.0,39976.0,39682.0,0.02K,0.73
672,2024-06-21,39943.0,40027.0,40027.0,39928.0,0.07K,0.04
673,2024-06-22,39586.0,39586.0,39586.0,39586.0,,-0.89
674,2024-06-24,40229.0,39853.0,40371.0,39853.0,0.16K,1.62
675,2024-06-25,39908.0,40263.0,40270.0,39785.0,0.04K,-0.8
676,2024-06-26,39930.0,39906.0,39960.0,39690.0,0.06K,0.06
677,2024-06-27,39939.0,39824.0,40021.0,39813.0,0.02K,0.02
678,2024-06-28,39850.0,39960.0,40200.0,39745.0,0.06K,-0.22
679,2024-06-29,39524.0,39524.0,39524.0,39524.0,,-0.82
680,2024-07-01,39898.0,39885.0,40135.0,39817.0,0.07K,0.95
681,2024-07-02,40069.0,39833.0,40008.0,39757.0,0.03K,0.43
682,2024-07-03,40022.0,40050.0,40135.0,39970.0,0.02K,-0.12
683,2024-07-05,40077.0,40068.0,40109.0,39898.0,0.02K,0.14
684,2024-07-08,40037.0,40003.0,40356.0,39991.0,0.04K,-0.1
685,2024-07-09,39983.0,40095.0,40199.0,39890.0,0.02K,-0.13
686,2024-07-10,40432.0,39969.0,40444.0,39962.0,0.06K,1.12
687,2024-07-11,40473.0,40385.0,40558.0,40361.0,0.08K,0.1
688,2024-07-12,40684.0,40506.0,40948.0,40483.0,0.13K,0.52
689,2024-07-13,40325.0,40325.0,40325.0,40325.0,,-0.88
690,2024-07-15,40893.0,40745.0,41016.0,40745.0,0.04K,1.41
691,2024-07-16,41634.0,40960.0,41668.0,40960.0,0.17K,1.81
692,2024-07-17,41893.0,41665.0,41911.0,41511.0,0.38K,0.62
693,2024-07-18,41355.0,41976.0,42048.0,41324.0,0.39K,-1.28
694,2024-07-19,40954.0,41374.0,41374.0,40871.0,0.10K,-0.97
695,2024-07-20,40550.0,40550.0,40550.0,40550.0,,-0.99
696,2024-07-22,41089.0,41047.0,41107.0,40888.0,0.11K,1.33
697,2024-07-23,41014.0,41057.0,41180.0,40967.0,0.10K,-0.18
698,2024-07-24,40510.0,40965.0,40965.0,40478.0,0.15K,-1.23
699,2024-07-25,40593.0,40612.0,41002.0,40514.0,0.17K,0.2
700,2024-07-26,41235.0,40692.0,41380.0,40692.0,0.13K,1.58
701,2024-07-27,40852.0,40852.0,40852.0,40852.0,,-0.93
702,2024-07-29,41178.0,41300.0,41412.0,41053.0,0.10K,0.8
703,2024-07-30,41368.0,41178.0,41494.0,41107.0,0.09K,0.46
704,2024-07-31,41484.0,41217.0,41800.0,41190.0,0.10K,0.28
705,2024-08-01,40909.0,41567.0,41605.0,40683.0,0.40K,-1.39
706,2024-08-02,40239.0,40772.0,40821.0,39904.0,0.53K,-1.64
707,2024-08-03,39755.0,39755.0,39755.0,39755.0,,-1.2
708,2024-08-05,39185.0,40066.0,40066.0,38900.0,0.55K,-1.43
709,2024-08-06,39492.0,39405.0,39893.0,39148.0,0.33K,0.78
710,2024-08-07,39257.0,39491.0,39938.0,39128.0,0.22K,-0.6
711,2024-08-08,39956.0,39174.0,40008.0,39090.0,0.40K,1.78
712,2024-08-09,39997.0,39969.0,40120.0,39738.0,0.16K,0.1
713,2024-08-12,39836.0,39928.0,40070.0,39748.0,0.13K,-0.4
714,2024-08-13,40252.0,39908.0,40235.0,39783.0,0.14K,1.04
715,2024-08-14,40486.0,40235.0,40556.0,40157.0,0.16K,0.58
716,2024-08-15,41061.0,40525.0,41080.0,40491.0,0.25K,1.42
717,2024-08-16,41175.0,41095.0,41217.0,40951.0,0.16K,0.28
718,2024-08-19,41407.0,41214.0,41433.0,41149.0,0.27K,0.56
719,2024-08-20,41334.0,41400.0,41449.0,41279.0,0.20K,-0.18
720,2024-08-21,41386.0,41341.0,41465.0,41240.0,0.34K,0.13
721,2024-08-22,41213.0,41360.0,41533.0,41080.0,0.41K,-0.42
722,2024-08-23,41652.0,41257.0,41680.0,41257.0,0.35K,1.07
723,2024-08-26,41722.0,41651.0,41900.0,41615.0,0.28K,0.17
724,2024-08-27,41743.0,41659.0,41768.0,41595.0,0.17K,0.05
725,2024-08-28,41566.0,41714.0,41830.0,41322.0,0.48K,-0.42
726,2024-08-29,41831.0,41587.0,42070.0,41550.0,0.76K,0.64
727,2024-08-30,42046.0,41875.0,42065.0,41650.0,0.29K,0.51
728,2024-09-03,41403.0,42015.0,42039.0,41271.0,0.94K,-1.53
729,2024-09-04,41444.0,41362.0,41640.0,41238.0,1.75K,0.1
730,2024-09-05,41217.0,41420.0,41557.0,40982.0,0.84K,-0.55
731,2024-09-06,40792.0,41266.0,41452.0,40674.0,2.38K,-1.03
732,2024-09-09,41271.0,40716.0,41450.0,40716.0,2.48K,1.17
733,2024-09-10,41186.0,41269.0,41367.0,40848.0,3.90K,-0.21
734,2024-09-11,41292.0,41168.0,41329.0,40420.0,5.07K,0.26
735,2024-09-12,41536.0,41257.0,41544.0,41092.0,6.46K,0.59
736,2024-09-13,41825.0,41532.0,41966.0,41518.0,49.11K,0.7
737,2024-09-16,42057.0,41838.0,42184.0,41795.0,126.47K,0.55
738,2024-09-17,42037.0,42041.0,42270.0,41893.0,135.72K,-0.05
739,2024-09-18,41909.0,42050.0,42416.0,41850.0,136.24K,-0.3
740,2024-09-19,42447.0,41951.0,42583.0,41951.0,158.10K,1.28
741,2024-09-20,42443.0,42467.0,42537.0,42249.0,114.93K,-0.01
742,2024-09-23,42501.0,42475.0,42562.0,42321.0,91.63K,0.14
743,2024-09-24,42597.0,42485.0,42656.0,42409.0,113.32K,0.23
744,2024-09-25,42276.0,42563.0,42679.0,42206.0,123.73K,-0.75
745,2024-09-26,42555.0,42276.0,42594.0,42231.0,112.72K,0.66
746,2024-09-27,42656.0,42538.0,43005.0,42489.0,139.04K,0.24
747,2024-09-30,42643.0,42648.0,42715.0,42245.0,135.31K,-0.03
748,2024-10-01,42479.0,42605.0,42656.0,42251.0,164.85K,-0.38
749,2024-10-02,42510.0,42456.0,42581.0,42285.0,116.86K,0.07
750,2024-10-03,42317.0,42549.0,42575.0,42142.0,135.66K,-0.45
751,2024-10-04,42646.0,42280.0,42667.0,42252.0,116.87K,0.78
752,2024-10-07,42245.0,42640.0,42704.0,42117.0,119.73K,-0.94
753,2024-10-08,42375.0,42260.0,42427.0,42091.0,80.03K,0.31
754,2024-10-09,42813.0,42375.0,42864.0,42254.0,106.76K,1.03
755,2024-10-10,42746.0,42805.0,42850.0,42587.0,99.98K,-0.16
756,2024-10-11,43143.0,42752.0,43180.0,42666.0,118.55K,0.93
757,2024-10-14,43363.0,43110.0,43421.0,42986.0,83.23K,0.51
758,2024-10-15,43015.0,43400.0,43445.0,42964.0,138.66K,-0.8
759,2024-10-16,43342.0,43009.0,43369.0,42937.0,89.84K,0.76
760,2024-10-17,43511.0,43341.0,43550.0,43254.0,105.21K,0.39
761,2024-10-18,43518.0,43488.0,43581.0,43286.0,87.06K,0.02
762,2024-10-21,43177.0,43541.0,43578.0,43111.0,112.15K,-0.78
763,2024-10-22,43169.0,43193.0,43284.0,42946.0,110.91K,-0.02
764,2024-10-23,42738.0,42998.0,43065.0,42512.0,130.30K,-1.0
765,2024-10-24,42605.0,42678.0,42747.0,42410.0,105.91K,-0.31
766,2024-10-25,42321.0,42615.0,42811.0,42245.0,110.65K,-0.67
767,2024-10-28,42606.0,42360.0,42690.0,42360.0,104.64K,0.67
768,2024-10-29,42447.0,42643.0,42697.0,42364.0,105.16K,-0.37
769,2024-10-30,42363.0,42522.0,42660.0,42292.0,121.54K,-0.2
770,2024-10-31,41947.0,42332.0,42357.0,41873.0,154.93K,-0.98
771,2024-11-01,42209.0,41971.0,42495.0,41893.0,117.55K,0.62
772,2024-11-04,41956.0,42150.0,42277.0,41791.0,114.20K,-0.6
773,2024-11-05,42381.0,42000.0,42460.0,41917.0,95.86K,1.01
774,2024-11-06,43901.0,42440.0,43965.0,42416.0,184.77K,3.59
775,2024-11-07,43910.0,43958.0,44020.0,43806.0,104.53K,0.02
776,2024-11-08,44141.0,43941.0,44300.0,43854.0,112.83K,0.53
777,2024-11-11,44441.0,44152.0,44625.0,44142.0,100.78K,0.68
778,2024-11-12,44074.0,44438.0,44556.0,44039.0,126.58K,-0.83
779,2024-11-13,44108.0,44071.0,44280.0,43897.0,117.34K,0.08
780,2024-11-14,43901.0,44131.0,44261.0,43816.0,113.56K,-0.47
781,2024-11-15,43568.0,43901.0,43911.0,43478.0,132.27K,-0.76
782,2024-11-18,43540.0,43581.0,43654.0,43398.0,100.13K,-0.06
783,2024-11-19,43400.0,43540.0,43622.0,42991.0,124.81K,-0.32
784,2024-11-20,43516.0,43403.0,43590.0,43181.0,104.01K,0.27
785,2024-11-21,43989.0,43567.0,44146.0,43383.0,137.12K,1.09
786,2024-11-22,44395.0,43989.0,44452.0,43818.0,126.56K,0.92
787,2024-11-25,44826.0,44499.0,44915.0,44490.0,118.68K,0.97
788,2024-11-26,44951.0,44849.0,45002.0,44532.0,120.24K,0.28
789,2024-11-27,44828.0,44975.0,45121.0,44790.0,98.54K,-0.27
790,2024-11-29,45055.0,44846.0,45171.0,44820.0,90.52K,0.51
791,2024-12-02,44905.0,45048.0,45138.0,44820.0,85.54K,-0.33
792,2024-12-03,44808.0,44891.0,44987.0,44680.0,80.74K,-0.22
793,2024-12-04,45106.0,44903.0,45176.0,44871.0,96.58K,0.67
794,2024-12-05,44867.0,45094.0,45154.0,44812.0,82.28K,-0.53
795,2024-12-06,44706.0,44854.0,44984.0,44660.0,75.94K,-0.36
796,2024-12-09,44944.0,45156.0,45270.0,44918.0,1.39K,0.53
797,2024-12-10,44798.0,44926.0,45008.0,44735.0,1.65K,-0.32
798,2024-12-11,44681.0,44845.0,44900.0,44645.0,3.52K,-0.26
799,2024-12-12,44435.0,44648.0,44728.0,44401.0,6.65K,-0.55
800,2024-12-13,44337.0,44447.0,44556.0,44281.0,41.48K,-0.22
801,2024-12-16,44260.0,44316.0,44485.0,44207.0,113.43K,-0.17
802,2024-12-17,43967.0,44228.0,44261.0,43860.0,124.03K,-0.66
803,2024-12-18,42778.0,43959.0,44216.0,42641.0,182.71K,-2.7
804,2024-12-19,42797.0,42876.0,43243.0,42785.0,178.29K,0.04
805,2024-12-20,43316.0,42867.0,43663.0,42496.0,161.90K,1.21
806,2024-12-23,43319.0,43356.0,43480.0,42928.0,96.08K,0.01
807,2024-12-24,43645.0,43352.0,43664.0,43245.0,45.31K,0.75
808,2024-12-26,43702.0,43645.0,43746.0,43430.0,59.57K,0.13
809,2024-12-27,43344.0,43668.0,43710.0,43076.0,107.13K,-0.82
810,2024-12-30,42927.0,43300.0,43381.0,42583.0,126.74K,-0.96
811,2024-12-31,42873.0,42915.0,43100.0,42723.0,97.50K,-0.13
812,2025-01-02,42694.0,42935.0,43246.0,42463.0,136.93K,-0.42
813,2025-01-03,43021.0,42707.0,43077.0,42655.0,82.61K,0.77
814,2025-01-06,42982.0,43024.0,43409.0,42886.0,118.92K,-0.09
815,2025-01-07,42803.0,43028.0,43212.0,42652.0,132.80K,-0.42
816,2025-01-08,42878.0,42786.0,42940.0,42592.0,107.85K,0.18
817,2025-01-09,42822.0,42882.0,42906.0,42725.0,15.86K,-0.13
818,2025-01-10,42160.0,42821.0,42903.0,42089.0,161.20K,-1.55
819,2025-01-13,42523.0,42206.0,42565.0,41967.0,116.45K,0.86
820,2025-01-14,42752.0,42569.0,42825.0,42374.0,112.14K,0.54
821,2025-01-15,43466.0,42810.0,43569.0,42752.0,120.52K,1.67
822,2025-01-16,43372.0,43482.0,43573.0,43285.0,104.18K,-0.22
823,2025-01-17,43695.0,43345.0,43866.0,43318.0,90.44K,0.74
824,2025-01-21,44238.0,43681.0,44277.0,43497.0,121.48K,1.24
825,2025-01-22,44353.0,44246.0,44417.0,44196.0,80.01K,0.26
826,2025-01-23,44749.0,44362.0,44757.0,44310.0,85.19K,0.89
827,2025-01-24,44602.0,44730.0,44773.0,44523.0,72.97K,-0.33
828,2025-01-27,44904.0,44475.0,44931.0,44009.0,162.12K,0.68
829,2025-01-28,45031.0,44905.0,45159.0,44743.0,97.89K,0.28
830,2025-01-29,44890.0,45021.0,45144.0,44748.0,94.26K,-0.31
831,2025-01-30,45055.0,44901.0,45189.0,44779.0,110.11K,0.37
832,2025-01-31,44698.0,45120.0,45227.0,44656.0,130.44K,-0.79
833,2025-02-03,44565.0,44449.0,44814.0,43965.0,165.84K,-0.3
834,2025-02-04,44697.0,44826.0,44826.0,44349.0,97.58K,0.3
835,2025-02-05,45004.0,44660.0,45057.0,44467.0,91.19K,0.69
836,2025-02-06,44863.0,45045.0,45177.0,44659.0,92.67K,-0.31
837,2025-02-07,44421.0,44790.0,44967.0,44384.0,114.00K,-0.99
838,2025-02-10,44580.0,44177.0,44734.0,44100.0,79.52K,0.36
839,2025-02-11,44708.0,44574.0,44749.0,44395.0,76.81K,0.29
840,2025-02-12,44462.0,44699.0,44733.0,44188.0,118.28K,-0.55
841,2025-02-13,44811.0,44512.0,44878.0,44358.0,105.82K,0.78
842,2025-02-14,44635.0,44825.0,44879.0,44590.0,75.02K,-0.39
843,2025-02-18,44643.0,44655.0,44760.0,44409.0,106.94K,0.02
844,2025-02-19,44711.0,44638.0,44723.0,44396.0,94.56K,0.15
845,2025-02-20,44268.0,44655.0,44684.0,44034.0,107.82K,-0.99
846,2025-02-21,43486.0,44264.0,44331.0,43419.0,161.19K,-1.77
847,2025-02-24,43535.0,43527.0,43825.0,43420.0,133.12K,0.11
848,2025-02-25,43690.0,43589.0,43843.0,43345.0,151.61K,0.36
849,2025-02-26,43506.0,43735.0,43932.0,43329.0,149.72K,-0.42
850,2025-02-27,43297.0,43484.0,43949.0,43277.0,206.24K,-0.48
851,2025-02-28,43889.0,43325.0,43933.0,43155.0,177.42K,1.37
852,2025-03-03,43247.0,43919.0,44121.0,42988.0,195.67K,-1.46
853,2025-03-04,42594.0,43356.0,43363.0,42421.0,216.14K,-1.51
854,2025-03-05,43066.0,42881.0,43196.0,42474.0,194.47K,1.11
855,2025-03-06,42616.0,43066.0,43094.0,42423.0,185.56K,-1.04
856,2025-03-07,42838.0,42651.0,42944.0,42208.0,180.65K,0.52
857,2025-03-10,41947.0,42722.0,42722.0,41666.0,186.01K,-2.08
858,2025-03-11,41816.0,42325.0,42471.0,41560.0,3.80K,-0.31
859,2025-03-12,41735.0,41851.0,42357.0,41388.0,4.83K,-0.19
860,2025-03-13,41198.0,41742.0,41826.0,41040.0,7.39K,-1.29
861,2025-03-14,41850.0,41222.0,41905.0,41222.0,42.06K,1.58
862,2025-03-17,42225.0,41852.0,42388.0,41587.0,125.13K,0.9
863,2025-03-18,41938.0,42214.0,42264.0,41769.0,113.79K,-0.68
864,2025-03-19,42330.0,41942.0,42544.0,41866.0,95.45K,0.93
865,2025-03-20,42286.0,42330.0,42604.0,42030.0,99.87K,-0.1
866,2025-03-21,42319.0,42303.0,42342.0,41751.0,100.62K,0.08
867,2025-03-24,42898.0,42426.0,42968.0,42426.0,87.20K,1.37
868,2025-03-25,42906.0,42892.0,43024.0,42765.0,79.91K,0.02
869,2025-03-26,42746.0,42927.0,43148.0,42636.0,99.15K,-0.37
870,2025-03-27,42602.0,42644.0,42873.0,42459.0,105.30K,-0.34
871,2025-03-28,41851.0,42616.0,42666.0,41714.0,118.79K,-1.76
872,2025-03-31,42259.0,41600.0,42423.0,41428.0,133.28K,0.97
873,2025-04-01,42241.0,42219.0,42417.0,41776.0,147.58K,-0.04
874,2025-04-02,42492.0,42231.0,42836.0,41878.0,153.44K,0.59
875,2025-04-03,40776.0,41870.0,41870.0,40655.0,192.47K,-4.04
876,2025-04-04,38530.0,40696.0,40747.0,38303.0,263.20K,-5.51
877,2025-04-07,38165.0,37761.0,39427.0,36708.0,253.48K,-0.95
878,2025-04-08,37862.0,38486.0,39649.0,37296.0,231.38K,-0.79
879,2025-04-09,40836.0,37746.0,41029.0,36882.0,219.47K,7.85
880,2025-04-10,39797.0,40956.0,41140.0,38631.0,256.18K,-2.54
881,2025-04-11,40399.0,39740.0,40613.0,39211.0,192.42K,1.51
882,2025-04-14,40741.0,40665.0,40994.0,40034.0,144.05K,0.85
883,2025-04-15,40575.0,40669.0,41010.0,40524.0,134.25K,-0.41
884,2025-04-16,39853.0,40500.0,40712.0,39584.0,172.68K,-1.78
885,2025-04-17,39329.0,39867.0,40292.0,39130.0,166.01K,-1.31
886,2025-04-21,38328.0,39212.0,39250.0,37998.0,104.85K,-2.55
887,2025-04-22,39357.0,38312.0,39449.0,38246.0,127.74K,2.68
888,2025-04-23,39775.0,39695.0,40559.0,39653.0,136.09K,1.06
889,2025-04-24,40262.0,39775.0,40408.0,39408.0,86.44K,1.22
890,2025-04-25,40254.0,40254.0,40377.0,39860.0,79.61K,-0.02
891,2025-04-28,40368.0,40231.0,40565.0,40012.0,77.48K,0.28
892,2025-04-29,40658.0,40332.0,40775.0,40293.0,83.27K,0.72
893,2025-04-30,40770.0,40710.0,40932.0,39867.0,114.92K,0.28
894,2025-05-01,40855.0,40841.0,41222.0,40734.0,78.63K,0.21
895,2025-05-02,41427.0,40820.0,41506.0,40766.0,80.98K,1.4
896,2025-05-05,41319.0,41405.0,41555.0,41102.0,68.41K,-0.26
897,2025-05-06,40918.0,41319.0,41349.0,40763.0,74.60K,-0.97
898,2025-05-07,41214.0,40814.0,41375.0,40814.0,86.54K,0.72
899,2025-05-08,41468.0,41156.0,41873.0,41113.0,90.44K,0.62
900,2025-05-09,41323.0,41477.0,41623.0,41225.0,68.80K,-0.35
901,2025-05-12,42493.0,41846.0,42563.0,41675.0,89.23K,2.83
902,2025-05-13,42228.0,42525.0,42536.0,42198.0,73.08K,-0.62
903,2025-05-14,42117.0,42245.0,42339.0,42027.0,64.35K,-0.26
904,2025-05-15,42385.0,42090.0,42453.0,41841.0,80.21K,0.64
905,2025-05-16,42736.0,42440.0,42763.0,42331.0,58.93K,0.83
906,2025-05-19,42885.0,42472.0,42941.0,42337.0,74.40K,0.35
907,2025-05-20,42772.0,42885.0,42976.0,42570.0,55.56K,-0.26
908,2025-05-21,41947.0,42742.0,42742.0,41853.0,90.32K,-1.93
909,2025-05-22,41925.0,41856.0,42177.0,41694.0,74.43K,-0.05
910,2025-05-23,41674.0,41986.0,42028.0,41236.0,90.91K,-0.6
911,2025-05-26,42062.0,42062.0,42171.0,41935.0,16.94K,0.93
912,2025-05-27,42410.0,41687.0,42476.0,41651.0,80.61K,0.83
913,2025-05-28,42170.0,42467.0,42515.0,42104.0,59.36K,-0.57
914,2025-05-29,42267.0,42193.0,42778.0,41874.0,88.21K,0.23
915,2025-05-30,42294.0,42243.0,42439.0,41956.0,82.30K,0.06
916,2025-06-02,42374.0,42214.0,42415.0,41903.0,71.15K,0.19
917,2025-06-03,42598.0,42375.0,42637.0,42113.0,59.35K,0.53
918,2025-06-04,42500.0,42572.0,42709.0,42465.0,52.52K,-0.23
919,2025-06-05,42369.0,42471.0,42738.0,42265.0,89.22K,-0.31
920,2025-06-06,42809.0,42369.0,42979.0,42341.0,75.70K,1.04
921,2025-06-09,43130.0,43130.0,43252.0,42951.0,0.39K,0.75
922,2025-06-10,43241.0,43140.0,43294.0,43008.0,0.95K,0.26
923,2025-06-11,43235.0,43205.0,43500.0,43089.0,1.80K,-0.01
924,2025-06-12,43316.0,43175.0,43328.0,42923.0,16.01K,0.19
925,2025-06-13,42523.0,43316.0,43316.0,42404.0,36.49K,-1.83
926,2025-06-16,42864.0,42353.0,43069.0,42223.0,95.81K,0.8
927,2025-06-17,42556.0,42868.0,42907.0,42473.0,100.75K,-0.72
928,2025-06-18,42512.0,42512.0,42860.0,42422.0,93.49K,-0.1
929,2025-06-19,42353.0,42353.0,42504.0,42091.0,27.75K,-0.37
930,2025-06-20,42515.0,42513.0,42759.0,42088.0,110.06K,0.38
931,2025-06-23,42901.0,42262.0,42932.0,42096.0,107.82K,0.91
932,2025-06-24,43424.0,42902.0,43515.0,42896.0,78.64K,1.22
933,2025-06-25,43306.0,43419.0,43468.0,43174.0,60.53K,-0.27
934,2025-06-26,43718.0,43292.0,43752.0,43272.0,62.75K,0.95
935,2025-06-27,44125.0,43761.0,44288.0,43743.0,84.77K,0.93
936,2025-06-30,44389.0,44201.0,44442.0,44185.0,70.25K,0.6
937,2025-07-01,44807.0,44348.0,44916.0,44285.0,87.82K,0.94
938,2025-07-02,44776.0,44809.0,44961.0,44641.0,66.08K,-0.07
939,2025-07-03,45098.0,44785.0,45177.0,44751.0,43.36K,0.72
940,2025-07-04,44847.0,45037.0,45052.0,44791.0,14.69K,-0.56
941,2025-07-07,44677.0,44915.0,45131.0,44428.0,92.93K,-0.38
942,2025-07-08,44512.0,44550.0,44715.0,44471.0,68.38K,-0.37
943,2025-07-09,44719.0,44506.0,44829.0,44422.0,65.74K,0.47
944,2025-07-10,44908.0,44728.0,45043.0,44565.0,57.56K,0.42
945,2025-07-11,44599.0,44871.0,44942.0,44508.0,79.03K,-0.69
946,2025-07-14,44692.0,44452.0,44706.0,44324.0,61.43K,0.21
947,2025-07-15,44247.0,44672.0,44827.0,44182.0,93.55K,-1.0
948,2025-07-16,44459.0,44171.0,44481.0,43973.0,102.19K,0.48
949,2025-07-17,44718.0,44431.0,44774.0,44354.0,78.98K,0.58
950,2025-07-18,44540.0,44735.0,44858.0,44423.0,82.86K,-0.4
951,2025-07-21,44547.0,44537.0,44815.0,44491.0,68.93K,0.02
952,2025-07-22,44711.0,44594.0,44749.0,44423.0,80.54K,0.37
953,2025-07-23,45214.0,44746.0,45234.0,44718.0,96.80K,1.13
954,2025-07-24,44899.0,45111.0,45132.0,44865.0,80.01K,-0.7
955,2025-07-25,45084.0,44935.0,45126.0,44818.0,70.78K,0.41
956,2025-07-28,45012.0,45245.0,45312.0,44911.0,62.84K,-0.16
957,2025-07-29,44816.0,45000.0,45121.0,44735.0,83.47K,-0.44
958,2025-07-30,44633.0,44758.0,44909.0,44418.0,85.11K,-0.41
959,2025-07-31,44305.0,44725.0,44852.0,44208.0,106.83K,-0.73
960,2025-08-01,43710.0,44269.0,44323.0,43464.0,136.73K,-1.34
961,2025-08-04,44303.0,43675.0,44392.0,43633.0,84.46K,1.36
962,2025-08-05,44236.0,44393.0,44432.0,44040.0,89.84K,-0.15
963,2025-08-06,44312.0,44243.0,44482.0,44125.0,71.11K,0.17
964,2025-08-07,44080.0,44298.0,44615.0,43900.0,101.71K,-0.52
965,2025-08-08,44278.0,44113.0,44385.0,44083.0,63.97K,0.45
966,2025-08-11,44084.0,44312.0,44413.0,44005.0,72.04K,-0.44
967,2025-08-12,44558.0,44060.0,44604.0,44026.0,92.72K,1.08
968,2025-08-13,45025.0,44566.0,45070.0,44504.0,82.51K,1.05
969,2025-08-14,44997.0,45025.0,45142.0,44770.0,87.95K,-0.06
970,2025-08-15,45040.0,45120.0,45371.0,44981.0,87.46K,0.1
971,2025-08-18,44986.0,45029.0,45116.0,44897.0,60.97K,-0.12
972,2025-08-19,44999.0,44993.0,45289.0,44834.0,79.74K,0.03
973,2025-08-20,44995.0,45007.0,45122.0,44830.0,97.75K,-0.01
974,2025-08-21,44854.0,45003.0,45029.0,44642.0,79.75K,-0.31
975,2025-08-22,45715.0,44891.0,45841.0,44746.0,123.02K,1.92
976,2025-08-25,45351.0,45721.0,45766.0,45335.0,71.59K,-0.8
977,2025-08-26,45489.0,45392.0,45530.0,45183.0,68.04K,0.3
978,2025-08-27,45642.0,45510.0,45700.0,45446.0,64.39K,0.34
979,2025-08-28,45706.0,45655.0,45801.0,45501.0,74.18K,0.14
980,2025-08-29,45601.0,45656.0,45687.0,45424.0,71.11K,-0.23
981,2025-09-01,45576.0,45576.0,45748.0,45528.0,26.29K,-0.05
982,2025-09-02,45351.0,45685.0,45752.0,45000.0,136.29K,-0.49
983,2025-09-03,45308.0,45323.0,45376.0,45035.0,82.16K,-0.09
984,2025-09-04,45688.0,45249.0,45717.0,45223.0,75.76K,0.84
985,2025-09-05,45459.0,45697.0,45832.0,45258.0,99.10K,-0.5
986,2025-09-08,45904.0,45768.0,45919.0,45669.0,0.92K,0.98
987,2025-09-09,46089.0,45922.0,46135.0,45802.0,1.08K,0.4
988,2025-09-10,45871.0,46010.0,46169.0,45750.0,1.85K,-0.47
989,2025-09-11,46471.0,45873.0,46503.0,45855.0,3.82K,1.31
990,2025-09-12,46189.0,46585.0,46585.0,46165.0,30.97K,-0.61
991,2025-09-15,46262.0,46200.0,46349.0,46134.0,93.46K,0.16
992,2025-09-16,46119.0,46228.0,46332.0,46020.0,95.60K,-0.31
993,2025-09-17,46365.0,46140.0,46637.0,46037.0,117.12K,0.53
994,2025-09-18,46516.0,46407.0,46722.0,46297.0,104.38K,0.33
995,2025-09-19,46651.0,46549.0,46738.0,46398.0,84.97K,0.29
996,2025-09-22,46724.0,46605.0,46784.0,46362.0,68.09K,0.16
997,2025-09-23,46637.0,46702.0,47055.0,46545.0,103.16K,-0.19
998,2025-09-24,46441.0,46670.0,46789.0,46415.0,85.28K,-0.42
999,2025-09-25,46268.0,46490.0,46540.0,46098.0,90.88K,-0.37
1000,2025-09-26,46556.0,46275.0,46668.0,46234.0,100.03K,0.62
1001,2025-09-29,46612.0,46565.0,46787.0,46442.0,70.89K,0.12
1002,2025-09-30,46689.0,46580.0,46717.0,46386.0,84.04K,0.17
1003,2025-10-01,46725.0,46617.0,46817.0,46335.0,88.71K,0.08
1004,2025-10-02,46806.0,46719.0,46872.0,46543.0,80.59K,0.17
1005,2025-10-03,47031.0,46795.0,47323.0,46762.0,100.67K,0.48
1006,2025-10-06,46958.0,47048.0,47162.0,46693.0,92.17K,-0.16
1007,2025-10-07,46852.0,46952.0,47137.0,46700.0,93.72K,-0.23
1008,2025-10-08,46867.0,46876.0,47081.0,46752.0,74.11K,0.03
1009,2025-10-09,46593.0,46880.0,46938.0,46507.0,90.26K,-0.58
1010,2025-10-10,45706.0,46578.0,46883.0,45387.0,157.56K,-1.9
1011,2025-10-13,46298.0,45837.0,46385.0,45837.0,1.12K,1.3
1012,2025-10-14,46500.0,46298.0,46743.0,45663.0,164.90K,0.44
1013,2025-10-15,46492.0,46468.0,46915.0,46236.0,112.87K,-0.02
1014,2025-10-16,46160.0,46532.0,46703.0,45984.0,143.81K,-0.71
1015,2025-10-17,46381.0,46126.0,46518.0,45605.0,149.63K,0.48
1016,2025-10-20,46913.0,46489.0,46962.0,46316.0,75.30K,1.15
1017,2025-10-21,47135.0,46951.0,47334.0,46812.0,90.82K,0.47
1018,2025-10-22,46782.0,47156.0,47202.0,46640.0,106.83K,-0.75
1019,2025-10-23,46922.0,46718.0,46994.0,46600.0,80.73K,0.3
1020,2025-10-24,47396.0,46874.0,47508.0,46874.0,90.16K,1.01
1021,2025-10-27,47712.0,47711.0,47775.0,47547.0,64.97K,0.67
1022,2025-10-28,47895.0,47749.0,48118.0,47685.0,91.13K,0.38
1023,2025-10-29,47797.0,47876.0,48214.0,47616.0,104.79K,-0.2
1024,2025-10-30,47677.0,47733.0,48180.0,47550.0,124.11K,-0.25
1025,2025-10-31,47722.0,47784.0,47862.0,47488.0,100.91K,0.09
1026,2025-11-03,47473.0,47735.0,47869.0,47265.0,,-0.52
1027,2025-11-04,47214.0,47456.0,47463.0,46976.0,111.99K,-0.55
1028,2025-11-05,47436.0,47276.0,47583.0,47073.0,103.00K,0.47
1029,2025-11-06,47028.0,47450.0,47495.0,46894.0,114.59K,-0.86
1030,2025-11-07,47085.0,47100.0,47159.0,46574.0,126.22K,0.12
1031,2025-11-10,47462.0,47208.0,47511.0,47031.0,93.05K,0.8
1032,2025-11-11,48030.0,47455.0,48083.0,47413.0,86.19K,1.2
1033,2025-11-12,48368.0,48039.0,48528.0,48018.0,97.62K,0.7
1034,2025-11-13,47547.0,48385.0,48503.0,47500.0,122.86K,-1.7
1035,2025-11-14,47229.0,47592.0,47644.0,46939.0,141.40K,-0.67
1036,2025-11-17,46665.0,47237.0,47368.0,46503.0,98.07K,-1.19
1037,2025-11-18,46184.0,46714.0,46756.0,45988.0,140.78K,-1.03
1038,2025-11-19,46208.0,46142.0,46375.0,45974.0,101.62K,0.05
1039,2025-11-20,45825.0,46238.0,46936.0,45786.0,160.21K,-0.83
1040,2025-11-21,46321.0,45849.0,46656.0,45779.0,150.77K,1.08
1041,2025-11-24,46514.0,46504.0,46655.0,46165.0,83.18K,0.42
1042,2025-11-25,47179.0,46509.0,47250.0,46401.0,99.41K,1.43
1043,2025-11-26,47490.0,47190.0,47632.0,47171.0,76.02K,0.66
1044,2025-11-27,47558.0,47558.0,47560.0,47442.0,11.38K,0.14
1045,2025-11-28,47743.0,47513.0,47796.0,47442.0,30.06K,0.39
1046,2025-12-01,47352.0,47741.0,47783.0,47319.0,76.16K,-0.82
1047,2025-12-02,47544.0,47358.0,47668.0,47269.0,82.97K,0.41
1048,2025-12-03,47954.0,47543.0,48081.0,47428.0,100.39K,0.86
1049,2025-12-04,47916.0,47994.0,48132.0,47756.0,74.85K,-0.08
1050,2025-12-05,48001.0,47913.0,48184.0,47818.0,76.67K,0.18
1051,2025-12-08,47793.0,48015.0,48061.0,47663.0,72.70K,-0.43
1052,2025-12-09,47613.0,47798.0,48004.0,47576.0,79.03K,-0.38
1053,2025-12-10,48107.0,47608.0,48245.0,47504.0,99.71K,1.04
1054,2025-12-11,49123.0,48521.0,49204.0,48223.0,9.82K,2.11
1055,2025-12-12,48860.0,49246.0,49299.0,48738.0,33.33K,-0.54
1056,2025-12-15,48838.0,48849.0,49134.0,48675.0,93.02K,-0.05
1057,2025-12-16,48479.0,48853.0,48917.0,48313.0,121.02K,-0.74
1058,2025-12-17,48240.0,48456.0,48749.0,48207.0,108.28K,-0.49
1059,2025-12-18,48321.0,48258.0,48728.0,48146.0,107.98K,0.17
1060,2025-12-19,48465.0,48238.0,48634.0,48127.0,70.18K,0.3
1061,2025-12-22,48688.0,48600.0,48787.0,48458.0,71.95K,0.46
1062,2025-12-23,48762.0,48684.0,48854.0,48532.0,52.24K,0.15
1063,2025-12-24,49029.0,48744.0,49084.0,48681.0,26.49K,0.55
1064,2025-12-25,49048.0,49048.0,49086.0,49032.0,0.35K,0.04
1065,2025-12-26,48998.0,49050.0,49086.0,48872.0,34.18K,-0.1
