,date,gold,open,high,low,volume,gold_cr
0,2022-02-01,1800.300048828125,1797.199951171875,1806.0999755859375,1797.0999755859375,223,nan%
1,2022-02-02,1809.199951171875,1797.800048828125,1810.0999755859375,1795.0999755859375,1690,0.49%
2,2022-02-03,1803.0,1805.800048828125,1808.0999755859375,1787.9000244140625,466,-0.34%
3,2022-02-04,1806.5999755859375,1806.0,1813.699951171875,1792.5,571,0.20%
4,2022-02-07,1820.5999755859375,1812.199951171875,1821.300048828125,1809.0999755859375,601,0.77%
5,2022-02-08,1826.5999755859375,1818.9000244140625,1827.5999755859375,1815.0,108,0.33%
6,2022-02-09,1835.199951171875,1825.4000244140625,1835.199951171875,1825.300048828125,683,0.47%
7,2022-02-10,1836.199951171875,1833.300048828125,1842.0999755859375,1820.800048828125,365,0.05%
8,2022-02-11,1840.800048828125,1822.0,1864.800048828125,1822.0,181,0.25%
9,2022-02-14,1868.0,1861.800048828125,1870.5999755859375,1854.5999755859375,79,1.48%
10,2022-02-15,1854.800048828125,1872.5999755859375,1879.699951171875,1847.4000244140625,86,-0.71%
11,2022-02-16,1870.199951171875,1858.699951171875,1870.199951171875,1856.300048828125,34,0.83%
12,2022-02-17,1900.699951171875,1876.300048828125,1900.699951171875,1876.199951171875,393,1.63%
13,2022-02-18,1898.5999755859375,1899.4000244140625,1899.4000244140625,1890.699951171875,51,-0.11%
14,2022-02-22,1906.0999755859375,1908.0999755859375,1912.0,1890.800048828125,173,0.40%
15,2022-02-23,1909.199951171875,1896.5999755859375,1910.5999755859375,1895.699951171875,73,0.16%
16,2022-02-24,1925.0999755859375,1911.9000244140625,1972.5,1911.699951171875,2706,0.83%
17,2022-02-25,1886.5,1906.9000244140625,1920.0,1883.5999755859375,586,-2.01%
18,2022-02-28,1899.4000244140625,1928.300048828125,1928.4000244140625,1894.199951171875,390,0.68%
19,2022-03-01,1942.4000244140625,1908.300048828125,1942.4000244140625,1903.800048828125,547,2.26%
20,2022-03-02,1920.9000244140625,1945.5999755859375,1948.199951171875,1919.800048828125,109,-1.11%
21,2022-03-03,1934.4000244140625,1930.5,1940.300048828125,1924.800048828125,122,0.70%
22,2022-03-04,1965.0999755859375,1937.0,1970.9000244140625,1935.5999755859375,47,1.59%
23,2022-03-07,1993.9000244140625,1989.0,2001.0999755859375,1963.0,2516,1.47%
24,2022-03-08,2040.0999755859375,1999.4000244140625,2072.0,1998.0,1813,2.32%
25,2022-03-09,1985.9000244140625,2053.60009765625,2063.0,1980.800048828125,1022,-2.66%
26,2022-03-10,1998.0999755859375,1978.0999755859375,2010.5,1978.0999755859375,670,0.61%
27,2022-03-11,1982.699951171875,1985.0,1996.0,1959.9000244140625,865,-0.77%
28,2022-03-14,1959.5999755859375,1976.5,1977.699951171875,1959.5999755859375,145,-1.17%
29,2022-03-15,1928.5,1939.800048828125,1939.9000244140625,1910.699951171875,71,-1.59%
30,2022-03-16,1908.0,1922.4000244140625,1922.4000244140625,1907.199951171875,104,-1.06%
31,2022-03-17,1942.0999755859375,1933.9000244140625,1947.199951171875,1933.9000244140625,39,1.79%
32,2022-03-18,1928.199951171875,1934.5,1939.300048828125,1928.199951171875,28,-0.72%
33,2022-03-21,1928.5999755859375,1925.4000244140625,1928.5999755859375,1925.0,5,0.02%
34,2022-03-22,1920.699951171875,1920.699951171875,1920.699951171875,1920.699951171875,26,-0.41%
35,2022-03-23,1936.5999755859375,1936.5999755859375,1936.5999755859375,1936.5999755859375,204,0.83%
36,2022-03-24,1961.5999755859375,1963.5999755859375,1964.0,1961.5999755859375,8,1.29%
37,2022-03-25,1953.800048828125,1953.800048828125,1953.800048828125,1953.800048828125,83,-0.40%
38,2022-03-28,1939.5999755859375,1932.5999755859375,1939.5999755859375,1932.5999755859375,7,-0.73%
39,2022-03-29,1912.0,1893.5,1912.0,1893.5,128051,-1.42%
40,2022-03-30,1933.5,1918.4000244140625,1937.0,1914.5,17765,1.12%
41,2022-03-31,1949.199951171875,1933.5,1949.9000244140625,1919.0999755859375,3617,0.81%
42,2022-04-01,1919.0999755859375,1935.0,1938.0,1917.0,1016,-1.54%
43,2022-04-04,1929.199951171875,1921.199951171875,1936.0999755859375,1915.5999755859375,371,0.53%
44,2022-04-05,1922.9000244140625,1927.0999755859375,1943.5,1918.4000244140625,412,-0.33%
45,2022-04-06,1918.4000244140625,1916.699951171875,1931.800048828125,1916.699951171875,138,-0.23%
46,2022-04-07,1933.800048828125,1919.5,1934.800048828125,1919.5,311,0.80%
47,2022-04-08,1941.5999755859375,1928.800048828125,1947.699951171875,1928.800048828125,153,0.40%
48,2022-04-11,1944.300048828125,1946.5999755859375,1968.4000244140625,1941.800048828125,163,0.14%
49,2022-04-12,1972.0999755859375,1952.5,1977.0999755859375,1950.5999755859375,246,1.43%
50,2022-04-13,1981.0,1969.5,1981.0,1969.5,204,0.45%
51,2022-04-14,1970.9000244140625,1977.199951171875,1978.699951171875,1963.0,101,-0.51%
52,2022-04-18,1982.9000244140625,1973.4000244140625,1997.0999755859375,1972.800048828125,196,0.61%
53,2022-04-19,1955.699951171875,1973.800048828125,1978.300048828125,1945.699951171875,130,-1.37%
54,2022-04-20,1952.300048828125,1945.5,1953.5999755859375,1945.5,621,-0.17%
55,2022-04-21,1944.9000244140625,1942.5,1944.9000244140625,1942.5,4,-0.38%
56,2022-04-22,1931.0,1949.5999755859375,1950.4000244140625,1930.199951171875,178,-0.71%
57,2022-04-25,1893.199951171875,1925.0,1925.0,1889.300048828125,748,-1.96%
58,2022-04-26,1901.4000244140625,1900.5,1909.0999755859375,1894.0,302,0.43%
59,2022-04-27,1885.9000244140625,1897.800048828125,1900.5999755859375,1882.199951171875,1786,-0.82%
60,2022-04-28,1888.699951171875,1883.800048828125,1893.0,1872.9000244140625,513,0.15%
61,2022-04-29,1909.300048828125,1902.699951171875,1918.199951171875,1902.4000244140625,132,1.09%
62,2022-05-02,1861.800048828125,1896.699951171875,1896.800048828125,1853.0,385,-2.49%
63,2022-05-03,1868.800048828125,1868.800048828125,1868.800048828125,1868.800048828125,466,0.38%
64,2022-05-04,1867.0,1867.0,1867.0,1867.0,1,-0.10%
65,2022-05-05,1874.0,1897.0,1904.300048828125,1874.0,80,0.37%
66,2022-05-06,1881.199951171875,1874.699951171875,1890.300048828125,1871.5,214,0.38%
67,2022-05-09,1857.0999755859375,1866.5999755859375,1867.5,1854.0,304,-1.28%
68,2022-05-10,1839.9000244140625,1839.9000244140625,1839.9000244140625,1839.9000244140625,1540,-0.93%
69,2022-05-11,1852.5999755859375,1841.5,1852.5999755859375,1841.0,892,0.69%
70,2022-05-12,1823.800048828125,1849.800048828125,1851.9000244140625,1822.199951171875,153,-1.55%
71,2022-05-13,1807.4000244140625,1825.0,1825.0,1807.4000244140625,335,-0.90%
72,2022-05-16,1813.5,1790.5,1813.5,1787.0,34,0.34%
73,2022-05-17,1818.199951171875,1824.9000244140625,1828.5999755859375,1816.699951171875,121,0.26%
74,2022-05-18,1815.9000244140625,1815.0,1819.699951171875,1805.0,311,-0.13%
75,2022-05-19,1841.199951171875,1810.9000244140625,1841.199951171875,1810.699951171875,138,1.39%
76,2022-05-20,1841.800048828125,1839.0999755859375,1841.800048828125,1836.300048828125,110,0.03%
77,2022-05-23,1847.800048828125,1846.300048828125,1863.0,1845.800048828125,216,0.33%
78,2022-05-24,1865.0999755859375,1852.5,1867.0,1852.5,33,0.94%
79,2022-05-25,1846.199951171875,1846.199951171875,1846.199951171875,1846.199951171875,0,-1.01%
80,2022-05-26,1847.4000244140625,1840.4000244140625,1847.4000244140625,1840.4000244140625,123355,0.07%
81,2022-05-27,1851.300048828125,1848.300048828125,1860.699951171875,1845.9000244140625,30091,0.21%
82,2022-05-31,1842.699951171875,1850.300048828125,1862.0999755859375,1832.800048828125,4073,-0.46%
83,2022-06-01,1843.300048828125,1831.0,1847.9000244140625,1825.300048828125,1623,0.03%
84,2022-06-02,1866.5,1845.4000244140625,1868.699951171875,1842.0999755859375,551,1.26%
85,2022-06-03,1845.4000244140625,1867.5999755859375,1871.800048828125,1845.4000244140625,53,-1.13%
86,2022-06-06,1839.199951171875,1849.0,1854.0999755859375,1839.199951171875,142,-0.34%
87,2022-06-07,1847.5,1836.9000244140625,1851.5999755859375,1835.0,1168,0.45%
88,2022-06-08,1851.9000244140625,1844.800048828125,1855.0,1844.4000244140625,218,0.24%
89,2022-06-09,1848.800048828125,1846.0999755859375,1850.0999755859375,1837.9000244140625,159,-0.17%
90,2022-06-10,1871.5,1842.699951171875,1875.5999755859375,1823.9000244140625,1490,1.23%
91,2022-06-13,1828.0,1873.800048828125,1873.800048828125,1818.699951171875,127,-2.32%
92,2022-06-14,1809.5,1825.0,1825.5,1805.300048828125,536,-1.01%
93,2022-06-15,1815.300048828125,1814.0999755859375,1839.0,1810.800048828125,108,0.32%
94,2022-06-16,1845.699951171875,1819.199951171875,1850.5999755859375,1814.9000244140625,136,1.67%
95,2022-06-17,1835.5999755859375,1853.699951171875,1853.699951171875,1833.5999755859375,170,-0.55%
96,2022-06-21,1834.5999755859375,1835.300048828125,1838.5999755859375,1830.0999755859375,216,-0.05%
97,2022-06-22,1834.300048828125,1829.5,1842.699951171875,1821.5999755859375,115,-0.02%
98,2022-06-23,1825.699951171875,1835.5,1841.199951171875,1825.699951171875,9,-0.47%
99,2022-06-24,1826.5,1820.5,1826.5,1815.800048828125,61,0.04%
100,2022-06-27,1820.9000244140625,1830.5,1830.699951171875,1819.9000244140625,77,-0.31%
101,2022-06-28,1817.5,1824.199951171875,1826.0,1817.5,391,-0.19%
102,2022-06-29,1813.699951171875,1818.300048828125,1830.300048828125,1812.800048828125,173,-0.21%
103,2022-06-30,1804.0999755859375,1809.5999755859375,1817.300048828125,1801.0,328,-0.53%
104,2022-07-01,1798.9000244140625,1795.5,1806.0999755859375,1791.5999755859375,77,-0.29%
105,2022-07-05,1761.800048828125,1805.4000244140625,1805.4000244140625,1761.800048828125,64,-2.06%
106,2022-07-06,1734.9000244140625,1762.5,1768.0,1734.0,1729,-1.53%
107,2022-07-07,1737.9000244140625,1745.199951171875,1745.199951171875,1737.0,1869,0.17%
108,2022-07-08,1740.5999755859375,1738.0999755859375,1749.300048828125,1732.0999755859375,370,0.16%
109,2022-07-11,1730.0,1732.5,1736.699951171875,1730.0,75,-0.61%
110,2022-07-12,1723.300048828125,1734.199951171875,1735.5,1723.300048828125,451,-0.39%
111,2022-07-13,1734.199951171875,1710.0,1734.199951171875,1710.0,368,0.63%
112,2022-07-14,1704.5,1710.300048828125,1710.5,1704.5,1289,-1.71%
113,2022-07-15,1702.4000244140625,1705.4000244140625,1709.699951171875,1701.0999755859375,721,-0.12%
114,2022-07-18,1709.199951171875,1712.199951171875,1712.4000244140625,1709.199951171875,264,0.40%
115,2022-07-19,1710.0,1712.300048828125,1714.4000244140625,1706.0999755859375,1684,0.05%
116,2022-07-20,1699.5,1707.0999755859375,1708.5,1699.5,130,-0.61%
117,2022-07-21,1712.699951171875,1687.0,1715.5,1679.800048828125,183,0.78%
118,2022-07-22,1727.0999755859375,1713.300048828125,1735.0,1713.0,61,0.84%
119,2022-07-25,1719.0,1727.0,1732.0,1719.0,67,-0.47%
120,2022-07-26,1717.699951171875,1718.0,1718.0,1717.699951171875,1,-0.08%
121,2022-07-27,1719.0999755859375,1719.0999755859375,1719.0999755859375,1719.0999755859375,144865,0.08%
122,2022-07-28,1750.300048828125,1732.300048828125,1755.0,1732.0,37236,1.81%
123,2022-07-29,1762.9000244140625,1754.0,1765.699951171875,1750.0,3485,0.72%
124,2022-08-01,1769.0,1763.9000244140625,1772.5,1756.0999755859375,705,0.35%
125,2022-08-02,1771.0999755859375,1772.0999755859375,1786.5999755859375,1759.4000244140625,1078,0.12%
126,2022-08-03,1758.0,1756.699951171875,1770.5,1753.0,399,-0.74%
127,2022-08-04,1788.5,1769.4000244140625,1792.0999755859375,1767.699951171875,285,1.73%
128,2022-08-05,1772.9000244140625,1791.199951171875,1791.4000244140625,1764.199951171875,645,-0.87%
129,2022-08-08,1786.800048828125,1771.800048828125,1786.800048828125,1771.800048828125,127,0.78%
130,2022-08-09,1794.0,1790.0,1796.0999755859375,1789.0,249,0.40%
131,2022-08-10,1795.5999755859375,1804.4000244140625,1804.9000244140625,1787.800048828125,601,0.09%
132,2022-08-11,1789.699951171875,1794.300048828125,1794.300048828125,1785.699951171875,1235,-0.33%
133,2022-08-12,1798.5999755859375,1786.300048828125,1800.4000244140625,1784.300048828125,187,0.50%
134,2022-08-15,1781.4000244140625,1799.0,1799.0,1774.699951171875,64,-0.96%
135,2022-08-16,1773.199951171875,1777.4000244140625,1777.4000244140625,1771.4000244140625,308,-0.46%
136,2022-08-17,1760.300048828125,1769.699951171875,1769.699951171875,1760.0,23,-0.73%
137,2022-08-18,1755.300048828125,1762.9000244140625,1762.9000244140625,1753.4000244140625,321,-0.28%
138,2022-08-19,1747.5999755859375,1753.699951171875,1754.300048828125,1747.5,49,-0.44%
139,2022-08-22,1734.0,1740.5,1740.5,1726.5,347,-0.78%
140,2022-08-23,1746.800048828125,1738.0,1748.9000244140625,1731.9000244140625,509,0.74%
141,2022-08-24,1747.800048828125,1745.0,1751.800048828125,1743.5999755859375,187,0.06%
142,2022-08-25,1757.699951171875,1761.5999755859375,1761.800048828125,1755.0,172,0.57%
143,2022-08-26,1736.0999755859375,1754.0,1755.0,1736.0999755859375,202,-1.23%
144,2022-08-29,1736.5999755859375,1732.4000244140625,1741.199951171875,1732.0999755859375,950,0.03%
145,2022-08-30,1723.199951171875,1736.4000244140625,1739.0,1720.699951171875,385,-0.77%
146,2022-08-31,1712.800048828125,1718.300048828125,1720.9000244140625,1708.5,2133,-0.60%
147,2022-09-01,1696.5999755859375,1707.9000244140625,1707.9000244140625,1693.9000244140625,683,-0.95%
148,2022-09-02,1709.800048828125,1703.4000244140625,1715.699951171875,1703.0999755859375,182,0.78%
149,2022-09-06,1700.4000244140625,1709.699951171875,1717.4000244140625,1699.699951171875,697,-0.55%
150,2022-09-07,1715.300048828125,1694.800048828125,1715.300048828125,1694.699951171875,651,0.88%
151,2022-09-08,1708.0,1718.199951171875,1718.199951171875,1705.300048828125,1193,-0.43%
152,2022-09-09,1716.199951171875,1719.199951171875,1720.0,1712.800048828125,635,0.48%
153,2022-09-12,1728.0999755859375,1727.4000244140625,1728.0999755859375,1727.4000244140625,68,0.69%
154,2022-09-13,1705.0,1720.5,1720.5,1697.300048828125,432,-1.34%
155,2022-09-14,1696.5,1698.699951171875,1701.800048828125,1696.5,532,-0.50%
156,2022-09-15,1665.4000244140625,1685.5,1686.0,1662.300048828125,1125,-1.83%
157,2022-09-16,1671.699951171875,1660.4000244140625,1674.9000244140625,1651.699951171875,464,0.38%
158,2022-09-19,1666.199951171875,1661.800048828125,1669.4000244140625,1658.5,580,-0.33%
159,2022-09-20,1659.699951171875,1659.699951171875,1659.699951171875,1659.699951171875,2830,-0.39%
160,2022-09-21,1664.5999755859375,1665.5,1680.0999755859375,1664.5999755859375,2337,0.30%
161,2022-09-22,1670.800048828125,1668.300048828125,1670.800048828125,1668.300048828125,973,0.37%
162,2022-09-23,1645.300048828125,1667.0,1667.0,1645.300048828125,1224,-1.53%
163,2022-09-26,1623.300048828125,1623.300048828125,1623.300048828125,1623.300048828125,1205,-1.34%
164,2022-09-27,1626.699951171875,1632.199951171875,1636.5999755859375,1626.699951171875,888,0.21%
165,2022-09-28,1660.4000244140625,1620.4000244140625,1660.4000244140625,1620.4000244140625,18311,2.07%
166,2022-09-29,1658.5,1657.0,1662.5999755859375,1640.0,6028,-0.11%
167,2022-09-30,1662.4000244140625,1661.699951171875,1672.699951171875,1658.0,548,0.24%
168,2022-10-03,1692.9000244140625,1667.199951171875,1700.0,1661.9000244140625,410,1.83%
169,2022-10-04,1721.0999755859375,1701.199951171875,1728.0,1696.0,291,1.67%
170,2022-10-05,1711.4000244140625,1724.0999755859375,1726.5999755859375,1703.0,418,-0.56%
171,2022-10-06,1711.699951171875,1721.0,1723.300048828125,1709.0999755859375,133,0.02%
172,2022-10-07,1700.5,1710.0999755859375,1710.0999755859375,1693.699951171875,179,-0.65%
173,2022-10-10,1667.300048828125,1693.4000244140625,1693.4000244140625,1667.0,195,-1.95%
174,2022-10-11,1678.699951171875,1661.800048828125,1678.699951171875,1661.0,167,0.68%
175,2022-10-12,1670.300048828125,1668.0,1672.699951171875,1668.0,149,-0.50%
176,2022-10-13,1670.0,1675.199951171875,1675.300048828125,1641.5,729,-0.02%
177,2022-10-14,1641.699951171875,1665.300048828125,1667.0,1640.0,82,-1.69%
178,2022-10-17,1657.0,1650.199951171875,1657.0,1646.800048828125,238,0.93%
179,2022-10-18,1649.0,1651.4000244140625,1655.199951171875,1649.0,597,-0.48%
180,2022-10-19,1627.5,1637.5,1637.5,1627.5,84,-1.30%
181,2022-10-20,1630.800048828125,1622.800048828125,1641.4000244140625,1622.800048828125,477,0.20%
182,2022-10-21,1651.0,1634.0999755859375,1653.9000244140625,1634.0999755859375,224,1.24%
183,2022-10-24,1648.699951171875,1662.699951171875,1662.699951171875,1648.699951171875,29,-0.14%
184,2022-10-25,1652.800048828125,1648.199951171875,1652.800048828125,1637.300048828125,880,0.25%
185,2022-10-26,1664.0,1649.800048828125,1667.0,1649.800048828125,89,0.68%
186,2022-10-27,1660.699951171875,1660.699951171875,1660.699951171875,1660.699951171875,2298,-0.20%
187,2022-10-28,1639.5999755859375,1661.0,1661.0,1638.699951171875,626,-1.27%
188,2022-10-31,1635.9000244140625,1641.800048828125,1641.800048828125,1633.4000244140625,522,-0.23%
189,2022-11-01,1645.0,1630.800048828125,1653.699951171875,1630.800048828125,985,0.56%
190,2022-11-02,1645.699951171875,1650.800048828125,1664.699951171875,1634.0,612,0.04%
191,2022-11-03,1627.300048828125,1629.199951171875,1629.199951171875,1615.0999755859375,1427,-1.12%
192,2022-11-04,1672.5,1630.199951171875,1674.5,1629.0,159,2.78%
193,2022-11-07,1676.5,1676.9000244140625,1677.9000244140625,1672.9000244140625,42,0.24%
194,2022-11-08,1712.0999755859375,1703.199951171875,1712.0999755859375,1703.199951171875,23,2.12%
195,2022-11-09,1710.0999755859375,1707.4000244140625,1720.199951171875,1706.0,497,-0.12%
196,2022-11-10,1750.300048828125,1708.199951171875,1750.300048828125,1708.199951171875,325,2.35%
197,2022-11-11,1766.0,1763.800048828125,1766.0,1757.5999755859375,257,0.90%
198,2022-11-14,1773.5999755859375,1762.0,1773.5999755859375,1761.5999755859375,358,0.43%
199,2022-11-15,1773.800048828125,1770.800048828125,1773.800048828125,1769.9000244140625,57,0.01%
200,2022-11-16,1773.0,1776.5999755859375,1778.9000244140625,1773.0,303,-0.05%
201,2022-11-17,1760.800048828125,1763.0,1763.0,1756.0,18,-0.69%
202,2022-11-18,1751.9000244140625,1763.300048828125,1763.300048828125,1747.5999755859375,414,-0.51%
203,2022-11-21,1737.4000244140625,1739.0,1744.9000244140625,1736.0999755859375,544,-0.83%
204,2022-11-22,1738.300048828125,1741.699951171875,1741.699951171875,1738.300048828125,15,0.05%
205,2022-11-23,1744.9000244140625,1736.5,1750.9000244140625,1736.5,39,0.38%
206,2022-11-25,1753.300048828125,1753.0,1757.9000244140625,1749.199951171875,216,0.48%
207,2022-11-28,1740.0999755859375,1741.300048828125,1741.300048828125,1740.0999755859375,132767,-0.75%
208,2022-11-29,1748.4000244140625,1739.5,1758.199951171875,1737.9000244140625,19416,0.48%
209,2022-11-30,1746.0,1748.0999755859375,1769.4000244140625,1745.0999755859375,3339,-0.14%
210,2022-12-01,1801.0999755859375,1768.699951171875,1803.699951171875,1768.699951171875,1053,3.16%
211,2022-12-02,1795.9000244140625,1802.0,1802.300048828125,1779.4000244140625,1725,-0.29%
212,2022-12-05,1767.4000244140625,1795.699951171875,1808.0,1764.300048828125,1713,-1.59%
213,2022-12-06,1769.300048828125,1768.5999755859375,1779.4000244140625,1767.9000244140625,105,0.11%
214,2022-12-07,1785.5,1769.300048828125,1790.300048828125,1769.300048828125,422,0.92%
215,2022-12-08,1788.699951171875,1782.0,1790.9000244140625,1782.0,713,0.18%
216,2022-12-09,1798.0999755859375,1794.9000244140625,1804.300048828125,1791.0999755859375,125,0.53%
217,2022-12-12,1780.5,1787.300048828125,1793.9000244140625,1777.699951171875,85,-0.98%
218,2022-12-13,1813.9000244140625,1780.699951171875,1819.800048828125,1780.5,205,1.88%
219,2022-12-14,1807.5,1810.800048828125,1812.800048828125,1797.9000244140625,1074,-0.35%
220,2022-12-15,1777.199951171875,1801.0,1801.0,1774.800048828125,421,-1.68%
221,2022-12-16,1790.0,1777.9000244140625,1791.4000244140625,1777.9000244140625,206,0.72%
222,2022-12-19,1787.699951171875,1791.5999755859375,1796.300048828125,1785.5999755859375,79,-0.13%
223,2022-12-20,1815.9000244140625,1786.5,1821.4000244140625,1786.5,51,1.58%
224,2022-12-21,1815.9000244140625,1817.4000244140625,1821.4000244140625,1814.4000244140625,35,0.00%
225,2022-12-22,1787.0,1818.0999755859375,1818.0999755859375,1785.0,411,-1.59%
226,2022-12-23,1795.9000244140625,1794.300048828125,1802.800048828125,1794.0999755859375,49,0.50%
227,2022-12-27,1814.800048828125,1803.4000244140625,1826.300048828125,1803.4000244140625,69,1.05%
228,2022-12-28,1807.9000244140625,1803.199951171875,1807.9000244140625,1803.0999755859375,434,-0.38%
229,2022-12-29,1819.5,1805.800048828125,1819.5,1805.800048828125,277,0.64%
230,2022-12-30,1819.699951171875,1817.0,1822.300048828125,1816.800048828125,95,0.01%
231,2023-01-03,1839.699951171875,1836.199951171875,1839.699951171875,1836.199951171875,29,1.10%
232,2023-01-04,1852.800048828125,1845.5999755859375,1859.0999755859375,1845.5999755859375,25,0.71%
233,2023-01-05,1834.800048828125,1855.199951171875,1855.199951171875,1834.800048828125,24,-0.97%
234,2023-01-06,1864.199951171875,1838.4000244140625,1868.199951171875,1835.300048828125,26,1.60%
235,2023-01-09,1872.699951171875,1867.0,1880.0,1867.0,62,0.46%
236,2023-01-10,1871.5999755859375,1877.800048828125,1878.0999755859375,1871.5999755859375,101,-0.06%
237,2023-01-11,1874.5999755859375,1873.0999755859375,1877.800048828125,1873.0999755859375,1236,0.16%
238,2023-01-12,1895.5,1877.199951171875,1897.4000244140625,1877.199951171875,59,1.11%
239,2023-01-13,1918.4000244140625,1899.0,1920.9000244140625,1898.300048828125,512,1.21%
240,2023-01-17,1907.199951171875,1920.0999755859375,1920.0999755859375,1905.199951171875,706,-0.58%
241,2023-01-18,1904.4000244140625,1911.0999755859375,1911.0999755859375,1903.0999755859375,1027,-0.15%
242,2023-01-19,1922.0999755859375,1922.0999755859375,1931.800048828125,1922.0999755859375,371,0.93%
243,2023-01-20,1926.4000244140625,1922.0999755859375,1928.5,1921.4000244140625,1346,0.22%
244,2023-01-23,1927.0999755859375,1926.5,1927.0999755859375,1915.0,218,0.04%
245,2023-01-24,1933.9000244140625,1931.800048828125,1936.800048828125,1931.800048828125,201,0.35%
246,2023-01-25,1941.199951171875,1941.199951171875,1941.199951171875,1939.800048828125,7,0.38%
247,2023-01-26,1929.0999755859375,1936.5999755859375,1937.0999755859375,1927.0999755859375,131,-0.62%
248,2023-01-27,1928.5999755859375,1928.5999755859375,1928.5999755859375,1928.5999755859375,150902,-0.03%
249,2023-01-30,1922.9000244140625,1928.300048828125,1933.5999755859375,1920.300048828125,27220,-0.30%
250,2023-01-31,1929.5,1923.0,1930.4000244140625,1900.5999755859375,1910,0.34%
251,2023-02-01,1927.800048828125,1927.199951171875,1955.0,1922.0,2290,-0.09%
252,2023-02-02,1916.300048828125,1952.300048828125,1959.0999755859375,1911.300048828125,748,-0.60%
253,2023-02-03,1862.9000244140625,1912.4000244140625,1917.0,1861.5,992,-2.79%
254,2023-02-06,1866.199951171875,1865.5999755859375,1880.0,1863.4000244140625,424,0.18%
255,2023-02-07,1871.699951171875,1870.0,1875.699951171875,1868.0,297,0.29%
256,2023-02-08,1877.4000244140625,1872.0999755859375,1880.4000244140625,1872.0999755859375,230,0.30%
257,2023-02-09,1866.199951171875,1875.300048828125,1884.5999755859375,1859.800048828125,223,-0.60%
258,2023-02-10,1862.800048828125,1861.5999755859375,1863.5,1852.4000244140625,27,-0.18%
259,2023-02-13,1851.9000244140625,1859.0,1861.0,1850.0,569,-0.59%
260,2023-02-14,1854.0,1854.0999755859375,1862.0,1846.199951171875,656,0.11%
261,2023-02-15,1834.199951171875,1842.0,1842.0,1828.199951171875,368,-1.07%
262,2023-02-16,1842.0,1838.5999755859375,1843.699951171875,1827.199951171875,222,0.43%
263,2023-02-17,1840.4000244140625,1827.4000244140625,1842.199951171875,1818.4000244140625,35,-0.09%
264,2023-02-21,1833.0,1842.5999755859375,1843.0,1833.0,862,-0.40%
265,2023-02-22,1832.0,1835.699951171875,1836.199951171875,1825.0999755859375,278,-0.05%
266,2023-02-23,1818.0,1826.4000244140625,1827.5,1818.0,291,-0.76%
267,2023-02-24,1808.800048828125,1808.800048828125,1808.800048828125,1808.800048828125,404,-0.51%
268,2023-02-27,1817.0,1811.5999755859375,1817.5,1808.9000244140625,829,0.45%
269,2023-02-28,1828.9000244140625,1808.0999755859375,1830.0,1808.0999755859375,618,0.65%
270,2023-03-01,1837.699951171875,1827.0999755859375,1841.699951171875,1827.0999755859375,211,0.48%
271,2023-03-02,1833.5,1830.0,1836.300048828125,1830.0,154,-0.23%
272,2023-03-03,1847.699951171875,1837.300048828125,1855.4000244140625,1837.300048828125,61,0.77%
273,2023-03-06,1847.9000244140625,1853.300048828125,1853.800048828125,1844.199951171875,5,0.01%
274,2023-03-07,1813.9000244140625,1840.9000244140625,1840.9000244140625,1813.9000244140625,450,-1.84%
275,2023-03-08,1812.699951171875,1811.5999755859375,1812.9000244140625,1811.5,75,-0.07%
276,2023-03-09,1829.300048828125,1816.4000244140625,1829.300048828125,1815.5999755859375,332,0.92%
277,2023-03-10,1862.0,1852.300048828125,1868.5,1852.0,248,1.79%
278,2023-03-13,1911.699951171875,1890.800048828125,1913.0999755859375,1875.0999755859375,503,2.67%
279,2023-03-14,1906.199951171875,1912.199951171875,1912.199951171875,1901.0999755859375,107,-0.29%
280,2023-03-15,1926.5999755859375,1903.9000244140625,1926.5999755859375,1898.5,564,1.07%
281,2023-03-16,1919.0,1909.9000244140625,1931.699951171875,1909.9000244140625,394,-0.39%
282,2023-03-17,1969.800048828125,1946.0,1985.0999755859375,1946.0,82,2.65%
283,2023-03-20,1979.199951171875,1988.300048828125,2003.9000244140625,1968.9000244140625,389,0.48%
284,2023-03-21,1938.0,1973.800048828125,1973.800048828125,1938.0,47,-2.08%
285,2023-03-22,1946.800048828125,1946.800048828125,1974.0,1946.800048828125,50,0.45%
286,2023-03-23,1993.800048828125,1990.5,1994.5999755859375,1990.5,33,2.41%
287,2023-03-24,1982.0999755859375,1991.699951171875,1995.4000244140625,1982.0999755859375,19,-0.59%
288,2023-03-27,1952.4000244140625,1957.199951171875,1957.199951171875,1952.4000244140625,877,-1.50%
289,2023-03-28,1972.4000244140625,1972.4000244140625,1972.4000244140625,1972.4000244140625,21,1.02%
290,2023-03-29,1966.0999755859375,1966.0999755859375,1966.0999755859375,1966.0999755859375,88563,-0.32%
291,2023-03-30,1980.300048828125,1965.9000244140625,1984.4000244140625,1954.9000244140625,10119,0.72%
292,2023-03-31,1969.0,1981.300048828125,1986.800048828125,1968.0,957,-0.57%
293,2023-04-03,1983.9000244140625,1968.0999755859375,1991.699951171875,1950.0,737,0.76%
294,2023-04-04,2022.199951171875,1984.5999755859375,2027.0999755859375,1979.0,811,1.93%
295,2023-04-05,2020.9000244140625,2022.0999755859375,2033.800048828125,2013.5999755859375,525,-0.06%
296,2023-04-06,2011.9000244140625,2022.199951171875,2023.300048828125,2005.0,0,-0.45%
297,2023-04-10,1989.0999755859375,2000.0,2006.5999755859375,1984.0,652,-1.13%
298,2023-04-11,2004.800048828125,1991.4000244140625,2006.5,1991.4000244140625,68,0.79%
299,2023-04-12,2010.9000244140625,2005.199951171875,2025.699951171875,2005.199951171875,172,0.30%
300,2023-04-13,2041.300048828125,2015.5999755859375,2048.60009765625,2015.5999755859375,1043,1.51%
301,2023-04-14,2002.199951171875,2041.0,2047.800048828125,1995.0,718,-1.92%
302,2023-04-17,1994.199951171875,2002.699951171875,2007.5999755859375,1983.199951171875,554,-0.40%
303,2023-04-18,2007.4000244140625,1996.9000244140625,2007.4000244140625,1996.9000244140625,72,0.66%
304,2023-04-19,1995.199951171875,2005.699951171875,2006.4000244140625,1969.800048828125,61,-0.61%
305,2023-04-20,2007.5999755859375,1998.0,2007.5999755859375,1998.0,164,0.62%
306,2023-04-21,1979.5,1996.199951171875,1996.199951171875,1974.0999755859375,132,-1.40%
307,2023-04-24,1989.0999755859375,1981.300048828125,1989.800048828125,1977.4000244140625,145,0.48%
308,2023-04-25,1994.0,1995.699951171875,1999.0999755859375,1982.300048828125,306,0.25%
309,2023-04-26,1985.699951171875,1997.800048828125,1998.800048828125,1985.5999755859375,615,-0.42%
310,2023-04-27,1989.9000244140625,1990.5999755859375,2002.300048828125,1979.9000244140625,355,0.21%
311,2023-04-28,1990.0999755859375,1986.9000244140625,1990.0999755859375,1977.699951171875,152,0.01%
312,2023-05-01,1983.4000244140625,1980.0999755859375,2005.0,1976.9000244140625,210,-0.34%
313,2023-05-02,2014.300048828125,1994.699951171875,2018.0,1994.699951171875,1896,1.56%
314,2023-05-03,2028.5999755859375,2017.0999755859375,2035.0999755859375,2015.199951171875,1349,0.71%
315,2023-05-04,2048.0,2045.0,2072.0,2040.0,930,0.96%
316,2023-05-05,2017.4000244140625,2046.4000244140625,2046.4000244140625,2004.300048828125,59,-1.49%
317,2023-05-08,2026.300048828125,2022.5,2026.300048828125,2022.5,3,0.44%
318,2023-05-09,2036.199951171875,2026.5999755859375,2037.300048828125,2025.9000244140625,241,0.49%
319,2023-05-10,2030.5,2032.300048828125,2044.300048828125,2029.5,248,-0.28%
320,2023-05-11,2014.699951171875,2034.0999755859375,2038.300048828125,2014.0,90,-0.78%
321,2023-05-12,2014.5,2014.5,2014.5,2014.5,115,-0.01%
322,2023-05-15,2018.0,2013.800048828125,2018.0,2013.800048828125,3,0.17%
323,2023-05-16,1988.4000244140625,1988.4000244140625,1988.4000244140625,1988.4000244140625,49,-1.47%
324,2023-05-17,1980.699951171875,1983.5999755859375,1983.5999755859375,1980.699951171875,13,-0.39%
325,2023-05-18,1956.5,1956.5,1956.800048828125,1956.5,23,-1.22%
326,2023-05-19,1978.699951171875,1960.0,1978.699951171875,1960.0,106,1.13%
327,2023-05-22,1974.800048828125,1980.5,1980.5,1974.800048828125,8,-0.20%
328,2023-05-23,1972.4000244140625,1972.4000244140625,1972.4000244140625,1972.4000244140625,1,-0.12%
329,2023-05-24,1962.800048828125,1975.4000244140625,1975.4000244140625,1962.800048828125,189,-0.49%
330,2023-05-25,1943.0999755859375,1943.0999755859375,1943.0999755859375,1943.0999755859375,1,-1.00%
331,2023-05-26,1944.0999755859375,1948.199951171875,1948.4000244140625,1944.0999755859375,166036,0.05%
332,2023-05-30,1958.0,1942.699951171875,1962.5999755859375,1931.0,37838,0.71%
333,2023-05-31,1963.9000244140625,1958.199951171875,1973.0,1953.0,5959,0.30%
334,2023-06-01,1978.0,1963.199951171875,1983.0,1954.300048828125,750,0.72%
335,2023-06-02,1952.4000244140625,1977.0999755859375,1982.5,1947.4000244140625,356,-1.29%
336,2023-06-05,1958.0,1947.5,1961.9000244140625,1937.800048828125,713,0.29%
337,2023-06-06,1965.5,1960.800048828125,1965.5,1958.800048828125,164,0.38%
338,2023-06-07,1942.699951171875,1959.0,1968.4000244140625,1940.699951171875,139,-1.16%
339,2023-06-08,1963.5999755859375,1943.199951171875,1969.0,1943.0999755859375,433,1.08%
340,2023-06-09,1962.199951171875,1965.0999755859375,1969.800048828125,1960.300048828125,49,-0.07%
341,2023-06-12,1955.300048828125,1959.699951171875,1963.5,1951.4000244140625,212,-0.35%
342,2023-06-13,1944.5999755859375,1960.5999755859375,1967.5,1940.300048828125,343,-0.55%
343,2023-06-14,1955.300048828125,1946.199951171875,1958.199951171875,1940.300048828125,202,0.55%
344,2023-06-15,1957.800048828125,1941.699951171875,1958.800048828125,1926.0,329,0.13%
345,2023-06-16,1958.4000244140625,1961.4000244140625,1962.9000244140625,1953.5,119,0.03%
346,2023-06-20,1935.5,1958.5999755859375,1958.5999755859375,1931.300048828125,193,-1.17%
347,2023-06-21,1933.300048828125,1935.5999755859375,1936.800048828125,1920.0,557,-0.11%
348,2023-06-22,1912.699951171875,1920.0,1921.0,1912.0999755859375,237,-1.07%
349,2023-06-23,1919.0999755859375,1918.699951171875,1932.5,1918.699951171875,105,0.33%
350,2023-06-26,1923.699951171875,1922.9000244140625,1928.5,1922.5,71,0.24%
351,2023-06-27,1914.0,1927.0,1929.4000244140625,1914.0,49,-0.50%
352,2023-06-28,1912.300048828125,1912.300048828125,1912.300048828125,1912.300048828125,628,-0.09%
353,2023-06-29,1909.199951171875,1909.9000244140625,1909.9000244140625,1892.5,289,-0.16%
354,2023-06-30,1921.0999755859375,1908.5999755859375,1921.0999755859375,1900.5999755859375,445,0.62%
355,2023-07-03,1921.699951171875,1917.9000244140625,1929.5,1917.9000244140625,41,0.03%
356,2023-07-05,1919.5999755859375,1923.5,1933.9000244140625,1914.699951171875,193,-0.11%
357,2023-07-06,1908.699951171875,1909.300048828125,1910.199951171875,1903.199951171875,81,-0.57%
358,2023-07-07,1926.199951171875,1913.4000244140625,1934.0999755859375,1913.4000244140625,61,0.92%
359,2023-07-10,1925.0,1923.5999755859375,1926.0999755859375,1912.300048828125,269,-0.06%
360,2023-07-11,1931.300048828125,1925.0,1937.0,1924.199951171875,142,0.33%
361,2023-07-12,1956.199951171875,1932.300048828125,1958.0,1932.199951171875,132,1.29%
362,2023-07-13,1959.199951171875,1961.0999755859375,1961.0999755859375,1953.0,121,0.15%
363,2023-07-14,1960.0999755859375,1958.4000244140625,1960.5999755859375,1952.699951171875,94,0.05%
364,2023-07-17,1952.4000244140625,1954.0,1956.5,1946.5999755859375,29,-0.39%
365,2023-07-18,1977.199951171875,1968.800048828125,1978.4000244140625,1963.4000244140625,83,1.27%
366,2023-07-19,1977.5,1977.0,1977.5,1973.0,35,0.02%
367,2023-07-20,1968.300048828125,1973.699951171875,1973.699951171875,1965.5999755859375,638,-0.47%
368,2023-07-21,1964.300048828125,1961.800048828125,1964.300048828125,1961.800048828125,50,-0.20%
369,2023-07-24,1960.300048828125,1965.300048828125,1965.5,1960.300048828125,2,-0.20%
370,2023-07-25,1962.0999755859375,1953.0,1962.5,1953.0,19,0.09%
371,2023-07-26,1968.9000244140625,1966.199951171875,1972.0,1966.199951171875,51,0.35%
372,2023-07-27,1945.4000244140625,1945.4000244140625,1945.4000244140625,1945.4000244140625,194253,-1.19%
373,2023-07-28,1960.4000244140625,1945.5,1962.199951171875,1944.199951171875,23155,0.77%
374,2023-07-31,1970.5,1959.199951171875,1971.5999755859375,1950.0,1025,0.52%
375,2023-08-01,1940.699951171875,1964.9000244140625,1965.4000244140625,1940.699951171875,688,-1.51%
376,2023-08-02,1937.4000244140625,1948.4000244140625,1953.5999755859375,1933.199951171875,652,-0.17%
377,2023-08-03,1932.0,1934.199951171875,1936.5,1928.0,773,-0.28%
378,2023-08-04,1939.5999755859375,1934.9000244140625,1945.0,1920.0,290,0.39%
379,2023-08-07,1933.5,1941.0,1941.0,1929.800048828125,376,-0.31%
380,2023-08-08,1924.0999755859375,1931.699951171875,1933.199951171875,1923.0,555,-0.49%
381,2023-08-09,1915.4000244140625,1925.4000244140625,1928.800048828125,1913.699951171875,451,-0.45%
382,2023-08-10,1914.4000244140625,1921.0999755859375,1927.800048828125,1911.4000244140625,178,-0.05%
383,2023-08-11,1912.9000244140625,1913.0,1916.5999755859375,1911.800048828125,57,-0.08%
384,2023-08-14,1910.5999755859375,1909.300048828125,1912.5999755859375,1903.300048828125,46,-0.12%
385,2023-08-15,1902.5,1906.0,1907.699951171875,1895.0,73,-0.42%
386,2023-08-16,1896.0999755859375,1904.5,1904.5,1890.300048828125,22,-0.34%
387,2023-08-17,1884.0999755859375,1893.699951171875,1902.4000244140625,1884.0,245,-0.63%
388,2023-08-18,1886.0999755859375,1891.800048828125,1891.800048828125,1886.0999755859375,19,0.11%
389,2023-08-21,1893.300048828125,1893.5999755859375,1893.5999755859375,1893.300048828125,876,0.38%
390,2023-08-22,1896.4000244140625,1894.5999755859375,1896.800048828125,1892.800048828125,46,0.16%
391,2023-08-23,1918.5,1909.5999755859375,1918.5,1909.5999755859375,547,1.17%
392,2023-08-24,1918.199951171875,1920.0,1920.800048828125,1918.199951171875,337,-0.02%
393,2023-08-25,1911.0999755859375,1919.800048828125,1919.800048828125,1911.0999755859375,195,-0.37%
394,2023-08-28,1917.9000244140625,1915.5,1921.5,1915.5,99,0.36%
395,2023-08-29,1936.5,1917.9000244140625,1936.5,1916.9000244140625,1674,0.97%
396,2023-08-30,1944.300048828125,1936.0,1946.4000244140625,1934.5999755859375,396,0.40%
397,2023-08-31,1938.199951171875,1944.4000244140625,1944.4000244140625,1938.199951171875,491,-0.31%
398,2023-09-01,1939.800048828125,1950.0,1950.0,1936.5999755859375,167,0.08%
399,2023-09-05,1926.199951171875,1934.4000244140625,1934.4000244140625,1924.699951171875,113,-0.70%
400,2023-09-06,1918.0999755859375,1924.0999755859375,1925.300048828125,1916.300048828125,24,-0.42%
401,2023-09-07,1917.5,1917.5999755859375,1921.5,1917.5,41,-0.03%
402,2023-09-08,1918.4000244140625,1924.0,1924.699951171875,1918.4000244140625,105,0.05%
403,2023-09-11,1923.300048828125,1923.0,1928.300048828125,1921.800048828125,50,0.26%
404,2023-09-12,1911.300048828125,1920.800048828125,1920.800048828125,1911.300048828125,365,-0.62%
405,2023-09-13,1909.0999755859375,1910.300048828125,1914.5999755859375,1908.9000244140625,15,-0.12%
406,2023-09-14,1910.0,1903.0,1910.0,1903.0,169,0.05%
407,2023-09-15,1923.699951171875,1923.5,1927.300048828125,1923.5,8,0.72%
408,2023-09-18,1931.5,1928.199951171875,1931.5,1926.4000244140625,19,0.41%
409,2023-09-19,1932.0,1934.0,1934.0,1932.0,6,0.03%
410,2023-09-20,1945.5999755859375,1945.5999755859375,1945.5999755859375,1929.199951171875,119,0.70%
411,2023-09-21,1919.199951171875,1924.0,1924.0,1919.199951171875,9,-1.36%
412,2023-09-22,1925.4000244140625,1925.4000244140625,1925.4000244140625,1925.4000244140625,1,0.32%
413,2023-09-25,1916.5999755859375,1916.5999755859375,1916.5999755859375,1916.5999755859375,114,-0.46%
414,2023-09-26,1900.4000244140625,1905.0,1905.0999755859375,1900.4000244140625,161,-0.85%
415,2023-09-27,1871.5999755859375,1871.5999755859375,1871.5999755859375,1871.5999755859375,12251,-1.52%
416,2023-09-28,1860.4000244140625,1875.5,1878.199951171875,1856.699951171875,4654,-0.60%
417,2023-09-29,1848.0999755859375,1864.300048828125,1872.300048828125,1846.0,1605,-0.66%
418,2023-10-02,1830.0,1844.0999755859375,1845.9000244140625,1826.699951171875,2309,-0.98%
419,2023-10-03,1824.5999755859375,1825.0,1830.9000244140625,1816.800048828125,310,-0.30%
420,2023-10-04,1818.5,1821.800048828125,1828.199951171875,1816.4000244140625,357,-0.33%
421,2023-10-05,1816.5999755859375,1826.300048828125,1826.300048828125,1815.5999755859375,393,-0.10%
422,2023-10-06,1830.199951171875,1819.0,1831.800048828125,1809.4000244140625,390,0.75%
423,2023-10-09,1849.5,1842.5,1861.5,1842.5,232,1.05%
424,2023-10-10,1861.0,1857.0,1861.4000244140625,1852.800048828125,236,0.62%
425,2023-10-11,1872.800048828125,1869.5,1874.5999755859375,1869.0999755859375,65,0.63%
426,2023-10-12,1869.300048828125,1874.699951171875,1881.199951171875,1867.0,46,-0.19%
427,2023-10-13,1927.4000244140625,1877.5,1930.0999755859375,1877.5,43,3.11%
428,2023-10-16,1921.0999755859375,1910.4000244140625,1921.0999755859375,1910.300048828125,53,-0.33%
429,2023-10-17,1922.699951171875,1914.300048828125,1925.800048828125,1914.300048828125,103,0.08%
430,2023-10-18,1955.300048828125,1935.0,1957.9000244140625,1935.0,67,1.70%
431,2023-10-19,1968.4000244140625,1950.0999755859375,1977.699951171875,1945.699951171875,1945,0.67%
432,2023-10-20,1982.5,1981.0999755859375,1988.5999755859375,1980.4000244140625,557,0.72%
433,2023-10-23,1976.300048828125,1976.199951171875,1978.9000244140625,1972.9000244140625,127,-0.31%
434,2023-10-24,1975.0,1970.300048828125,1975.0,1970.300048828125,10,-0.07%
435,2023-10-25,1984.0999755859375,1971.199951171875,1985.300048828125,1971.199951171875,97,0.46%
436,2023-10-26,1987.199951171875,1988.199951171875,1988.199951171875,1980.4000244140625,521,0.16%
437,2023-10-27,1988.5999755859375,1988.5999755859375,1988.5999755859375,1988.5999755859375,372,0.07%
438,2023-10-30,1996.199951171875,2004.0999755859375,2004.0999755859375,1992.5,157,0.38%
439,2023-10-31,1985.199951171875,1996.5,2001.0,1983.699951171875,84,-0.55%
440,2023-11-01,1978.800048828125,1990.5,1990.5,1977.800048828125,41,-0.32%
441,2023-11-02,1985.5999755859375,1989.0999755859375,1990.300048828125,1979.5,39,0.34%
442,2023-11-03,1991.5,1989.0,1991.5,1989.0,12,0.30%
443,2023-11-06,1981.5999755859375,1981.5999755859375,1981.5999755859375,1977.4000244140625,130,-0.50%
444,2023-11-07,1966.800048828125,1966.5,1966.800048828125,1960.699951171875,20,-0.75%
445,2023-11-08,1951.5,1967.800048828125,1967.800048828125,1947.699951171875,43,-0.78%
446,2023-11-09,1964.199951171875,1951.699951171875,1964.199951171875,1945.300048828125,10,0.65%
447,2023-11-10,1932.5999755859375,1959.5999755859375,1959.5999755859375,1932.5999755859375,375,-1.61%
448,2023-11-13,1945.5,1939.9000244140625,1947.199951171875,1934.0,191,0.67%
449,2023-11-14,1961.800048828125,1965.800048828125,1965.800048828125,1961.800048828125,2,0.84%
450,2023-11-15,1960.0999755859375,1962.800048828125,1962.800048828125,1960.0,6,-0.09%
451,2023-11-16,1983.9000244140625,1965.300048828125,1983.9000244140625,1964.5999755859375,39,1.21%
452,2023-11-17,1981.5999755859375,1982.5,1984.0,1979.800048828125,32,-0.12%
453,2023-11-20,1977.699951171875,1978.699951171875,1979.4000244140625,1969.699951171875,182,-0.20%
454,2023-11-21,1999.300048828125,1990.699951171875,2005.5,1988.5,16,1.09%
455,2023-11-22,1991.4000244140625,1999.0999755859375,1999.4000244140625,1991.0,6075,-0.40%
456,2023-11-23,1991.5,1991.9000244140625,1991.9000244140625,1991.5,6075,0.01%
457,2023-11-24,2002.199951171875,1991.9000244140625,2002.199951171875,1991.5,63,0.54%
458,2023-11-27,2011.800048828125,2011.699951171875,2011.800048828125,2011.699951171875,228,0.48%
459,2023-11-28,2039.699951171875,2040.5999755859375,2042.699951171875,2039.699951171875,174665,1.39%
460,2023-11-29,2047.0999755859375,2041.699951171875,2052.10009765625,2036.0,15290,0.36%
461,2023-11-30,2038.0999755859375,2046.0999755859375,2047.0999755859375,2033.0999755859375,2506,-0.44%
462,2023-12-01,2071.0,2038.300048828125,2073.199951171875,2036.0,614,1.61%
463,2023-12-04,2024.0999755859375,2075.300048828125,2130.199951171875,2021.0,1071,-2.26%
464,2023-12-05,2018.5,2035.0999755859375,2037.0,2010.199951171875,289,-0.28%
465,2023-12-06,2030.5,2019.9000244140625,2035.800048828125,2019.0,417,0.59%
466,2023-12-07,2029.9000244140625,2029.199951171875,2034.9000244140625,2024.0,67,-0.03%
467,2023-12-08,1998.300048828125,2031.699951171875,2033.0999755859375,1995.0,449,-1.56%
468,2023-12-11,1978.0,2004.0999755859375,2004.199951171875,1977.199951171875,651,-1.02%
469,2023-12-12,1977.800048828125,1984.199951171875,1994.199951171875,1977.800048828125,95,-0.01%
470,2023-12-13,1982.300048828125,1978.5,2024.800048828125,1975.0,2252,0.23%
471,2023-12-14,2030.199951171875,2024.699951171875,2040.0999755859375,2024.300048828125,236,2.42%
472,2023-12-15,2021.0999755859375,2032.5999755859375,2043.4000244140625,2018.300048828125,261,-0.45%
473,2023-12-18,2026.300048828125,2024.300048828125,2032.800048828125,2024.0,100,0.26%
474,2023-12-19,2038.4000244140625,2025.199951171875,2042.699951171875,2025.199951171875,498,0.60%
475,2023-12-20,2034.5,2037.0999755859375,2037.0999755859375,2030.300048828125,258,-0.19%
476,2023-12-21,2039.0999755859375,2035.800048828125,2044.5,2033.0,228,0.23%
477,2023-12-22,2057.10009765625,2055.699951171875,2068.699951171875,2052.199951171875,202,0.88%
478,2023-12-26,2058.199951171875,2060.0,2060.800048828125,2054.199951171875,64,0.05%
479,2023-12-27,2081.89990234375,2067.300048828125,2081.89990234375,2064.800048828125,586,1.15%
480,2023-12-28,2073.89990234375,2081.60009765625,2087.300048828125,2066.5,338,-0.38%
481,2023-12-29,2062.39990234375,2068.0,2068.89990234375,2062.10009765625,47,-0.55%
482,2024-01-02,2064.39990234375,2063.5,2073.699951171875,2057.10009765625,61,0.10%
483,2024-01-03,2034.199951171875,2034.199951171875,2044.0,2034.199951171875,54,-1.46%
484,2024-01-04,2042.300048828125,2041.5999755859375,2044.5,2038.0,88,0.40%
485,2024-01-05,2042.4000244140625,2044.5,2048.10009765625,2042.4000244140625,12,0.00%
486,2024-01-08,2026.5999755859375,2019.0999755859375,2033.699951171875,2019.0999755859375,10,-0.77%
487,2024-01-09,2026.4000244140625,2035.800048828125,2035.800048828125,2026.4000244140625,27,-0.01%
488,2024-01-10,2021.699951171875,2029.0,2035.5999755859375,2021.699951171875,538,-0.23%
489,2024-01-11,2014.300048828125,2025.0999755859375,2025.0999755859375,2014.300048828125,97,-0.37%
490,2024-01-12,2046.699951171875,2031.0999755859375,2057.0,2031.0999755859375,390,1.61%
491,2024-01-15,2054.800048828125,2051.699951171875,2054.800048828125,2051.699951171875,390,0.40%
492,2024-01-16,2026.0,2051.699951171875,2054.800048828125,2026.0,46,-1.40%
493,2024-01-17,2002.5999755859375,2026.5,2026.5,2002.5999755859375,764,-1.15%
494,2024-01-18,2018.5999755859375,2012.800048828125,2018.5999755859375,2009.5,1474,0.80%
495,2024-01-19,2026.5,2023.199951171875,2036.0,2019.5,50,0.39%
496,2024-01-22,2019.800048828125,2021.300048828125,2021.300048828125,2019.800048828125,12,-0.33%
497,2024-01-23,2023.699951171875,2030.300048828125,2030.300048828125,2022.5,15,0.19%
498,2024-01-24,2013.9000244140625,2023.199951171875,2033.199951171875,2013.9000244140625,253,-0.48%
499,2024-01-25,2016.9000244140625,2012.0999755859375,2022.4000244140625,2012.0999755859375,548,0.15%
500,2024-01-26,2016.800048828125,2021.699951171875,2022.4000244140625,2016.800048828125,49,-0.00%
501,2024-01-29,2025.199951171875,2025.199951171875,2025.199951171875,2025.199951171875,150708,0.42%
502,2024-01-30,2031.5,2032.5,2048.5,2028.0999755859375,26907,0.31%
503,2024-01-31,2048.39990234375,2035.4000244140625,2055.0,2030.0,26907,0.83%
504,2024-02-01,2060.10009765625,2057.89990234375,2067.0,2056.5,26174,0.57%
