,date,ixic_f,open,high,low,volume,ixic_f_cr
0,2021-12-20,15621.25,15809.5,15851.75,15492.0,676.20K,-0.61
1,2021-12-21,15980.0,15674.25,15987.25,15605.0,530.23K,2.3
2,2021-12-22,16169.75,15979.0,16183.0,15881.5,476.67K,1.19
3,2021-12-23,16299.0,16180.0,16356.0,16145.25,349.18K,0.8
4,2021-12-27,16560.0,16304.25,16580.75,16304.25,351.31K,1.6
5,2021-12-28,16488.0,16565.75,16659.5,16452.25,454.63K,-0.43
6,2021-12-29,16490.5,16513.5,16564.25,16387.5,354.99K,0.02
7,2021-12-30,16430.25,16484.5,16567.5,16411.25,304.26K,-0.37
8,2021-12-31,16320.75,16431.0,16464.0,16313.75,363.72K,-0.67
9,2022-01-03,16485.5,16356.0,16508.0,16292.0,513.55K,1.01
10,2022-01-04,16275.75,16497.75,16564.0,16139.5,669.53K,-1.27
11,2022-01-05,15766.5,16265.0,16269.0,15752.75,769.79K,-3.13
12,2022-01-06,15759.0,15763.75,15895.75,15598.5,802.95K,-0.05
13,2022-01-07,15581.0,15801.75,15852.75,15510.0,704.41K,-1.13
14,2022-01-10,15608.0,15590.0,15669.0,15152.5,888.78K,0.17
15,2022-01-11,15831.0,15622.25,15839.5,15475.0,709.36K,1.43
16,2022-01-12,15887.25,15826.0,16009.25,15762.5,671.27K,0.36
17,2022-01-13,15490.25,15901.0,15979.75,15458.25,763.02K,-2.5
18,2022-01-14,15595.75,15505.0,15621.0,15312.5,795.90K,0.68
19,2022-01-16,15583.0,15645.5,15645.5,15570.75,8.44K,-0.08
20,2022-01-17,15587.5,15609.75,15629.0,15543.5,117.90K,0.03
21,2022-01-18,15206.0,15616.75,15653.25,15170.75,868.07K,-2.45
22,2022-01-19,15033.5,15238.75,15372.0,15011.25,776.61K,-1.13
23,2022-01-20,14841.0,15042.25,15340.25,14646.75,771.41K,-1.28
24,2022-01-21,14426.5,14722.0,14858.5,14408.5,1.04M,-2.79
25,2022-01-24,14501.0,14410.0,14582.0,13706.0,1.32M,0.52
26,2022-01-25,14140.75,14495.0,14499.0,13890.0,957.80K,-2.48
27,2022-01-26,14158.5,13945.5,14639.75,13945.5,908.55K,0.13
28,2022-01-27,13986.75,14194.0,14409.25,13844.5,866.65K,-1.21
29,2022-01-28,14433.0,14167.75,14442.0,13831.0,878.24K,3.19
30,2022-01-31,14905.0,14454.0,14914.75,14353.25,654.28K,3.27
31,2022-02-01,14994.75,14868.75,15137.0,14729.25,597.31K,0.6
32,2022-02-02,15114.5,15129.0,15260.0,14825.0,645.40K,0.8
33,2022-02-03,14492.25,14852.5,14870.0,14456.25,731.58K,-4.12
34,2022-02-04,14685.5,14770.0,14825.75,14362.75,763.74K,1.33
35,2022-02-07,14559.75,14682.5,14806.25,14511.5,562.31K,-0.86
36,2022-02-08,14734.5,14600.0,14776.0,14467.5,611.86K,1.2
37,2022-02-09,15038.25,14746.25,15068.0,14741.0,529.89K,2.06
38,2022-02-10,14701.0,15062.25,15062.25,14622.0,834.48K,-2.24
39,2022-02-11,14240.5,14698.25,14766.75,14181.0,835.98K,-3.13
40,2022-02-14,14253.0,14250.0,14394.0,14031.0,734.22K,0.09
41,2022-02-15,14609.5,14257.0,14614.75,14223.25,558.47K,2.5
42,2022-02-16,14600.0,14588.0,14668.5,14381.0,594.30K,-0.07
43,2022-02-17,14164.75,14592.25,14619.5,14131.5,631.08K,-2.98
44,2022-02-18,13996.0,14156.25,14299.0,13906.25,760.91K,-1.19
45,2022-02-20,13852.25,13915.0,13951.5,13844.25,14.02K,-1.03
46,2022-02-21,13679.5,13851.25,14156.25,13588.75,262.70K,-1.25
47,2022-02-22,13862.75,13952.75,14157.5,13580.25,1.11M,1.34
48,2022-02-23,13507.5,13928.25,14068.75,13471.25,713.19K,-2.56
49,2022-02-24,13966.5,13484.25,13983.25,13025.75,1.12M,3.4
50,2022-02-25,14180.5,13909.5,14196.25,13760.25,785.00K,1.53
51,2022-02-28,14228.0,13900.25,14292.25,13683.0,753.71K,0.33
52,2022-03-01,14005.5,14219.25,14327.75,13900.0,645.17K,-1.56
53,2022-03-02,14239.25,14026.25,14290.0,13911.5,629.02K,1.67
54,2022-03-03,14030.5,14196.5,14391.0,13955.0,596.93K,-1.47
55,2022-03-04,13839.75,14069.25,14086.5,13733.75,725.77K,-1.36
56,2022-03-07,13320.75,13763.5,13879.75,13265.0,717.85K,-3.75
57,2022-03-08,13267.0,13283.0,13666.0,13103.25,841.41K,-0.4
58,2022-03-09,13734.75,13192.25,13821.75,13189.75,650.83K,3.53
59,2022-03-10,13586.0,13778.0,13778.0,13396.25,611.08K,-1.08
60,2022-03-11,13292.0,13577.25,13860.75,13281.75,439.89K,-2.16
61,2022-03-14,13045.5,13362.0,13447.5,13015.5,402.61K,-1.85
62,2022-03-15,13451.75,13082.0,13489.0,12944.0,284.96K,3.11
63,2022-03-16,13953.0,13451.75,14029.25,13420.5,274.50K,3.73
64,2022-03-17,14111.75,13999.0,14136.25,13822.75,125.16K,1.14
65,2022-03-18,14095.31,14060.0,14081.5,13970.5,7.54K,-0.12
66,2022-03-21,14370.5,14404.0,14466.75,14183.75,589.63K,1.95
67,2022-03-22,14654.0,14390.0,14690.75,14293.5,509.92K,1.97
68,2022-03-23,14447.0,14654.0,14682.25,14441.0,555.13K,-1.41
69,2022-03-24,14763.75,14462.75,14769.75,14433.5,512.27K,2.19
70,2022-03-25,14755.75,14765.0,14840.5,14572.5,553.93K,-0.05
71,2022-03-28,14985.25,14756.0,14997.0,14658.75,532.13K,1.56
72,2022-03-29,15237.75,14981.0,15268.75,14956.5,552.95K,1.68
73,2022-03-30,15071.5,15222.0,15262.25,15012.25,513.52K,-1.09
74,2022-03-31,14868.75,15100.5,15180.75,14855.5,560.79K,-1.35
75,2022-04-01,14863.75,14918.75,14960.0,14725.0,539.03K,-0.03
76,2022-04-02,14852.25,14852.25,14852.25,14852.25,,-0.08
77,2022-04-04,15164.25,14846.0,15174.5,14801.0,460.17K,2.1
78,2022-04-05,14828.0,15155.5,15198.0,14780.25,563.20K,-2.22
79,2022-04-06,14505.25,14861.0,14861.25,14394.75,783.21K,-2.18
80,2022-04-07,14536.0,14496.25,14633.75,14317.0,645.74K,0.21
81,2022-04-08,14327.0,14536.25,14642.25,14310.5,640.16K,-1.44
82,2022-04-11,14000.0,14345.0,14382.0,13984.75,577.48K,-2.28
83,2022-04-12,13945.0,14006.25,14284.25,13881.25,704.35K,-0.39
84,2022-04-13,14221.5,13952.75,14266.5,13921.0,530.16K,1.98
85,2022-04-14,13893.75,14211.5,14296.25,13876.5,548.40K,-2.3
86,2022-04-18,13907.75,13892.0,14002.5,13729.5,492.10K,0.1
87,2022-04-19,14217.25,13962.75,14242.0,13828.0,556.36K,2.23
88,2022-04-20,14004.75,14104.75,14298.0,13956.5,604.34K,-1.49
89,2022-04-21,13728.25,14070.0,14283.0,13667.5,685.79K,-1.97
90,2022-04-22,13353.5,13720.0,13781.0,13297.0,732.26K,-2.73
91,2022-04-25,13535.75,13334.25,13549.75,13184.0,749.65K,1.36
92,2022-04-26,13016.0,13523.5,13583.75,12801.5,755.33K,-3.84
93,2022-04-27,13009.0,12881.0,13255.25,12878.25,817.20K,-0.05
94,2022-04-28,13454.75,13191.0,13542.0,13033.0,756.36K,3.43
95,2022-04-29,12852.0,13219.5,13433.0,12831.75,723.39K,-4.48
96,2022-05-02,13073.0,12892.25,13084.5,12709.75,763.82K,1.72
97,2022-05-03,13087.5,13051.75,13183.75,12968.5,662.22K,0.11
98,2022-05-04,13531.25,13121.0,13555.25,12883.0,703.19K,3.39
99,2022-05-05,12858.0,13500.25,13548.0,12705.25,877.80K,-4.98
100,2022-05-06,12695.75,12883.25,12928.75,12519.0,852.23K,-1.26
101,2022-05-07,12663.5,12663.5,12663.5,12663.5,,-0.25
102,2022-05-09,12193.75,12605.0,12637.25,12135.25,816.03K,-3.71
103,2022-05-10,12349.0,12206.0,12547.0,12102.25,853.86K,1.27
104,2022-05-11,11969.75,12328.75,12553.25,11938.5,865.89K,-3.07
105,2022-05-12,11947.25,12004.5,12132.75,11689.0,878.24K,-0.19
106,2022-05-13,12382.75,11891.5,12432.0,11891.5,663.52K,3.65
107,2022-05-14,12364.0,12364.0,12364.0,12364.0,,-0.15
108,2022-05-16,12244.75,12409.0,12498.75,12190.25,623.72K,-0.96
109,2022-05-17,12560.25,12235.5,12578.0,12234.0,653.22K,2.58
110,2022-05-18,11935.5,12572.0,12594.0,11862.75,735.39K,-4.97
111,2022-05-19,11878.25,11907.0,12076.75,11704.0,827.74K,-0.48
112,2022-05-20,11840.75,11898.0,12096.75,11491.25,806.78K,-0.32
113,2022-05-23,12035.25,11866.0,12075.5,11783.75,660.21K,1.64
114,2022-05-24,11771.0,11915.0,11918.0,11576.25,717.43K,-2.2
115,2022-05-25,11942.25,11808.0,12036.0,11672.0,671.10K,1.45
116,2022-05-26,12279.25,11887.5,12343.0,11848.25,611.88K,2.82
117,2022-05-27,12677.75,12250.0,12720.25,12222.0,615.99K,3.25
118,2022-05-31,12646.5,12705.25,12883.0,12480.0,832.39K,-0.25
119,2022-06-01,12551.0,12662.5,12823.5,12454.75,682.21K,-0.76
120,2022-06-02,12893.75,12549.75,12903.75,12442.5,620.01K,2.73
121,2022-06-03,12551.0,12896.0,12945.25,12503.0,652.96K,-2.66
122,2022-06-06,12605.0,12549.75,12810.0,12527.0,536.94K,0.43
123,2022-06-07,12711.5,12605.25,12740.25,12412.5,577.97K,0.84
124,2022-06-08,12615.75,12680.5,12783.0,12579.25,583.65K,-0.75
125,2022-06-09,12275.0,12625.0,12726.0,12255.25,690.16K,-2.7
126,2022-06-10,11840.0,12301.5,12338.75,11823.0,617.40K,-3.54
127,2022-06-13,11296.5,11768.0,11772.5,11254.5,530.22K,-4.59
128,2022-06-14,11314.25,11334.25,11505.5,11205.0,378.13K,0.16
129,2022-06-15,11593.75,11329.75,11759.25,11327.75,265.81K,2.47
130,2022-06-16,11124.75,11608.5,11737.75,11036.75,146.54K,-4.05
131,2022-06-17,11130.39,11178.5,11290.0,11130.25,14.06K,0.05
132,2022-06-21,11577.25,11332.5,11678.25,11273.75,657.21K,4.01
133,2022-06-22,11565.75,11579.75,11745.75,11320.5,638.96K,-0.1
134,2022-06-23,11737.5,11542.75,11766.75,11460.5,630.13K,1.48
135,2022-06-24,12140.5,11687.75,12148.5,11684.75,563.30K,3.43
136,2022-06-27,12040.5,12137.5,12262.0,11994.25,565.80K,-0.82
137,2022-06-28,11674.25,12076.25,12174.25,11661.5,634.69K,-3.04
138,2022-06-29,11691.0,11680.5,11749.0,11564.5,590.17K,0.14
139,2022-06-30,11529.5,11691.5,11696.75,11351.0,738.07K,-1.38
140,2022-07-01,11611.25,11507.5,11629.75,11381.75,605.40K,0.71
141,2022-07-05,11808.5,11606.0,11815.75,11389.25,790.94K,1.7
142,2022-07-06,11880.25,11820.25,11974.25,11727.75,649.91K,0.61
143,2022-07-07,12138.5,11901.25,12168.5,11836.5,550.46K,2.17
144,2022-07-08,12152.0,12115.0,12211.0,11952.5,640.45K,0.11
145,2022-07-11,11884.25,12149.75,12149.75,11853.0,578.34K,-2.2
146,2022-07-12,11779.0,11900.5,12025.5,11712.0,607.95K,-0.89
147,2022-07-13,11762.25,11780.0,11970.0,11479.25,732.27K,-0.14
148,2022-07-14,11797.5,11729.5,11835.0,11511.25,654.56K,0.3
149,2022-07-15,12007.5,11810.5,12021.5,11740.25,560.98K,1.78
150,2022-07-18,11907.0,12043.5,12186.5,11857.0,553.68K,-0.84
151,2022-07-19,12274.0,11909.5,12328.5,11889.5,585.59K,3.08
152,2022-07-20,12465.25,12330.5,12517.5,12235.75,643.61K,1.56
153,2022-07-21,12640.0,12440.0,12655.25,12373.5,605.07K,1.4
154,2022-07-22,12423.5,12559.25,12698.5,12343.75,634.55K,-1.71
155,2022-07-25,12354.5,12444.5,12498.5,12266.5,491.61K,-0.56
156,2022-07-26,12112.5,12311.25,12334.0,12072.0,536.29K,-1.96
157,2022-07-27,12619.0,12192.0,12690.0,12191.75,634.89K,4.18
158,2022-07-28,12737.5,12580.0,12948.0,12449.0,645.26K,0.94
159,2022-07-29,12971.5,12920.25,13012.0,12744.25,592.42K,1.84
160,2022-08-01,12962.5,12981.0,13108.75,12851.75,622.51K,-0.07
161,2022-08-02,12924.5,12974.25,13097.0,12814.75,674.56K,-0.29
162,2022-08-03,13271.5,12921.0,13310.25,12867.25,690.06K,2.68
163,2022-08-04,13327.0,13247.0,13356.0,13184.75,542.68K,0.42
164,2022-08-05,13228.75,13327.25,13384.5,13085.0,687.79K,-0.74
165,2022-08-08,13183.25,13227.75,13419.25,13120.5,597.18K,-0.34
166,2022-08-09,13031.5,13206.25,13233.75,12963.25,553.70K,-1.15
167,2022-08-10,13392.0,13050.0,13408.0,12982.0,602.07K,2.77
168,2022-08-11,13311.25,13380.5,13575.0,13285.0,614.82K,-0.6
169,2022-08-12,13577.75,13344.25,13583.25,13312.0,500.65K,2.0
170,2022-08-15,13681.25,13571.5,13706.0,13495.25,463.77K,0.76
171,2022-08-16,13658.25,13674.75,13740.75,13522.75,555.98K,-0.17
172,2022-08-17,13493.25,13658.0,13672.0,13406.25,610.67K,-1.21
173,2022-08-18,13523.25,13503.0,13575.5,13410.75,530.51K,0.22
174,2022-08-19,13268.5,13534.25,13534.5,13228.75,618.76K,-1.88
175,2022-08-22,12909.75,13226.5,13226.5,12874.5,599.95K,-2.7
176,2022-08-23,12896.5,12933.75,13018.5,12823.5,570.28K,-0.1
177,2022-08-24,12929.75,12892.0,13011.25,12825.75,503.23K,0.26
178,2022-08-25,13156.0,12944.0,13161.5,12925.0,543.67K,1.75
179,2022-08-26,12620.5,13153.75,13220.0,12557.5,753.86K,-4.07
180,2022-08-29,12492.75,12485.0,12610.25,12401.5,693.09K,-1.01
181,2022-08-30,12358.75,12503.5,12658.25,12247.5,797.46K,-1.07
182,2022-08-31,12285.25,12366.0,12513.0,12276.25,672.07K,-0.59
183,2022-09-01,12292.25,12284.75,12299.5,12017.75,820.61K,0.06
184,2022-09-02,12104.25,12297.75,12461.5,12040.25,835.87K,-1.53
185,2022-09-06,12019.0,12110.5,12244.5,11930.0,895.45K,-0.7
186,2022-09-07,12263.25,12019.75,12306.25,11921.5,677.16K,2.03
187,2022-09-08,12321.75,12267.75,12379.5,12115.75,737.02K,0.48
188,2022-09-09,12592.5,12345.25,12613.75,12329.5,535.98K,2.2
189,2022-09-12,12740.75,12626.0,12773.75,12573.25,444.26K,1.18
190,2022-09-13,12036.5,12769.5,12889.0,12003.25,463.84K,-5.53
191,2022-09-14,12142.0,12050.25,12173.0,12001.75,270.23K,0.88
192,2022-09-15,11934.75,12159.0,12187.75,11866.5,169.93K,-1.71
193,2022-09-16,11814.58,11880.0,11880.0,11750.5,10.33K,-1.01
194,2022-09-19,12024.0,11920.0,12066.25,11792.25,632.66K,1.77
195,2022-09-20,11922.25,12045.75,12092.5,11828.25,704.88K,-0.85
196,2022-09-21,11710.0,11946.0,12140.5,11647.5,822.97K,-1.78
197,2022-09-22,11565.5,11661.25,11796.0,11510.0,786.18K,-1.23
198,2022-09-23,11376.75,11583.75,11600.25,11229.0,799.38K,-1.63
199,2022-09-26,11316.25,11362.5,11537.75,11256.5,809.85K,-0.53
200,2022-09-27,11333.75,11315.5,11568.25,11233.5,841.07K,0.15
201,2022-09-28,11555.75,11361.0,11613.5,11141.5,897.74K,1.96
202,2022-09-29,11228.25,11544.0,11567.25,11091.5,891.82K,-2.83
203,2022-09-30,11035.5,11220.0,11357.25,11024.25,878.17K,-1.72
204,2022-10-03,11285.75,11030.0,11358.25,10890.75,757.58K,2.27
205,2022-10-04,11640.75,11314.5,11675.0,11281.5,772.89K,3.15
206,2022-10-05,11623.75,11630.25,11711.0,11366.5,700.89K,-0.15
207,2022-10-06,11541.75,11628.0,11729.75,11505.25,773.91K,-0.71
208,2022-10-07,11101.5,11494.5,11564.5,11043.25,759.14K,-3.81
209,2022-10-10,10984.5,11067.75,11136.5,10876.75,757.73K,-1.05
210,2022-10-11,10845.0,10987.0,11039.5,10767.25,833.91K,-1.27
211,2022-10-12,10840.5,10875.0,10976.75,10805.5,731.21K,-0.04
212,2022-10-13,11083.75,10859.0,11142.75,10484.75,1.05M,2.24
213,2022-10-14,10744.0,11064.75,11253.5,10726.75,843.53K,-3.07
214,2022-10-17,11110.25,10720.0,11146.25,10713.0,638.72K,3.41
215,2022-10-18,11198.75,11161.25,11431.75,11081.5,832.22K,0.8
216,2022-10-19,11153.25,11320.25,11382.75,11049.0,733.78K,-0.41
217,2022-10-20,11090.75,11134.0,11328.75,11008.0,739.67K,-0.56
218,2022-10-21,11358.5,11061.25,11386.25,10935.5,840.95K,2.41
219,2022-10-24,11478.75,11393.75,11530.25,11207.75,715.02K,1.06
220,2022-10-25,11713.5,11453.75,11734.0,11430.25,660.21K,2.05
221,2022-10-26,11446.0,11510.0,11703.5,11415.0,784.64K,-2.28
222,2022-10-27,11235.25,11417.75,11537.5,10921.5,769.07K,-1.84
223,2022-10-28,11587.0,11122.75,11626.0,11062.0,728.26K,3.13
224,2022-10-31,11447.25,11592.5,11595.0,11367.25,607.68K,-1.21
225,2022-11-01,11332.0,11455.0,11619.0,11288.75,605.36K,-1.01
226,2022-11-02,10944.5,11320.25,11460.0,10909.0,770.98K,-3.42
227,2022-11-03,10728.0,10938.0,10996.0,10708.0,705.05K,-1.98
228,2022-11-04,10890.25,10712.0,10974.25,10636.0,881.13K,1.51
229,2022-11-07,11014.25,10786.5,11038.5,10751.0,554.69K,1.14
230,2022-11-08,11094.25,11016.0,11231.25,10928.75,728.87K,0.73
231,2022-11-09,10830.75,11089.25,11164.25,10822.25,669.07K,-2.38
232,2022-11-10,11632.25,10841.0,11677.0,10808.0,862.15K,7.4
233,2022-11-11,11848.0,11669.75,11876.75,11569.25,682.26K,1.85
234,2022-11-14,11734.75,11791.0,11898.5,11702.0,576.68K,-0.96
235,2022-11-15,11904.25,11768.5,12118.75,11761.75,771.82K,1.44
236,2022-11-16,11739.5,11882.0,11963.0,11706.5,577.86K,-1.38
237,2022-11-17,11710.5,11777.75,11827.5,11528.25,658.47K,-0.25
238,2022-11-18,11708.0,11747.75,11843.0,11607.0,585.87K,-0.02
239,2022-11-21,11588.0,11723.0,11756.0,11553.0,477.97K,-1.02
240,2022-11-22,11754.5,11588.0,11759.25,11526.5,531.09K,1.44
241,2022-11-23,11862.75,11741.5,11892.75,11720.0,474.65K,0.92
242,2022-11-25,11782.75,11878.0,11933.0,11766.25,252.37K,-0.67
243,2022-11-28,11616.25,11731.25,11788.5,11575.25,506.25K,-1.41
244,2022-11-29,11524.75,11625.0,11704.5,11465.0,555.86K,-0.79
245,2022-11-30,12042.25,11520.0,12078.5,11497.75,769.08K,4.49
246,2022-12-01,12062.75,12079.25,12145.0,11943.25,629.30K,0.17
247,2022-12-02,12010.25,12039.75,12067.75,11740.5,588.30K,-0.44
248,2022-12-05,11805.75,12000.5,12015.75,11745.5,537.92K,-1.7
249,2022-12-06,11566.0,11812.0,11846.25,11502.0,657.27K,-2.03
250,2022-12-07,11509.5,11566.0,11596.25,11422.5,634.69K,-0.49
251,2022-12-08,11645.5,11500.0,11685.75,11433.0,600.83K,1.18
252,2022-12-09,11569.75,11641.5,11748.0,11517.0,504.05K,-0.65
253,2022-12-12,11711.75,11553.0,11716.0,11522.75,354.89K,1.23
254,2022-12-13,11839.75,11691.25,12229.5,11680.5,407.61K,1.09
255,2022-12-14,11750.75,11839.0,11948.5,11613.75,197.12K,-0.75
256,2022-12-15,11347.25,11758.75,11779.5,11298.25,182.84K,-3.43
257,2022-12-16,11327.04,11340.25,11381.25,11206.5,9.63K,-0.18
258,2022-12-19,11193.25,11328.75,11411.0,11131.75,562.53K,-1.18
259,2022-12-20,11175.75,11182.5,11247.0,11043.5,625.09K,-0.16
260,2022-12-21,11334.5,11206.5,11389.75,11181.0,631.32K,1.42
261,2022-12-22,11054.25,11357.0,11384.75,10870.5,714.50K,-2.47
262,2022-12-23,11075.25,11061.0,11143.0,10916.25,534.53K,0.19
263,2022-12-27,10915.5,11104.0,11183.75,10896.0,499.80K,-1.44
264,2022-12-28,10772.75,10915.75,10996.5,10758.75,635.57K,-1.31
265,2022-12-29,11032.75,10785.75,11071.5,10777.5,470.00K,2.41
266,2022-12-30,11022.25,11033.5,11051.5,10855.5,462.48K,-0.1
267,2023-01-03,10945.5,11122.5,11182.0,10844.75,657.68K,-0.7
268,2023-01-04,10999.25,10941.25,11068.5,10863.5,758.00K,0.49
269,2023-01-05,10820.25,10988.5,11046.75,10805.0,694.45K,-1.63
270,2023-01-06,11113.5,10838.75,11165.75,10751.0,736.33K,2.71
271,2023-01-09,11185.5,11126.5,11385.5,11120.25,646.32K,0.65
272,2023-01-10,11282.0,11184.75,11288.75,11094.0,559.28K,0.86
273,2023-01-11,11476.5,11282.5,11479.5,11239.75,500.15K,1.72
274,2023-01-12,11534.25,11474.5,11579.75,11291.0,754.57K,0.5
275,2023-01-13,11608.0,11528.5,11619.5,11389.0,482.00K,0.64
276,2023-01-17,11624.5,11613.5,11685.0,11510.25,576.14K,0.14
277,2023-01-18,11475.75,11619.75,11759.5,11468.0,619.61K,-1.28
278,2023-01-19,11356.5,11470.5,11487.0,11308.5,594.77K,-1.04
279,2023-01-20,11677.0,11401.0,11686.75,11365.25,577.77K,2.82
280,2023-01-23,11934.0,11676.75,11983.0,11650.5,593.98K,2.2
281,2023-01-24,11909.5,11933.0,12010.5,11835.75,511.37K,-0.21
282,2023-01-25,11873.25,11970.5,11976.5,11604.5,633.47K,-0.3
283,2023-01-26,12106.75,11874.75,12113.0,11867.25,621.43K,1.97
284,2023-01-27,12222.25,12049.0,12308.5,12016.0,588.07K,0.95
285,2023-01-30,11968.0,12212.5,12252.0,11960.0,634.67K,-2.08
286,2023-01-31,12152.0,11984.0,12156.0,11871.0,585.20K,1.54
287,2023-02-01,12414.25,12116.0,12524.5,12055.25,668.52K,2.16
288,2023-02-02,12846.75,12520.0,12949.75,12501.75,817.82K,3.48
289,2023-02-03,12624.0,12748.25,12878.0,12551.25,824.21K,-1.73
290,2023-02-06,12515.5,12572.0,12608.5,12455.75,535.15K,-0.86
291,2023-02-07,12776.75,12513.0,12818.5,12459.25,745.00K,2.09
292,2023-02-08,12545.25,12747.0,12808.5,12512.75,590.36K,-1.81
293,2023-02-09,12425.5,12555.0,12728.5,12366.5,612.40K,-0.95
294,2023-02-10,12346.25,12448.75,12451.5,12243.25,600.24K,-0.64
295,2023-02-13,12540.5,12357.5,12567.0,12265.25,467.84K,1.57
296,2023-02-14,12631.0,12547.25,12687.0,12390.5,719.20K,0.72
297,2023-02-15,12730.0,12620.75,12756.5,12524.25,568.58K,0.78
298,2023-02-16,12482.5,12740.0,12792.75,12455.25,682.33K,-1.94
299,2023-02-17,12390.0,12462.5,12466.25,12265.75,629.36K,-0.74
300,2023-02-21,12096.75,12380.0,12417.75,12090.25,609.49K,-2.37
301,2023-02-22,12097.5,12108.0,12190.5,12034.0,640.71K,0.01
302,2023-02-23,12207.5,12176.25,12261.0,12028.5,640.96K,0.91
303,2023-02-24,11997.0,12190.0,12214.5,11923.0,643.62K,-1.72
304,2023-02-27,12083.25,12003.0,12189.5,11990.0,578.95K,0.72
305,2023-02-28,12072.25,12093.5,12172.75,12025.75,646.03K,-0.09
306,2023-03-01,11961.75,12041.25,12141.75,11924.75,759.65K,-0.92
307,2023-03-02,12062.0,11967.0,12096.25,11832.5,752.01K,0.84
308,2023-03-03,12311.25,12049.0,12329.0,12012.0,675.47K,2.07
309,2023-03-06,12323.5,12306.25,12486.25,12276.25,612.51K,0.1
310,2023-03-07,12169.0,12320.25,12381.25,12142.25,685.01K,-1.25
311,2023-03-08,12228.25,12170.0,12254.5,12108.25,633.42K,0.49
312,2023-03-09,12007.25,12231.0,12353.5,11977.5,816.84K,-1.81
313,2023-03-10,11840.25,12005.0,12109.0,11795.0,871.21K,-1.39
314,2023-03-13,11931.75,11894.75,12095.75,11674.25,694.44K,0.77
315,2023-03-14,12207.0,11960.0,12223.0,11921.75,364.40K,2.31
316,2023-03-15,12247.75,12200.75,12280.0,11972.0,261.34K,0.33
317,2023-03-16,12583.0,12264.5,12600.5,12189.25,181.75K,2.74
318,2023-03-17,12594.65,12575.75,12636.5,12531.75,8.15K,0.09
319,2023-03-20,12688.5,12690.0,12750.0,12525.25,694.47K,0.75
320,2023-03-21,12867.25,12699.75,12898.25,12676.5,565.86K,1.41
321,2023-03-22,12707.0,12873.25,13082.0,12678.0,713.08K,-1.25
322,2023-03-23,12854.0,12695.0,13031.0,12694.25,838.39K,1.16
323,2023-03-24,12890.25,12871.5,12924.75,12728.0,676.55K,0.28
324,2023-03-27,12788.5,12916.0,12984.5,12765.5,562.63K,-0.79
325,2023-03-28,12732.5,12810.5,12833.5,12634.25,537.97K,-0.44
326,2023-03-29,12965.0,12745.5,12994.0,12742.0,566.32K,1.83
327,2023-03-30,13082.0,12962.5,13111.75,12931.5,583.15K,0.9
328,2023-03-31,13301.75,13084.25,13311.5,13057.5,624.96K,1.68
329,2023-04-03,13270.0,13262.0,13278.75,13154.0,542.90K,-0.24
330,2023-04-04,13219.0,13259.0,13348.75,13168.25,577.03K,-0.38
331,2023-04-05,13079.75,13230.0,13247.25,13006.0,594.61K,-1.05
332,2023-04-06,13170.75,13072.75,13191.0,12953.25,598.22K,0.7
333,2023-04-07,13170.75,13162.75,13192.25,13122.0,41.22K,0.0
334,2023-04-10,13158.0,13179.75,13203.25,12967.5,553.00K,-0.1
335,2023-04-11,13074.75,13163.25,13208.75,13053.5,549.05K,-0.63
336,2023-04-12,12952.25,13073.75,13241.75,12937.75,684.78K,-0.94
337,2023-04-13,13209.75,12957.0,13228.0,12925.5,558.23K,1.99
338,2023-04-14,13181.25,13183.0,13255.0,13058.0,627.82K,-0.22
339,2023-04-17,13186.5,13212.5,13218.0,13076.75,540.74K,0.04
340,2023-04-18,13193.0,13184.0,13298.75,13138.0,576.67K,0.05
341,2023-04-19,13183.0,13170.5,13226.75,13065.0,529.51K,-0.08
342,2023-04-20,13074.25,13162.0,13200.0,13021.75,680.30K,-0.82
343,2023-04-21,13090.5,13089.0,13122.0,12982.5,593.98K,0.12
344,2023-04-24,13056.5,13070.0,13134.0,12967.25,582.29K,-0.26
345,2023-04-25,12809.5,13050.25,13059.5,12800.0,694.27K,-1.89
346,2023-04-26,12887.75,12940.0,13012.25,12863.75,755.12K,0.61
347,2023-04-27,13231.25,12965.0,13333.0,12936.0,728.24K,2.67
348,2023-04-28,13320.25,13215.0,13336.0,13169.0,671.06K,0.67
349,2023-05-01,13306.75,13317.0,13370.25,13258.75,487.91K,-0.1
350,2023-05-02,13184.5,13290.0,13334.75,13110.25,664.86K,-0.92
351,2023-05-03,13100.75,13162.0,13314.0,13080.0,648.75K,-0.64
352,2023-05-04,13043.75,13064.0,13173.0,13001.75,656.44K,-0.44
353,2023-05-05,13317.75,13060.0,13359.0,13055.75,573.29K,2.1
354,2023-05-08,13352.25,13316.0,13368.0,13254.5,506.05K,0.26
355,2023-05-09,13264.75,13338.5,13347.0,13250.5,552.25K,-0.66
356,2023-05-10,13409.5,13258.75,13446.75,13202.75,839.70K,1.09
357,2023-05-11,13446.5,13410.0,13470.25,13361.5,653.40K,0.28
358,2023-05-12,13396.25,13446.0,13494.25,13310.5,628.04K,-0.37
359,2023-05-15,13468.0,13378.75,13480.0,13350.0,495.94K,0.54
360,2023-05-16,13483.25,13461.0,13554.5,13426.25,561.83K,0.11
361,2023-05-17,13643.5,13498.5,13669.0,13474.25,621.14K,1.19
362,2023-05-18,13894.0,13640.5,13913.0,13628.25,749.50K,1.84
363,2023-05-19,13858.0,13908.5,13960.25,13814.25,659.82K,-0.26
364,2023-05-22,13902.5,13805.5,13946.75,13794.25,538.20K,0.32
365,2023-05-23,13728.75,13913.25,13979.25,13710.0,658.68K,-1.25
366,2023-05-24,13650.25,13729.0,13845.75,13566.5,704.80K,-0.57
367,2023-05-25,13976.5,13877.0,14031.25,13803.0,819.15K,2.39
368,2023-05-26,14332.5,13977.75,14369.0,13924.5,729.05K,2.55
369,2023-05-30,14396.75,14437.5,14570.0,14336.75,882.20K,0.45
370,2023-05-31,14300.5,14397.25,14429.0,14251.25,680.43K,-0.67
371,2023-06-01,14472.25,14289.5,14528.25,14248.25,622.33K,1.2
372,2023-06-02,14575.25,14494.0,14627.75,14468.25,623.29K,0.71
373,2023-06-05,14588.75,14577.0,14694.75,14512.75,619.09K,0.09
374,2023-06-06,14586.5,14582.0,14623.75,14504.5,572.81K,-0.02
375,2023-06-07,14331.5,14594.5,14675.0,14305.5,770.56K,-1.75
376,2023-06-08,14503.0,14316.0,14526.75,14256.75,631.77K,1.2
377,2023-06-09,14556.25,14517.0,14687.5,14460.25,581.39K,0.37
378,2023-06-12,14800.5,14560.25,14827.0,14554.25,397.39K,1.68
379,2023-06-13,14914.25,14824.0,14967.75,14779.5,347.12K,0.77
380,2023-06-14,15012.75,14925.0,15061.5,14793.0,204.10K,0.66
381,2023-06-15,15188.0,15038.0,15252.0,14878.0,139.78K,1.17
382,2023-06-16,15316.61,15181.25,15324.0,15130.5,10.20K,0.85
383,2023-06-20,15256.5,15303.25,15322.5,15126.5,652.88K,-0.39
384,2023-06-21,15044.0,15247.5,15273.25,15002.25,640.70K,-1.39
385,2023-06-22,15214.75,15038.75,15238.0,14964.0,611.02K,1.14
386,2023-06-23,15058.25,15236.0,15236.0,14985.25,620.59K,-1.03
387,2023-06-26,14856.5,15057.75,15152.5,14853.5,649.99K,-1.34
388,2023-06-27,15111.5,14875.0,15139.25,14862.25,569.20K,1.72
389,2023-06-28,15130.0,15088.25,15219.0,15021.25,662.15K,0.12
390,2023-06-29,15100.25,15161.0,15202.75,15028.5,594.13K,-0.2
391,2023-06-30,15337.0,15106.0,15376.75,15099.0,529.46K,1.57
392,2023-07-03,15364.75,15331.0,15392.0,15308.0,265.06K,0.18
393,2023-07-05,15360.75,15357.0,15432.0,15255.25,519.86K,-0.03
394,2023-07-06,15238.0,15353.75,15366.0,15111.5,574.68K,-0.8
395,2023-07-07,15181.75,15211.75,15359.75,15172.25,555.12K,-0.37
396,2023-07-10,15187.0,15198.5,15218.25,15063.25,609.95K,0.03
397,2023-07-11,15260.0,15195.75,15278.75,15109.5,552.64K,0.48
398,2023-07-12,15444.75,15258.0,15507.75,15254.5,649.43K,1.21
399,2023-07-13,15711.5,15457.75,15741.25,15456.5,563.94K,1.73
400,2023-07-14,15694.25,15699.0,15857.25,15663.0,629.94K,-0.11
401,2023-07-17,15840.75,15690.0,15882.75,15661.5,522.13K,0.93
402,2023-07-18,15974.75,15832.0,16029.75,15733.0,633.27K,0.85
403,2023-07-19,15959.25,15949.25,16062.75,15911.25,682.28K,-0.1
404,2023-07-20,15592.25,15922.75,15925.75,15547.0,810.48K,-2.3
405,2023-07-21,15540.0,15590.75,15719.25,15522.25,704.41K,-0.34
406,2023-07-24,15561.25,15556.0,15618.75,15483.75,561.88K,0.14
407,2023-07-25,15673.0,15570.0,15736.25,15549.25,554.88K,0.72
408,2023-07-26,15610.75,15730.25,15739.25,15515.0,683.83K,-0.4
409,2023-07-27,15571.0,15638.75,15904.0,15511.25,846.44K,-0.25
410,2023-07-28,15847.5,15580.0,15896.0,15546.25,689.39K,1.78
411,2023-07-31,15857.5,15850.0,15917.0,15791.25,523.90K,0.06
412,2023-08-01,15817.25,15869.25,15889.25,15728.25,529.66K,-0.25
413,2023-08-02,15473.0,15757.0,15789.75,15414.0,773.50K,-2.18
414,2023-08-03,15438.75,15455.75,15551.75,15339.5,658.84K,-0.22
415,2023-08-04,15354.0,15441.0,15610.25,15336.5,773.23K,-0.55
416,2023-08-07,15485.5,15370.5,15495.5,15334.25,578.30K,0.86
417,2023-08-08,15354.25,15495.0,15497.75,15218.0,638.81K,-0.85
418,2023-08-09,15178.25,15351.75,15432.5,15146.5,652.73K,-1.15
419,2023-08-10,15201.25,15202.5,15442.25,15136.0,807.10K,0.15
420,2023-08-11,15095.75,15219.0,15266.75,15037.25,613.96K,-0.69
421,2023-08-14,15270.25,15104.0,15282.0,15020.75,554.63K,1.16
422,2023-08-15,15106.5,15279.0,15335.0,15074.75,593.60K,-1.07
423,2023-08-16,14942.25,15110.75,15166.0,14921.5,641.61K,-1.09
424,2023-08-17,14778.0,14940.25,15018.25,14738.25,681.40K,-1.1
425,2023-08-18,14744.0,14748.0,14802.75,14609.25,731.24K,-0.23
426,2023-08-21,14985.75,14762.5,15013.75,14720.5,641.69K,1.64
427,2023-08-22,14958.5,14974.5,15118.25,14932.0,623.73K,-0.18
428,2023-08-23,15195.5,14959.75,15356.75,14957.25,606.17K,1.58
429,2023-08-24,14862.0,15333.0,15418.0,14817.0,847.31K,-2.19
430,2023-08-25,14979.25,14833.0,15048.75,14751.75,823.89K,0.79
431,2023-08-28,15092.5,14991.0,15126.5,14973.5,586.34K,0.76
432,2023-08-29,15415.75,15098.75,15430.5,15049.75,616.22K,2.14
433,2023-08-30,15501.25,15427.5,15522.75,15361.5,590.19K,0.55
434,2023-08-31,15538.5,15513.75,15606.75,15460.0,584.74K,0.24
435,2023-09-01,15516.25,15534.0,15661.25,15454.0,572.69K,-0.14
436,2023-09-05,15534.5,15517.0,15586.75,15418.25,604.89K,0.12
437,2023-09-06,15399.5,15511.25,15533.0,15310.5,596.50K,-0.87
438,2023-09-07,15282.25,15385.0,15395.75,15157.5,644.89K,-0.76
439,2023-09-08,15297.5,15286.25,15390.75,15223.0,598.48K,0.1
440,2023-09-11,15475.75,15308.0,15497.5,15298.0,411.39K,1.17
441,2023-09-12,15304.75,15466.5,15480.75,15288.75,253.05K,-1.1
442,2023-09-13,15356.25,15308.5,15424.25,15212.75,190.17K,0.34
443,2023-09-14,15478.0,15372.75,15517.75,15337.25,110.44K,0.79
444,2023-09-15,15435.2,15480.25,15524.0,15401.25,9.27K,-0.28
445,2023-09-18,15414.5,15382.25,15461.0,15330.5,509.75K,-0.13
446,2023-09-19,15375.25,15424.25,15442.25,15248.5,552.07K,-0.25
447,2023-09-20,15152.0,15375.25,15436.25,15127.0,605.26K,-1.45
448,2023-09-21,14862.75,15133.25,15149.0,14841.0,702.74K,-1.91
449,2023-09-22,14869.5,14854.5,15027.5,14836.25,624.06K,0.05
450,2023-09-25,14935.25,14880.25,14955.75,14782.25,568.86K,0.44
451,2023-09-26,14715.0,14949.0,14949.0,14666.25,667.62K,-1.47
452,2023-09-27,14739.0,14725.25,14821.5,14586.0,716.20K,0.16
453,2023-09-28,14859.75,14772.5,14947.5,14658.0,734.47K,0.82
454,2023-09-29,14866.5,14876.5,15060.75,14811.0,745.54K,0.05
455,2023-10-02,14984.75,14965.0,15046.0,14826.0,762.90K,0.8
456,2023-10-03,14714.5,14989.5,15031.0,14651.5,762.96K,-1.8
457,2023-10-04,14923.75,14713.75,14956.0,14589.0,803.26K,1.42
458,2023-10-05,14861.75,14903.0,14958.75,14716.25,676.46K,-0.42
459,2023-10-06,15112.0,14853.75,15160.25,14660.0,840.60K,1.68
460,2023-10-09,15187.0,15040.25,15212.75,14949.5,617.07K,0.5
461,2023-10-10,15270.75,15196.5,15383.5,15171.75,648.61K,0.55
462,2023-10-11,15380.0,15282.25,15416.75,15253.0,614.97K,0.72
463,2023-10-12,15315.0,15407.5,15468.75,15216.25,747.49K,-0.42
464,2023-10-13,15120.25,15324.0,15366.75,15062.25,777.01K,-1.27
465,2023-10-16,15289.5,15120.0,15336.75,15083.0,641.29K,1.12
466,2023-10-17,15240.75,15305.75,15309.25,15050.25,781.60K,-0.32
467,2023-10-18,15025.25,15236.5,15238.25,14979.25,853.60K,-1.41
468,2023-10-19,14890.0,15045.0,15138.25,14839.5,1.02M,-0.9
469,2023-10-20,14664.0,14850.0,14887.5,14645.0,846.68K,-1.52
470,2023-10-23,14712.0,14680.0,14853.75,14514.25,765.73K,0.33
471,2023-10-24,14846.5,14744.0,14948.75,14706.0,703.06K,0.91
472,2023-10-25,14478.25,14828.0,14855.0,14444.0,820.68K,-2.48
473,2023-10-26,14194.0,14425.0,14459.0,14140.25,987.60K,-1.96
474,2023-10-27,14265.25,14248.25,14407.75,14209.75,782.10K,0.5
475,2023-10-30,14416.5,14336.0,14476.5,14303.0,704.86K,1.06
476,2023-10-31,14490.25,14410.5,14503.75,14311.25,712.61K,0.51
477,2023-11-01,14744.5,14460.0,14762.0,14410.75,741.82K,1.75
478,2023-11-02,14998.0,14761.25,15017.25,14760.0,652.48K,1.72
479,2023-11-03,15178.75,14928.0,15228.5,14925.5,633.84K,1.21
480,2023-11-06,15232.5,15187.0,15257.5,15138.0,496.13K,0.35
481,2023-11-07,15374.25,15215.0,15412.25,15176.0,585.12K,0.93
482,2023-11-08,15386.5,15373.0,15417.5,15286.75,547.84K,0.08
483,2023-11-09,15256.0,15356.25,15453.75,15236.75,710.43K,-0.85
484,2023-11-10,15596.25,15254.75,15612.75,15207.25,679.63K,2.23
485,2023-11-13,15547.0,15586.25,15601.25,15465.25,532.94K,-0.32
486,2023-11-14,15879.75,15558.0,15918.75,15552.0,656.10K,2.14
487,2023-11-15,15889.25,15895.0,16049.5,15832.25,685.07K,0.06
488,2023-11-16,15897.5,15846.75,15906.75,15796.75,634.46K,0.05
489,2023-11-17,15895.75,15897.75,15940.0,15825.0,562.42K,-0.01
490,2023-11-20,16086.5,15895.0,16116.75,15837.25,559.49K,1.2
491,2023-11-21,15990.25,16087.5,16122.5,15912.0,575.45K,-0.6
492,2023-11-22,16049.25,15967.25,16173.5,15942.75,624.55K,0.37
493,2023-11-24,16021.0,16036.75,16086.5,15981.75,296.60K,-0.18
494,2023-11-27,16008.75,16008.0,16089.25,15938.75,502.56K,-0.08
495,2023-11-28,16048.0,16005.25,16071.5,15945.25,598.22K,0.25
496,2023-11-29,16023.75,16055.5,16208.5,16013.5,634.33K,-0.15
497,2023-11-30,15985.5,16040.25,16098.5,15856.0,694.12K,-0.24
498,2023-12-01,16023.75,15955.0,16050.0,15864.0,621.71K,0.24
499,2023-12-04,15869.0,16022.0,16026.0,15721.25,721.02K,-0.97
500,2023-12-05,15908.75,15863.25,15961.0,15761.25,683.59K,0.25
501,2023-12-06,15815.25,15897.0,16037.75,15802.0,675.48K,-0.59
502,2023-12-07,16038.75,15814.5,16066.0,15791.0,632.33K,1.41
503,2023-12-08,16098.25,16017.5,16118.75,15888.25,588.93K,0.37
504,2023-12-11,16237.0,16093.0,16248.0,16045.5,394.18K,0.86
505,2023-12-12,16362.75,16240.0,16389.5,16185.25,253.67K,0.77
506,2023-12-13,16563.75,16383.0,16593.0,16365.5,155.14K,1.23
507,2023-12-14,16541.5,16561.5,16674.5,16418.75,131.88K,-0.13
508,2023-12-15,16530.23,16532.5,16612.5,16521.5,12.65K,-0.07
509,2023-12-18,16939.75,16820.25,16974.0,16802.25,463.44K,2.48
510,2023-12-19,17023.0,16917.0,17029.5,16910.75,496.52K,0.49
511,2023-12-20,16766.25,17024.0,17073.5,16758.5,654.33K,-1.51
512,2023-12-21,16956.5,16790.25,16970.25,16790.25,639.82K,1.13
513,2023-12-22,16980.0,16956.0,17041.5,16891.5,486.85K,0.14
514,2023-12-26,17083.5,16964.5,17111.25,16964.5,292.09K,0.61
515,2023-12-27,17113.25,17090.25,17133.0,17055.5,424.30K,0.17
516,2023-12-28,17090.5,17127.0,17165.25,17077.75,357.70K,-0.13
517,2023-12-29,17023.5,17090.25,17131.0,16938.25,470.86K,-0.39
518,2024-01-02,16720.0,17019.0,17038.5,16622.5,652.71K,-1.78
519,2024-01-03,16538.0,16736.75,16737.25,16522.0,677.22K,-1.09
520,2024-01-04,16445.0,16545.25,16587.25,16436.0,559.46K,-0.56
521,2024-01-05,16460.25,16455.0,16577.25,16334.25,627.48K,0.09
522,2024-01-08,16803.75,16470.0,16811.25,16378.25,549.90K,2.09
523,2024-01-09,16830.25,16788.0,16868.5,16657.75,605.92K,0.16
524,2024-01-10,16945.25,16829.5,16983.0,16801.5,550.70K,0.68
525,2024-01-11,16966.25,16955.0,17057.0,16753.0,756.44K,0.12
526,2024-01-12,16969.25,16957.75,17042.5,16866.5,593.45K,0.02
527,2024-01-16,16966.5,16961.75,17033.75,16811.75,816.02K,-0.02
528,2024-01-17,16869.75,16978.0,16982.0,16689.25,722.78K,-0.57
529,2024-01-18,17110.0,16854.5,17125.75,16834.25,852.23K,1.42
530,2024-01-19,17438.5,17116.0,17471.25,17107.25,758.13K,1.92
531,2024-01-22,17458.5,17466.0,17585.0,17434.0,637.25K,0.11
532,2024-01-23,17531.25,17461.0,17558.25,17409.5,508.08K,0.42
533,2024-01-24,17621.0,17554.0,17793.5,17552.25,721.61K,0.51
534,2024-01-25,17634.5,17614.75,17752.0,17542.0,710.82K,0.08
535,2024-01-26,17527.0,17571.25,17632.0,17466.0,631.48K,-0.61
536,2024-01-29,17706.0,17502.0,17716.25,17457.5,568.74K,1.02
537,2024-01-30,17588.5,17711.75,17735.75,17467.0,554.15K,-0.66
538,2024-01-31,17242.25,17415.5,17484.0,17221.5,816.12K,-1.97
539,2024-02-01,17436.75,17273.25,17646.75,17262.75,705.24K,1.13
540,2024-02-02,17732.75,17588.0,17775.5,17465.5,761.17K,1.7
541,2024-02-05,17700.0,17696.0,17745.5,17554.25,621.65K,-0.18
542,2024-02-06,17660.0,17698.5,17769.0,17560.75,623.17K,-0.23
543,2024-02-07,17841.75,17645.75,17875.5,17629.75,613.34K,1.03
544,2024-02-08,17868.25,17856.25,17896.5,17792.25,471.37K,0.15
545,2024-02-09,18039.25,17854.25,18071.0,17852.25,499.28K,0.96
546,2024-02-12,17965.0,18040.0,18121.5,17911.25,538.13K,-0.41
547,2024-02-13,17676.75,17928.5,17963.25,17542.0,858.23K,-1.6
548,2024-02-14,17881.0,17703.0,17887.0,17669.25,688.09K,1.16
549,2024-02-15,17912.75,17870.0,17968.25,17780.5,657.77K,0.18
550,2024-02-16,17744.0,17952.0,18026.0,17715.0,744.63K,-0.94
551,2024-02-20,17607.25,17729.25,17807.5,17452.5,889.29K,-0.77
552,2024-02-21,17536.75,17573.0,17723.0,17372.75,731.45K,-0.4
553,2024-02-22,18047.5,17702.5,18087.0,17676.0,759.23K,2.91
554,2024-02-23,17991.0,18023.25,18144.75,17946.0,659.73K,-0.31
555,2024-02-26,17977.0,17961.5,18059.5,17922.0,526.17K,-0.08
556,2024-02-27,18021.0,17951.0,18040.25,17908.75,567.82K,0.24
557,2024-02-28,17915.25,18017.5,18019.75,17846.25,553.73K,-0.59
558,2024-02-29,18082.75,17870.0,18109.5,17826.0,680.15K,0.93
559,2024-03-01,18338.25,18075.0,18372.75,18029.5,639.15K,1.41
560,2024-03-04,18262.0,18336.0,18377.75,18234.25,569.34K,-0.42
561,2024-03-05,17930.25,18246.0,18252.0,17832.5,803.86K,-1.82
562,2024-03-06,18044.25,17981.0,18174.25,17942.5,806.13K,0.64
563,2024-03-07,18316.25,18041.0,18360.0,17915.75,758.50K,1.51
564,2024-03-08,18046.75,18279.0,18436.5,18012.5,1.05M,-1.47
565,2024-03-11,17971.0,18056.0,18068.25,17890.5,472.52K,-0.42
566,2024-03-12,18227.75,18010.5,18241.75,17930.0,281.27K,1.43
567,2024-03-13,18078.5,18218.0,18256.5,18033.25,179.71K,-0.82
568,2024-03-14,18024.5,18094.25,18177.75,17915.5,110.28K,-0.3
569,2024-03-15,17854.75,18006.0,18074.75,17831.75,9.84K,-0.94
570,2024-03-18,18231.5,18073.5,18381.0,18062.25,656.63K,2.11
571,2024-03-19,18270.0,18222.0,18289.25,18053.25,660.39K,0.21
572,2024-03-20,18479.75,18274.0,18545.0,18227.5,618.81K,1.15
573,2024-03-21,18561.75,18539.75,18709.0,18526.75,606.96K,0.44
574,2024-03-22,18574.75,18580.5,18626.0,18492.0,511.96K,0.07
575,2024-03-25,18513.5,18567.0,18601.25,18414.75,456.25K,-0.33
576,2024-03-26,18449.0,18531.25,18619.0,18439.25,516.51K,-0.35
577,2024-03-27,18503.75,18477.5,18571.75,18378.5,605.63K,0.3
578,2024-03-28,18475.0,18505.0,18538.75,18447.5,515.19K,-0.16
579,2024-04-01,18497.25,18503.0,18612.0,18414.5,572.13K,0.12
580,2024-04-02,18330.0,18497.25,18511.0,18201.5,618.98K,-0.9
581,2024-04-03,18373.25,18345.0,18451.75,18232.5,597.99K,0.24
582,2024-04-04,18076.75,18388.5,18568.0,18055.25,777.14K,-1.61
583,2024-04-05,18300.75,18086.25,18408.25,18051.5,809.19K,1.24
584,2024-04-08,18295.0,18348.25,18376.0,18237.5,524.20K,-0.03
585,2024-04-09,18359.75,18314.75,18407.25,18160.75,696.07K,0.35
586,2024-04-10,18196.75,18381.0,18474.25,18053.5,880.50K,-0.89
587,2024-04-11,18485.0,18184.0,18518.75,18088.0,728.80K,1.58
588,2024-04-12,18179.25,18486.25,18507.75,18120.25,787.33K,-1.65
589,2024-04-13,18172.5,18172.5,18172.5,18172.5,,-0.04
590,2024-04-15,17876.25,18151.0,18350.75,17841.5,797.32K,-1.63
591,2024-04-16,17881.25,17879.0,17988.0,17792.0,766.36K,0.03
592,2024-04-17,17658.5,17897.0,17968.5,17615.25,844.75K,-1.25
593,2024-04-18,17547.25,17669.75,17770.75,17506.25,756.16K,-0.63
594,2024-04-19,17180.75,17530.75,17553.25,17113.25,1.02M,-2.09
595,2024-04-20,17179.25,17179.25,17179.25,17179.25,,-0.01
596,2024-04-22,17350.0,17228.25,17448.0,17148.5,646.13K,0.99
597,2024-04-23,17606.75,17352.25,17666.0,17286.25,601.83K,1.48
598,2024-04-24,17664.5,17682.0,17795.5,17481.75,667.40K,0.33
599,2024-04-25,17567.5,17450.0,17827.5,17308.25,820.01K,-0.55
600,2024-04-26,17845.75,17808.25,17901.5,17668.25,628.23K,1.58
601,2024-04-27,17836.75,17836.75,17836.75,17836.75,,-0.05
602,2024-04-29,17904.25,17864.75,17949.0,17791.25,528.89K,0.38
603,2024-04-30,17571.25,17918.5,17920.25,17473.5,677.70K,-1.86
604,2024-05-01,17438.25,17462.5,17793.25,17399.25,791.17K,-0.76
605,2024-05-02,17649.75,17487.0,17755.25,17386.25,635.30K,1.21
606,2024-05-03,18000.75,17744.25,18050.25,17719.5,556.95K,1.99
607,2024-05-04,18025.5,18025.5,18025.5,18025.5,,0.14
608,2024-05-06,18195.5,18047.5,18201.25,17983.75,395.49K,0.94
609,2024-05-07,18199.5,18189.5,18266.25,18151.0,469.72K,0.02
610,2024-05-08,18186.5,18194.0,18242.25,18072.5,453.71K,-0.07
611,2024-05-09,18214.5,18160.75,18240.25,18103.75,471.20K,0.15
612,2024-05-10,18255.0,18226.0,18348.0,18188.5,473.88K,0.22
613,2024-05-11,18239.25,18239.25,18239.25,18239.25,,-0.09
614,2024-05-13,18295.5,18238.0,18336.25,18228.75,411.04K,0.31
615,2024-05-14,18415.0,18282.0,18433.0,18165.5,555.37K,0.65
616,2024-05-15,18691.75,18409.75,18707.0,18393.0,605.87K,1.5
617,2024-05-16,18650.0,18693.25,18760.75,18633.25,548.58K,-0.22
618,2024-05-17,18635.25,18642.0,18686.75,18545.0,489.23K,-0.08
619,2024-05-18,18633.75,18633.75,18633.75,18633.75,,-0.01
620,2024-05-20,18763.0,18633.5,18794.5,18633.0,470.38K,0.69
621,2024-05-21,18799.25,18746.0,18808.75,18678.0,426.12K,0.19
622,2024-05-22,18786.75,18798.25,18891.0,18684.25,578.44K,-0.07
623,2024-05-23,18696.25,18860.5,19023.25,18621.5,851.58K,-0.48
624,2024-05-24,18876.0,18684.0,18926.0,18680.0,552.08K,0.96
625,2024-05-26,18836.25,18874.75,18886.5,18836.25,6.25K,-0.21
626,2024-05-27,18907.0,18837.25,18955.75,18834.25,82.23K,0.38
627,2024-05-28,18940.5,18874.75,18980.5,18819.5,642.95K,0.18
628,2024-05-29,18802.75,18949.5,18949.75,18740.0,573.94K,-0.73
629,2024-05-30,18606.5,18753.0,18787.0,18546.25,619.55K,-1.04
630,2024-05-31,18591.0,18590.75,18668.25,18241.25,834.00K,-0.08
631,2024-06-03,18646.25,18590.25,18755.5,18435.75,669.10K,0.3
632,2024-06-04,18701.0,18662.5,18753.25,18511.25,616.70K,0.29
633,2024-06-05,19074.25,18711.0,19090.5,18696.25,575.23K,2.0
634,2024-06-06,19060.25,19089.5,19124.5,19017.25,524.90K,-0.07
635,2024-06-07,19037.75,19064.0,19155.0,18940.0,612.03K,-0.12
636,2024-06-10,19109.75,19025.0,19129.75,18974.25,571.67K,0.38
637,2024-06-11,19242.25,19107.25,19257.5,18994.5,564.71K,0.69
638,2024-06-12,19496.5,19248.0,19612.25,19233.5,691.08K,1.32
639,2024-06-13,19602.5,19602.0,19691.0,19500.0,584.73K,0.54
640,2024-06-14,19685.5,19602.75,19699.5,19501.5,584.29K,0.42
641,2024-06-17,19921.25,19695.0,20001.0,19640.5,423.23K,1.2
642,2024-06-18,19919.25,19918.5,19996.5,19851.75,201.83K,-0.01
643,2024-06-19,20235.75,20223.0,20251.75,20209.0,76.18K,1.59
644,2024-06-20,19763.25,19930.25,20095.0,19694.25,157.05K,-2.33
645,2024-06-21,19747.29,19781.25,19819.25,19687.5,8.05K,-0.08
646,2024-06-22,20009.75,20009.75,20009.75,20009.75,,1.33
647,2024-06-24,19750.75,20014.75,20030.25,19728.0,683.90K,-1.29
648,2024-06-25,19972.25,19756.0,19981.25,19726.0,574.52K,1.12
649,2024-06-26,20012.5,19973.0,20070.5,19901.0,590.18K,0.2
650,2024-06-27,20039.5,19946.0,20116.75,19874.25,589.65K,0.13
651,2024-06-28,19927.25,20063.25,20273.25,19906.25,750.32K,-0.56
652,2024-06-29,19966.5,19966.5,19966.5,19966.5,,0.2
653,2024-07-01,20052.0,19970.0,20074.0,19811.75,639.34K,0.43
654,2024-07-02,20255.25,20045.75,20259.25,19910.0,621.48K,1.01
655,2024-07-03,20411.5,20241.0,20435.25,20205.0,395.13K,0.77
656,2024-07-04,20390.5,20404.0,20415.75,20368.0,56.69K,-0.1
657,2024-07-05,20620.75,20419.25,20639.5,20361.0,600.21K,1.13
658,2024-07-08,20659.75,20591.5,20688.0,20579.25,497.11K,0.19
659,2024-07-09,20678.5,20681.0,20771.75,20615.75,569.69K,0.09
660,2024-07-10,20899.75,20686.0,20916.75,20684.5,576.69K,1.07
661,2024-07-11,20441.75,20895.5,20983.75,20377.25,906.13K,-2.19
662,2024-07-12,20524.0,20432.75,20741.0,20335.0,724.34K,0.4
663,2024-07-13,20539.75,20539.75,20539.75,20539.75,,0.08
664,2024-07-15,20583.75,20580.0,20797.0,20506.25,703.41K,0.21
665,2024-07-16,20598.0,20628.0,20684.5,20464.5,629.75K,0.07
666,2024-07-17,19997.5,20591.0,20597.75,19965.75,854.32K,-2.92
667,2024-07-18,19899.25,20024.25,20162.5,19758.75,964.29K,-0.49
668,2024-07-19,19713.0,19955.0,19979.75,19654.0,774.11K,-0.94
669,2024-07-20,19701.5,19701.5,19701.5,19701.5,,-0.06
670,2024-07-22,20001.0,19749.0,20044.75,19718.75,657.85K,1.52
671,2024-07-23,19925.0,19982.0,20084.75,19868.25,601.99K,-0.38
672,2024-07-24,19203.25,19883.0,19883.0,19168.75,846.81K,-3.62
673,2024-07-25,18992.25,19260.0,19390.5,18883.25,992.02K,-1.1
674,2024-07-26,19174.5,19003.0,19297.75,18995.0,694.70K,0.96
675,2024-07-27,19175.75,19175.75,19175.75,19175.75,,0.01
676,2024-07-29,19209.25,19171.75,19377.25,19113.25,600.02K,0.17
677,2024-07-30,18936.25,19217.0,19319.75,18725.0,745.00K,-1.42
678,2024-07-31,19505.25,18865.75,19648.0,18861.75,762.25K,3.0
679,2024-08-01,19023.25,19593.25,19717.0,18854.0,920.62K,-2.47
680,2024-08-02,18556.25,18956.5,18979.75,18385.75,842.23K,-2.45
681,2024-08-03,18513.25,18513.25,18513.25,18513.25,,-0.23
682,2024-08-05,18013.25,18390.0,18390.0,17351.0,937.14K,-2.7
683,2024-08-06,18179.0,18165.75,18483.25,17966.0,697.09K,0.92
684,2024-08-07,17966.5,18033.0,18558.5,17836.25,725.24K,-1.17
685,2024-08-08,18525.25,17873.0,18593.5,17741.75,663.96K,3.11
686,2024-08-09,18616.0,18550.25,18674.5,18383.0,501.76K,0.49
687,2024-08-12,18639.5,18590.0,18765.25,18515.0,469.89K,0.13
688,2024-08-13,19104.25,18648.25,19122.5,18628.5,497.67K,2.49
689,2024-08-14,19115.0,19099.25,19203.5,18925.5,554.00K,0.06
690,2024-08-15,19581.25,19142.5,19603.25,19100.5,522.32K,2.44
691,2024-08-16,19605.75,19570.25,19683.0,19447.5,458.93K,0.13
692,2024-08-19,19857.75,19629.0,19871.75,19525.25,429.31K,1.29
693,2024-08-20,19809.5,19857.75,19931.0,19743.0,485.44K,-0.24
694,2024-08-21,19909.5,19803.0,19981.75,19771.5,479.08K,0.5
695,2024-08-22,19578.25,19921.25,20025.25,19542.0,630.18K,-1.66
696,2024-08-23,19790.75,19621.5,19904.25,19591.75,581.20K,1.09
697,2024-08-26,19591.25,19787.75,19846.25,19505.5,473.54K,-1.01
698,2024-08-27,19653.75,19558.75,19694.25,19441.5,441.15K,0.32
699,2024-08-28,19415.75,19635.5,19691.0,19227.25,537.28K,-1.21
700,2024-08-29,19393.25,19217.0,19693.5,19140.25,669.71K,-0.12
701,2024-08-30,19623.0,19445.75,19632.75,19370.5,495.61K,1.18
702,2024-09-03,19006.5,19599.0,19683.0,18911.0,698.44K,-3.14
703,2024-09-04,18962.5,18993.75,19114.75,18825.75,582.12K,-0.23
704,2024-09-05,18963.5,18965.75,19150.5,18827.25,585.13K,0.01
705,2024-09-06,18458.25,18921.0,18972.25,18339.75,726.35K,-2.66
706,2024-09-09,18692.25,18400.0,18734.5,18386.0,536.24K,1.27
707,2024-09-10,18864.0,18727.0,18878.5,18582.25,536.22K,0.92
708,2024-09-11,19271.0,18837.75,19293.5,18547.0,729.34K,2.16
709,2024-09-12,19447.25,19241.5,19483.5,19185.0,581.03K,0.91
710,2024-09-13,19530.25,19419.5,19577.25,19398.25,467.95K,0.43
711,2024-09-16,19433.0,19498.0,19546.5,19299.25,339.78K,-0.5
712,2024-09-17,19439.25,19426.5,19615.5,19341.0,254.06K,0.03
713,2024-09-18,19349.25,19451.0,19660.0,19331.0,138.85K,-0.46
714,2024-09-19,19850.25,19420.5,19966.25,19408.75,134.92K,2.59
715,2024-09-20,19808.01,19831.25,19838.25,19746.5,4.96K,-0.21
716,2024-09-23,20080.0,20040.0,20164.0,19955.25,394.95K,1.37
717,2024-09-24,20167.75,20063.25,20214.75,19953.0,457.13K,0.44
718,2024-09-25,20192.0,20183.75,20271.0,20064.25,405.05K,0.12
719,2024-09-26,20346.25,20242.0,20538.0,20188.0,509.76K,0.76
720,2024-09-27,20221.5,20345.0,20395.75,20173.0,435.63K,-0.61
721,2024-09-30,20261.25,20198.5,20287.0,20056.0,510.43K,0.2
722,2024-10-01,19975.0,20234.25,20331.75,19818.0,662.78K,-1.41
723,2024-10-02,20009.75,19975.25,20090.25,19833.5,475.60K,0.17
724,2024-10-03,19990.25,20055.5,20113.75,19852.0,526.77K,-0.1
725,2024-10-04,20227.25,19965.5,20263.75,19941.5,560.07K,1.19
726,2024-10-07,19992.75,20220.0,20267.25,19948.0,450.37K,-1.16
727,2024-10-08,20298.5,20025.75,20329.5,19902.5,444.75K,1.53
728,2024-10-09,20463.5,20294.25,20482.75,20196.0,421.25K,0.81
729,2024-10-10,20429.75,20445.25,20508.25,20301.5,450.57K,-0.16
730,2024-10-11,20450.0,20435.0,20494.25,20314.75,385.31K,0.1
731,2024-10-14,20619.25,20432.5,20680.0,20383.25,395.76K,0.83
732,2024-10-15,20342.0,20638.75,20659.25,20254.0,522.39K,-1.34
733,2024-10-16,20349.5,20334.5,20398.5,20206.25,417.57K,0.04
734,2024-10-17,20368.0,20328.0,20594.75,20276.75,535.49K,0.09
735,2024-10-18,20483.5,20384.0,20529.75,20320.75,385.57K,0.57
736,2024-10-21,20519.5,20496.25,20554.5,20343.75,456.08K,0.18
737,2024-10-22,20542.0,20536.5,20602.25,20360.25,476.32K,0.11
738,2024-10-23,20220.5,20521.0,20542.5,20079.0,619.16K,-1.57
739,2024-10-24,20380.25,20294.25,20428.5,20261.75,462.55K,0.79
740,2024-10-25,20498.75,20388.5,20707.25,20364.0,585.93K,0.58
741,2024-10-28,20497.0,20525.5,20676.5,20486.0,430.12K,-0.01
742,2024-10-29,20696.5,20513.0,20760.25,20432.25,498.02K,0.97
743,2024-10-30,20534.75,20734.0,20788.5,20472.5,519.41K,-0.78
744,2024-10-31,20021.75,20482.0,20495.75,20008.5,686.68K,-2.5
745,2024-11-01,20153.25,20071.0,20288.0,20017.0,554.03K,0.66
746,2024-11-04,20086.0,20138.0,20248.5,20013.0,520.52K,-0.33
747,2024-11-05,20341.75,20130.75,20385.5,20041.75,450.12K,1.27
748,2024-11-06,20894.0,20360.5,20935.25,20323.5,632.41K,2.71
749,2024-11-07,21224.75,20923.5,21253.0,20861.5,462.81K,1.58
750,2024-11-08,21231.25,21224.25,21265.0,21121.75,401.94K,0.03
751,2024-11-11,21217.75,21249.75,21340.75,21098.25,456.01K,-0.06
752,2024-11-12,21189.5,21221.0,21251.75,21054.75,511.37K,-0.13
753,2024-11-13,21159.5,21178.0,21268.5,21056.5,533.74K,-0.14
754,2024-11-14,21011.75,21167.0,21190.25,20950.5,561.95K,-0.7
755,2024-11-15,20493.75,20977.5,20981.5,20405.25,691.85K,-2.47
756,2024-11-18,20633.5,20504.0,20724.25,20476.0,525.47K,0.68
757,2024-11-19,20767.75,20633.25,20792.5,20382.5,553.62K,0.65
758,2024-11-20,20749.0,20762.25,20843.25,20477.0,619.49K,-0.09
759,2024-11-21,20829.5,20738.0,20905.75,20514.25,698.34K,0.39
760,2024-11-22,20849.75,20794.0,20880.0,20693.25,541.55K,0.1
761,2024-11-25,20880.25,20935.0,21081.0,20780.25,544.57K,0.15
762,2024-11-26,20993.5,20906.25,21024.75,20755.0,505.25K,0.54
763,2024-11-27,20813.0,20990.75,21019.0,20675.0,520.03K,-0.86
764,2024-11-29,20993.5,20813.0,21017.5,20805.5,339.96K,0.87
765,2024-12-02,21218.0,20995.25,21259.75,20940.0,475.46K,1.07
766,2024-12-03,21281.5,21220.0,21329.0,21134.25,444.14K,0.3
767,2024-12-04,21536.5,21323.0,21548.5,21305.75,461.92K,1.2
768,2024-12-05,21473.25,21513.25,21567.25,21437.5,421.04K,-0.29
769,2024-12-06,21656.75,21450.0,21669.25,21424.75,459.88K,0.85
770,2024-12-09,21483.75,21649.0,21706.25,21436.0,517.12K,-0.8
771,2024-12-10,21405.25,21479.25,21606.75,21352.75,544.41K,-0.37
772,2024-12-11,21793.5,21436.0,21820.0,21405.75,547.21K,1.81
773,2024-12-12,21651.25,21756.75,21772.5,21604.25,510.31K,-0.65
774,2024-12-13,21795.75,21720.75,21908.0,21666.5,639.40K,0.67
775,2024-12-16,22110.25,21780.25,22152.5,21762.0,482.43K,1.44
776,2024-12-17,22014.75,22115.0,22124.5,21942.25,277.30K,-0.43
777,2024-12-18,21218.75,22010.0,22083.75,21034.25,209.59K,-3.62
778,2024-12-19,21112.75,21218.5,21424.25,21080.0,124.73K,-0.5
779,2024-12-20,20947.98,21151.5,21151.5,20745.0,9.01K,-0.78
780,2024-12-23,21753.25,21566.0,21776.75,21476.75,508.60K,3.84
781,2024-12-24,22028.5,21743.25,22049.75,21709.0,261.20K,1.27
782,2024-12-26,22008.0,22049.5,22111.25,21870.25,407.12K,-0.09
783,2024-12-27,21698.5,21990.75,22008.0,21498.75,572.60K,-1.41
784,2024-12-30,21416.25,21711.0,21742.75,21253.0,530.98K,-1.3
785,2024-12-31,21226.5,21390.25,21524.75,21182.0,477.28K,-0.89
786,2025-01-02,21167.5,21269.0,21490.5,20983.75,664.74K,-0.28
787,2025-01-03,21516.5,21186.75,21559.25,21144.0,488.24K,1.65
788,2025-01-06,21744.5,21532.25,21896.75,21478.25,574.30K,1.06
789,2025-01-07,21359.75,21781.25,21806.0,21279.5,645.14K,-1.77
790,2025-01-08,21360.75,21380.75,21448.25,21166.25,637.11K,0.0
791,2025-01-09,21301.5,21334.75,21347.25,21218.0,77.17K,-0.28
792,2025-01-10,21016.0,21302.75,21372.5,20874.75,703.96K,-1.34
793,2025-01-13,20947.25,21027.5,21037.0,20694.0,617.06K,-0.33
794,2025-01-14,20919.5,21020.0,21143.75,20773.5,676.19K,-0.13
795,2025-01-15,21400.25,20977.0,21452.75,20909.0,551.81K,2.3
796,2025-01-16,21249.75,21389.0,21567.25,21172.25,598.63K,-0.7
797,2025-01-17,21594.75,21227.5,21682.5,21209.25,594.11K,1.62
798,2025-01-21,21709.5,21600.0,21783.5,21377.75,662.32K,0.53
799,2025-01-22,22000.5,21809.25,22093.5,21768.25,508.61K,1.34
800,2025-01-23,22038.25,21981.75,22050.5,21855.5,476.29K,0.17
801,2025-01-24,21911.25,22018.5,22078.25,21844.0,522.90K,-0.58
802,2025-01-27,21258.5,21771.0,21771.0,20763.75,1.06M,-2.98
803,2025-01-28,21581.75,21343.25,21626.0,21159.5,663.34K,1.52
804,2025-01-29,21523.25,21559.0,21697.0,21367.0,629.63K,-0.27
805,2025-01-30,21624.75,21547.75,21748.75,21419.5,618.07K,0.47
806,2025-01-31,21589.25,21680.0,21966.0,21533.75,655.81K,-0.16
807,2025-02-03,21405.0,21200.0,21579.75,20943.0,728.14K,-0.85
808,2025-02-04,21670.25,21592.0,21694.0,21242.5,497.14K,1.24
809,2025-02-05,21763.0,21562.0,21795.0,21429.75,497.66K,0.43
810,2025-02-06,21871.75,21764.5,21882.25,21705.75,438.73K,0.5
811,2025-02-07,21590.75,21817.75,21968.0,21552.75,598.87K,-1.28
812,2025-02-10,21846.5,21463.25,21894.0,21418.0,391.63K,1.18
813,2025-02-11,21786.75,21832.0,21871.5,21669.5,423.20K,-0.27
814,2025-02-12,21804.75,21794.25,21862.5,21510.75,545.41K,0.08
815,2025-02-13,22113.25,21861.25,22124.0,21753.0,536.74K,1.41
816,2025-02-14,22196.25,22071.0,22225.0,22042.5,433.21K,0.38
817,2025-02-18,22232.25,22235.75,22319.75,22102.75,567.20K,0.16
818,2025-02-19,22250.5,22224.5,22299.75,22118.0,496.44K,0.08
819,2025-02-20,22141.75,22213.0,22235.5,21951.0,563.59K,-0.49
820,2025-02-21,21679.25,22136.0,22245.5,21652.75,708.35K,-2.09
821,2025-02-24,21420.25,21700.75,21813.0,21407.5,670.63K,-1.19
822,2025-02-25,21149.0,21442.5,21453.75,20990.0,805.68K,-1.27
823,2025-02-26,21187.0,21230.5,21409.25,21055.0,646.24K,0.18
824,2025-02-27,20605.75,21249.0,21386.5,20583.25,854.18K,-2.74
825,2025-02-28,20919.5,20649.5,20944.25,20460.5,845.89K,1.52
826,2025-03-03,20468.25,21005.25,21121.0,20316.75,833.04K,-2.16
827,2025-03-04,20399.0,20527.0,20732.5,20075.25,958.07K,-0.34
828,2025-03-05,20665.0,20555.0,20725.0,20215.0,783.64K,1.3
829,2025-03-06,20089.25,20605.25,20647.5,20003.0,763.15K,-2.79
830,2025-03-07,20229.75,20214.5,20286.25,19765.5,763.26K,0.7
831,2025-03-10,19452.75,20147.0,20156.5,19272.25,798.37K,-3.84
832,2025-03-11,19399.0,19440.0,19686.75,19139.25,857.88K,-0.28
833,2025-03-12,19618.5,19412.75,19788.75,19387.0,702.69K,1.13
834,2025-03-13,19249.0,19572.0,19694.0,19170.0,761.16K,-1.88
835,2025-03-14,19712.0,19312.75,19742.5,19296.75,742.66K,2.41
836,2025-03-17,19831.75,19668.25,19959.25,19550.5,584.95K,0.61
837,2025-03-18,19496.75,19821.0,19858.0,19397.75,360.20K,-1.69
838,2025-03-19,19746.75,19496.75,19935.0,19455.5,210.52K,1.28
839,2025-03-20,19678.5,19746.75,19898.75,19530.25,116.16K,-0.35
840,2025-03-21,19450.81,19690.75,19728.75,19408.0,7.82K,-1.16
841,2025-03-24,20374.25,20050.5,20409.5,20050.5,555.04K,4.75
842,2025-03-25,20488.5,20353.0,20524.75,20293.0,470.89K,0.56
843,2025-03-26,20116.5,20511.5,20536.75,20045.0,620.69K,-1.82
844,2025-03-27,19990.25,20046.0,20199.5,19937.25,634.74K,-0.63
845,2025-03-28,19457.0,19995.25,20011.75,19357.5,696.40K,-2.67
846,2025-03-31,19439.5,19319.75,19489.75,18976.75,842.55K,-0.09
847,2025-04-01,19604.5,19411.25,19644.0,19261.25,790.96K,0.85
848,2025-04-02,19758.0,19600.5,20044.25,19076.75,835.32K,0.78
849,2025-04-03,18675.5,19020.0,19177.0,18614.0,893.79K,-5.48
850,2025-04-04,17539.0,18660.0,18713.0,17387.5,1.20M,-6.09
851,2025-04-07,17563.25,17100.0,18361.5,16460.0,1.14M,0.14
852,2025-04-08,17243.75,17665.0,18357.25,16973.5,956.64K,-1.82
853,2025-04-09,19288.75,17220.25,19386.75,16735.0,1.09M,11.86
854,2025-04-10,18484.5,19266.75,19383.5,17919.0,975.10K,-4.17
855,2025-04-11,18807.5,18464.75,18873.5,18067.0,667.63K,1.75
856,2025-04-14,18934.75,19225.0,19256.0,18737.5,570.51K,0.68
857,2025-04-15,18960.25,18902.5,19144.75,18809.0,525.79K,0.13
858,2025-04-16,18385.25,18790.0,18861.25,18116.25,683.18K,-3.03
859,2025-04-17,18380.75,18391.25,18652.75,18261.5,629.37K,-0.02
860,2025-04-21,17922.25,18306.25,18383.5,17700.0,484.75K,-2.49
861,2025-04-22,18385.0,17914.0,18514.0,17863.75,619.15K,2.58
862,2025-04-23,18804.0,18646.0,19165.5,18623.75,733.98K,2.28
863,2025-04-24,19322.0,18826.5,19418.0,18594.75,599.46K,2.75
864,2025-04-25,19535.25,19405.0,19589.0,19216.25,587.59K,1.1
865,2025-04-28,19528.0,19524.5,19623.0,19257.25,514.47K,-0.04
866,2025-04-29,19642.0,19478.25,19688.5,19378.0,565.54K,0.58
867,2025-04-30,19658.5,19599.75,19880.0,19103.75,713.64K,0.08
868,2025-05-01,19870.75,19834.0,20125.75,19757.25,588.90K,1.08
869,2025-05-02,20195.25,19782.5,20276.75,19749.5,517.81K,1.63
870,2025-05-05,20055.5,20181.5,20201.75,19966.0,418.88K,-0.69
871,2025-05-06,19876.5,20014.25,20036.75,19739.0,514.53K,-0.89
872,2025-05-07,19961.0,19809.0,20133.75,19678.75,597.36K,0.43
873,2025-05-08,20148.0,19934.5,20337.25,19910.75,567.60K,0.94
874,2025-05-09,20136.75,20157.0,20288.75,20058.0,453.69K,-0.06
875,2025-05-12,20948.75,20398.5,20996.0,20376.75,638.56K,4.03
876,2025-05-13,21278.0,20954.75,21346.5,20818.0,526.71K,1.57
877,2025-05-14,21392.5,21250.0,21419.5,21238.25,513.59K,0.54
878,2025-05-15,21400.25,21379.75,21529.75,21192.0,542.99K,0.04
879,2025-05-16,21506.0,21396.0,21512.0,21320.25,419.24K,0.49
880,2025-05-19,21527.0,21310.75,21544.5,21112.5,520.28K,0.1
881,2025-05-20,21447.25,21513.0,21562.25,21298.0,437.87K,-0.37
882,2025-05-21,21156.75,21414.75,21558.5,21072.75,605.67K,-1.35
883,2025-05-22,21178.25,21145.0,21337.5,21040.0,512.63K,0.1
884,2025-05-23,20975.0,21223.75,21236.0,20727.0,528.06K,-0.96
885,2025-05-26,21235.75,21235.75,21306.5,21168.5,96.70K,1.24
886,2025-05-27,21460.5,20978.0,21488.5,20954.25,531.36K,1.06
887,2025-05-28,21379.75,21480.0,21567.5,21321.25,421.65K,-0.38
888,2025-05-29,21408.5,21513.0,21858.75,21301.0,563.89K,0.13
889,2025-05-30,21376.75,21371.25,21433.5,21071.5,551.09K,-0.15
890,2025-06-02,21534.5,21303.75,21576.25,21163.0,434.59K,0.74
891,2025-06-03,21706.0,21555.0,21759.75,21399.25,427.86K,0.8
892,2025-06-04,21766.5,21688.25,21803.0,21641.0,403.01K,0.28
893,2025-06-05,21582.25,21744.75,21935.0,21503.5,591.47K,-0.85
894,2025-06-06,21789.5,21471.0,21873.5,21471.0,466.59K,0.96
895,2025-06-09,22048.25,22045.5,22110.5,21947.5,2.99K,1.19
896,2025-06-10,22190.0,22067.5,22218.75,21960.0,5.13K,0.64
897,2025-06-11,22112.25,22180.0,22323.75,22020.0,10.66K,-0.35
898,2025-06-12,22158.5,22096.0,22202.0,21940.25,24.52K,0.21
899,2025-06-13,21860.75,22132.25,22134.75,21692.25,119.60K,-1.34
900,2025-06-16,22168.25,21772.5,22222.0,21726.0,420.11K,1.41
901,2025-06-17,21956.0,22176.0,22177.25,21909.5,476.44K,-0.96
902,2025-06-18,21945.25,21927.5,22097.75,21862.25,481.86K,-0.05
903,2025-06-19,21887.0,21887.0,21951.25,21653.5,133.78K,-0.27
904,2025-06-20,21844.75,21956.75,22130.5,21650.25,649.88K,-0.19
905,2025-06-23,22073.5,21648.25,22093.0,21566.75,549.77K,1.05
906,2025-06-24,22412.75,22079.0,22448.25,22065.75,447.98K,1.54
907,2025-06-25,22461.0,22412.0,22548.25,22384.5,397.61K,0.22
908,2025-06-26,22669.25,22461.25,22694.0,22437.75,422.40K,0.93
909,2025-06-27,22751.5,22676.25,22825.5,22600.0,487.84K,0.36
910,2025-06-30,22893.25,22751.5,22934.75,22751.5,434.25K,0.62
911,2025-07-01,22692.75,22867.5,22914.75,22594.5,495.08K,-0.88
912,2025-07-02,22843.0,22694.5,22858.75,22582.0,408.88K,0.66
913,2025-07-03,23062.5,22845.0,23102.5,22827.0,269.08K,0.96
914,2025-07-04,22906.75,23035.5,23049.0,22887.25,72.56K,-0.68
915,2025-07-07,22884.75,22970.0,23028.5,22779.75,537.93K,-0.1
916,2025-07-08,22896.75,22837.75,22972.75,22808.5,420.91K,0.05
917,2025-07-09,23052.75,22906.5,23112.0,22843.5,450.52K,0.68
918,2025-07-10,23013.25,23041.0,23090.0,22901.25,391.78K,-0.17
919,2025-07-11,22959.0,23011.75,23048.75,22831.5,461.06K,-0.24
920,2025-07-14,23035.5,22860.75,23066.5,22803.0,414.47K,0.33
921,2025-07-15,23056.75,23034.25,23222.75,22996.0,524.06K,0.09
922,2025-07-16,23076.5,23018.75,23100.0,22835.5,548.60K,0.09
923,2025-07-17,23251.0,23065.5,23279.75,23017.0,445.29K,0.76
924,2025-07-18,23224.25,23261.25,23320.75,23169.5,450.70K,-0.12
925,2025-07-21,23342.0,23232.5,23424.75,23203.75,398.83K,0.51
926,2025-07-22,23226.25,23339.5,23367.0,23108.0,537.83K,-0.5
927,2025-07-23,23310.75,23191.25,23418.0,23146.75,512.96K,0.36
928,2025-07-24,23377.5,23402.25,23424.5,23298.25,435.56K,0.29
929,2025-07-25,23421.25,23391.5,23476.0,23330.75,395.47K,0.19
930,2025-07-28,23491.25,23520.0,23585.25,23436.75,424.39K,0.3
931,2025-07-29,23452.0,23504.25,23652.5,23421.25,538.17K,-0.17
932,2025-07-30,23480.5,23452.0,23689.0,23356.5,538.73K,0.12
933,2025-07-31,23365.0,23705.0,23845.0,23290.5,739.64K,-0.49
934,2025-08-01,22883.75,23308.5,23347.5,22775.0,803.56K,-2.06
935,2025-08-04,23296.5,22850.0,23352.5,22821.75,472.67K,1.8
936,2025-08-05,23132.0,23354.0,23404.25,23084.5,542.68K,-0.71
937,2025-08-06,23422.75,23091.75,23445.25,23045.5,527.51K,1.26
938,2025-08-07,23496.25,23418.5,23671.0,23329.0,561.72K,0.31
939,2025-08-08,23713.75,23518.25,23767.75,23503.0,454.19K,0.93
940,2025-08-11,23637.5,23764.0,23804.5,23587.5,443.98K,-0.32
941,2025-08-12,23938.0,23635.0,23953.5,23596.0,488.58K,1.27
942,2025-08-13,23946.5,23945.0,24068.5,23886.0,453.51K,0.04
943,2025-08-14,23930.5,23927.75,24007.75,23793.25,492.05K,-0.07
944,2025-08-15,23804.0,23888.75,23963.0,23734.5,441.89K,-0.53
945,2025-08-18,23797.75,23795.0,23881.75,23719.0,399.62K,-0.03
946,2025-08-19,23469.5,23800.75,23838.0,23426.0,557.58K,-1.38
947,2025-08-20,23324.0,23461.0,23485.5,23035.0,713.57K,-0.62
948,2025-08-21,23219.75,23323.0,23369.25,23119.0,525.92K,-0.45
949,2025-08-22,23569.75,23225.25,23650.0,23076.75,490.87K,1.51
950,2025-08-25,23498.25,23602.0,23616.25,23443.25,399.49K,-0.3
951,2025-08-26,23591.5,23505.75,23611.0,23371.5,443.75K,0.4
952,2025-08-27,23628.75,23604.0,23689.0,23434.75,436.56K,0.16
953,2025-08-28,23769.0,23542.25,23803.75,23487.5,486.27K,0.59
954,2025-08-29,23461.75,23760.5,23762.0,23397.5,539.16K,-1.29
955,2025-09-01,23444.5,23444.5,23552.5,23371.25,95.80K,-0.07
956,2025-09-02,23275.0,23479.0,23552.5,23025.25,744.12K,-0.72
957,2025-09-03,23448.75,23382.0,23525.25,23298.25,563.65K,0.75
958,2025-09-04,23668.0,23456.75,23708.75,23410.0,484.99K,0.94
959,2025-09-05,23684.0,23700.0,23902.0,23505.0,674.09K,0.07
960,2025-09-08,24033.0,23901.75,24120.5,23890.0,4.30K,1.47
961,2025-09-09,24108.0,24042.75,24152.0,23963.25,5.80K,0.31
962,2025-09-10,24110.5,24130.0,24276.0,24017.5,9.22K,0.01
963,2025-09-11,24248.25,24092.75,24281.25,24085.0,18.36K,0.57
964,2025-09-12,24351.0,24255.75,24395.5,24200.75,66.08K,0.42
965,2025-09-15,24550.75,24353.0,24556.75,24317.75,360.21K,0.82
966,2025-09-16,24522.25,24533.75,24647.25,24499.25,431.72K,-0.12
967,2025-09-17,24465.25,24526.75,24553.0,24242.0,610.14K,-0.23
968,2025-09-18,24705.5,24498.5,24816.0,24495.25,557.62K,0.98
969,2025-09-19,24866.25,24717.75,24888.0,24655.0,505.60K,0.65
970,2025-09-22,25003.0,24850.0,25027.25,24748.75,481.20K,0.55
971,2025-09-23,24827.25,24995.0,25026.0,24780.5,564.18K,-0.7
972,2025-09-24,24739.25,24839.5,24913.5,24627.0,530.44K,-0.35
973,2025-09-25,24629.25,24746.0,24793.5,24422.5,710.11K,-0.44
974,2025-09-26,24726.75,24642.5,24747.5,24520.0,548.79K,0.4
975,2025-09-29,24837.75,24726.5,24975.5,24721.75,508.36K,0.45
976,2025-09-30,24901.75,24817.75,24913.75,24722.25,513.25K,0.26
977,2025-10-01,25017.5,24843.0,25036.75,24633.25,474.67K,0.46
978,2025-10-02,25110.0,25009.25,25180.0,24993.75,460.29K,0.37
979,2025-10-03,24992.0,25101.5,25196.5,24923.25,490.72K,-0.47
980,2025-10-06,25184.75,25000.0,25252.75,24995.0,414.91K,0.77
981,2025-10-07,25039.25,25184.5,25275.0,24984.75,539.43K,-0.58
982,2025-10-08,25331.0,25059.75,25364.75,25026.25,451.31K,1.17
983,2025-10-09,25289.25,25351.5,25394.0,25160.75,500.93K,-0.16
984,2025-10-10,24397.0,25287.75,25388.0,24158.5,934.37K,-3.53
985,2025-10-13,24922.25,24542.0,24965.0,24542.0,5.68K,2.15
986,2025-10-14,24762.5,24913.75,25044.25,24421.0,729.06K,-0.64
987,2025-10-15,24924.5,24754.0,25115.0,24663.25,637.04K,0.65
988,2025-10-16,24831.25,24937.0,25179.5,24643.5,738.76K,-0.37
989,2025-10-17,24986.5,24793.75,25055.75,24410.0,743.68K,0.63
990,2025-10-20,25305.25,25065.75,25354.5,24955.75,437.21K,1.28
991,2025-10-21,25294.75,25326.75,25368.0,25203.25,441.49K,-0.04
992,2025-10-22,25039.25,25283.75,25338.25,24804.75,695.13K,-1.01
993,2025-10-23,25254.0,25012.25,25296.0,24937.0,527.35K,0.86
994,2025-10-24,25509.25,25283.25,25570.75,25276.0,467.73K,1.01
995,2025-10-27,25963.75,25723.5,26013.5,25700.0,435.23K,1.78
996,2025-10-28,26163.5,26002.5,26231.5,25943.0,452.12K,0.77
997,2025-10-29,26262.5,26179.75,26379.75,26049.25,557.80K,0.38
998,2025-10-30,25882.75,26154.5,26399.0,25853.0,665.78K,-1.45
999,2025-10-31,26004.0,26150.5,26274.0,25888.75,597.98K,0.47
1000,2025-11-03,26103.25,26028.25,26266.0,26012.75,,0.38
1001,2025-11-04,25575.25,26104.5,26104.5,25522.75,669.48K,-2.02
1002,2025-11-05,25746.25,25545.0,25880.0,25282.0,618.17K,0.67
1003,2025-11-06,25244.25,25738.5,25822.25,25197.75,754.44K,-1.95
1004,2025-11-07,25166.25,25314.75,25354.75,24709.25,765.09K,-0.31
1005,2025-11-10,25714.5,25320.75,25760.5,25269.0,626.20K,2.18
1006,2025-11-11,25640.75,25722.25,25768.75,25478.5,537.97K,-0.29
1007,2025-11-12,25623.75,25668.0,25830.0,25488.75,606.26K,-0.07
1008,2025-11-13,25094.75,25624.0,25721.5,25002.5,775.13K,-2.06
1009,2025-11-14,25094.0,25095.25,25293.25,24626.0,862.32K,0.0
1010,2025-11-17,24879.0,25142.25,25361.25,24731.75,738.98K,-0.86
1011,2025-11-18,24595.75,24905.5,24959.5,24376.25,871.07K,-1.14
1012,2025-11-19,24721.75,24551.0,24988.0,24445.0,770.45K,0.51
1013,2025-11-20,24131.5,24966.75,25310.0,24073.25,995.84K,-2.39
1014,2025-11-21,24305.5,24110.0,24596.25,23904.5,918.73K,0.72
1015,2025-11-24,24948.25,24455.75,24993.5,24361.75,604.15K,2.64
1016,2025-11-25,25085.5,24966.25,25135.25,24602.0,629.58K,0.55
1017,2025-11-26,25302.25,25071.25,25376.0,25061.25,522.20K,0.86
1018,2025-11-27,25329.25,25329.25,25339.0,25286.75,49.58K,0.11
1019,2025-11-28,25482.0,25313.0,25499.75,25285.75,199.45K,0.6
1020,2025-12-01,25391.25,25482.5,25546.0,25193.25,574.73K,-0.36
1021,2025-12-02,25606.0,25411.5,25670.0,25324.75,561.95K,0.85
1022,2025-12-03,25657.5,25611.0,25685.25,25421.5,494.19K,0.2
1023,2025-12-04,25622.75,25650.25,25732.5,25488.75,509.53K,-0.14
1024,2025-12-05,25732.0,25629.75,25868.0,25579.75,498.26K,0.43
1025,2025-12-08,25664.0,25750.0,25860.75,25564.75,473.15K,-0.26
1026,2025-12-09,25699.75,25713.0,25735.75,25560.0,407.39K,0.14
1027,2025-12-10,25798.0,25680.0,25870.75,25528.75,556.71K,0.38
1028,2025-12-11,25971.0,26047.5,26116.5,25644.5,27.89K,0.67
1029,2025-12-12,25469.5,25971.0,25990.75,25371.5,88.92K,-1.93
1030,2025-12-15,25342.75,25463.25,25668.0,25285.75,499.26K,-0.5
1031,2025-12-16,25380.25,25345.75,25444.0,25073.25,671.99K,0.15
1032,2025-12-17,24898.75,25332.0,25508.5,24887.75,693.93K,-1.9
1033,2025-12-18,25261.75,24983.5,25412.5,24901.25,711.27K,1.46
1034,2025-12-19,25574.75,25240.0,25600.25,25209.75,502.61K,1.24
1035,2025-12-22,25692.25,25635.25,25794.75,25628.0,367.32K,0.46
1036,2025-12-23,25812.25,25701.0,25822.5,25608.25,336.35K,0.47
1037,2025-12-24,25880.5,25815.75,25892.0,25777.5,163.04K,0.26
1038,2025-12-25,25887.75,25887.75,25897.75,25868.25,2.67K,0.03
1039,2025-12-26,25863.25,25868.0,25935.25,25834.25,235.18K,-0.09
