,date,ixk,open,high,low,volume,ixk_cr
0,2021-12-27,12408.5498046875,12205.76953125,12409.4599609375,12205.76953125,770100,nan%
1,2021-12-28,12310.8095703125,12431.419921875,12436.6298828125,12283.1396484375,0,-0.79%
2,2021-12-29,12302.8603515625,12322.1796875,12364.6396484375,12240.1103515625,631300,-0.06%
3,2021-12-30,12241.1396484375,12309.7900390625,12365.6298828125,12229.23046875,611300,-0.50%
4,2021-12-31,12155.5302734375,12223.599609375,12266.0498046875,12154.16015625,525900,-0.70%
5,2022-01-03,12248.6298828125,12182.91015625,12285.33984375,12119.3203125,737300,0.77%
6,2022-01-04,12086.830078125,12274.1201171875,12274.1201171875,11979.23046875,839000,-1.32%
7,2022-01-05,11631.4404296875,12000.5703125,12017.1103515625,11625.2001953125,1025500,-3.77%
8,2022-01-06,11614.83984375,11532.0703125,11737.900390625,11517.5,849900,-0.14%
9,2022-01-07,11505.400390625,11641.83984375,11694.2900390625,11424.7998046875,799700,-0.94%
10,2022-01-10,11546.6201171875,11327.759765625,11558.8203125,11167.2802734375,913200,0.36%
11,2022-01-11,11698.9296875,11510.66015625,11711.9404296875,11439.8896484375,760300,1.32%
12,2022-01-12,11754.7802734375,11809.0703125,11880.669921875,11698.51953125,806000,0.48%
13,2022-01-13,11413.580078125,11825.75,11847.5302734375,11391.150390625,851400,-2.90%
14,2022-01-14,11542.240234375,11340.0498046875,11547.7998046875,11340.0498046875,767300,1.13%
15,2022-01-18,11214.2900390625,11352.330078125,11419.5302734375,11191.6298828125,870900,-2.84%
16,2022-01-19,11081.7197265625,11288.5302734375,11405.0498046875,11073.2001953125,826800,-1.18%
17,2022-01-20,10925.73046875,11192.4501953125,11318.3603515625,10914.650390625,938900,-1.41%
18,2022-01-21,10690.4404296875,10871.9296875,11030.26953125,10685.5400390625,1114200,-2.15%
19,2022-01-24,10755.7998046875,10446.98046875,10777.1103515625,10115.2998046875,1367600,0.61%
20,2022-01-25,10457.7099609375,10534.73046875,10679.0302734375,10375.5302734375,1107400,-2.77%
21,2022-01-26,10555.2099609375,10806.8095703125,10923.98046875,10427.650390625,1344200,0.93%
22,2022-01-27,10450.900390625,10730.580078125,10783.1103515625,10419.7900390625,1155600,-0.99%
23,2022-01-28,10855.8798828125,10582.080078125,10859.1103515625,10397.3896484375,1064300,3.88%
24,2022-01-31,11196.080078125,10892.080078125,11201.3203125,10832.169921875,1027600,3.13%
25,2022-02-01,11248.9404296875,11237.2001953125,11257.8095703125,11052.9697265625,1032300,0.47%
26,2022-02-02,11471.650390625,11491.58984375,11524.76953125,11317.23046875,1066700,1.98%
27,2022-02-03,10921.16015625,11110.6396484375,11252.7197265625,10891.240234375,1055000,-4.80%
28,2022-02-04,11005.3095703125,10895.9296875,11109.0498046875,10807.0595703125,959200,0.77%
29,2022-02-07,10885.849609375,11024.2998046875,11095.6796875,10849.33984375,1032500,-1.09%
30,2022-02-08,11030.2900390625,10856.5,11060.8095703125,10823.01953125,952600,1.33%
31,2022-02-09,11301.490234375,11176.4599609375,11302.0,11132.4404296875,955200,2.46%
32,2022-02-10,11021.1201171875,11091.91015625,11294.490234375,10971.400390625,1033500,-2.48%
33,2022-02-11,10655.75,11056.580078125,11083.23046875,10608.099609375,1041200,-3.32%
34,2022-02-14,10673.990234375,10629.1796875,10766.9599609375,10549.7001953125,847600,0.17%
35,2022-02-15,10972.66015625,10850.5302734375,10976.5302734375,10819.9697265625,911800,2.80%
36,2022-02-16,10946.919921875,10879.0,10980.23046875,10765.2802734375,796100,-0.23%
37,2022-02-17,10568.6904296875,10825.349609375,10830.400390625,10555.73046875,1004900,-3.46%
38,2022-02-18,10420.0498046875,10610.4296875,10632.080078125,10357.01953125,963200,-1.41%
39,2022-02-22,10318.25,10307.240234375,10500.9697265625,10200.599609375,993300,-0.98%
40,2022-02-23,10064.2900390625,10444.9697265625,10473.5595703125,10060.4404296875,883400,-2.46%
41,2022-02-24,10468.1201171875,9699.759765625,10478.1298828125,9699.759765625,1312300,4.01%
42,2022-02-25,10597.990234375,10461.240234375,10601.7099609375,10347.900390625,961900,1.24%
43,2022-02-28,10632.08984375,10502.4404296875,10676.2998046875,10451.1396484375,982300,0.32%
44,2022-03-01,10453.1298828125,10613.3701171875,10674.7099609375,10374.7802734375,974300,-1.68%
45,2022-03-02,10657.1904296875,10517.6796875,10694.9697265625,10428.7197265625,864400,1.95%
46,2022-03-03,10506.099609375,10730.91015625,10730.91015625,10449.0400390625,835300,-1.42%
47,2022-03-04,10295.48046875,10448.990234375,10479.7802734375,10221.919921875,878600,-2.00%
48,2022-03-07,9881.4599609375,10313.1298828125,10335.7099609375,9877.0498046875,977700,-4.02%
49,2022-03-08,9858.2802734375,9854.6396484375,10166.1298828125,9717.83984375,1161800,-0.23%
50,2022-03-09,10289.3095703125,10138.0703125,10326.5400390625,10062.1904296875,1067100,4.37%
51,2022-03-10,10113.41015625,10119.419921875,10143.240234375,9959.0400390625,910200,-1.71%
52,2022-03-11,9868.1796875,10188.0,10194.490234375,9854.099609375,944300,-2.42%
53,2022-03-14,9620.830078125,9802.150390625,9903.6201171875,9597.0595703125,0,-2.51%
54,2022-03-15,9948.919921875,9709.25,9969.2001953125,9647.2802734375,0,3.41%
55,2022-03-16,10336.2802734375,10084.8896484375,10338.919921875,9951.08984375,0,3.89%
56,2022-03-17,10426.91015625,10271.8798828125,10434.51953125,10224.2900390625,0,0.88%
57,2022-03-18,10675.849609375,10380.6796875,10688.099609375,10351.48046875,0,2.39%
58,2022-03-21,10657.009765625,10633.73046875,10713.6904296875,10503.3701171875,0,-0.18%
59,2022-03-22,10852.0,10654.009765625,10921.6396484375,10644.259765625,961400,1.83%
60,2022-03-23,10708.7197265625,10740.4501953125,10886.5595703125,10690.26953125,929100,-1.32%
61,2022-03-24,11015.6103515625,10777.419921875,11017.3095703125,10723.599609375,942500,2.87%
62,2022-03-25,10995.669921875,11017.5703125,11039.83984375,10851.6103515625,824300,-0.18%
63,2022-03-28,11116.0498046875,10953.490234375,11117.099609375,10903.6904296875,1033700,1.09%
64,2022-03-29,11319.6201171875,11229.4296875,11338.51953125,11146.8095703125,956700,1.83%
65,2022-03-30,11165.6796875,11264.849609375,11299.58984375,11117.0595703125,1045200,-1.36%
66,2022-03-31,10966.73046875,11169.7998046875,11178.2099609375,10963.8896484375,994000,-1.78%
67,2022-04-01,10953.51953125,10979.1103515625,11029.2001953125,10834.0302734375,946800,-0.12%
68,2022-04-04,11193.8701171875,10987.7998046875,11195.8798828125,10984.900390625,852700,2.19%
69,2022-04-05,10923.740234375,11161.73046875,11169.2099609375,10896.349609375,866100,-2.41%
70,2022-04-06,10617.4697265625,10730.5703125,10760.9697265625,10540.76953125,935400,-2.80%
71,2022-04-07,10633.650390625,10586.66015625,10713.8603515625,10478.740234375,795400,0.15%
72,2022-04-08,10449.75,10566.73046875,10580.25,10433.25,724900,-1.73%
73,2022-04-11,10165.6298828125,10302.98046875,10313.5,10156.259765625,844200,-2.72%
74,2022-04-12,10128.9501953125,10324.6796875,10401.3798828125,10079.9599609375,770600,-0.36%
75,2022-04-13,10322.98046875,10138.91015625,10357.6904296875,10110.1201171875,754100,1.92%
76,2022-04-14,10037.150390625,10345.150390625,10345.150390625,10027.9404296875,965800,-2.77%
77,2022-04-18,10073.4697265625,10005.7802734375,10133.8798828125,9973.669921875,788900,0.36%
78,2022-04-19,10272.5703125,10050.349609375,10293.4296875,10007.0302734375,718300,1.98%
79,2022-04-20,10173.4501953125,10365.6396484375,10382.5302734375,10142.2900390625,842400,-0.96%
80,2022-04-21,9936.9296875,10276.0302734375,10369.1298828125,9908.26953125,1192400,-2.32%
81,2022-04-22,9660.509765625,9947.7802734375,10005.150390625,9648.6103515625,842000,-2.78%
82,2022-04-25,9840.16015625,9598.8203125,9848.4599609375,9579.5,903600,1.86%
83,2022-04-26,9465.169921875,9771.599609375,9771.599609375,9464.900390625,1078100,-3.81%
84,2022-04-27,9473.3798828125,9430.7197265625,9659.08984375,9412.5498046875,980500,0.09%
85,2022-04-28,9907.23046875,9720.2001953125,9974.2900390625,9587.7099609375,1101400,4.58%
86,2022-04-29,9511.7001953125,9794.3701171875,9953.0498046875,9497.099609375,1052700,-3.99%
87,2022-05-02,9715.1103515625,9512.7001953125,9724.1103515625,9436.0,943500,2.14%
88,2022-05-03,9734.900390625,9680.080078125,9804.650390625,9634.9599609375,917300,0.20%
89,2022-05-04,10092.0595703125,9758.099609375,10113.26953125,9566.9697265625,1093200,3.67%
90,2022-05-05,9562.1796875,9937.7998046875,9940.419921875,9448.8701171875,1054900,-5.25%
91,2022-05-06,9469.169921875,9495.349609375,9648.0,9321.4501953125,983100,-0.97%
92,2022-05-09,9072.849609375,9293.490234375,9349.759765625,9035.0703125,1264500,-4.19%
93,2022-05-10,9229.6201171875,9327.0,9366.3701171875,9078.75,1300600,1.73%
94,2022-05-11,8903.3896484375,9133.3896484375,9326.509765625,8881.1904296875,1147600,-3.53%
95,2022-05-12,8827.1201171875,8749.4296875,8982.7998046875,8619.0498046875,1254900,-0.86%
96,2022-05-13,9166.25,8955.7802734375,9221.7099609375,8908.08984375,1095200,3.84%
97,2022-05-16,9061.48046875,9072.650390625,9189.8701171875,9006.5703125,910900,-1.14%
98,2022-05-17,9310.5498046875,9277.76953125,9321.2197265625,9139.91015625,1038400,2.75%
99,2022-05-18,8852.91015625,9163.1201171875,9196.8896484375,8824.2197265625,1051500,-4.92%
100,2022-05-19,8792.3896484375,8833.0400390625,8961.8603515625,8775.8798828125,1015000,-0.68%
101,2022-05-20,8779.5595703125,8938.23046875,8951.5302734375,8500.23046875,1087600,-0.15%
102,2022-05-23,8970.4599609375,8789.33984375,8988.1298828125,8768.3603515625,822200,2.17%
103,2022-05-24,8729.0400390625,8767.6904296875,8795.849609375,8556.91015625,929600,-2.69%
104,2022-05-25,8839.4697265625,8679.8603515625,8907.7998046875,8664.259765625,854700,1.27%
105,2022-05-26,9070.0,8752.9697265625,9108.33984375,8748.16015625,962100,2.61%
106,2022-05-27,9406.990234375,9194.1103515625,9407.599609375,9174.1904296875,872700,3.72%
107,2022-05-31,9359.4501953125,9407.0498046875,9460.26953125,9252.5498046875,1088400,-0.51%
108,2022-06-01,9315.5703125,9455.9296875,9537.73046875,9249.7197265625,828200,-0.47%
109,2022-06-02,9578.5,9245.1904296875,9579.9501953125,9204.4296875,1068300,2.82%
110,2022-06-03,9302.0498046875,9369.41015625,9436.5302734375,9259.41015625,891700,-2.89%
111,2022-06-06,9335.4501953125,9450.2099609375,9504.099609375,9282.7001953125,846100,0.36%
112,2022-06-07,9449.150390625,9232.4404296875,9465.169921875,9202.7099609375,764500,1.22%
113,2022-06-08,9368.990234375,9423.490234375,9487.2900390625,9339.1103515625,976800,-0.85%
114,2022-06-09,9100.73046875,9296.8798828125,9404.3203125,9097.1796875,1347400,-2.86%
115,2022-06-10,8734.4296875,8927.849609375,8961.4599609375,8733.01953125,1115600,-4.02%
116,2022-06-13,8313.0,8441.25,8528.240234375,8289.6904296875,1113000,-4.82%
117,2022-06-14,8357.6103515625,8390.6396484375,8431.3095703125,8284.9296875,836100,0.54%
118,2022-06-15,8570.58984375,8486.4404296875,8694.1796875,8379.2900390625,896900,2.55%
119,2022-06-16,8207.009765625,8328.4697265625,8361.6298828125,8143.56005859375,1056800,-4.24%
120,2022-06-17,8304.2998046875,8239.3203125,8380.3701171875,8160.43017578125,1401100,1.19%
121,2022-06-21,8522.0703125,8429.6201171875,8602.23046875,8429.6201171875,924200,2.62%
122,2022-06-22,8487.8095703125,8427.5703125,8627.6103515625,8422.51953125,1393900,-0.40%
123,2022-06-23,8619.9599609375,8554.01953125,8642.5703125,8479.9296875,1030200,1.56%
124,2022-06-24,8953.669921875,8736.7998046875,8959.900390625,8734.2998046875,1481900,3.87%
125,2022-06-27,8881.75,9005.400390625,9019.26953125,8845.8603515625,850500,-0.80%
126,2022-06-28,8596.330078125,8887.099609375,8970.0498046875,8593.4599609375,894900,-3.21%
127,2022-06-29,8612.2001953125,8578.58984375,8669.900390625,8518.3603515625,822800,0.18%
128,2022-06-30,8469.26953125,8511.400390625,8588.1298828125,8322.169921875,1104000,-1.66%
129,2022-07-01,8473.23046875,8426.0,8490.490234375,8329.0302734375,923300,0.05%
130,2022-07-05,8664.849609375,8341.4697265625,8667.240234375,8306.900390625,934700,2.26%
131,2022-07-06,8740.5498046875,8689.7001953125,8811.8203125,8625.919921875,951300,0.87%
132,2022-07-07,8965.4296875,8803.849609375,8984.990234375,8784.0498046875,944700,2.57%
133,2022-07-08,8980.2001953125,8844.4296875,9008.3603515625,8833.5703125,952500,0.16%
134,2022-07-11,8784.8203125,8871.4599609375,8882.58984375,8735.8095703125,870000,-2.18%
135,2022-07-12,8669.0595703125,8840.6904296875,8889.2900390625,8622.5595703125,857600,-1.32%
136,2022-07-13,8628.5595703125,8493.759765625,8688.9501953125,8469.4296875,1125000,-0.47%
137,2022-07-14,8677.330078125,8562.6904296875,8711.5,8440.98046875,993800,0.57%
138,2022-07-15,8825.0703125,8780.8896484375,8827.669921875,8718.25,934600,1.70%
139,2022-07-18,8723.25,8907.0302734375,8959.66015625,8692.0,1576800,-1.15%
140,2022-07-19,9017.3798828125,8845.7001953125,9025.7099609375,8781.1904296875,1920900,3.37%
141,2022-07-20,9181.599609375,9026.0595703125,9227.490234375,8991.150390625,1446300,1.82%
142,2022-07-21,9294.9501953125,9191.1796875,9295.8798828125,9072.7802734375,1125700,1.23%
143,2022-07-22,9057.7802734375,9226.0400390625,9276.2099609375,9005.8896484375,1152300,-2.55%
144,2022-07-25,8987.900390625,9048.990234375,9076.66015625,8923.2998046875,919300,-0.77%
145,2022-07-26,8798.8203125,8951.490234375,8961.580078125,8766.0400390625,810200,-2.10%
146,2022-07-27,9253.41015625,8999.5595703125,9296.5400390625,8956.9697265625,986600,5.17%
147,2022-07-28,9348.8095703125,9233.2197265625,9364.8896484375,9130.2197265625,962600,1.03%
148,2022-07-29,9505.5498046875,9372.2197265625,9532.8203125,9324.1796875,1025500,1.68%
149,2022-08-01,9475.509765625,9426.01953125,9589.419921875,9394.75,848700,-0.32%
150,2022-08-02,9440.2900390625,9381.3603515625,9555.7099609375,9352.58984375,938500,-0.37%
151,2022-08-03,9727.91015625,9480.759765625,9753.3603515625,9471.990234375,972900,3.05%
152,2022-08-04,9754.990234375,9703.080078125,9759.099609375,9637.1904296875,1183400,0.28%
153,2022-08-05,9716.7802734375,9591.669921875,9761.259765625,9591.669921875,805100,-0.39%
154,2022-08-08,9660.259765625,9701.8701171875,9836.1298828125,9615.8798828125,880100,-0.58%
155,2022-08-09,9549.349609375,9567.1796875,9597.0,9486.599609375,868100,-1.15%
156,2022-08-10,9851.66015625,9785.8203125,9858.4404296875,9718.8095703125,898200,3.17%
157,2022-08-11,9791.58984375,9923.900390625,9993.009765625,9777.5,0,-0.61%
158,2022-08-12,10014.0400390625,9872.0302734375,10014.0400390625,9834.98046875,914300,2.27%
159,2022-08-15,10064.25,9976.990234375,10077.7998046875,9953.6298828125,710200,0.50%
160,2022-08-16,10020.73046875,10013.1396484375,10076.1904296875,9924.900390625,885200,-0.43%
161,2022-08-17,9914.75,9922.7001953125,10005.26953125,9850.9404296875,845800,-1.06%
162,2022-08-18,9952.0703125,9898.6103515625,9995.099609375,9861.0498046875,773400,0.38%
163,2022-08-19,9732.51953125,9850.1201171875,9874.5498046875,9711.4296875,737700,-2.21%
164,2022-08-22,9454.759765625,9576.9599609375,9596.2001953125,9430.5595703125,699000,-2.85%
165,2022-08-23,9443.650390625,9447.669921875,9550.099609375,9429.16015625,661500,-0.12%
166,2022-08-24,9457.8798828125,9447.169921875,9507.150390625,9406.6396484375,615700,0.15%
167,2022-08-25,9658.400390625,9505.5703125,9661.26953125,9499.4501953125,676300,2.12%
168,2022-08-26,9218.8896484375,9635.400390625,9664.599609375,9217.2099609375,918600,-4.55%
169,2022-08-29,9091.6904296875,9117.1298828125,9204.2900390625,9055.8203125,976000,-1.38%
170,2022-08-30,8994.0703125,9154.9404296875,9164.259765625,8911.8603515625,983100,-1.07%
171,2022-08-31,8927.66015625,9067.5302734375,9108.98046875,8924.759765625,1154200,-0.74%
172,2022-09-01,8869.1396484375,8829.919921875,8883.48046875,8674.9296875,1201600,-0.66%
173,2022-09-02,8744.2001953125,8960.919921875,9007.8095703125,8698.6904296875,901100,-1.41%
174,2022-09-06,8659.7099609375,8746.0,8781.8896484375,8613.25,917500,-0.97%
175,2022-09-07,8812.08984375,8682.169921875,8849.150390625,8652.5595703125,831000,1.76%
176,2022-09-08,8829.650390625,8720.1103515625,8884.7900390625,8703.3603515625,845100,0.20%
177,2022-09-09,9041.8203125,8920.650390625,9061.25,8916.3896484375,923900,2.40%
178,2022-09-12,9175.5,9093.5400390625,9179.5595703125,9088.6904296875,869100,1.48%
179,2022-09-13,8628.3095703125,8891.259765625,8935.3798828125,8609.2998046875,1082100,-5.96%
180,2022-09-14,8672.330078125,8672.900390625,8717.599609375,8584.599609375,1138000,0.51%
181,2022-09-15,8478.91015625,8581.23046875,8661.73046875,8429.990234375,922000,-2.23%
182,2022-09-16,8423.7998046875,8378.6904296875,8435.330078125,8311.73046875,1373900,-0.65%
183,2022-09-19,8502.76953125,8338.6201171875,8511.099609375,8337.900390625,901700,0.94%
184,2022-09-20,8455.2001953125,8423.76953125,8522.6298828125,8387.240234375,869700,-0.56%
185,2022-09-21,8320.419921875,8488.830078125,8630.8701171875,8319.33984375,901800,-1.59%
186,2022-09-22,8254.580078125,8271.4296875,8344.650390625,8197.1201171875,1173500,-0.79%
187,2022-09-23,8138.18017578125,8176.56005859375,8194.990234375,8034.0400390625,1163000,-1.41%
188,2022-09-26,8091.1201171875,8115.330078125,8264.83984375,8076.02978515625,1090500,-0.58%
189,2022-09-27,8112.4501953125,8206.759765625,8275.6396484375,8031.259765625,906500,0.26%
190,2022-09-28,8214.2197265625,8041.14990234375,8253.900390625,8000.240234375,948000,1.25%
191,2022-09-29,7963.7099609375,8072.77001953125,8083.5,7863.56005859375,980100,-3.05%
192,2022-09-30,7807.35009765625,7924.1298828125,8062.56982421875,7805.7099609375,1049500,-1.96%
193,2022-10-03,8056.97021484375,7883.669921875,8099.60986328125,7845.06982421875,851300,3.20%
194,2022-10-04,8322.66015625,8247.490234375,8334.1103515625,8232.58984375,887800,3.30%
195,2022-10-05,8341.330078125,8203.740234375,8393.2099609375,8130.39990234375,763000,0.22%
196,2022-10-06,8295.08984375,8326.41015625,8418.759765625,8281.669921875,804600,-0.55%
197,2022-10-07,7931.18994140625,8095.759765625,8124.1298828125,7895.740234375,967600,-4.39%
198,2022-10-10,7804.0400390625,7923.39013671875,7934.509765625,7723.41015625,881500,-1.60%
199,2022-10-11,7681.25,7739.06982421875,7821.5400390625,7621.66015625,996300,-1.57%
200,2022-10-12,7661.91015625,7682.18017578125,7740.490234375,7640.85009765625,816300,-0.25%
201,2022-10-13,7874.93017578125,7433.91015625,7916.3798828125,7408.0,0,2.78%
202,2022-10-14,7629.419921875,7946.39990234375,7965.2900390625,7619.14013671875,0,-3.12%
203,2022-10-17,7892.97021484375,7848.83984375,7921.83984375,7819.39990234375,951000,3.45%
204,2022-10-18,7949.080078125,8126.2099609375,8128.64990234375,7846.25,900500,0.71%
205,2022-10-19,7912.66015625,7880.85986328125,8005.60986328125,7840.3798828125,765500,-0.46%
206,2022-10-20,7917.97021484375,7932.39013671875,8097.06982421875,7878.60009765625,873100,0.07%
207,2022-10-21,8103.1201171875,7868.89013671875,8120.18017578125,7841.89990234375,883100,2.34%
208,2022-10-24,8199.509765625,8114.97998046875,8228.58984375,7998.77978515625,919500,1.19%
209,2022-10-25,8383.6298828125,8241.830078125,8388.83984375,8234.4501953125,919500,2.25%
210,2022-10-26,8039.81005859375,8050.0498046875,8248.5703125,8029.4599609375,1083800,-4.10%
211,2022-10-27,7828.5498046875,8009.6298828125,8037.830078125,7810.22998046875,1269100,-2.63%
212,2022-10-28,8194.4296875,7884.56982421875,8211.9296875,7884.330078125,1107600,4.67%
213,2022-10-31,8059.2998046875,8122.14013671875,8138.35986328125,8015.64013671875,985400,-1.65%
214,2022-11-01,7943.2900390625,8185.89990234375,8189.0,7930.5400390625,990000,-1.44%
215,2022-11-02,7647.8798828125,7952.33984375,8036.60986328125,7646.68017578125,1167600,-3.72%
216,2022-11-03,7416.580078125,7537.9501953125,7563.56982421875,7414.35986328125,1038500,-3.02%
217,2022-11-04,7553.0498046875,7594.580078125,7595.35009765625,7366.18017578125,1163900,1.84%
218,2022-11-07,7687.52978515625,7580.10009765625,7701.4599609375,7515.580078125,986100,1.78%
219,2022-11-08,7756.85986328125,7764.06982421875,7852.419921875,7636.1298828125,975700,0.90%
220,2022-11-09,7563.47021484375,7686.33984375,7706.080078125,7556.080078125,910900,-2.49%
221,2022-11-10,8244.7802734375,8002.7001953125,8248.0400390625,7925.169921875,1267600,9.01%
222,2022-11-11,8441.9697265625,8246.6298828125,8469.25,8192.9599609375,1201900,2.39%
223,2022-11-14,8341.8203125,8357.0498046875,8448.75,8297.7099609375,1056000,-1.19%
224,2022-11-15,8490.3798828125,8579.48046875,8601.7001953125,8395.2998046875,1091900,1.78%
225,2022-11-16,8349.5400390625,8404.3603515625,8433.5498046875,8322.5703125,859500,-1.66%
226,2022-11-17,8357.080078125,8203.23046875,8406.0,8198.2197265625,820900,0.09%
227,2022-11-18,8345.8603515625,8439.490234375,8440.7001953125,8278.6796875,757600,-0.13%
228,2022-11-21,8230.759765625,8292.259765625,8328.9296875,8220.48046875,731300,-1.38%
229,2022-11-22,8376.9697265625,8263.9599609375,8382.509765625,8182.5400390625,0,1.78%
230,2022-11-23,8467.3203125,8363.1103515625,8489.48046875,8363.1103515625,641100,1.08%
231,2022-11-25,8381.0302734375,8396.2197265625,8418.5498046875,8374.900390625,319800,-1.02%
232,2022-11-28,8199.51953125,8293.08984375,8347.150390625,8168.2099609375,778100,-2.17%
233,2022-11-29,8121.85009765625,8199.900390625,8218.740234375,8083.18017578125,713200,-0.95%
234,2022-11-30,8573.8896484375,8109.18994140625,8574.41015625,8104.60986328125,1345400,5.57%
235,2022-12-01,8600.7099609375,8571.9599609375,8651.1904296875,8497.08984375,881500,0.31%
236,2022-12-02,8558.919921875,8437.509765625,8582.7001953125,8420.919921875,783700,-0.49%
237,2022-12-05,8433.48046875,8504.5595703125,8583.009765625,8381.7001953125,781700,-1.47%
238,2022-12-06,8229.4296875,8428.26953125,8447.3701171875,8179.72021484375,814700,-2.42%
239,2022-12-07,8165.91015625,8180.2099609375,8248.2099609375,8128.16015625,777200,-0.77%
240,2022-12-08,8286.33984375,8213.1904296875,8322.8203125,8147.419921875,900900,1.47%
241,2022-12-09,8236.4697265625,8258.099609375,8361.650390625,8208.3896484375,915100,-0.60%
242,2022-12-12,8390.6298828125,8252.330078125,8391.259765625,8235.599609375,926900,1.87%
243,2022-12-13,8531.4599609375,8739.650390625,8796.509765625,8444.7802734375,1069800,1.68%
244,2022-12-14,8458.66015625,8532.76953125,8624.900390625,8357.7001953125,982500,-0.85%
245,2022-12-15,8119.490234375,8328.0498046875,8337.490234375,8086.64990234375,1202900,-4.01%
246,2022-12-16,8038.009765625,8113.18994140625,8172.10009765625,7993.22021484375,1599900,-1.00%
247,2022-12-19,7894.27978515625,8032.81005859375,8040.31005859375,7844.0,819000,-1.79%
248,2022-12-20,7911.0400390625,7834.509765625,7946.60009765625,7797.1201171875,752000,0.21%
249,2022-12-21,8043.02978515625,7929.58984375,8081.2998046875,7912.02001953125,911900,1.67%
250,2022-12-22,7820.2099609375,7922.2099609375,7939.8701171875,7689.81005859375,1361900,-2.77%
251,2022-12-23,7833.06005859375,7770.66015625,7843.52978515625,7704.5498046875,864600,0.16%
252,2022-12-27,7721.35009765625,7790.0,7803.60009765625,7689.009765625,712700,-1.43%
253,2022-12-28,7586.02978515625,7700.47021484375,7770.419921875,7579.7900390625,689300,-1.75%
254,2022-12-29,7815.25,7676.3701171875,7841.33984375,7661.9501953125,695500,3.02%
255,2022-12-30,7806.9599609375,7713.41015625,7809.7998046875,7674.1201171875,643800,-0.11%
256,2023-01-03,7733.93017578125,7904.56982421875,7966.72998046875,7682.41015625,807000,-0.94%
257,2023-01-04,7732.080078125,7787.6298828125,7791.10009765625,7645.330078125,1022700,-0.02%
258,2023-01-05,7571.31982421875,7672.5400390625,7681.27978515625,7559.8701171875,832200,-2.08%
259,2023-01-06,7779.1298828125,7626.39990234375,7807.1298828125,7521.990234375,884000,2.74%
260,2023-01-09,7869.3798828125,7871.16015625,8026.7099609375,7849.52001953125,890400,1.16%
261,2023-01-10,7924.5,7831.39013671875,7929.5400390625,7799.43994140625,884900,0.70%
262,2023-01-11,8087.009765625,7960.0400390625,8087.64990234375,7924.759765625,989700,2.05%
263,2023-01-12,8138.0,8112.8798828125,8177.16015625,7970.18994140625,991200,0.63%
264,2023-01-13,8194.4404296875,8062.91015625,8199.4599609375,8048.2900390625,846400,0.69%
265,2023-01-17,8229.73046875,8173.97998046875,8267.490234375,8143.7001953125,1050400,0.43%
266,2023-01-18,8144.18994140625,8292.919921875,8345.6298828125,8138.10986328125,898400,-1.04%
267,2023-01-19,8085.169921875,8092.240234375,8158.2099609375,8042.6201171875,898000,-0.72%
268,2023-01-20,8351.2802734375,8159.31005859375,8355.73046875,8130.740234375,1323500,3.29%
269,2023-01-23,8573.08984375,8382.1904296875,8607.4404296875,8359.51953125,1379600,2.66%
270,2023-01-24,8545.900390625,8507.7900390625,8595.0400390625,8504.0,1281400,-0.32%
271,2023-01-25,8494.080078125,8370.7802734375,8523.0400390625,8295.080078125,1078400,-0.61%
272,2023-01-26,8686.169921875,8611.8701171875,8690.650390625,8521.2099609375,1547100,2.26%
273,2023-01-27,8751.4501953125,8632.849609375,8813.650390625,8631.83984375,1590900,0.75%
274,2023-01-30,8540.3603515625,8643.4501953125,8665.0498046875,8535.6904296875,1117000,-2.41%
275,2023-01-31,8681.4404296875,8538.2998046875,8683.099609375,8538.2998046875,1230500,1.65%
276,2023-02-01,8910.5400390625,8685.849609375,8980.849609375,8638.26953125,1442300,2.64%
277,2023-02-02,9318.0400390625,9187.2197265625,9366.16015625,9147.0595703125,1577800,4.57%
278,2023-02-03,9203.400390625,9096.8701171875,9398.400390625,9096.8701171875,1287100,-1.23%
279,2023-02-06,9079.8798828125,9087.830078125,9168.98046875,9045.2099609375,1376600,-1.34%
280,2023-02-07,9362.8203125,9109.33984375,9399.4501953125,9107.2197265625,1240700,3.12%
281,2023-02-08,9155.2998046875,9338.0400390625,9366.009765625,9136.66015625,1297600,-2.22%
282,2023-02-09,9047.6298828125,9300.1396484375,9302.919921875,9007.6796875,1237500,-1.18%
283,2023-02-10,8973.7802734375,8983.580078125,9027.6904296875,8899.580078125,926700,-0.82%
284,2023-02-13,9140.150390625,9035.1103515625,9167.1298828125,9009.3798828125,830300,1.85%
285,2023-02-14,9205.66015625,9072.1796875,9232.8203125,9030.6396484375,918700,0.72%
286,2023-02-15,9263.400390625,9152.650390625,9264.3603515625,9115.91015625,916900,0.63%
287,2023-02-16,9070.650390625,9102.0498046875,9214.98046875,9064.6904296875,891500,-2.08%
288,2023-02-17,8956.990234375,8986.41015625,9014.400390625,8871.25,843200,-1.25%
289,2023-02-21,8727.150390625,8832.5302734375,8881.490234375,8723.6201171875,873900,-2.57%
290,2023-02-22,8730.8701171875,8753.7802734375,8798.3798828125,8675.8896484375,857700,0.04%
291,2023-02-23,8860.330078125,8893.4296875,8904.150390625,8733.9404296875,984300,1.48%
292,2023-02-24,8689.3095703125,8700.4501953125,8734.26953125,8639.0703125,868300,-1.93%
293,2023-02-27,8736.9501953125,8789.66015625,8819.759765625,8722.9404296875,702600,0.55%
294,2023-02-28,8738.1796875,8720.2900390625,8825.8701171875,8704.3701171875,851000,0.01%
295,2023-03-01,8667.4404296875,8737.0595703125,8768.349609375,8658.990234375,785900,-0.81%
296,2023-03-02,8780.8701171875,8605.7197265625,8808.150390625,8604.9599609375,1518400,1.31%
297,2023-03-03,8988.650390625,8839.2900390625,8991.580078125,8828.5595703125,1391200,2.37%
298,2023-03-06,9031.1103515625,9054.9296875,9166.330078125,9024.5595703125,958600,0.47%
299,2023-03-07,8922.83984375,9031.01953125,9069.5595703125,8900.3203125,872700,-1.20%
300,2023-03-08,9005.58984375,8961.099609375,9025.2802734375,8916.0595703125,886100,0.93%
301,2023-03-09,8853.51953125,9017.330078125,9120.419921875,8834.4697265625,916100,-1.69%
302,2023-03-10,8701.2802734375,8848.1103515625,8884.3095703125,8669.259765625,1081800,-1.72%
303,2023-03-13,8778.5400390625,8642.6396484375,8898.6396484375,8596.26953125,1070900,0.89%
304,2023-03-14,9012.3701171875,8905.6103515625,9029.0703125,8880.1298828125,1149500,2.66%
305,2023-03-15,9064.5595703125,8928.900390625,9083.91015625,8881.4599609375,1274000,0.58%
306,2023-03-16,9369.83984375,9039.5302734375,9382.0498046875,9020.76953125,1161000,3.37%
307,2023-03-17,9363.1796875,9370.7802734375,9483.98046875,9303.76953125,1562800,-0.07%
308,2023-03-20,9365.6201171875,9331.76953125,9379.51953125,9246.25,1123600,0.03%
309,2023-03-21,9485.900390625,9413.01953125,9499.4697265625,9343.6298828125,929200,1.28%
310,2023-03-22,9387.259765625,9478.240234375,9683.6201171875,9385.2197265625,975600,-1.04%
311,2023-03-23,9556.9501953125,9530.099609375,9674.5703125,9462.990234375,955400,1.81%
312,2023-03-24,9561.259765625,9529.3095703125,9564.51953125,9450.51953125,813700,0.05%
313,2023-03-27,9439.2900390625,9556.51953125,9586.1103515625,9412.6103515625,868700,-1.28%
314,2023-03-28,9375.9697265625,9416.73046875,9416.73046875,9286.76953125,732100,-0.67%
315,2023-03-29,9560.26953125,9498.900390625,9578.580078125,9471.2197265625,1035000,1.97%
316,2023-03-30,9655.3896484375,9617.5,9667.349609375,9594.0,875100,0.99%
317,2023-03-31,9815.0400390625,9638.490234375,9822.1796875,9637.91015625,1015600,1.65%
318,2023-04-03,9815.4404296875,9745.8203125,9822.26953125,9705.16015625,894000,0.00%
319,2023-04-04,9767.1103515625,9826.580078125,9868.1796875,9726.48046875,741700,-0.49%
320,2023-04-05,9645.3603515625,9720.7900390625,9733.9599609375,9570.4296875,741300,-1.25%
321,2023-04-06,9761.4599609375,9580.150390625,9773.240234375,9549.3603515625,710200,1.20%
322,2023-04-10,9724.8798828125,9647.400390625,9725.3701171875,9583.9404296875,729700,-0.37%
323,2023-04-11,9626.4697265625,9709.7197265625,9710.4697265625,9611.2197265625,811600,-1.01%
324,2023-04-12,9561.7001953125,9690.669921875,9725.6904296875,9549.0703125,800600,-0.67%
325,2023-04-13,9768.0595703125,9616.990234375,9780.400390625,9615.0,1195000,2.16%
326,2023-04-14,9747.169921875,9715.5302734375,9805.580078125,9653.7802734375,1190700,-0.21%
327,2023-04-17,9736.490234375,9696.259765625,9745.66015625,9651.76953125,926700,-0.11%
328,2023-04-18,9751.009765625,9809.080078125,9839.66015625,9713.169921875,832100,0.15%
329,2023-04-19,9739.23046875,9662.7998046875,9765.669921875,9652.6298828125,667700,-0.12%
330,2023-04-20,9686.51953125,9657.259765625,9787.2001953125,9641.669921875,739200,-0.54%
331,2023-04-21,9648.849609375,9638.3603515625,9667.009765625,9588.1201171875,740700,-0.39%
332,2023-04-24,9611.330078125,9613.740234375,9670.6796875,9536.2197265625,708000,-0.39%
333,2023-04-25,9393.2001953125,9558.1298828125,9584.7197265625,9392.75,920800,-2.27%
334,2023-04-26,9557.490234375,9597.5498046875,9662.849609375,9535.1103515625,1259000,1.75%
335,2023-04-27,9828.9404296875,9682.009765625,9842.9599609375,9650.6396484375,984700,2.84%
336,2023-04-28,9916.2802734375,9819.330078125,9917.5703125,9795.9296875,1026500,0.89%
337,2023-05-01,9934.7001953125,9904.0703125,9978.4599609375,9893.2197265625,850300,0.19%
338,2023-05-02,9834.9599609375,9947.3701171875,9957.2900390625,9791.26953125,850200,-1.00%
339,2023-05-03,9768.5498046875,9845.23046875,9930.5302734375,9763.080078125,891200,-0.68%
340,2023-05-04,9720.3798828125,9726.8203125,9793.259765625,9683.8798828125,946700,-0.49%
341,2023-05-05,9962.400390625,9812.7998046875,9994.66015625,9795.7099609375,942800,2.49%
342,2023-05-08,9994.6201171875,9937.740234375,10003.5703125,9905.599609375,776100,0.32%
343,2023-05-09,9911.1904296875,9956.3203125,9984.7001953125,9904.650390625,757100,-0.83%
344,2023-05-10,10063.4599609375,10002.7197265625,10092.349609375,9949.08984375,955000,1.54%
345,2023-05-11,10090.3203125,10092.2802734375,10120.5,10026.0400390625,891200,0.27%
346,2023-05-12,10060.330078125,10093.6103515625,10113.7099609375,9987.2099609375,907100,-0.30%
347,2023-05-15,10135.4296875,10066.3603515625,10137.150390625,10035.83984375,901200,0.75%
348,2023-05-16,10182.509765625,10121.51953125,10233.23046875,10121.4296875,904000,0.46%
349,2023-05-17,10309.25,10210.3896484375,10324.8798828125,10161.419921875,1158700,1.24%
350,2023-05-18,10516.259765625,10334.7998046875,10529.26953125,10334.01953125,974800,2.01%
351,2023-05-19,10497.4501953125,10521.9697265625,10555.990234375,10468.1796875,840400,-0.18%
352,2023-05-22,10557.6298828125,10481.2900390625,10586.740234375,10475.5302734375,774100,0.57%
353,2023-05-23,10395.4501953125,10497.76953125,10542.0400390625,10392.7998046875,909900,-1.54%
354,2023-05-24,10333.5,10306.51953125,10369.7900390625,10262.1796875,744700,-0.60%
355,2023-05-25,10742.5498046875,10708.2197265625,10783.330078125,10605.900390625,1249700,3.96%
356,2023-05-26,11038.4501953125,10779.0302734375,11051.3603515625,10770.51953125,1171400,2.75%
357,2023-05-30,11074.58984375,11183.240234375,11241.1796875,11034.58984375,1054700,0.33%
358,2023-05-31,10968.5,11015.7900390625,11111.5400390625,10968.5,1457800,-0.96%
359,2023-06-01,11138.1201171875,10976.330078125,11170.6201171875,10948.5498046875,946800,1.55%
360,2023-06-02,11195.5703125,11211.349609375,11263.150390625,11124.099609375,878300,0.52%
361,2023-06-05,11161.7001953125,11194.33984375,11294.5703125,11129.6298828125,854800,-0.30%
362,2023-06-06,11175.650390625,11127.5400390625,11214.7001953125,11089.5400390625,1045000,0.12%
363,2023-06-07,10947.400390625,11170.7802734375,11258.2998046875,10927.9697265625,1049300,-2.04%
364,2023-06-08,11059.0302734375,10960.8203125,11088.26953125,10945.41015625,865000,1.02%
365,2023-06-09,11097.5400390625,11122.51953125,11211.0498046875,11065.1103515625,0,0.35%
366,2023-06-12,11319.4697265625,11174.3798828125,11323.8798828125,11129.4501953125,969800,2.00%
367,2023-06-13,11399.6796875,11424.900390625,11440.9501953125,11301.5703125,959400,0.71%
368,2023-06-14,11504.1103515625,11376.75,11505.3798828125,11318.4599609375,1362300,0.92%
369,2023-06-15,11649.8095703125,11465.8203125,11699.8896484375,11446.669921875,961700,1.27%
370,2023-06-16,11542.9599609375,11724.26953125,11736.8701171875,11534.919921875,1529200,-0.92%
371,2023-06-20,11507.2998046875,11494.669921875,11575.33984375,11417.740234375,870200,-0.31%
372,2023-06-21,11331.08984375,11455.66015625,11481.2197265625,11278.6298828125,971200,-1.53%
373,2023-06-22,11468.9404296875,11277.759765625,11470.4404296875,11273.0595703125,763900,1.22%
374,2023-06-23,11366.0498046875,11328.080078125,11430.76953125,11286.26953125,1274500,-0.90%
375,2023-06-26,11199.25,11349.599609375,11448.6103515625,11197.3095703125,767900,-1.47%
376,2023-06-27,11423.0595703125,11242.8603515625,11448.8095703125,11232.5400390625,758000,2.00%
377,2023-06-28,11441.1796875,11347.48046875,11507.080078125,11342.599609375,742600,0.16%
378,2023-06-29,11424.4599609375,11445.169921875,11459.1103515625,11370.4404296875,736000,-0.15%
379,2023-06-30,11622.0302734375,11540.6103515625,11645.3603515625,11536.7900390625,807300,1.73%
380,2023-07-03,11593.1396484375,11606.8701171875,11636.669921875,11541.3603515625,430200,-0.25%
381,2023-07-05,11569.650390625,11543.509765625,11671.240234375,11540.33984375,692100,-0.20%
382,2023-07-06,11523.0595703125,11460.3701171875,11531.9697265625,11407.580078125,764700,-0.40%
383,2023-07-07,11477.5,11505.6396484375,11619.5703125,11473.919921875,844300,-0.40%
384,2023-07-10,11451.349609375,11447.900390625,11473.73046875,11344.33984375,854500,-0.23%
385,2023-07-11,11480.0,11466.2197265625,11492.740234375,11370.8798828125,797400,0.25%
386,2023-07-12,11651.759765625,11615.8095703125,11709.41015625,11565.25,911000,1.50%
387,2023-07-13,11882.169921875,11747.1201171875,11906.490234375,11739.4599609375,870300,1.98%
388,2023-07-14,11864.6298828125,11933.830078125,12036.4697265625,11830.8896484375,840100,-0.15%
389,2023-07-17,12000.98046875,11910.33984375,12026.0302734375,11861.240234375,761600,1.15%
390,2023-07-18,12116.080078125,11972.0703125,12175.4296875,11892.849609375,765900,0.96%
391,2023-07-19,12069.1396484375,12147.9599609375,12188.3701171875,12019.5400390625,830600,-0.39%
392,2023-07-20,11782.6396484375,12001.7099609375,12069.6103515625,11745.1396484375,889700,-2.37%
393,2023-07-21,11738.400390625,11865.1201171875,11908.4697265625,11719.26953125,1114700,-0.38%
394,2023-07-24,11775.6298828125,11821.58984375,11850.73046875,11727.08984375,758100,0.32%
395,2023-07-25,11914.2900390625,11827.48046875,11962.8701171875,11827.48046875,979200,1.18%
396,2023-07-26,11878.6396484375,11925.48046875,11949.2900390625,11790.7001953125,899500,-0.30%
397,2023-07-27,11872.740234375,12091.41015625,12146.4296875,11823.7001953125,968200,-0.05%
398,2023-07-28,12115.900390625,12005.08984375,12155.4599609375,11992.8095703125,906300,2.05%
399,2023-07-31,12125.01953125,12130.08984375,12153.8603515625,12068.58984375,790100,0.08%
400,2023-08-01,12110.3798828125,12055.0400390625,12139.400390625,12024.58984375,777400,-0.12%
401,2023-08-02,11772.099609375,11977.2099609375,11977.2099609375,11708.169921875,0,-2.79%
402,2023-08-03,11747.849609375,11709.9599609375,11824.900390625,11688.98046875,817100,-0.21%
403,2023-08-04,11588.6298828125,11692.919921875,11810.349609375,11577.419921875,0,-1.36%
404,2023-08-07,11653.2197265625,11653.830078125,11682.830078125,11544.240234375,798300,0.56%
405,2023-08-08,11552.150390625,11551.740234375,11575.8095703125,11437.5498046875,823500,-0.87%
406,2023-08-09,11367.0302734375,11562.3798828125,11563.1904296875,11323.7802734375,813600,-1.60%
407,2023-08-10,11372.009765625,11455.48046875,11571.4404296875,11321.33984375,773600,0.04%
408,2023-08-11,11267.08984375,11266.2802734375,11339.51953125,11221.490234375,776800,-0.92%
409,2023-08-14,11471.669921875,11235.16015625,11472.4296875,11216.5498046875,885300,1.82%
410,2023-08-15,11355.5498046875,11471.76953125,11490.8701171875,11333.6904296875,664700,-1.01%
411,2023-08-16,11243.6796875,11349.8095703125,11396.7998046875,11241.4501953125,765400,-0.99%
412,2023-08-17,11134.6904296875,11304.259765625,11310.4296875,11112.6103515625,846700,-0.97%
413,2023-08-18,11117.5400390625,11021.48046875,11162.669921875,10956.0703125,766800,-0.15%
414,2023-08-21,11355.7197265625,11179.7197265625,11373.26953125,11164.01953125,706900,2.14%
415,2023-08-22,11339.51953125,11461.2197265625,11463.2197265625,11315.75,635100,-0.14%
416,2023-08-23,11579.8701171875,11380.9697265625,11616.419921875,11379.51953125,762700,2.12%
417,2023-08-24,11320.849609375,11742.48046875,11742.48046875,11317.8701171875,823300,-2.24%
418,2023-08-25,11387.7802734375,11343.5302734375,11466.75,11193.2802734375,750400,0.59%
419,2023-08-28,11484.150390625,11457.3603515625,11508.650390625,11383.830078125,588800,0.85%
420,2023-08-29,11757.8203125,11467.669921875,11778.400390625,11459.9501953125,767300,2.38%
421,2023-08-30,11858.150390625,11770.3095703125,11879.8203125,11730.3701171875,786300,0.85%
422,2023-08-31,11902.2998046875,11886.5,11964.669921875,11862.7802734375,897300,0.37%
423,2023-09-01,11921.66015625,11989.6201171875,12005.4296875,11871.849609375,652000,0.16%
424,2023-09-05,11966.9296875,11892.01953125,12002.9404296875,11848.740234375,778000,0.38%
425,2023-09-06,11799.9404296875,11941.75,11953.7900390625,11732.6796875,757600,-1.40%
426,2023-09-07,11635.5498046875,11560.169921875,11662.26953125,11525.080078125,883200,-1.39%
427,2023-09-08,11659.8203125,11640.66015625,11744.1904296875,11630.400390625,722700,0.21%
428,2023-09-11,11736.16015625,11768.6103515625,11775.150390625,11625.6796875,706400,0.65%
429,2023-09-12,11563.73046875,11670.150390625,11719.1201171875,11544.91015625,686500,-1.47%
430,2023-09-13,11612.1796875,11562.48046875,11669.509765625,11520.33984375,646700,0.42%
431,2023-09-14,11709.490234375,11686.08984375,11736.259765625,11601.900390625,638500,0.84%
432,2023-09-15,11484.580078125,11668.4599609375,11677.6103515625,11449.5400390625,1159900,-1.92%
433,2023-09-18,11545.8798828125,11440.7099609375,11578.0498046875,11433.5595703125,643200,0.53%
434,2023-09-19,11532.3603515625,11487.1298828125,11562.8896484375,11429.2197265625,628400,-0.12%
435,2023-09-20,11293.6298828125,11550.01953125,11562.26953125,11291.349609375,666000,-2.07%
436,2023-09-21,11120.6904296875,11175.0400390625,11249.169921875,11118.4697265625,0,-1.53%
437,2023-09-22,11157.76953125,11178.66015625,11274.4501953125,11136.7802734375,0,0.33%
438,2023-09-25,11218.419921875,11128.08984375,11225.33984375,11084.0400390625,536700,0.54%
439,2023-09-26,11027.1298828125,11137.2001953125,11143.58984375,10991.7099609375,652200,-1.71%
440,2023-09-27,11064.41015625,11078.83984375,11121.4599609375,10937.9501953125,775600,0.34%
441,2023-09-28,11166.73046875,11003.490234375,11245.830078125,10976.580078125,911500,0.92%
442,2023-09-29,11188.2802734375,11297.849609375,11353.3896484375,11153.2802734375,729000,0.19%
443,2023-10-02,11360.76953125,11214.6396484375,11392.849609375,11202.4501953125,671400,1.54%
444,2023-10-03,11147.6904296875,11306.33984375,11364.8701171875,11094.509765625,750800,-1.88%
445,2023-10-04,11305.2802734375,11170.3095703125,11332.3203125,11161.7001953125,630200,1.41%
446,2023-10-05,11321.900390625,11308.5498046875,11346.2197265625,11187.08984375,580700,0.15%
447,2023-10-06,11569.23046875,11257.4404296875,11608.7998046875,11227.919921875,707100,2.18%
448,2023-10-09,11622.2197265625,11474.8203125,11647.2001953125,11419.2099609375,559100,0.46%
449,2023-10-10,11655.240234375,11634.0498046875,11752.16015625,11607.9599609375,727300,0.28%
450,2023-10-11,11790.75,11700.400390625,11795.5302734375,11683.33984375,630200,1.16%
451,2023-10-12,11772.8798828125,11794.4599609375,11897.7099609375,11686.5400390625,675200,-0.15%
452,2023-10-13,11579.009765625,11809.0498046875,11817.0498046875,11540.8896484375,754100,-1.65%
453,2023-10-16,11705.2802734375,11600.16015625,11744.3603515625,11592.6396484375,639500,1.09%
454,2023-10-17,11635.6103515625,11542.599609375,11693.3896484375,11438.830078125,729200,-0.60%
455,2023-10-18,11484.650390625,11549.3095703125,11637.7197265625,11436.9599609375,707900,-1.30%
456,2023-10-19,11423.0400390625,11554.6396484375,11618.51953125,11401.73046875,725500,-0.54%
457,2023-10-20,11241.009765625,11402.6796875,11436.240234375,11220.9599609375,733400,-1.59%
458,2023-10-23,11304.3095703125,11192.75,11402.0,11117.419921875,771900,0.56%
459,2023-10-24,11403.3095703125,11355.1396484375,11420.900390625,11283.08984375,813300,0.88%
460,2023-10-25,11106.080078125,11321.6103515625,11327.7197265625,11080.2099609375,879900,-2.61%
461,2023-10-26,10836.7998046875,11056.1298828125,11108.580078125,10780.08984375,882800,-2.42%
462,2023-10-27,10909.509765625,10935.259765625,11003.51953125,10855.8798828125,752800,0.67%
463,2023-10-30,11046.51953125,10991.48046875,11112.099609375,10950.419921875,725200,1.26%
464,2023-10-31,11075.5302734375,11041.150390625,11082.669921875,10922.009765625,738200,0.26%
465,2023-11-01,11303.759765625,11103.7197265625,11315.849609375,11097.91015625,865300,2.06%
466,2023-11-02,11472.2197265625,11457.1103515625,11484.419921875,11383.169921875,886800,1.49%
467,2023-11-03,11615.8798828125,11467.01953125,11651.240234375,11439.4697265625,855800,1.25%
468,2023-11-06,11697.7900390625,11636.7900390625,11702.25,11601.400390625,739900,0.71%
469,2023-11-07,11838.759765625,11742.7197265625,11882.849609375,11710.4697265625,760700,1.21%
470,2023-11-08,11904.150390625,11862.6103515625,11914.580078125,11826.669921875,816300,0.55%
471,2023-11-09,11845.490234375,11948.849609375,12025.33984375,11830.1904296875,954200,-0.49%
472,2023-11-10,12156.66015625,11906.7099609375,12160.8203125,11889.6201171875,838800,2.63%
473,2023-11-13,12095.6201171875,12107.7900390625,12133.5703125,12038.740234375,647400,-0.50%
474,2023-11-14,12336.3603515625,12296.8095703125,12372.9296875,12269.759765625,849700,1.99%
475,2023-11-15,12335.0400390625,12385.0595703125,12400.919921875,12277.4697265625,869400,-0.01%
476,2023-11-16,12443.1298828125,12328.0,12452.2900390625,12322.8095703125,808000,0.88%
477,2023-11-17,12402.490234375,12392.1904296875,12436.3701171875,12335.259765625,699900,-0.33%
478,2023-11-20,12583.41015625,12419.6298828125,12612.3701171875,12418.08984375,762900,1.46%
479,2023-11-21,12489.2001953125,12519.8896484375,12550.25,12436.0,670300,-0.75%
480,2023-11-22,12541.7900390625,12566.98046875,12656.1796875,12493.599609375,859500,0.42%
481,2023-11-24,12483.25,12501.0595703125,12529.580078125,12439.5595703125,352000,-0.47%
482,2023-11-27,12477.169921875,12470.0703125,12554.33984375,12450.2197265625,754800,-0.05%
483,2023-11-28,12531.6103515625,12459.8203125,12547.9599609375,12456.9404296875,765100,0.44%
484,2023-11-29,12499.6904296875,12622.0302734375,12663.4599609375,12490.3896484375,861900,-0.25%
485,2023-11-30,12425.4296875,12507.26953125,12536.23046875,12325.7099609375,995800,-0.59%
486,2023-12-01,12428.2197265625,12381.599609375,12443.740234375,12304.0498046875,907200,0.02%
487,2023-12-04,12261.330078125,12278.7099609375,12280.0498046875,12115.58984375,1147700,-1.34%
488,2023-12-05,12365.25,12221.75,12389.0498046875,12214.9501953125,906500,0.85%
489,2023-12-06,12256.01953125,12450.6103515625,12451.0595703125,12247.2998046875,864500,-0.88%
490,2023-12-07,12485.5498046875,12350.4404296875,12502.2998046875,12350.4404296875,1082500,1.87%
491,2023-12-08,12567.73046875,12431.4296875,12576.0,12414.8095703125,993600,0.66%
492,2023-12-11,12567.830078125,12460.8701171875,12572.4296875,12441.73046875,1148200,0.00%
493,2023-12-12,12684.73046875,12531.9501953125,12684.73046875,12524.4296875,850600,0.93%
494,2023-12-13,12799.76953125,12717.41015625,12828.8603515625,12681.6298828125,978500,0.91%
495,2023-12-14,12776.259765625,12815.2802734375,12870.8095703125,12652.2900390625,1199900,-0.18%
496,2023-12-15,12854.58984375,12803.58984375,12899.91015625,12789.75,1647000,0.61%
497,2023-12-18,12933.759765625,12834.2001953125,12966.8095703125,12816.6103515625,903000,0.62%
498,2023-12-19,12987.3798828125,12924.8896484375,12987.900390625,12923.16015625,899500,0.41%
499,2023-12-20,12830.099609375,12978.4599609375,13074.150390625,12829.51953125,975400,-1.21%
500,2023-12-21,12981.66015625,12966.6298828125,13013.2802734375,12878.1396484375,812900,1.18%
501,2023-12-22,12987.400390625,13014.5595703125,13037.0703125,12926.3203125,845800,0.04%
502,2023-12-26,13042.330078125,13016.5498046875,13071.990234375,13012.0400390625,680800,0.42%
503,2023-12-27,13036.26953125,13048.9501953125,13074.5498046875,12980.099609375,832700,-0.05%
504,2023-12-28,13050.009765625,13090.9296875,13098.919921875,13043.1298828125,795300,0.11%
505,2023-12-29,12996.2197265625,13065.9599609375,13083.6201171875,12926.41015625,849900,-0.41%
506,2024-01-02,12665.580078125,12828.8701171875,12853.919921875,12576.3603515625,919400,-2.54%
507,2024-01-03,12561.599609375,12532.330078125,12638.6103515625,12529.7197265625,858000,-0.82%
508,2024-01-04,12471.349609375,12510.0498046875,12582.599609375,12463.75,835500,-0.72%
509,2024-01-05,12491.3701171875,12483.1103515625,12591.490234375,12438.8095703125,764300,0.16%
510,2024-01-08,12829.7998046875,12554.5302734375,12833.7900390625,12550.2099609375,891100,2.71%
511,2024-01-09,12888.48046875,12758.419921875,12930.3701171875,12726.6103515625,807900,0.46%
512,2024-01-10,13030.259765625,12916.1201171875,13057.1396484375,12890.9404296875,847800,1.10%
513,2024-01-11,13065.6904296875,13109.650390625,13173.6103515625,12888.8798828125,1038600,0.27%
514,2024-01-12,13105.080078125,13087.0,13136.490234375,13048.990234375,867700,0.30%
515,2024-01-16,13129.2001953125,13073.169921875,13189.3798828125,13030.830078125,2591300,0.18%
516,2024-01-17,13059.9296875,13028.7001953125,13070.91015625,12874.1796875,1573900,-0.53%
517,2024-01-18,13320.7099609375,13243.76953125,13335.08984375,13179.849609375,1842000,2.00%
518,2024-01-19,13638.490234375,13414.6396484375,13638.6904296875,13389.900390625,1676600,2.39%
519,2024-01-22,13683.080078125,13732.099609375,13790.08984375,13652.080078125,1892500,0.33%
520,2024-01-23,13754.73046875,13685.91015625,13762.009765625,13628.4296875,1665200,0.52%
521,2024-01-24,13872.76953125,13872.240234375,14021.099609375,13827.759765625,1436500,0.86%
522,2024-01-25,13925.8701171875,13994.990234375,14062.6201171875,13855.669921875,1254700,0.38%
523,2024-01-26,13804.98046875,13833.259765625,13908.080078125,13779.099609375,1265400,-0.87%
524,2024-01-29,13947.8095703125,13824.9697265625,13955.5400390625,13795.6298828125,1029600,1.03%
525,2024-01-30,13818.2998046875,13941.9404296875,13973.849609375,13781.58984375,1308100,-0.93%
526,2024-01-31,13447.0400390625,13573.98046875,13658.7197265625,13441.76953125,1346800,-2.69%
527,2024-02-01,13619.1103515625,13543.4599609375,13642.58984375,13527.8603515625,0,1.28%
528,2024-02-02,13940.7900390625,13652.150390625,13981.6201171875,13615.1796875,0,2.36%
529,2024-02-05,13987.8896484375,13998.6103515625,14047.599609375,13864.9296875,0,0.34%
530,2024-02-06,13943.26953125,14037.8896484375,14056.25,13841.1904296875,0,-0.32%
531,2024-02-07,14159.58984375,14025.580078125,14161.0703125,14000.1796875,0,1.55%
532,2024-02-08,14194.7001953125,14175.66015625,14236.8701171875,14156.3896484375,0,0.25%
533,2024-02-09,14415.83984375,14268.650390625,14430.6796875,14240.5595703125,0,1.56%
534,2024-02-12,14323.33984375,14408.4404296875,14513.23046875,14298.3603515625,0,-0.64%
535,2024-02-13,14087.9501953125,13982.1396484375,14221.5498046875,13966.73046875,0,-1.64%
536,2024-02-14,14264.9296875,14216.599609375,14271.830078125,14090.740234375,0,1.26%
537,2024-02-15,14215.0595703125,14250.2900390625,14270.0595703125,14121.330078125,0,-0.35%
538,2024-02-16,14061.2001953125,14244.6904296875,14274.9599609375,14042.1396484375,0,-1.08%
539,2024-02-20,13914.259765625,13967.9697265625,14029.1103515625,13759.1396484375,0,-1.05%
540,2024-02-21,13818.669921875,13756.73046875,13821.1103515625,13677.8603515625,0,-0.69%
541,2024-02-22,14381.1103515625,14249.0400390625,14402.1201171875,14203.3603515625,0,4.07%
542,2024-02-23,14324.3095703125,14474.2802734375,14534.0703125,14275.6201171875,0,-0.39%
543,2024-02-26,14260.6904296875,14352.6904296875,14398.8203125,14259.4599609375,0,-0.44%
544,2024-02-27,14299.1103515625,14278.8701171875,14326.83984375,14195.2197265625,0,0.27%
545,2024-02-28,14186.3896484375,14233.009765625,14240.5,14152.6298828125,0,-0.79%
546,2024-02-29,14369.990234375,14296.75,14396.330078125,14185.73046875,0,1.29%
547,2024-03-01,14585.009765625,14411.3701171875,14614.490234375,14411.3701171875,0,1.50%
548,2024-03-04,14549.8701171875,14570.990234375,14652.0,14513.330078125,0,-0.24%
549,2024-03-05,14251.0498046875,14398.6904296875,14414.919921875,14159.9404296875,0,-2.05%
550,2024-03-06,14362.7802734375,14417.419921875,14467.08984375,14272.8095703125,0,0.78%
551,2024-03-07,14665.75,14493.490234375,14695.7900390625,14429.23046875,0,2.11%
552,2024-03-08,14423.0,14722.76953125,14886.419921875,14397.599609375,0,-1.66%
553,2024-03-11,14350.5595703125,14375.849609375,14441.6796875,14267.740234375,0,-0.50%
554,2024-03-12,14677.8095703125,14487.099609375,14683.1796875,14346.8798828125,0,2.28%
555,2024-03-13,14558.51953125,14617.4599609375,14633.580078125,14479.48046875,0,-0.81%
556,2024-03-14,14568.400390625,14600.9404296875,14671.8701171875,14481.7197265625,0,0.07%
557,2024-03-15,14383.73046875,14456.490234375,14470.7197265625,14334.3896484375,0,-1.27%
558,2024-03-18,14532.58984375,14603.599609375,14759.759765625,14512.26953125,0,1.03%
559,2024-03-19,14591.1396484375,14443.4501953125,14610.1796875,14316.759765625,0,0.40%
560,2024-03-20,14783.830078125,14629.259765625,14790.0302734375,14544.9599609375,0,1.32%
561,2024-03-21,14803.6201171875,14953.9501953125,14962.349609375,14775.98046875,0,0.13%
562,2024-03-22,14900.9404296875,14810.6396484375,14946.1298828125,14791.0400390625,0,0.66%
563,2024-03-25,14829.009765625,14771.8203125,14901.7900390625,14708.1103515625,0,-0.48%
564,2024-03-26,14724.16015625,14881.650390625,14918.759765625,14722.08984375,0,-0.71%
565,2024-03-27,14742.3896484375,14812.7099609375,14825.0400390625,14628.3603515625,0,0.12%
566,2024-03-28,14701.4501953125,14695.9296875,14751.58984375,14656.0703125,0,-0.28%
567,2024-04-01,14789.9697265625,14715.5400390625,14889.9404296875,14707.099609375,0,0.60%
568,2024-04-02,14673.5703125,14598.4501953125,14691.8095703125,14531.6396484375,0,-0.79%
569,2024-04-03,14708.5703125,14608.2099609375,14783.1796875,14590.3701171875,0,0.24%
570,2024-04-04,14461.9501953125,14843.2802734375,14896.0,14458.48046875,0,-1.68%
571,2024-04-05,14675.7099609375,14525.259765625,14742.6298828125,14496.66015625,0,1.48%
572,2024-04-08,14647.150390625,14690.5,14732.8798828125,14603.5498046875,0,-0.19%
573,2024-04-09,14683.240234375,14716.650390625,14762.150390625,14493.990234375,0,0.25%
574,2024-04-10,14600.509765625,14519.4296875,14628.6201171875,14500.5302734375,0,-0.56%
575,2024-04-11,14942.8095703125,14666.75,14958.7197265625,14607.83984375,0,2.34%
576,2024-04-12,14702.0400390625,14784.4697265625,14860.4599609375,14651.240234375,0,-1.61%
577,2024-04-15,14407.4501953125,14793.51953125,14840.1396484375,14390.73046875,0,-2.00%
