,Unnamed: 0,date,jykw,open,high,low,vol,jykw_cr
0,0.0,2020-01-01,10.6156,10.6336,10.6369,10.6156,,-0.07%
1,1.0,2020-01-02,10.659,10.6253,10.7133,10.6093,,0.41%
2,2.0,2020-01-03,10.7756,10.665,10.8286,10.652,,1.09%
3,3.0,2020-01-06,10.7661,10.7953,10.8637,10.7599,,-0.09%
4,4.0,2020-01-07,10.7655,10.7738,10.785,10.7224,,-0.01%
5,5.0,2020-01-08,10.6482,10.7762,10.955,10.6317,,-1.09%
6,6.0,2020-01-09,10.579,10.6512,10.6653,10.5715,,-0.65%
7,7.0,2020-01-10,10.576,10.5896,10.6301,10.556,,-0.03%
8,8.0,2020-01-13,10.4952,10.5857,10.5895,10.5002,,-0.76%
9,9.0,2020-01-14,10.52,10.5053,10.5515,10.4415,,0.24%
10,10.0,2020-01-15,10.5351,10.5306,10.583,10.5142,,0.14%
11,11.0,2020-01-16,10.5267,10.5457,10.5723,10.5112,,-0.08%
12,12.0,2020-01-17,10.5332,10.5392,10.551,10.4903,,0.06%
13,13.0,2020-01-20,10.5147,10.5439,10.5554,10.4898,,-0.18%
14,14.0,2020-01-21,10.638,10.5242,10.6644,10.5081,,1.17%
15,15.0,2020-01-22,10.6032,10.6486,10.6549,10.5603,,-0.33%
16,16.0,2020-01-23,10.6716,10.6133,10.7105,10.5998,,0.65%
17,17.0,2020-01-24,10.6991,10.6812,10.7253,10.64,,0.26%
18,18.0,2020-01-27,10.8053,10.7313,10.836,10.7238,,0.99%
19,19.0,2020-01-28,10.7705,10.815,10.8617,10.7726,,-0.32%
20,20.0,2020-01-29,10.8116,10.7756,10.8287,10.751,,0.38%
21,21.0,2020-01-30,10.8978,10.8223,10.99,10.8044,,0.80%
22,22.0,2020-01-31,11.0227,10.9085,11.0619,10.8508,,1.15%
23,23.0,2020-02-03,10.9456,11.0322,11.0563,10.9473,,-0.70%
24,24.0,2020-02-04,10.7988,10.9564,11.0021,10.8021,,-1.34%
25,25.0,2020-02-05,10.7748,10.8094,10.9024,10.7499,,-0.22%
26,26.0,2020-02-06,10.7753,10.7854,10.7967,10.7089,,0.00%
27,27.0,2020-02-07,10.8555,10.7848,10.9188,10.7738,,0.74%
28,28.0,2020-02-10,10.8131,10.8631,10.8966,10.7921,,-0.39%
29,29.0,2020-02-11,10.7582,10.8237,10.8299,10.7378,,-0.51%
30,30.0,2020-02-12,10.705,10.7688,10.7847,10.6983,,-0.49%
31,31.0,2020-02-13,10.7775,10.7145,10.8013,10.7077,,0.68%
32,32.0,2020-02-14,10.7722,10.7871,10.8046,10.7482,,-0.05%
33,33.0,2020-02-17,10.7858,10.7808,10.7934,10.7358,,0.13%
34,34.0,2020-02-18,10.8377,10.7877,10.8713,10.7803,,0.48%
35,35.0,2020-02-19,10.7066,10.8405,10.8668,10.6862,,-1.21%
36,36.0,2020-02-20,10.7429,10.7126,10.8144,10.7065,,0.34%
37,37.0,2020-02-21,10.8146,10.7488,10.8949,10.7246,,0.67%
38,38.0,2020-02-24,11.0085,10.8165,11.0516,10.7991,,1.79%
39,39.0,2020-02-25,11.0283,11.0118,11.0783,10.8893,,0.18%
40,40.0,2020-02-26,10.9781,11.0348,11.075,10.966,,-0.46%
41,41.0,2020-02-27,11.0631,10.9831,11.0784,10.941,,0.77%
42,42.0,2020-02-28,11.1027,11.0651,11.2244,11.0506,,0.36%
43,43.0,2020-03-02,10.9814,11.1767,11.223,10.9635,,-1.09%
44,44.0,2020-03-03,11.0173,10.9838,11.1073,10.9473,,0.33%
45,45.0,2020-03-04,11.0156,11.0245,11.1032,10.9724,,-0.02%
46,46.0,2020-03-05,11.1964,11.0213,11.2295,10.9866,,1.64%
47,47.0,2020-03-06,11.2855,11.1978,11.3591,11.178,,0.80%
48,48.0,2020-03-09,11.7308,11.3321,11.8724,11.33,,3.95%
49,49.0,2020-03-10,11.2209,11.7331,11.7712,11.1925,,-4.35%
50,50.0,2020-03-11,11.4045,11.2239,11.5012,11.2197,,1.64%
51,51.0,2020-03-12,11.568,11.4081,11.6791,11.3617,,1.43%
52,52.0,2020-03-13,11.2218,11.5744,11.7076,11.1717,,-2.99%
53,53.0,2020-03-16,11.6393,11.2269,11.6991,11.2269,,3.72%
54,54.0,2020-03-17,11.5109,11.6457,11.7313,11.4883,,-1.10%
55,55.0,2020-03-18,11.6242,11.5129,11.7732,11.4514,,0.98%
56,56.0,2020-03-19,11.3597,11.6262,11.8825,11.3246,,-2.28%
57,57.0,2020-03-20,11.3187,11.3663,11.4363,11.2158,,-0.36%
58,58.0,2020-03-23,11.4403,11.3023,11.6415,11.2795,,1.07%
59,59.0,2020-03-24,11.086,11.4463,11.4918,11.0605,,-3.10%
60,60.0,2020-03-25,11.0761,11.0965,11.1568,11.0124,,-0.09%
61,61.0,2020-03-26,11.0656,11.0876,11.1838,11.0484,,-0.09%
62,62.0,2020-03-27,11.2327,11.0717,11.3427,11.0589,,1.51%
63,63.0,2020-03-30,11.3519,11.2295,11.4533,11.2272,,1.06%
64,64.0,2020-03-31,11.3267,11.3543,11.3618,11.2259,,-0.22%
65,65.0,2020-04-01,11.5328,11.333,11.5856,11.2925,,1.82%
66,66.0,2020-04-02,11.3717,11.5396,11.5886,11.3682,,-1.40%
67,67.0,2020-04-03,11.3902,11.378,11.4538,11.3296,,0.16%
68,68.0,2020-04-06,11.2092,11.4059,11.4154,11.2049,,-1.59%
69,69.0,2020-04-07,11.1718,11.2121,11.266,11.0837,,-0.33%
70,70.0,2020-04-08,11.1702,11.18,11.2612,11.1519,,-0.01%
71,71.0,2020-04-09,11.1584,11.1763,11.2257,11.1172,,-0.11%
72,72.0,2020-04-10,11.1659,11.1585,11.2107,11.1285,,0.07%
73,73.0,2020-04-13,11.2762,11.1682,11.3296,11.1682,,0.99%
74,74.0,2020-04-14,11.3071,11.2824,11.3464,11.2648,,0.27%
75,75.0,2020-04-15,11.3924,11.309,11.4145,11.2879,,0.75%
76,76.0,2020-04-16,11.3822,11.3944,11.4437,11.3499,,-0.09%
77,77.0,2020-04-17,11.3086,11.3842,11.3952,11.2712,,-0.65%
78,78.0,2020-04-20,11.3395,11.2986,11.3475,11.268,,0.27%
79,79.0,2020-04-21,11.4348,11.3415,11.5481,11.3249,,0.84%
80,80.0,2020-04-22,11.4461,11.4415,11.5083,11.4078,,0.10%
81,81.0,2020-04-23,11.4584,11.4534,11.4797,11.3875,,0.11%
82,82.0,2020-04-24,11.4436,11.4646,11.5063,11.4397,,-0.13%
83,83.0,2020-04-27,11.3944,11.449,11.4893,11.3787,,-0.43%
84,84.0,2020-04-28,11.4259,11.4008,11.4495,11.3834,,0.28%
85,85.0,2020-04-29,11.3463,11.4322,11.4599,11.3489,,-0.70%
86,86.0,2020-04-30,11.3147,11.3489,11.3729,11.2734,,-0.28%
87,87.0,2020-05-01,11.4551,11.3257,11.4863,11.3006,,1.24%
88,88.0,2020-05-04,11.4663,11.4667,11.5299,11.4413,,0.10%
89,89.0,2020-05-05,11.4657,11.4683,11.4868,11.4258,,-0.01%
90,90.0,2020-05-06,11.5715,11.4736,11.5952,11.4614,,0.92%
91,91.0,2020-05-07,11.4733,11.588,11.5989,11.4501,,-0.85%
92,92.0,2020-05-08,11.4328,11.4796,11.4873,11.4136,,-0.35%
93,93.0,2020-05-11,11.3558,11.439,11.4498,11.3453,,-0.67%
94,94.0,2020-05-12,11.4468,11.361,11.4575,11.3536,,0.80%
95,95.0,2020-05-13,11.4665,11.4503,11.4828,11.4168,,0.17%
96,96.0,2020-05-14,11.4387,11.4688,11.5468,11.4295,,-0.24%
97,97.0,2020-05-15,11.5151,11.445,11.5497,11.4218,,0.67%
98,98.0,2020-05-18,11.4135,11.516,11.5222,11.4037,,-0.88%
99,99.0,2020-05-19,11.3714,11.4142,11.4292,11.3256,,-0.37%
100,100.0,2020-05-20,11.4121,11.3753,11.4505,11.3428,,0.36%
101,101.0,2020-05-21,11.4577,11.415,11.4721,11.3962,,0.40%
102,102.0,2020-05-22,11.5243,11.4595,11.569,11.4523,,0.58%
103,103.0,2020-05-25,11.5155,11.5319,11.5611,11.485,,-0.08%
104,104.0,2020-05-26,11.4428,11.5218,11.5396,11.42,,-0.63%
105,105.0,2020-05-27,11.4935,11.4463,11.5097,11.4366,,0.44%
106,106.0,2020-05-28,11.4967,11.4947,11.527,11.4564,,0.03%
107,107.0,2020-05-29,11.4207,11.501,11.5638,11.4021,,-0.66%
108,108.0,2020-06-01,11.3654,11.4317,11.4477,11.3588,,-0.48%
109,109.0,2020-06-02,11.2211,11.3677,11.3989,11.196,,-1.27%
110,110.0,2020-06-03,11.1633,11.2267,11.2383,11.1483,,-0.52%
111,111.0,2020-06-04,11.1452,11.1657,11.2213,11.1216,,-0.16%
112,112.0,2020-06-05,10.9673,11.1471,11.1655,10.9372,,-1.60%
113,113.0,2020-06-08,11.0231,10.9596,11.0658,10.9396,,0.51%
114,114.0,2020-06-09,11.122,11.0278,11.1454,11.0144,,0.90%
115,115.0,2020-06-10,11.1153,11.1247,11.138,11.0575,,-0.06%
116,116.0,2020-06-11,11.2857,11.118,11.3129,11.105,,1.53%
117,117.0,2020-06-12,11.2104,11.2877,11.343,11.166,,-0.67%
118,118.0,2020-06-15,11.2601,11.2151,11.3594,11.1896,,0.44%
119,119.0,2020-06-16,11.2882,11.2605,11.3252,11.1956,,0.25%
120,120.0,2020-06-17,11.3579,11.2945,11.3713,11.275,,0.62%
121,121.0,2020-06-18,11.3328,11.3596,11.4108,11.2821,,-0.22%
122,122.0,2020-06-19,11.3361,11.3353,11.3572,11.2801,,0.03%
123,123.0,2020-06-22,11.3135,11.3371,11.3792,11.3038,,-0.20%
124,124.0,2020-06-23,11.3334,11.3162,11.3956,11.2654,,0.18%
125,125.0,2020-06-24,11.2651,11.345,11.3603,11.2446,,-0.60%
126,126.0,2020-06-25,11.2136,11.2681,11.2965,11.2021,,-0.46%
127,127.0,2020-06-26,11.2253,11.2124,11.245,11.1697,,0.10%
128,128.0,2020-06-29,11.1467,11.2295,11.2514,11.1274,,-0.70%
129,129.0,2020-06-30,11.1096,11.1524,11.1866,11.0934,,-0.33%
130,130.0,2020-07-01,11.1779,11.1126,11.2149,11.0843,,0.61%
131,131.0,2020-07-02,11.1501,11.1809,11.2139,11.1257,,-0.25%
132,132.0,2020-07-03,11.1508,11.1563,11.1858,11.1387,,0.01%
133,133.0,2020-07-06,11.1,11.157,11.1622,11.0752,,-0.46%
134,134.0,2020-07-07,11.1295,11.1027,11.1369,11.0761,,0.27%
135,135.0,2020-07-08,11.1126,11.1314,11.1437,11.087,,-0.15%
136,136.0,2020-07-09,11.1627,11.1195,11.1809,11.1039,,0.45%
137,137.0,2020-07-10,11.2273,11.1664,11.2796,11.1541,,0.58%
138,138.0,2020-07-13,11.215,11.2308,11.2533,11.1819,,-0.11%
139,139.0,2020-07-14,11.2334,11.2207,11.2751,11.2126,,0.16%
140,140.0,2020-07-15,11.2259,11.236,11.2642,11.1748,,-0.07%
141,141.0,2020-07-16,11.2333,11.2311,11.296,11.2119,,0.07%
142,142.0,2020-07-17,11.245,11.2355,11.2631,11.2066,,0.10%
143,143.0,2020-07-20,11.1951,11.2408,11.2522,11.1868,,-0.44%
144,144.0,2020-07-21,11.178,11.1978,11.2145,11.1363,,-0.15%
145,145.0,2020-07-22,11.1723,11.1828,11.222,11.1526,,-0.05%
146,146.0,2020-07-23,11.2411,11.1742,11.2723,11.1561,,0.62%
147,147.0,2020-07-24,11.3178,11.2474,11.3925,11.2375,,0.68%
148,148.0,2020-07-27,11.3453,11.3385,11.3826,11.2944,,0.24%
149,149.0,2020-07-28,11.4115,11.3506,11.4281,11.3009,,0.58%
150,150.0,2020-07-29,11.3389,11.4145,11.4233,11.3355,,-0.64%
151,151.0,2020-07-30,11.3568,11.3424,11.4014,11.306,,0.16%
152,152.0,2020-07-31,11.273,11.3595,11.4237,11.2538,,-0.74%
153,153.0,2020-08-03,11.254,11.28,11.318,11.2297,,-0.17%
154,154.0,2020-08-04,11.2843,11.2567,11.3129,11.2273,,0.27%
155,155.0,2020-08-05,11.2315,11.2876,11.3031,11.2017,,-0.47%
156,156.0,2020-08-06,11.2116,11.2349,11.2622,11.203,,-0.18%
157,157.0,2020-08-07,11.2203,11.2174,11.2627,11.2024,,0.08%
158,158.0,2020-08-10,11.1879,11.2235,11.2389,11.179,,-0.29%
159,159.0,2020-08-11,11.1326,11.1937,11.2058,11.0986,,-0.49%
160,160.0,2020-08-12,11.0655,11.1383,11.1532,11.062,,-0.60%
161,161.0,2020-08-13,11.0802,11.0748,11.115,11.0625,,0.13%
162,162.0,2020-08-14,11.1324,11.0834,11.1528,11.0674,,0.47%
163,163.0,2020-08-17,11.1601,11.1329,11.1853,11.1108,,0.25%
164,164.0,2020-08-18,11.2189,11.1711,11.2593,11.1592,,0.53%
165,165.0,2020-08-19,11.1348,11.2268,11.263,11.1365,,-0.75%
166,166.0,2020-08-20,11.2005,11.1412,11.2396,11.1356,,0.59%
167,167.0,2020-08-21,11.2628,11.2054,11.2823,11.1914,,0.56%
168,168.0,2020-08-24,11.2138,11.2617,11.2745,11.2085,,-0.44%
169,169.0,2020-08-25,11.1583,11.219,11.2296,11.1387,,-0.49%
170,170.0,2020-08-26,11.1735,11.1632,11.1901,11.1291,,0.14%
171,171.0,2020-08-27,11.1413,11.1783,11.2206,11.1261,,-0.29%
172,172.0,2020-08-28,11.2032,11.1441,11.2359,11.0637,,0.56%
173,173.0,2020-08-31,11.2154,11.206,11.253,11.1583,,0.11%
174,174.0,2020-09-01,11.1867,11.2183,11.2316,11.1641,,-0.26%
175,175.0,2020-09-02,11.1981,11.1884,11.2207,11.1632,,0.10%
176,176.0,2020-09-03,11.2182,11.2034,11.2423,11.1579,,0.18%
177,177.0,2020-09-04,11.1735,11.2252,11.2474,11.1692,,-0.40%
178,178.0,2020-09-07,11.1712,11.1732,11.1979,11.1496,,-0.02%
179,179.0,2020-09-08,11.2231,11.1743,11.2386,11.1598,,0.46%
180,180.0,2020-09-09,11.1562,11.2259,11.2505,11.144,,-0.60%
181,181.0,2020-09-10,11.1938,11.159,11.2081,11.142,,0.34%
182,182.0,2020-09-11,11.1865,11.1953,11.212,11.1611,,-0.07%
183,183.0,2020-09-14,11.1737,11.1901,11.2034,11.1463,,-0.11%
184,184.0,2020-09-15,11.19,11.1789,11.2053,11.1358,,0.15%
185,185.0,2020-09-16,11.1745,11.1937,11.2247,11.1296,,-0.14%
186,186.0,2020-09-17,11.1618,11.1764,11.2238,11.1572,,-0.11%
187,187.0,2020-09-18,11.1359,11.1677,11.1822,11.0656,,-0.23%
188,188.0,2020-09-21,11.118,11.1542,11.2045,11.0853,,-0.16%
189,189.0,2020-09-22,11.0894,11.1308,11.1521,11.0643,,-0.26%
190,190.0,2020-09-23,11.1067,11.0893,11.1256,11.0491,,0.16%
191,191.0,2020-09-24,11.0889,11.1095,11.1631,11.0726,,-0.16%
192,192.0,2020-09-25,11.1173,11.0952,11.1632,11.0764,,0.26%
193,193.0,2020-09-28,11.0581,11.1306,11.1548,11.0569,,-0.53%
194,194.0,2020-09-29,11.0602,11.0644,11.11,11.0395,,0.02%
195,195.0,2020-09-30,11.0414,11.0626,11.1017,11.0285,,-0.17%
196,196.0,2020-10-01,11.018,11.044,11.0552,10.9937,,-0.21%
197,197.0,2020-10-02,11.0724,11.0216,11.1262,11.0082,,0.49%
198,198.0,2020-10-05,10.942,11.077,11.0781,10.9378,,-1.18%
199,199.0,2020-10-06,11.021,10.9452,11.0515,10.9349,,0.72%
200,200.0,2020-10-07,10.9186,11.0273,11.0437,10.9065,,-0.93%
201,201.0,2020-10-08,10.8544,10.9223,10.9352,10.8506,,-0.59%
202,202.0,2020-10-09,10.8267,10.8575,10.8818,10.7953,,-0.26%
203,203.0,2020-10-12,10.8971,10.8193,10.9216,10.8005,,0.65%
204,204.0,2020-10-13,10.8854,10.9034,10.9354,10.8492,,-0.11%
205,205.0,2020-10-14,10.9064,10.8896,10.9267,10.834,,0.19%
206,206.0,2020-10-15,10.8575,10.9118,10.9254,10.8457,,-0.45%
207,207.0,2020-10-16,10.832,10.8599,10.9055,10.8197,,-0.23%
208,208.0,2020-10-19,10.8114,10.8374,10.854,10.7932,,-0.19%
209,209.0,2020-10-20,10.7884,10.8177,10.8287,10.7739,,-0.21%
210,210.0,2020-10-21,10.8273,10.7946,10.8502,10.7398,,0.36%
211,211.0,2020-10-22,10.8225,10.8336,10.8659,10.8105,,-0.04%
212,212.0,2020-10-23,10.7711,10.8265,10.8554,10.7612,,-0.47%
213,213.0,2020-10-26,10.8016,10.7733,10.818,10.7458,,0.28%
214,214.0,2020-10-27,10.811,10.8028,10.8201,10.7415,,0.09%
215,215.0,2020-10-28,10.8793,10.8142,10.9188,10.7867,,0.63%
216,216.0,2020-10-29,10.7995,10.882,10.9087,10.8019,,-0.73%
217,217.0,2020-10-30,10.8578,10.8059,10.8944,10.7843,,0.54%
218,218.0,2020-11-02,10.8168,10.8689,10.8774,10.8069,,-0.38%
219,219.0,2020-11-03,10.826,10.8219,10.8614,10.7913,,0.09%
220,220.0,2020-11-04,10.7857,10.8288,10.9096,10.7612,,-0.37%
221,221.0,2020-11-05,10.847,10.8004,10.8721,10.7708,,0.57%
222,222.0,2020-11-06,10.8474,10.8555,10.8935,10.804,,0.00%
223,223.0,2020-11-09,10.6193,10.8559,10.8728,10.5775,,-2.10%
224,224.0,2020-11-10,10.6054,10.6235,10.6606,10.5792,,-0.13%
225,225.0,2020-11-11,10.55,10.6092,10.6237,10.5272,,-0.52%
226,226.0,2020-11-12,10.6036,10.552,10.6244,10.5371,,0.51%
227,227.0,2020-11-13,10.584,10.6057,10.6475,10.5541,,-0.18%
228,228.0,2020-11-16,10.5846,10.5639,10.6237,10.5283,,0.01%
229,229.0,2020-11-17,10.6062,10.5873,10.6368,10.5653,,0.20%
230,230.0,2020-11-18,10.6516,10.6126,10.6767,10.6012,,0.43%
231,231.0,2020-11-19,10.7334,10.6575,10.7678,10.6489,,0.77%
232,232.0,2020-11-20,10.7351,10.7393,10.7726,10.7128,,0.02%
233,233.0,2020-11-23,10.6485,10.74,10.7526,10.6462,,-0.81%
234,234.0,2020-11-24,10.6284,10.6548,10.6597,10.606,,-0.19%
235,235.0,2020-11-25,10.5878,10.6347,10.6415,10.574,,-0.38%
236,236.0,2020-11-26,10.6009,10.5905,10.6359,10.5721,,0.12%
237,237.0,2020-11-27,10.6063,10.6078,10.6363,10.5935,,0.05%
238,238.0,2020-11-30,10.6359,10.6196,10.6667,10.6007,,0.28%
239,239.0,2020-12-01,10.5964,10.6422,10.6475,10.5872,,-0.37%
240,240.0,2020-12-02,10.5326,10.6037,10.6169,10.5183,,-0.60%
241,241.0,2020-12-03,10.5149,10.5364,10.5477,10.4578,,-0.17%
242,242.0,2020-12-04,10.4039,10.5182,10.5338,10.3938,,-1.06%
243,243.0,2020-12-07,10.4126,10.4084,10.4413,10.3775,,0.08%
244,244.0,2020-12-08,10.4133,10.4207,10.4447,10.4045,,0.01%
245,245.0,2020-12-09,10.4229,10.4238,10.4448,10.3782,,0.09%
246,246.0,2020-12-10,10.4149,10.433,10.4555,10.3811,,-0.08%
247,247.0,2020-12-11,10.4928,10.4336,10.5242,10.4197,,0.75%
248,248.0,2020-12-14,10.5042,10.4975,10.5479,10.4687,,0.11%
249,249.0,2020-12-15,10.5066,10.5082,10.5578,10.4795,,0.02%
250,250.0,2020-12-16,10.5532,10.5094,10.5939,10.4961,,0.44%
251,251.0,2020-12-17,10.5984,10.5718,10.64,10.5484,,0.43%
252,252.0,2020-12-18,10.6386,10.6096,10.6533,10.5791,,0.38%
253,253.0,2020-12-21,10.6702,10.6359,10.7303,10.6164,,0.30%
254,254.0,2020-12-22,10.7054,10.6893,10.7365,10.6642,,0.33%
255,255.0,2020-12-23,10.684,10.7091,10.7307,10.6604,,-0.20%
256,256.0,2020-12-24,10.627,10.6877,10.6957,10.6222,,-0.53%
257,257.0,2020-12-25,10.618,10.6389,10.6482,10.614,,-0.08%
258,258.0,2020-12-28,10.5539,10.6293,10.6663,10.5571,,-0.60%
259,259.0,2020-12-29,10.5316,10.5715,10.5917,10.5159,,-0.21%
260,260.0,2020-12-30,10.539,10.5428,10.5696,10.4965,,0.07%
261,261.0,2020-12-31,10.5013,10.5483,10.5821,10.499,,-0.36%
262,262.0,2021-01-01,10.5099,10.5149,10.5238,10.5144,,0.08%
263,263.0,2021-01-04,10.534,10.5232,10.5599,10.4871,,0.23%
264,264.0,2021-01-05,10.5755,10.5382,10.6032,10.4957,,0.39%
265,265.0,2021-01-06,10.5553,10.5846,10.6024,10.5073,,-0.19%
266,266.0,2021-01-07,10.5392,10.5578,10.576,10.5127,,-0.15%
267,267.0,2021-01-08,10.513,10.5446,10.5742,10.4805,,-0.25%
268,268.0,2021-01-11,10.522,10.5203,10.5668,10.4976,,0.09%
269,269.0,2021-01-12,10.5472,10.525,10.58,10.5177,,0.24%
270,270.0,2021-01-13,10.5614,10.5499,10.5886,10.5285,,0.13%
271,271.0,2021-01-14,10.5556,10.5725,10.6089,10.5251,,-0.05%
272,272.0,2021-01-15,10.6186,10.5586,10.6492,10.546,,0.60%
273,273.0,2021-01-18,10.6318,10.6421,10.6806,10.6213,,0.12%
274,274.0,2021-01-19,10.601,10.6484,10.6582,10.5745,,-0.29%
275,275.0,2021-01-20,10.5866,10.61,10.6414,10.5801,,-0.14%
276,276.0,2021-01-21,10.616,10.5983,10.6514,10.5889,,0.28%
277,277.0,2021-01-22,10.6494,10.6293,10.6816,10.616,,0.31%
278,278.0,2021-01-25,10.6252,10.6512,10.6576,10.6052,,-0.23%
279,279.0,2021-01-26,10.6245,10.6283,10.6788,10.6079,,-0.01%
280,280.0,2021-01-27,10.6452,10.6356,10.6714,10.6225,,0.19%
281,281.0,2021-01-28,10.6727,10.6472,10.7486,10.6347,,0.26%
282,282.0,2021-01-29,10.6737,10.6802,10.7366,10.6261,,0.01%
283,283.0,2021-02-01,10.6395,10.6848,10.7077,10.6379,,-0.32%
284,284.0,2021-02-02,10.6226,10.65,10.674,10.6061,,-0.16%
285,285.0,2021-02-03,10.6003,10.6254,10.6408,10.5852,,-0.21%
286,286.0,2021-02-04,10.6101,10.6031,10.6564,10.5923,,0.09%
287,287.0,2021-02-05,10.5965,10.6144,10.6874,10.5849,,-0.13%
288,288.0,2021-02-08,10.6016,10.6064,10.6416,10.59,,0.05%
289,289.0,2021-02-09,10.6203,10.6183,10.667,10.5999,,0.18%
290,290.0,2021-02-10,10.5676,10.623,10.6437,10.5418,,-0.50%
291,291.0,2021-02-11,10.5214,10.5792,10.5926,10.5189,,-0.44%
292,292.0,2021-02-12,10.5049,10.5295,10.5453,10.5065,,-0.16%
293,293.0,2021-02-15,10.4499,10.5184,10.5337,10.4452,,-0.52%
294,294.0,2021-02-16,10.4345,10.4609,10.4839,10.3958,,-0.15%
295,295.0,2021-02-17,10.4431,10.4449,10.4834,10.4187,,0.08%
296,296.0,2021-02-18,10.4736,10.451,10.5047,10.4218,,0.29%
297,297.0,2021-02-19,10.471,10.4763,10.515,10.4506,,-0.02%
298,298.0,2021-02-22,10.5775,10.492,10.5975,10.4529,,1.02%
299,299.0,2021-02-23,10.5476,10.5885,10.6109,10.5364,,-0.28%
300,300.0,2021-02-24,10.4568,10.549,10.5614,10.4487,,-0.86%
301,301.0,2021-02-25,10.5306,10.4609,10.5582,10.4318,,0.71%
302,302.0,2021-02-26,10.5421,10.5387,10.628,10.5163,,0.11%
303,303.0,2021-03-01,10.4274,10.5549,10.5761,10.4235,,-1.09%
304,304.0,2021-03-02,10.5447,10.4302,10.5645,10.3133,,1.12%
305,305.0,2021-03-03,10.5219,10.5478,10.5568,10.4399,,-0.22%
306,306.0,2021-03-04,10.473,10.5327,10.5821,10.4409,,-0.46%
307,307.0,2021-03-05,10.4088,10.475,10.5357,10.3926,,-0.61%
308,308.0,2021-03-08,10.475,10.421,10.5113,10.3984,,0.64%
309,309.0,2021-03-09,10.461,10.4866,10.4999,10.4164,,-0.13%
310,310.0,2021-03-10,10.4798,10.4717,10.5287,10.45,,0.18%
311,311.0,2021-03-11,10.4161,10.4886,10.5185,10.4051,,-0.61%
312,312.0,2021-03-12,10.4192,10.4222,10.4431,10.3753,,0.03%
313,313.0,2021-03-15,10.3762,10.4204,10.4325,10.368,,-0.41%
314,314.0,2021-03-16,10.3568,10.3807,10.4014,10.3402,,-0.19%
315,315.0,2021-03-17,10.3005,10.3629,10.3942,10.2945,,-0.54%
316,316.0,2021-03-18,10.3549,10.3079,10.3944,10.2807,,0.53%
317,317.0,2021-03-19,10.3684,10.3619,10.4104,10.3297,,0.13%
318,318.0,2021-03-22,10.3436,10.375,10.4162,10.3421,,-0.24%
319,319.0,2021-03-23,10.4314,10.3496,10.4493,10.341,,0.85%
320,320.0,2021-03-24,10.4359,10.4365,10.4643,10.388,,0.04%
321,321.0,2021-03-25,10.3949,10.4419,10.4504,10.3778,,-0.39%
322,322.0,2021-03-26,10.2907,10.3974,10.4089,10.2853,,-1.00%
323,323.0,2021-03-29,10.3047,10.2954,10.3606,10.2803,,0.14%
324,324.0,2021-03-30,10.2599,10.3152,10.3264,10.2633,,-0.43%
325,325.0,2021-03-31,10.1794,10.2709,10.287,10.1725,,-0.78%
326,326.0,2021-04-01,10.2027,10.188,10.2378,10.1563,,0.23%
327,327.0,2021-04-02,10.1946,10.2053,10.2217,10.1782,,-0.08%
328,328.0,2021-04-05,10.2022,10.2114,10.2283,10.1818,,0.07%
329,329.0,2021-04-06,10.1956,10.2109,10.2175,10.1365,,-0.06%
330,330.0,2021-04-07,10.185,10.1981,10.2068,10.1542,,-0.10%
331,331.0,2021-04-08,10.2117,10.188,10.2506,10.1701,,0.26%
332,332.0,2021-04-09,10.2205,10.2215,10.2589,10.178,,0.09%
333,333.0,2021-04-12,10.2771,10.2222,10.3003,10.211,,0.55%
334,334.0,2021-04-13,10.2812,10.2869,10.306,10.2519,,0.04%
335,335.0,2021-04-14,10.244,10.2843,10.326,10.2047,,-0.36%
336,336.0,2021-04-15,10.2664,10.2475,10.2864,10.2342,,0.22%
337,337.0,2021-04-16,10.2619,10.2695,10.312,10.2205,,-0.04%
338,338.0,2021-04-19,10.3099,10.2657,10.3332,10.2524,,0.47%
339,339.0,2021-04-20,10.3347,10.3131,10.3632,10.2449,,0.24%
340,340.0,2021-04-21,10.3289,10.3378,10.381,10.3115,,-0.06%
341,341.0,2021-04-22,10.362,10.3336,10.3853,10.3165,,0.32%
342,342.0,2021-04-23,10.3272,10.3754,10.3905,10.3135,,-0.34%
343,343.0,2021-04-26,10.2709,10.3267,10.358,10.2585,,-0.55%
344,344.0,2021-04-27,10.2413,10.273,10.2825,10.2288,,-0.29%
345,345.0,2021-04-28,10.218,10.2436,10.2519,10.1937,,-0.23%
346,346.0,2021-04-29,10.1673,10.222,10.2369,10.1416,,-0.50%
347,347.0,2021-04-30,10.221,10.1713,10.2497,10.1496,,0.53%
348,348.0,2021-05-03,10.2699,10.2297,10.2975,10.1966,,0.48%
349,349.0,2021-05-04,10.2942,10.2728,10.332,10.2426,,0.24%
350,350.0,2021-05-05,10.2991,10.2972,10.3212,10.2636,,0.05%
351,351.0,2021-05-06,10.2684,10.3017,10.3176,10.2541,,-0.30%
352,352.0,2021-05-07,10.2295,10.2709,10.3061,10.2243,,-0.38%
353,353.0,2021-05-10,10.2627,10.2422,10.2768,10.2151,,0.32%
354,354.0,2021-05-11,10.2972,10.2655,10.3447,10.2438,,0.34%
355,355.0,2021-05-12,10.3276,10.3088,10.3703,10.2895,,0.30%
356,356.0,2021-05-13,10.2917,10.3307,10.3598,10.2888,,-0.35%
357,357.0,2021-05-14,10.2934,10.2945,10.3428,10.2796,,0.02%
358,358.0,2021-05-17,10.4077,10.3088,10.4407,10.2874,,1.11%
359,359.0,2021-05-18,10.3474,10.4108,10.4388,10.336,,-0.58%
360,360.0,2021-05-19,10.355,10.3514,10.4114,10.3181,,0.07%
361,361.0,2021-05-20,10.3664,10.358,10.4043,10.3433,,0.11%
362,362.0,2021-05-21,10.3481,10.3709,10.3944,10.3231,,-0.18%
363,363.0,2021-05-24,10.3309,10.3529,10.3754,10.3206,,-0.17%
364,364.0,2021-05-25,10.3168,10.3339,10.3438,10.285,,-0.14%
365,365.0,2021-05-26,10.2282,10.3198,10.3291,10.2205,,-0.86%
366,366.0,2021-05-27,10.1853,10.2313,10.2633,10.1685,,-0.42%
367,367.0,2021-05-28,10.1272,10.1883,10.1914,10.1245,,-0.57%
368,368.0,2021-05-31,10.0993,10.141,10.1739,10.0863,,-0.28%
369,369.0,2021-06-01,10.1228,10.1144,10.1415,10.0873,,0.23%
370,370.0,2021-06-02,10.1389,10.127,10.1559,10.0975,,0.16%
371,371.0,2021-06-03,10.1211,10.142,10.1668,10.1133,,-0.18%
372,372.0,2021-06-04,10.1398,10.1241,10.1725,10.105,,0.18%
373,373.0,2021-06-07,10.164,10.1419,10.1893,10.1231,,0.24%
374,374.0,2021-06-08,10.2056,10.167,10.2207,10.1481,,0.41%
375,375.0,2021-06-09,10.1752,10.207,10.2236,10.1598,,-0.30%
376,376.0,2021-06-10,10.173,10.1896,10.2123,10.1517,,-0.02%
377,377.0,2021-06-11,10.1787,10.1766,10.1945,10.1371,,0.06%
378,378.0,2021-06-14,10.1406,10.1834,10.2114,10.1428,,-0.37%
379,379.0,2021-06-15,10.1538,10.1511,10.1692,10.1391,,0.13%
380,380.0,2021-06-16,10.2311,10.1559,10.2964,10.1366,,0.76%
381,381.0,2021-06-17,10.2894,10.2336,10.3083,10.1867,,0.57%
382,382.0,2021-06-18,10.2989,10.2952,10.3282,10.2417,,0.09%
383,383.0,2021-06-21,10.2538,10.2956,10.382,10.252,,-0.44%
384,384.0,2021-06-22,10.2428,10.2572,10.292,10.2349,,-0.11%
385,385.0,2021-06-23,10.2347,10.2457,10.2741,10.2169,,-0.08%
386,386.0,2021-06-24,10.1973,10.2382,10.2544,10.1924,,-0.37%
387,387.0,2021-06-25,10.1716,10.2085,10.2196,10.1571,,-0.25%
388,388.0,2021-06-28,10.2127,10.1796,10.2431,10.1644,,0.40%
389,389.0,2021-06-29,10.2381,10.2157,10.267,10.1884,,0.25%
390,390.0,2021-06-30,10.1735,10.2411,10.2533,10.1662,,-0.63%
391,391.0,2021-07-01,10.1697,10.1758,10.2117,10.1444,,-0.04%
392,392.0,2021-07-02,10.1785,10.1727,10.2179,10.1476,,0.09%
393,393.0,2021-07-05,10.1849,10.1821,10.2107,10.1557,,0.06%
394,394.0,2021-07-06,10.2734,10.1888,10.3044,10.1769,,0.87%
395,395.0,2021-07-07,10.3144,10.2764,10.3418,10.2532,,0.40%
396,396.0,2021-07-08,10.4406,10.3165,10.5103,10.3023,,1.22%
397,397.0,2021-07-09,10.3815,10.4437,10.4747,10.3712,,-0.57%
398,398.0,2021-07-12,10.3839,10.3964,10.4428,10.372,,0.02%
399,399.0,2021-07-13,10.3926,10.3926,10.4205,10.3428,,0.08%
400,400.0,2021-07-14,10.4039,10.3956,10.4447,10.3779,,0.11%
401,401.0,2021-07-15,10.3885,10.4029,10.4548,10.3517,,-0.15%
402,402.0,2021-07-16,10.3717,10.3915,10.4176,10.3379,,-0.16%
403,403.0,2021-07-19,10.5127,10.3944,10.569,10.3765,,1.36%
404,404.0,2021-07-20,10.4439,10.5241,10.5372,10.4349,,-0.65%
405,405.0,2021-07-21,10.418,10.4544,10.5217,10.418,,-0.25%
406,406.0,2021-07-22,10.4434,10.4219,10.4722,10.3979,,0.24%
407,407.0,2021-07-23,10.4135,10.4477,10.4615,10.397,,-0.29%
408,408.0,2021-07-26,10.4425,10.4203,10.4994,10.4129,,0.28%
409,409.0,2021-07-27,10.5059,10.4455,10.5709,10.4181,,0.61%
410,410.0,2021-07-28,10.4637,10.5184,10.5472,10.4567,,-0.40%
411,411.0,2021-07-29,10.4395,10.4667,10.4963,10.4059,,-0.23%
412,412.0,2021-07-30,10.4931,10.4435,10.5205,10.4367,,0.51%
413,413.0,2021-08-02,10.5203,10.5008,10.5526,10.4696,,0.26%
414,414.0,2021-08-03,10.5294,10.5243,10.587,10.4978,,0.09%
415,415.0,2021-08-04,10.4544,10.5326,10.5502,10.4277,,-0.71%
416,416.0,2021-08-05,10.4089,10.4575,10.4637,10.3952,,-0.44%
417,417.0,2021-08-06,10.382,10.4136,10.4314,10.3764,,-0.26%
418,418.0,2021-08-09,10.397,10.3925,10.4301,10.3671,,0.14%
419,419.0,2021-08-10,10.4222,10.4,10.441,10.3835,,0.24%
420,420.0,2021-08-11,10.4499,10.4262,10.4889,10.4164,,0.27%
421,421.0,2021-08-12,10.5323,10.4529,10.5629,10.4415,,0.79%
422,422.0,2021-08-13,10.5964,10.5363,10.6297,10.5068,,0.61%
423,423.0,2021-08-16,10.6652,10.5955,10.7079,10.5902,,0.65%
424,424.0,2021-08-17,10.7418,10.6683,10.7942,10.6536,,0.72%
425,425.0,2021-08-18,10.657,10.7446,10.7695,10.6257,,-0.79%
426,426.0,2021-08-19,10.7178,10.6617,10.7584,10.6449,,0.57%
427,427.0,2021-08-20,10.6997,10.7199,10.81,10.6612,,-0.17%
428,428.0,2021-08-23,10.6545,10.703,10.721,10.6287,,-0.42%
429,429.0,2021-08-24,10.6124,10.6594,10.6779,10.6,,-0.40%
430,430.0,2021-08-25,10.5768,10.6173,10.6573,10.5666,,-0.34%
431,431.0,2021-08-26,10.6315,10.5799,10.6613,10.5678,,0.52%
432,432.0,2021-08-27,10.5711,10.6346,10.6812,10.5667,,-0.57%
433,433.0,2021-08-30,10.5916,10.5806,10.6344,10.5749,,0.19%
434,434.0,2021-08-31,10.5291,10.6078,10.6219,10.507,,-0.59%
435,435.0,2021-09-01,10.5024,10.5326,10.5482,10.4799,,-0.25%
436,436.0,2021-09-02,10.5325,10.5094,10.5713,10.4932,,0.29%
437,437.0,2021-09-03,10.5164,10.5356,10.5563,10.4889,,-0.15%
438,438.0,2021-09-06,10.5319,10.5312,10.5639,10.5113,,0.15%
439,439.0,2021-09-07,10.5347,10.5361,10.5915,10.5157,,0.03%
440,440.0,2021-09-08,10.5799,10.5378,10.6079,10.5271,,0.43%
441,441.0,2021-09-09,10.6593,10.5868,10.6749,10.5729,,0.75%
442,442.0,2021-09-10,10.6443,10.6623,10.6999,10.5964,,-0.14%
443,443.0,2021-09-13,10.6611,10.6505,10.7091,10.6432,,0.16%
444,444.0,2021-09-14,10.6858,10.6681,10.706,10.6049,,0.23%
445,445.0,2021-09-15,10.6612,10.6899,10.7199,10.6503,,-0.23%
446,446.0,2021-09-16,10.7098,10.6641,10.7424,10.652,,0.46%
447,447.0,2021-09-17,10.7345,10.7129,10.7602,10.6781,,0.23%
448,448.0,2021-09-20,10.8379,10.7489,10.88,10.7365,,0.96%
449,449.0,2021-09-21,10.8382,10.8542,10.872,10.7892,,0.00%
450,450.0,2021-09-22,10.7618,10.8427,10.8609,10.749,,-0.70%
451,451.0,2021-09-23,10.6465,10.7663,10.8013,10.6358,,-1.07%
452,452.0,2021-09-24,10.6527,10.6489,10.6867,10.6172,,0.06%
453,453.0,2021-09-27,10.6102,10.6622,10.6651,10.604,,-0.40%
454,454.0,2021-09-28,10.6443,10.6132,10.6823,10.5965,,0.32%
455,455.0,2021-09-29,10.602,10.6514,10.6614,10.5938,,-0.40%
456,456.0,2021-09-30,10.64,10.6107,10.6553,10.5615,,0.36%
457,457.0,2021-10-01,10.6252,10.6473,10.6996,10.6149,,-0.14%
458,458.0,2021-10-04,10.6735,10.6363,10.6924,10.6054,,0.45%
459,459.0,2021-10-05,10.643,10.6819,10.7086,10.6315,,-0.29%
460,460.0,2021-10-06,10.6803,10.6479,10.7535,10.6354,,0.35%
461,461.0,2021-10-07,10.6691,10.6865,10.7069,10.662,,-0.10%
462,462.0,2021-10-08,10.6618,10.6726,10.7165,10.6407,,-0.07%
463,463.0,2021-10-11,10.5471,10.6694,10.6723,10.54,,-1.08%
464,464.0,2021-10-12,10.5367,10.5534,10.6161,10.5207,,-0.10%
465,465.0,2021-10-13,10.4731,10.543,10.5666,10.4529,,-0.60%
466,466.0,2021-10-14,10.394,10.4778,10.4964,10.3955,,-0.76%
467,467.0,2021-10-15,10.3463,10.3994,10.4076,10.3319,,-0.46%
468,468.0,2021-10-18,10.3679,10.3532,10.4064,10.3363,,0.21%
469,469.0,2021-10-19,10.2721,10.3725,10.3813,10.2724,,-0.92%
470,470.0,2021-10-20,10.2864,10.2786,10.3033,10.2311,,0.14%
471,471.0,2021-10-21,10.3314,10.2893,10.371,10.2611,,0.44%
472,472.0,2021-10-22,10.3752,10.3335,10.3927,10.2987,,0.42%
473,473.0,2021-10-25,10.2701,10.3649,10.3822,10.2618,,-1.01%
474,474.0,2021-10-26,10.2299,10.2729,10.2845,10.2044,,-0.39%
475,475.0,2021-10-27,10.2956,10.2322,10.3368,10.2075,,0.64%
476,476.0,2021-10-28,10.2849,10.2979,10.3365,10.275,,-0.10%
477,477.0,2021-10-29,10.2997,10.2884,10.3372,10.2695,,0.14%
478,478.0,2021-11-01,10.3276,10.3059,10.3426,10.2741,,0.27%
479,479.0,2021-11-02,10.3394,10.33,10.3731,10.2939,,0.11%
480,480.0,2021-11-03,10.3393,10.3417,10.4172,10.3331,,0.00%
481,481.0,2021-11-04,10.4224,10.3416,10.4577,10.3145,,0.80%
482,482.0,2021-11-05,10.4121,10.4252,10.4521,10.4037,,-0.10%
483,483.0,2021-11-08,10.4268,10.4157,10.4539,10.4046,,0.14%
484,484.0,2021-11-09,10.4376,10.4292,10.4563,10.3897,,0.10%
485,485.0,2021-11-10,10.4024,10.4409,10.4924,10.3553,,-0.34%
486,486.0,2021-11-11,10.3637,10.4029,10.4273,10.3357,,-0.37%
487,487.0,2021-11-12,10.3548,10.3669,10.4805,10.2979,,-0.09%
488,488.0,2021-11-15,10.3681,10.359,10.3857,10.3318,,0.13%
489,489.0,2021-11-16,10.3096,10.3708,10.3775,10.2936,,-0.56%
490,490.0,2021-11-17,10.344,10.3113,10.3799,10.2694,,0.33%
491,491.0,2021-11-18,10.3472,10.3473,10.3868,10.3166,,0.03%
492,492.0,2021-11-19,10.4122,10.354,10.5105,10.3298,,0.63%
493,493.0,2021-11-22,10.3584,10.4179,10.4391,10.3467,,-0.52%
494,494.0,2021-11-23,10.3246,10.364,10.3818,10.3229,,-0.33%
495,495.0,2021-11-24,10.2959,10.3354,10.3541,10.2809,,-0.28%
496,496.0,2021-11-25,10.3169,10.2977,10.3417,10.291,,0.20%
497,497.0,2021-11-26,10.5413,10.3181,10.5762,10.312,,2.18%
498,498.0,2021-11-29,10.4879,10.5477,10.564,10.4564,,-0.51%
499,499.0,2021-11-30,10.4498,10.4904,10.5624,10.4277,,-0.36%
500,500.0,2021-12-01,10.4338,10.4533,10.4743,10.3629,,-0.15%
501,501.0,2021-12-02,10.3971,10.4382,10.4525,10.3582,,-0.35%
502,502.0,2021-12-03,10.4582,10.3995,10.5104,10.3875,,0.59%
503,503.0,2021-12-06,10.4021,10.4721,10.51,10.3946,,-0.54%
504,504.0,2021-12-07,10.3585,10.4046,10.431,10.3477,,-0.42%
505,505.0,2021-12-08,10.3368,10.3604,10.3908,10.3129,,-0.21%
506,506.0,2021-12-09,10.3829,10.3388,10.3929,10.3084,,0.45%
507,507.0,2021-12-10,10.4141,10.3853,10.432,10.3624,,0.30%
508,508.0,2021-12-13,10.4315,10.4257,10.4508,10.3666,,0.17%
509,509.0,2021-12-14,10.4202,10.4346,10.4462,10.3918,,-0.11%
510,510.0,2021-12-15,10.3864,10.422,10.4556,10.3837,,-0.32%
511,511.0,2021-12-16,10.4326,10.3952,10.4663,10.3488,,0.44%
512,512.0,2021-12-17,10.4459,10.4339,10.4796,10.3936,,0.13%
513,513.0,2021-12-20,10.4703,10.4539,10.5191,10.4432,,0.23%
514,514.0,2021-12-21,10.4344,10.4721,10.5054,10.4339,,-0.34%
515,515.0,2021-12-22,10.4304,10.4344,10.4536,10.4087,,-0.04%
516,516.0,2021-12-23,10.3623,10.431,10.4351,10.3554,,-0.65%
517,517.0,2021-12-24,10.3634,10.3644,10.3897,10.3539,,0.01%
518,518.0,2021-12-27,10.3215,10.3771,10.3874,10.321,,-0.40%
519,519.0,2021-12-28,10.3456,10.3322,10.3617,10.3166,,0.23%
520,520.0,2021-12-29,10.3044,10.3474,10.3568,10.2983,,-0.40%
521,521.0,2021-12-30,10.3342,10.3057,10.3459,10.2833,,0.29%
522,522.0,2021-12-31,10.3202,10.339,10.3513,10.3099,,-0.14%
523,523.0,2022-01-03,10.3433,10.3295,10.3808,10.3022,,0.22%
524,524.0,2022-01-04,10.3081,10.3481,10.3675,10.2852,,-0.34%
525,525.0,2022-01-05,10.3177,10.3099,10.3547,10.2991,,0.09%
526,526.0,2022-01-06,10.4009,10.3288,10.4336,10.3203,,0.81%
527,527.0,2022-01-07,10.3619,10.4029,10.4137,10.3573,,-0.37%
528,528.0,2022-01-10,10.3969,10.3574,10.4323,10.3324,,0.34%
529,529.0,2022-01-11,10.3409,10.3991,10.4066,10.3173,,-0.54%
530,530.0,2022-01-12,10.3443,10.3431,10.37,10.2992,,0.03%
531,531.0,2022-01-13,10.3853,10.3456,10.4187,10.3361,,0.40%
532,532.0,2022-01-14,10.4182,10.3934,10.4824,10.3889,,0.32%
533,533.0,2022-01-17,10.3802,10.4214,10.4401,10.3823,,-0.36%
534,534.0,2022-01-18,10.4056,10.3893,10.4236,10.334,,0.24%
535,535.0,2022-01-19,10.3903,10.4091,10.4416,10.3682,,-0.15%
536,536.0,2022-01-20,10.4488,10.3924,10.4594,10.3812,,0.56%
537,537.0,2022-01-21,10.4873,10.4508,10.5133,10.4431,,0.37%
538,538.0,2022-01-24,10.4922,10.4927,10.549,10.4722,,0.05%
539,539.0,2022-01-25,10.5044,10.4945,10.553,10.4811,,0.12%
540,540.0,2022-01-26,10.4398,10.5044,10.5289,10.4278,,-0.61%
541,541.0,2022-01-27,10.4322,10.4456,10.5097,10.4137,,-0.07%
542,542.0,2022-01-28,10.4933,10.4349,10.5331,10.4271,,0.59%
543,543.0,2022-01-31,10.4632,10.4982,10.5041,10.4481,,-0.29%
544,544.0,2022-02-01,10.4786,10.4647,10.5149,10.4559,,0.15%
545,545.0,2022-02-02,10.4784,10.4813,10.5308,10.4746,,0.00%
546,546.0,2022-02-03,10.4302,10.4877,10.5493,10.4306,,-0.46%
547,547.0,2022-02-04,10.3988,10.4431,10.4651,10.3931,,-0.30%
548,548.0,2022-02-07,10.394,10.4004,10.4414,10.3867,,-0.05%
549,549.0,2022-02-08,10.3526,10.3994,10.4107,10.347,,-0.40%
550,550.0,2022-02-09,10.3363,10.354,10.3721,10.3263,,-0.16%
551,551.0,2022-02-10,10.3407,10.3387,10.3687,10.2933,,0.04%
552,552.0,2022-02-11,10.3905,10.3425,10.4277,10.2912,,0.48%
553,553.0,2022-02-14,10.361,10.408,10.4166,10.336,,-0.28%
554,554.0,2022-02-15,10.3481,10.3635,10.4102,10.3306,,-0.12%
555,555.0,2022-02-16,10.3623,10.3504,10.3944,10.3274,,0.14%
556,556.0,2022-02-17,10.4283,10.3641,10.4376,10.3454,,0.64%
557,557.0,2022-02-18,10.3919,10.4299,10.4488,10.353,,-0.35%
558,558.0,2022-02-21,10.4024,10.4024,10.4433,10.3522,,0.10%
559,559.0,2022-02-22,10.3562,10.4109,10.4455,10.3427,,-0.44%
560,560.0,2022-02-23,10.369,10.3665,10.3874,10.3304,,0.12%
561,561.0,2022-02-24,10.4375,10.3717,10.5457,10.3639,,0.66%
562,562.0,2022-02-25,10.3605,10.4394,10.4592,10.3588,,-0.74%
563,563.0,2022-02-28,10.434,10.4186,10.4779,10.3461,,0.71%
564,564.0,2022-03-01,10.4883,10.4446,10.5121,10.408,,0.52%
565,565.0,2022-03-02,10.4143,10.4905,10.5056,10.3988,,-0.71%
566,566.0,2022-03-03,10.4403,10.4165,10.4754,10.3957,,0.25%
567,567.0,2022-03-04,10.604,10.4532,10.6383,10.4452,,1.57%
568,568.0,2022-03-07,10.6818,10.6068,10.7181,10.5921,,0.73%
569,569.0,2022-03-08,10.6624,10.6869,10.7297,10.6153,,-0.18%
570,570.0,2022-03-09,10.5561,10.6647,10.6791,10.5526,,-1.00%
571,571.0,2022-03-10,10.5806,10.5594,10.6166,10.5408,,0.23%
572,572.0,2022-03-11,10.5454,10.5806,10.6179,10.5196,,-0.33%
573,573.0,2022-03-14,10.4961,10.5431,10.5513,10.4796,,-0.47%
574,574.0,2022-03-15,10.4862,10.5086,10.5866,10.4778,,-0.09%
575,575.0,2022-03-16,10.3187,10.4951,10.5121,10.3042,,-1.60%
576,576.0,2022-03-17,10.2014,10.3253,10.3274,10.1741,,-1.14%
577,577.0,2022-03-18,10.1607,10.2077,10.2521,10.1586,,-0.40%
578,578.0,2022-03-21,10.1904,10.1642,10.2175,10.1519,,0.29%
579,579.0,2022-03-22,10.0594,10.1926,10.2076,10.051,,-1.29%
580,580.0,2022-03-23,10.0579,10.0582,10.1058,9.9979,,-0.01%
581,581.0,2022-03-24,9.9671,10.0617,10.0906,9.97,,-0.90%
582,582.0,2022-03-25,10.0359,9.9797,10.0549,9.9695,,0.69%
583,583.0,2022-03-28,9.8737,10.0466,10.0474,9.7923,,-1.62%
584,584.0,2022-03-29,9.8254,9.8759,9.9615,9.8195,,-0.49%
585,585.0,2022-03-30,9.9344,9.8395,9.9666,9.8092,,1.11%
586,586.0,2022-03-31,9.9751,9.9372,10.01,9.8782,,0.41%
587,587.0,2022-04-01,9.9554,9.9867,9.9909,9.9009,,-0.20%
588,588.0,2022-04-04,9.8832,9.9465,9.9627,9.8819,,-0.73%
589,589.0,2022-04-05,9.8546,9.8896,9.9272,9.8341,,-0.29%
590,590.0,2022-04-06,9.8335,9.8599,9.8702,9.8096,,-0.21%
591,591.0,2022-04-07,9.8633,9.8349,9.8799,9.8274,,0.30%
592,592.0,2022-04-08,9.8849,9.8661,9.9006,9.8458,,0.22%
593,593.0,2022-04-11,9.8438,9.9088,9.9136,9.8062,,-0.42%
594,594.0,2022-04-12,9.7949,9.8504,9.8894,9.7739,,-0.50%
595,595.0,2022-04-13,9.7337,9.7999,9.8114,9.7168,,-0.62%
596,596.0,2022-04-14,9.7716,9.7352,9.8071,9.7317,,0.39%
597,597.0,2022-04-15,9.719,9.7736,9.7805,9.6909,,-0.54%
598,598.0,2022-04-18,9.7254,9.7218,9.7631,9.6977,,0.07%
599,599.0,2022-04-19,9.614,9.7283,9.7313,9.6165,,-1.15%
600,600.0,2022-04-20,9.6463,9.6173,9.6966,9.5729,,0.34%
601,601.0,2022-04-21,9.6792,9.6502,9.7114,9.6095,,0.34%
602,602.0,2022-04-22,9.675,9.6819,9.7096,9.623,,-0.04%
603,603.0,2022-04-25,9.755,9.675,9.8233,9.6551,,0.83%
604,604.0,2022-04-26,9.907,9.7571,9.9152,9.7307,,1.56%
605,605.0,2022-04-27,9.8581,9.9106,9.9351,9.8563,,-0.49%
606,606.0,2022-04-28,9.7197,9.8602,9.8712,9.7051,,-1.40%
607,607.0,2022-04-29,9.7261,9.7229,9.7521,9.6321,,0.07%
608,608.0,2022-05-02,9.7373,9.7363,9.7724,9.6967,,0.12%
609,609.0,2022-05-03,9.6853,9.7394,9.7579,9.6799,,-0.53%
610,610.0,2022-05-04,9.6941,9.6918,9.8179,9.673,,0.09%
611,611.0,2022-05-05,9.7511,9.6954,9.7924,9.6607,,0.59%
612,612.0,2022-05-06,9.725,9.755,9.7766,9.7107,,-0.27%
613,613.0,2022-05-09,9.7811,9.731,9.8195,9.7033,,0.58%
614,614.0,2022-05-10,9.7845,9.7878,9.8485,9.7526,,0.03%
615,615.0,2022-05-11,9.8394,9.7868,9.8714,9.7606,,0.56%
616,616.0,2022-05-12,10.0563,9.8413,10.1169,9.8344,,2.20%
617,617.0,2022-05-13,9.8936,10.0586,10.0654,9.8858,,-1.62%
618,618.0,2022-05-16,9.9108,9.8907,9.9754,9.8474,,0.17%
619,619.0,2022-05-17,9.786,9.914,9.9428,9.7566,,-1.26%
620,620.0,2022-05-18,9.9449,9.7894,9.9651,9.7779,,1.62%
621,621.0,2022-05-19,9.8788,9.9489,10.0251,9.8689,,-0.66%
622,622.0,2022-05-20,9.9593,9.8915,10.0033,9.8759,,0.81%
623,623.0,2022-05-23,9.8349,9.9606,9.988,9.8366,,-1.25%
624,624.0,2022-05-24,9.9427,9.8415,10.0014,9.8378,,1.10%
625,625.0,2022-05-25,9.9451,9.9439,10.0289,9.9233,,0.02%
626,626.0,2022-05-26,9.9082,9.9474,10.0022,9.9041,,-0.37%
627,627.0,2022-05-27,9.8466,9.9191,9.943,9.8236,,-0.62%
628,628.0,2022-05-30,9.679,9.8579,9.8644,9.6762,,-1.70%
629,629.0,2022-05-31,9.6513,9.6919,9.7142,9.6306,,-0.29%
630,630.0,2022-06-01,9.5819,9.6545,9.6591,9.5558,,-0.72%
631,631.0,2022-06-02,9.5519,9.5849,9.6531,9.5516,,-0.31%
632,632.0,2022-06-03,9.5552,9.5594,9.5875,9.5348,,0.03%
633,633.0,2022-06-06,9.5113,9.564,9.615,9.4958,,-0.46%
634,634.0,2022-06-07,9.459,9.5151,9.5199,9.4472,,-0.55%
635,635.0,2022-06-08,9.3603,9.4638,9.4684,9.3462,,-1.04%
636,636.0,2022-06-09,9.4079,9.3645,9.4349,9.3414,,0.51%
637,637.0,2022-06-10,9.5152,9.4114,9.5682,9.3986,,1.14%
638,638.0,2022-06-13,9.6083,9.5212,9.6798,9.4852,,0.98%
639,639.0,2022-06-14,9.5186,9.6105,9.6445,9.519,,-0.93%
640,640.0,2022-06-15,9.548,9.5215,9.6467,9.5063,,0.31%
641,641.0,2022-06-16,9.7423,9.5519,9.8395,9.5189,,2.03%
642,642.0,2022-06-17,9.5656,9.746,9.7656,9.5596,,-1.81%
643,643.0,2022-06-20,9.5592,9.5742,9.6122,9.5307,,-0.07%
644,644.0,2022-06-21,9.4535,9.5678,9.5824,9.45,,-1.11%
645,645.0,2022-06-22,9.5214,9.4572,9.6008,9.4431,,0.72%
646,646.0,2022-06-23,9.6314,9.5225,9.6979,9.5181,,1.16%
647,647.0,2022-06-24,9.5332,9.636,9.6596,9.5206,,-1.02%
648,648.0,2022-06-27,9.4959,9.5421,9.6047,9.4726,,-0.39%
649,649.0,2022-06-28,9.4893,9.4993,9.5215,9.4423,,-0.07%
650,650.0,2022-06-29,9.53,9.4934,9.5649,9.4689,,0.43%
651,651.0,2022-06-30,9.4837,9.5359,9.5667,9.4827,,-0.49%
652,652.0,2022-07-01,9.6041,9.4902,9.6595,9.4793,,1.27%
653,653.0,2022-07-04,9.5467,9.5986,9.6432,9.5214,,-0.60%
654,654.0,2022-07-05,9.6317,9.5522,9.6998,9.4978,,0.89%
655,655.0,2022-07-06,9.5962,9.6338,9.6959,9.5867,,-0.37%
656,656.0,2022-07-07,9.5392,9.6005,9.647,9.5232,,-0.59%
657,657.0,2022-07-08,9.512,9.5421,9.6258,9.4928,,-0.29%
658,658.0,2022-07-11,9.5366,9.5188,9.5713,9.4721,,0.26%
659,659.0,2022-07-12,9.5354,9.5402,9.5878,9.5266,,-0.01%
660,660.0,2022-07-13,9.4931,9.5444,9.5731,9.4676,,-0.44%
661,661.0,2022-07-14,9.4753,9.4965,9.5437,9.4318,,-0.19%
662,662.0,2022-07-15,9.5102,9.4848,9.5949,9.4677,,0.37%
663,663.0,2022-07-18,9.5432,9.522,9.5701,9.4921,,0.35%
664,664.0,2022-07-19,9.443,9.5501,9.556,9.4452,,-1.05%
665,665.0,2022-07-20,9.4975,9.448,9.5166,9.4157,,0.58%
666,666.0,2022-07-21,9.5063,9.5048,9.5438,9.4259,,0.09%
667,667.0,2022-07-22,9.6268,9.5114,9.6495,9.4986,,1.27%
668,668.0,2022-07-25,9.5905,9.6329,9.6388,9.5796,,-0.38%
669,669.0,2022-07-26,9.567,9.5949,9.6337,9.5603,,-0.25%
670,670.0,2022-07-27,9.5627,9.5753,9.6287,9.5476,,-0.04%
671,671.0,2022-07-28,9.6468,9.5659,9.6934,9.5624,,0.88%
672,672.0,2022-07-29,9.7806,9.651,9.8211,9.6282,,1.39%
673,673.0,2022-08-01,9.9311,9.7826,9.9489,9.7573,,1.54%
674,674.0,2022-08-02,9.85,9.9354,10.037,9.8585,,-0.82%
675,675.0,2022-08-03,9.7701,9.8595,9.9047,9.7511,,-0.81%
676,676.0,2022-08-04,9.7986,9.7742,9.832,9.7467,,0.29%
677,677.0,2022-08-05,9.6462,9.805,9.8358,9.6056,,-1.56%
678,678.0,2022-08-08,9.6208,9.6559,9.6893,9.6179,,-0.26%
679,679.0,2022-08-09,9.6629,9.6293,9.7065,9.6245,,0.44%
680,680.0,2022-08-10,9.7602,9.6752,9.8876,9.6587,,1.01%
681,681.0,2022-08-11,9.8109,9.7628,9.8728,9.7582,,0.52%
682,682.0,2022-08-12,9.7469,9.8132,9.8368,9.7455,,-0.65%
683,683.0,2022-08-15,9.8284,9.7593,9.8869,9.7483,,0.84%
684,684.0,2022-08-16,9.7664,9.8421,9.8775,9.7311,,-0.63%
685,685.0,2022-08-17,9.737,9.7702,9.7893,9.7098,,-0.30%
686,686.0,2022-08-18,9.7626,9.7408,9.83,9.7231,,0.26%
687,687.0,2022-08-19,9.7518,9.7666,9.7817,9.7086,,-0.11%
688,688.0,2022-08-22,9.7704,9.7588,9.8433,9.7272,,0.19%
689,689.0,2022-08-23,9.7885,9.7737,9.8277,9.7192,,0.19%
690,690.0,2022-08-24,9.7761,9.7922,9.8608,9.7683,,-0.13%
691,691.0,2022-08-25,9.7699,9.7791,9.8058,9.75,,-0.06%
692,692.0,2022-08-26,9.7551,9.78,9.787,9.6761,,-0.15%
693,693.0,2022-08-29,9.7003,9.7504,9.7602,9.6898,,-0.56%
694,694.0,2022-08-30,9.7239,9.7039,9.7572,9.6943,,0.24%
695,695.0,2022-08-31,9.6509,9.7298,9.7556,9.6474,,-0.75%
696,696.0,2022-09-01,9.6699,9.6554,9.7431,9.6237,,0.20%
697,697.0,2022-09-02,9.7066,9.6781,9.7416,9.6513,,0.38%
698,698.0,2022-09-05,9.7382,9.72,9.7945,9.689,,0.33%
699,699.0,2022-09-06,9.6427,9.748,9.7835,9.6427,,-0.98%
700,700.0,2022-09-07,9.5799,9.6538,9.6911,9.5495,,-0.65%
701,701.0,2022-09-08,9.6069,9.5837,9.6427,9.5403,,0.28%
702,702.0,2022-09-09,9.6792,9.6093,9.7184,9.5732,,0.75%
703,703.0,2022-09-12,9.6236,9.7082,9.7092,9.6246,,-0.57%
704,704.0,2022-09-13,9.6464,9.6278,9.6831,9.4964,,0.24%
705,705.0,2022-09-14,9.7151,9.65,9.773,9.6048,,0.71%
706,706.0,2022-09-15,9.743,9.7191,9.7643,9.6947,,0.29%
707,707.0,2022-09-16,9.6878,9.745,9.7775,9.6729,,-0.57%
708,708.0,2022-09-19,9.7059,9.6963,9.7343,9.6843,,0.19%
709,709.0,2022-09-20,9.687,9.7087,9.7278,9.681,,-0.19%
710,710.0,2022-09-21,9.7036,9.6901,9.751,9.6309,,0.17%
711,711.0,2022-09-22,9.8639,9.7031,10.0048,9.6618,,1.65%
712,712.0,2022-09-23,9.9152,9.8683,9.9553,9.8527,,0.52%
713,713.0,2022-09-26,9.8797,9.9223,9.983,9.859,,-0.36%
714,714.0,2022-09-27,9.8424,9.8823,9.9223,9.8172,,-0.38%
715,715.0,2022-09-28,9.8806,9.8477,9.9931,9.8394,,0.39%
716,716.0,2022-09-29,9.8975,9.886,9.9723,9.8524,,0.17%
717,717.0,2022-09-30,9.9458,9.9022,9.966,9.8714,,0.49%
718,718.0,2022-10-03,9.916,9.9639,10.0038,9.9039,,-0.30%
719,719.0,2022-10-04,9.8219,9.9201,9.9322,9.8166,,-0.95%
720,720.0,2022-10-05,9.785,9.8249,9.8923,9.7776,,-0.38%
721,721.0,2022-10-06,9.7031,9.7961,9.8151,9.6672,,-0.84%
722,722.0,2022-10-07,9.738,9.7056,9.7727,9.6716,,0.36%
723,723.0,2022-10-10,9.7956,9.7485,9.8345,9.7387,,0.59%
724,724.0,2022-10-11,9.813,9.8087,9.8696,9.7976,,0.18%
725,725.0,2022-10-12,9.6957,9.8164,9.8278,9.6944,,-1.20%
726,726.0,2022-10-13,9.7174,9.6988,9.8541,9.6942,,0.22%
727,727.0,2022-10-14,9.683,9.7264,9.7532,9.6607,,-0.35%
728,728.0,2022-10-17,9.6031,9.7124,9.7148,9.5988,,-0.83%
729,729.0,2022-10-18,9.546,9.6086,9.6199,9.5308,,-0.59%
730,730.0,2022-10-19,9.5716,9.5484,9.5917,9.4737,,0.27%
731,731.0,2022-10-20,9.5251,9.5742,9.5849,9.4982,,-0.49%
732,732.0,2022-10-21,9.6724,9.5277,9.7948,9.4756,,1.55%
733,733.0,2022-10-24,9.6962,9.6846,9.8136,9.5465,,0.25%
734,734.0,2022-10-25,9.6433,9.6992,9.7189,9.6135,,-0.55%
735,735.0,2022-10-26,9.6497,9.6479,9.6824,9.6022,,0.07%
736,736.0,2022-10-27,9.7145,9.653,9.7638,9.6434,,0.67%
737,737.0,2022-10-28,9.6397,9.7185,9.7313,9.6327,,-0.77%
738,738.0,2022-10-31,9.5861,9.6234,9.6592,9.5809,,-0.56%
739,739.0,2022-11-01,9.5544,9.5957,9.6354,9.5478,,-0.33%
740,740.0,2022-11-02,9.5481,9.5584,9.7235,9.5498,,-0.07%
741,741.0,2022-11-03,9.6014,9.5597,9.6702,9.5597,,0.56%
742,742.0,2022-11-04,9.5709,9.6042,9.6493,9.5522,,-0.32%
743,743.0,2022-11-07,9.495,9.5424,9.6287,9.4843,,-0.79%
744,744.0,2022-11-08,9.4374,9.5027,9.5165,9.3985,,-0.61%
745,745.0,2022-11-09,9.3612,9.4384,9.4932,9.3208,,-0.81%
746,746.0,2022-11-10,9.5732,9.3625,9.6335,9.3133,,2.26%
747,747.0,2022-11-11,9.4633,9.5772,9.5791,9.2738,,-1.15%
748,748.0,2022-11-14,9.4637,9.4852,9.5533,9.3864,,0.00%
749,749.0,2022-11-15,9.4481,9.4669,9.5393,9.3757,,-0.16%
750,750.0,2022-11-16,9.5776,9.453,9.6081,9.4462,,1.37%
751,751.0,2022-11-17,9.576,9.5804,9.6545,9.541,,-0.02%
752,752.0,2022-11-18,9.5435,9.5795,9.6019,9.5333,,-0.34%
753,753.0,2022-11-21,9.5624,9.5515,9.6666,9.5434,,0.20%
754,754.0,2022-11-22,9.5749,9.565,9.6028,9.5329,,0.13%
755,755.0,2022-11-23,9.5749,9.5785,9.6312,9.5428,,0.00%
756,756.0,2022-11-24,9.5693,9.5776,9.6351,9.5369,,-0.06%
757,757.0,2022-11-25,9.5916,9.5803,9.6169,9.5237,,0.23%
758,758.0,2022-11-28,9.6406,9.5852,9.7369,9.5787,,0.51%
759,759.0,2022-11-29,9.5535,9.6544,9.6841,9.538,,-0.90%
760,760.0,2022-11-30,9.4281,9.5575,9.5835,9.4175,,-1.31%
761,761.0,2022-12-01,9.6374,9.4282,9.6515,9.4239,,2.22%
762,762.0,2022-12-02,9.662,9.643,9.7083,9.5343,,0.26%
763,763.0,2022-12-05,9.5446,9.6726,9.6807,9.5296,,-1.22%
764,764.0,2022-12-06,9.6293,9.548,9.7057,9.5303,,0.89%
765,765.0,2022-12-07,9.62,9.6322,9.6763,9.559,,-0.10%
766,766.0,2022-12-08,9.6271,9.6239,9.6749,9.6183,,0.07%
767,767.0,2022-12-09,9.5459,9.6354,9.6482,9.5186,,-0.84%
768,768.0,2022-12-12,9.485,9.5478,9.6011,9.4786,,-0.64%
769,769.0,2022-12-13,9.5069,9.4935,9.7063,9.4407,,0.23%
770,770.0,2022-12-14,9.5617,9.5112,9.6267,9.5002,,0.58%
771,771.0,2022-12-15,9.569,9.5657,9.6406,9.5486,,0.08%
772,772.0,2022-12-16,9.5778,9.5773,9.6087,9.5054,,0.09%
773,773.0,2022-12-19,9.5047,9.6282,9.6452,9.4864,,-0.76%
774,774.0,2022-12-20,9.7465,9.5084,9.8351,9.4587,,2.54%
775,775.0,2022-12-21,9.6544,9.7496,9.7929,9.6617,,-0.94%
776,776.0,2022-12-22,9.7585,9.6644,9.7662,9.655,,1.08%
777,777.0,2022-12-23,9.6337,9.762,9.7763,9.6214,,-1.28%
778,778.0,2022-12-26,9.5862,9.6458,9.6798,9.5679,,-0.49%
779,779.0,2022-12-27,9.5272,9.5948,9.6121,9.5083,,-0.62%
780,780.0,2022-12-28,9.4763,9.531,9.5415,9.4372,,-0.53%
781,781.0,2022-12-29,9.4786,9.4789,9.5239,9.4424,,0.02%
782,782.0,2022-12-30,9.6151,9.4819,9.6306,9.4698,,1.44%
783,783.0,2023-01-02,9.705,9.624,9.7383,9.6203,,0.93%
784,784.0,2023-01-03,9.7612,9.713,9.8263,9.6661,,0.58%
785,785.0,2023-01-04,9.5815,9.7668,9.7852,9.5764,,-1.84%
786,786.0,2023-01-05,9.5515,9.586,9.6459,9.5102,,-0.31%
787,787.0,2023-01-06,9.489,9.5535,9.5636,9.4128,,-0.65%
788,788.0,2023-01-09,9.3963,9.5044,9.5239,9.3659,,-0.98%
789,789.0,2023-01-10,9.3801,9.3998,9.4558,9.3794,,-0.17%
790,790.0,2023-01-11,9.3781,9.3844,9.4447,9.368,,-0.02%
791,791.0,2023-01-12,9.5848,9.3781,9.5997,9.3768,,2.20%
792,792.0,2023-01-13,9.6729,9.5911,9.7241,9.5587,,0.92%
793,793.0,2023-01-16,9.6571,9.682,9.6932,9.6057,,-0.16%
794,794.0,2023-01-17,9.6562,9.6611,9.685,9.596,,-0.01%
795,795.0,2023-01-18,9.6012,9.6592,9.6617,9.4376,,-0.57%
796,796.0,2023-01-19,9.5929,9.6056,9.6718,9.5924,,-0.09%
797,797.0,2023-01-20,9.4819,9.5972,9.6111,9.4601,,-1.16%
798,798.0,2023-01-23,9.4114,9.5005,9.532,9.4025,,-0.74%
799,799.0,2023-01-24,9.4682,9.4156,9.5045,9.4027,,0.60%
800,800.0,2023-01-25,9.5098,9.4725,9.5615,9.4349,,0.44%
801,801.0,2023-01-26,9.4597,9.5141,9.5514,9.4523,,-0.53%
802,802.0,2023-01-27,9.4674,9.4626,9.5304,9.4528,,0.08%
803,803.0,2023-01-30,9.4394,9.4826,9.5046,9.4217,,-0.30%
804,804.0,2023-01-31,9.4782,9.4433,9.5197,9.4289,,0.41%
805,805.0,2023-02-01,9.478,9.4825,9.5361,9.4278,,0.00%
806,806.0,2023-02-02,9.518,9.4787,9.5587,9.4565,,0.42%
807,807.0,2023-02-03,9.5081,9.5224,9.5922,9.463,,-0.10%
808,808.0,2023-02-06,9.4984,9.446,9.5405,9.4023,,-0.10%
809,809.0,2023-02-07,9.5793,9.5101,9.6448,9.4645,,0.85%
810,810.0,2023-02-08,9.5925,9.5809,9.6483,9.5554,,0.14%
811,811.0,2023-02-09,9.6089,9.5968,9.6452,9.5819,,0.17%
812,812.0,2023-02-10,9.6428,9.6133,9.7136,9.5828,,0.35%
813,813.0,2023-02-13,9.6118,9.6494,9.6837,9.588,,-0.32%
814,814.0,2023-02-14,9.5593,9.6161,9.6412,9.5353,,-0.55%
815,815.0,2023-02-15,9.5658,9.5602,9.6605,9.5529,,0.07%
816,816.0,2023-02-16,9.6268,9.5715,9.646,9.5533,,0.64%
817,817.0,2023-02-17,9.6577,9.6304,9.6841,9.6128,,0.32%
818,818.0,2023-02-20,9.6546,9.6592,9.6865,9.6295,,-0.03%
819,819.0,2023-02-21,9.6708,9.6564,9.7106,9.6257,,0.17%
820,820.0,2023-02-22,9.6543,9.6749,9.7018,9.6269,,-0.17%
821,821.0,2023-02-23,9.6326,9.6583,9.6907,9.5677,,-0.22%
822,822.0,2023-02-24,9.6304,9.634,9.7126,9.6285,,-0.02%
823,823.0,2023-02-27,9.669,9.632,9.7237,9.6212,,0.40%
824,824.0,2023-02-28,9.711,9.6781,9.7353,9.6386,,0.43%
825,825.0,2023-03-01,9.5845,9.7155,9.7245,9.5534,,-1.30%
826,826.0,2023-03-02,9.5838,9.5887,9.6412,9.5763,,-0.01%
827,827.0,2023-03-03,9.5351,9.588,9.607,9.5147,,-0.51%
828,828.0,2023-03-06,9.5392,9.5366,9.5788,9.5133,,0.04%
829,829.0,2023-03-07,9.6086,9.548,9.6341,9.536,,0.73%
830,830.0,2023-03-08,9.5827,9.6121,9.6379,9.5658,,-0.27%
831,831.0,2023-03-09,9.7349,9.5866,9.7534,9.5849,,1.59%
832,832.0,2023-03-10,9.7788,9.7383,9.8037,9.6257,,0.45%
833,833.0,2023-03-13,9.7326,9.7843,9.8883,9.6624,,-0.47%
834,834.0,2023-03-14,9.7188,9.7365,9.8441,9.6834,,-0.14%
835,835.0,2023-03-15,9.8407,9.7221,9.9968,9.6548,,1.25%
836,836.0,2023-03-16,9.7245,9.8444,9.9612,9.7255,,-1.18%
837,837.0,2023-03-17,9.9239,9.7339,9.9359,9.7275,,2.05%
838,838.0,2023-03-20,9.9319,9.8787,10.0532,9.8057,,0.08%
839,839.0,2023-03-21,9.8342,9.9391,9.9903,9.8325,,-0.98%
840,840.0,2023-03-22,9.8718,9.8391,9.9025,9.7977,,0.38%
841,841.0,2023-03-23,9.8306,9.8802,9.9192,9.7357,,-0.42%
842,842.0,2023-03-24,9.9041,9.8355,10.0749,9.8056,,0.75%
843,843.0,2023-03-27,9.8649,9.9277,9.9694,9.8544,,-0.40%
844,844.0,2023-03-28,9.9079,9.8685,9.9569,9.8484,,0.44%
845,845.0,2023-03-29,9.8231,9.9138,9.9245,9.8162,,-0.86%
846,846.0,2023-03-30,9.7735,9.829,9.8685,9.7547,,-0.50%
847,847.0,2023-03-31,9.8337,9.777,9.8539,9.6794,,0.62%
848,848.0,2023-04-03,9.8813,9.8243,9.9404,9.7875,,0.48%
849,849.0,2023-04-04,9.9459,9.8862,10.0027,9.8456,,0.65%
850,850.0,2023-04-05,10.0293,9.9505,10.0591,9.9483,,0.84%
851,851.0,2023-04-06,10.0046,10.0329,10.0938,9.9816,,-0.25%
852,852.0,2023-04-07,9.9599,10.0095,10.0323,9.9396,,-0.45%
853,853.0,2023-04-10,9.8827,9.9629,9.9947,9.8699,,-0.78%
854,854.0,2023-04-11,9.8888,9.8866,9.9472,9.866,,0.06%
855,855.0,2023-04-12,9.9334,9.8938,9.9962,9.8699,,0.45%
856,856.0,2023-04-13,9.8166,9.9379,9.9746,9.7917,,-1.18%
857,857.0,2023-04-14,9.7459,9.822,9.8479,9.7384,,-0.72%
858,858.0,2023-04-17,9.8075,9.7465,9.8479,9.7335,,0.63%
859,859.0,2023-04-18,9.8347,9.812,9.854,9.7818,,0.28%
860,860.0,2023-04-19,9.8694,9.8393,9.9237,9.8016,,0.35%
861,861.0,2023-04-20,9.8593,9.8741,9.883,9.8014,,-0.10%
862,862.0,2023-04-21,9.9073,9.8633,9.9515,9.8406,,0.49%
863,863.0,2023-04-24,9.9256,9.9213,9.9648,9.8949,,0.18%
864,864.0,2023-04-25,10.0268,9.9299,10.0725,9.903,,1.02%
865,865.0,2023-04-26,10.0098,10.0308,10.0751,9.9807,,-0.17%
866,866.0,2023-04-27,9.9953,10.0133,10.0647,9.9859,,-0.14%
867,867.0,2023-04-28,9.8142,10.0002,10.0438,9.7974,,-1.81%
868,868.0,2023-05-01,9.7606,9.8182,9.8263,9.7546,,-0.55%
869,869.0,2023-05-02,9.8287,9.7682,9.8495,9.7132,,0.70%
870,870.0,2023-05-03,9.9068,9.8322,9.9178,9.806,,0.79%
871,871.0,2023-05-04,9.85,9.9136,9.9344,9.8173,,-0.57%
872,872.0,2023-05-05,9.7692,9.8538,9.868,9.7562,,-0.82%
873,873.0,2023-05-08,9.7808,9.7754,9.8334,9.741,,0.12%
874,874.0,2023-05-09,9.8035,9.7877,9.8342,9.7759,,0.23%
875,875.0,2023-05-10,9.807,9.808,9.8484,9.7693,,0.04%
876,876.0,2023-05-11,9.8895,9.8109,9.9525,9.794,,0.84%
877,877.0,2023-05-12,9.8896,9.8928,9.9382,9.8728,,0.00%
878,878.0,2023-05-15,9.8102,9.8997,9.902,9.7932,,-0.80%
879,879.0,2023-05-16,9.8413,9.8133,9.8766,9.798,,0.32%
880,880.0,2023-05-17,9.6894,9.8455,9.8569,9.6804,,-1.54%
881,881.0,2023-05-18,9.6182,9.694,9.7168,9.6101,,-0.73%
882,882.0,2023-05-19,9.6043,9.6211,9.6599,9.5514,,-0.14%
883,883.0,2023-05-22,9.478,9.6013,9.6356,9.4764,,-1.32%
884,884.0,2023-05-23,9.5188,9.4813,9.5439,9.4419,,0.43%
885,885.0,2023-05-24,9.4531,9.5259,9.5422,9.4517,,-0.69%
886,886.0,2023-05-25,9.5051,9.4563,9.5392,9.4433,,0.55%
887,887.0,2023-05-26,9.4039,9.5055,9.5144,9.4029,,-1.06%
888,888.0,2023-05-29,9.4267,9.407,9.4525,9.3913,,0.24%
889,889.0,2023-05-30,9.439,9.4338,9.4543,9.3984,,0.13%
890,890.0,2023-05-31,9.4766,9.4429,9.5194,9.4096,,0.40%
891,891.0,2023-06-01,9.4545,9.4812,9.5298,9.4444,,-0.23%
892,892.0,2023-06-02,9.33,9.463,9.4725,9.3215,,-1.32%
893,893.0,2023-06-05,9.3192,9.329,9.3635,9.3028,,-0.12%
894,894.0,2023-06-06,9.3039,9.3251,9.3624,9.2861,,-0.16%
895,895.0,2023-06-07,9.3354,9.3073,9.3744,9.2909,,0.34%
896,896.0,2023-06-08,9.324,9.3392,9.3661,9.309,,-0.12%
897,897.0,2023-06-09,9.2367,9.3333,9.3486,9.2295,,-0.94%
898,898.0,2023-06-12,9.2009,9.237,9.2785,9.1977,,-0.39%
899,899.0,2023-06-13,9.0401,9.2036,9.2207,9.0386,,-1.75%
900,900.0,2023-06-14,9.0936,9.0434,9.1523,9.026,,0.59%
901,901.0,2023-06-15,9.0501,9.0966,9.1285,9.0369,,-0.48%
902,902.0,2023-06-16,8.9965,9.0556,9.1024,8.9955,,-0.59%
903,903.0,2023-06-19,9.03,9.0066,9.0673,8.9938,,0.37%
904,904.0,2023-06-20,9.106,9.0377,9.1271,9.002,,0.84%
905,905.0,2023-06-21,9.0798,9.1106,9.142,9.0777,,-0.29%
906,906.0,2023-06-22,9.0706,9.083,9.1553,9.0676,,-0.10%
907,907.0,2023-06-23,9.1045,9.0738,9.1671,9.0555,,0.37%
908,908.0,2023-06-26,9.092,9.1165,9.1487,9.0555,,-0.14%
909,909.0,2023-06-27,9.0171,9.0961,9.1229,8.9992,,-0.82%
910,910.0,2023-06-28,9.0581,9.0195,9.1046,9.0048,,0.45%
911,911.0,2023-06-29,9.1325,9.0626,9.1414,9.0504,,0.82%
912,912.0,2023-06-30,9.1106,9.1375,9.1489,9.0898,,-0.24%
913,913.0,2023-07-03,9.0131,9.1179,9.1263,9.0127,,-1.07%
914,914.0,2023-07-04,8.9599,9.0175,9.049,8.9536,,-0.59%
915,915.0,2023-07-05,9.0114,8.9633,9.0341,8.9576,,0.57%
916,916.0,2023-07-06,9.0854,9.0146,9.1238,9.0049,,0.82%
917,917.0,2023-07-07,9.1337,9.0888,9.1551,9.0684,,0.53%
918,918.0,2023-07-10,9.1947,9.1308,9.2224,9.1154,,0.67%
919,919.0,2023-07-11,9.1985,9.1986,9.2273,9.1644,,0.04%
920,920.0,2023-07-12,9.2014,9.203,9.2916,9.1752,,0.03%
921,921.0,2023-07-13,9.1752,9.2039,9.2599,9.1303,,-0.28%
922,922.0,2023-07-14,9.1403,9.1793,9.2399,9.1007,,-0.38%
923,923.0,2023-07-17,9.104,9.1479,9.1794,9.0949,,-0.40%
924,924.0,2023-07-18,9.1108,9.1092,9.1683,9.0618,,0.07%
925,925.0,2023-07-19,9.069,9.1139,9.121,9.0392,,-0.46%
926,926.0,2023-07-20,9.1122,9.0772,9.1418,9.0499,,0.48%
927,927.0,2023-07-21,9.0692,9.12,9.1702,9.0386,,-0.47%
928,928.0,2023-07-24,9.051,9.0811,9.1031,9.0303,,-0.20%
929,929.0,2023-07-25,9.058,9.055,9.0885,9.0062,,0.08%
930,930.0,2023-07-26,9.0616,9.0599,9.1039,9.0358,,0.04%
931,931.0,2023-07-27,9.2047,9.067,9.2576,9.0323,,1.58%
932,932.0,2023-07-28,9.0157,9.2084,9.2587,9.0186,,-2.05%
933,933.0,2023-07-31,8.9794,9.0304,9.0722,8.9423,,-0.40%
934,934.0,2023-08-01,8.9925,8.9833,9.0367,8.9566,,0.15%
935,935.0,2023-08-02,9.0625,8.9957,9.1195,8.9925,,0.78%
936,936.0,2023-08-03,9.1114,9.0666,9.155,9.0217,,0.54%
937,937.0,2023-08-04,9.1979,9.1195,9.2171,9.0894,,0.95%
938,938.0,2023-08-07,9.1721,9.2002,9.2342,9.1504,,-0.28%
939,939.0,2023-08-08,9.1815,9.1794,9.2479,9.1351,,0.10%
940,940.0,2023-08-09,9.1357,9.1855,9.2252,9.1357,,-0.50%
941,941.0,2023-08-10,9.0971,9.1394,9.174,9.0713,,-0.42%
942,942.0,2023-08-11,9.1751,9.1018,9.2093,9.0868,,0.86%
943,943.0,2023-08-14,9.1901,9.1776,9.2131,9.1611,,0.16%
944,944.0,2023-08-15,9.1793,9.1916,9.2161,9.1617,,-0.12%
945,945.0,2023-08-16,9.1651,9.1831,9.2146,9.1639,,-0.15%
946,946.0,2023-08-17,9.1825,9.1725,9.2041,9.1478,,0.19%
947,947.0,2023-08-18,9.2096,9.1852,9.2552,9.1524,,0.30%
948,948.0,2023-08-21,9.1597,9.2212,9.25,9.1573,,-0.54%
949,949.0,2023-08-22,9.1831,9.1709,9.1962,9.1422,,0.26%
950,950.0,2023-08-23,9.1566,9.1906,9.2402,9.155,,-0.29%
951,951.0,2023-08-24,9.1008,9.1679,9.1937,9.0616,,-0.61%
952,952.0,2023-08-25,9.038,9.1089,9.1186,9.0336,,-0.69%
953,953.0,2023-08-28,9.0332,9.0458,9.0636,9.006,,-0.05%
954,954.0,2023-08-29,9.0346,9.0359,9.0612,9.0056,,0.02%
955,955.0,2023-08-30,9.0483,9.0387,9.0764,9.0277,,0.15%
956,956.0,2023-08-31,9.1037,9.0513,9.1211,9.0365,,0.61%
957,957.0,2023-09-01,9.0083,9.1069,9.1175,9.0095,,-1.05%
958,958.0,2023-09-04,8.9942,9.0182,9.0492,8.9905,,-0.16%
959,959.0,2023-09-05,8.9965,9.0021,9.0915,8.988,,0.03%
960,960.0,2023-09-06,9.0308,9.0023,9.0572,8.9999,,0.38%
961,961.0,2023-09-07,9.0526,9.0378,9.0917,9.0154,,0.24%
962,962.0,2023-09-08,9.031,9.0619,9.1022,9.0286,,-0.24%
963,963.0,2023-09-11,9.0415,9.0903,9.1255,9.0423,,0.12%
964,964.0,2023-09-12,9.0159,9.0482,9.064,9.0089,,-0.28%
965,965.0,2023-09-13,8.9957,9.0222,9.0365,8.9832,,-0.22%
966,966.0,2023-09-14,9.0149,9.0055,9.0392,8.9832,,0.21%
967,967.0,2023-09-15,8.9846,9.018,9.0295,8.9672,,-0.34%
968,968.0,2023-09-18,8.9661,8.9981,8.9996,8.9596,,-0.21%
969,969.0,2023-09-19,8.9851,8.9702,8.9972,8.9369,,0.21%
970,970.0,2023-09-20,8.9856,8.9879,9.0107,8.9539,,0.01%
971,971.0,2023-09-21,9.0712,8.9884,9.1134,8.9802,,0.95%
972,972.0,2023-09-22,8.99,9.076,9.0932,8.9751,,-0.90%
973,973.0,2023-09-25,8.9866,9.0012,9.0234,8.965,,-0.04%
974,974.0,2023-09-26,9.0735,8.9947,9.0951,8.9858,,0.97%
975,975.0,2023-09-27,9.052,9.0838,9.1023,9.0393,,-0.24%
976,976.0,2023-09-28,9.038,9.0614,9.0933,9.0279,,-0.15%
977,977.0,2023-09-29,9.0487,9.046,9.0643,8.9994,,0.12%
978,978.0,2023-10-02,9.0468,9.0474,9.0769,9.0172,,-0.02%
979,979.0,2023-10-03,9.1323,9.0562,9.2484,9.0409,,0.95%
980,980.0,2023-10-04,9.0633,9.1394,9.1515,9.0633,,-0.76%
981,981.0,2023-10-05,9.0609,9.0684,9.1066,9.0553,,-0.03%
982,982.0,2023-10-06,9.0031,9.0657,9.0894,8.9946,,-0.64%
983,983.0,2023-10-09,9.0698,9.0201,9.1013,9.0074,,0.74%
984,984.0,2023-10-10,9.0186,9.0749,9.1005,9.0223,,-0.56%
985,985.0,2023-10-11,8.9718,9.0282,9.0423,8.9667,,-0.52%
986,986.0,2023-10-12,9.0045,8.9813,9.0261,8.9482,,0.36%
987,987.0,2023-10-13,9.0406,9.0077,9.0552,8.9954,,0.40%
988,988.0,2023-10-16,9.0146,9.0518,9.0732,9.012,,-0.29%
989,989.0,2023-10-17,9.0301,9.0179,9.0727,9.0041,,0.17%
990,990.0,2023-10-18,9.0293,9.0347,9.067,9.0045,,-0.01%
991,991.0,2023-10-19,9.0528,9.0396,9.082,9.0277,,0.26%
992,992.0,2023-10-20,9.0017,9.0605,9.0762,8.9974,,-0.56%
993,993.0,2023-10-23,8.9636,9.0147,9.0396,8.9673,,-0.42%
994,994.0,2023-10-24,8.964,8.9736,9.0005,8.9619,,0.00%
995,995.0,2023-10-25,9.0007,8.9674,9.0288,8.9622,,0.41%
996,996.0,2023-10-26,8.9934,9.007,9.0736,8.993,,-0.08%
997,997.0,2023-10-27,9.0551,9.0001,9.0828,8.9725,,0.69%
998,998.0,2023-10-30,9.0232,9.0696,9.0727,8.997,,-0.35%
999,999.0,2023-10-31,8.9133,9.0299,9.0455,8.906,,-1.22%
1000,1000.0,2023-11-01,8.9277,8.919,8.993,8.9124,,0.16%
1001,1001.0,2023-11-02,8.864,8.935,8.962,8.8406,,-0.71%
1002,1002.0,2023-11-03,8.7554,8.8693,8.8862,8.7307,,-1.23%
1003,1003.0,2023-11-06,8.6501,8.7681,8.781,8.6398,,-1.20%
1004,1004.0,2023-11-07,8.674,8.6578,8.7268,8.6562,,0.28%
1005,1005.0,2023-11-08,8.6609,8.6786,8.7241,8.6303,,-0.15%
1006,1006.0,2023-11-09,8.7014,8.6708,8.7149,8.6301,,0.47%
1007,1007.0,2023-11-10,8.6881,8.71,8.731,8.6849,,-0.15%
1008,1008.0,2023-11-13,8.6938,8.6967,8.7585,8.6927,,0.07%
1009,1009.0,2023-11-14,8.6751,8.6965,8.7738,8.6415,,-0.22%
1010,1010.0,2023-11-15,8.6181,8.6784,8.6884,8.6067,,-0.66%
1011,1011.0,2023-11-16,8.5733,8.6223,8.6679,8.5077,,-0.52%
1012,1012.0,2023-11-17,8.6492,8.5774,8.6682,8.5703,,0.89%
1013,1013.0,2023-11-20,8.6726,8.6581,8.7292,8.6332,,0.27%
1014,1014.0,2023-11-21,8.7226,8.6834,8.7659,8.6703,,0.58%
1015,1015.0,2023-11-22,8.6982,8.7333,8.7607,8.6943,,-0.28%
1016,1016.0,2023-11-23,8.6929,8.6997,8.7249,8.6849,,-0.06%
1017,1017.0,2023-11-24,8.7184,8.7001,8.7612,8.6693,,0.29%
1018,1018.0,2023-11-27,8.7219,8.7253,8.7857,8.704,,0.04%
1019,1019.0,2023-11-28,8.7271,8.7329,8.758,8.7038,,0.06%
1020,1020.0,2023-11-29,8.7686,8.7328,8.7841,8.729,,0.48%
1021,1021.0,2023-11-30,8.767,8.7692,8.8251,8.7496,,-0.02%
1022,1022.0,2023-12-01,8.8082,8.7775,8.8705,8.7721,,0.47%
1023,1023.0,2023-12-04,8.8965,8.8249,8.9239,8.8216,,1.00%
1024,1024.0,2023-12-05,8.9215,8.9031,8.9828,8.8856,,0.28%
1025,1025.0,2023-12-06,8.934,8.9276,8.9503,8.9016,,0.14%
1026,1026.0,2023-12-07,9.1177,8.934,9.2605,8.9268,,2.06%
1027,1027.0,2023-12-08,9.0812,9.1184,9.1744,9.0259,,-0.40%
1028,1028.0,2023-12-11,9.0049,9.0975,9.1006,8.9941,,-0.84%
1029,1029.0,2023-12-12,9.0121,9.0085,9.0587,8.9925,,0.08%
1030,1030.0,2023-12-13,9.2172,9.0221,9.2283,9.0139,,2.28%
1031,1031.0,2023-12-14,9.082,9.2277,9.28,9.0661,,-1.47%
1032,1032.0,2023-12-15,9.1462,9.0918,9.1967,9.0537,,0.71%
1033,1033.0,2023-12-18,9.1252,9.159,9.1625,9.0949,,-0.23%
1034,1034.0,2023-12-19,9.0387,9.1309,9.1794,9.0178,,-0.95%
1035,1035.0,2023-12-20,9.075,9.044,9.0938,9.0157,,0.40%
1036,1036.0,2023-12-21,9.1104,9.084,9.1486,9.0715,,0.39%
1037,1037.0,2023-12-22,9.1073,9.1219,9.1629,9.1001,,-0.03%
1038,1038.0,2023-12-25,9.099,9.1169,9.1348,9.0998,,-0.09%
1039,1039.0,2023-12-26,9.0864,9.1067,9.1414,9.0798,,-0.14%
1040,1040.0,2023-12-27,9.1144,9.0983,9.142,9.0468,,0.31%
1041,1041.0,2023-12-28,9.115,9.1246,9.1742,9.0982,,0.01%
1042,1042.0,2023-12-29,9.1756,9.1207,9.2142,9.0697,,0.66%
1043,1043.0,2024-01-01,9.1812,9.1787,9.1919,9.1769,,0.06%
1044,1044.0,2024-01-02,9.2353,9.189,9.269,9.1439,,0.59%
1045,1045.0,2024-01-03,9.1382,9.2401,9.2479,9.1178,,-1.05%
1046,1046.0,2024-01-04,9.0776,9.1448,9.1741,9.0647,,-0.66%
1047,1047.0,2024-01-05,9.0845,9.0892,9.1173,9.0307,,0.08%
1048,1048.0,2024-01-08,9.095,9.094,9.1505,9.0698,,0.12%
1049,1049.0,2024-01-09,9.1361,9.0975,9.1878,9.0911,,0.45%
1050,1050.0,2024-01-10,9.048,9.1403,9.1502,9.0438,,-0.96%
1051,1051.0,2024-01-11,9.043,9.0526,9.0694,8.9971,,-0.06%
1052,1052.0,2024-01-12,9.0611,9.0485,9.08,9.0306,,0.20%
1053,1053.0,2024-01-15,9.0535,9.0657,9.1055,9.0438,,-0.08%
1054,1054.0,2024-01-16,9.0887,9.0624,9.1383,9.0537,,0.39%
1055,1055.0,2024-01-17,9.0703,9.0962,9.148,9.068,,-0.20%
1056,1056.0,2024-01-18,9.0325,9.0783,9.0968,9.0261,,-0.42%
1057,1057.0,2024-01-19,9.0009,9.0446,9.0509,8.9914,,-0.35%
1058,1058.0,2024-01-22,9.0403,8.9994,9.0746,8.9927,,0.44%
1059,1059.0,2024-01-23,9.015,9.0446,9.0727,8.998,,-0.28%
1060,1060.0,2024-01-24,9.0291,9.026,9.075,9.0176,,0.16%
1061,1061.0,2024-01-25,9.0496,9.0372,9.0751,9.0223,,0.23%
1062,1062.0,2024-01-26,9.0205,9.057,9.0739,9.0058,,-0.32%
1063,1063.0,2024-01-29,9.0346,9.029,9.0541,9.0085,,0.16%
1064,1064.0,2024-01-30,9.0003,9.0406,9.0532,8.9965,,-0.38%
1065,1065.0,2024-01-31,9.0776,9.0063,9.1161,9.0044,,0.86%
1066,1066.0,2024-02-01,9.0744,9.0845,9.1232,9.0589,,-0.04%
1067,1067.0,2024-02-02,9.0146,9.0808,9.0855,8.9409,,-0.66%
1068,1068.0,2024-02-05,8.9652,9.0267,9.0282,8.9583,,-0.55%
1069,1069.0,2024-02-06,8.9678,8.9719,8.9839,8.9264,,0.03%
1070,1070.0,2024-02-07,8.9634,8.9714,8.9902,8.9431,,-0.05%
1071,1071.0,2024-02-08,8.9151,8.9664,8.978,8.9049,,-0.54%
1072,1072.0,2024-02-09,8.9069,8.9242,8.9438,8.8984,,-0.09%
1073,1073.0,2024-02-12,8.8963,8.9218,8.9361,8.8898,,-0.12%
1074,1074.0,2024-02-13,8.8896,8.901,8.9136,8.8251,,-0.08%
1075,1075.0,2024-02-14,8.8302,8.8937,8.9079,8.8309,,-0.67%
1076,1076.0,2024-02-15,8.8611,8.8393,8.9044,8.8372,,0.35%
1077,1077.0,2024-02-16,8.8611,8.8642,8.8978,8.8514,,0.00%
1078,1078.0,2024-02-19,8.8832,8.8783,8.9116,8.8665,,0.25%
1079,1079.0,2024-02-20,8.8907,8.8919,8.9128,8.8755,,0.08%
1080,1080.0,2024-02-21,8.8686,8.8938,8.9147,8.8667,,-0.25%
1081,1081.0,2024-02-22,8.8167,8.8716,8.8798,8.8117,,-0.59%
1082,1082.0,2024-02-23,8.8351,8.8192,8.8563,8.8158,,0.21%
1083,1083.0,2024-02-26,8.8375,8.8453,8.8656,8.8263,,0.03%
1084,1084.0,2024-02-27,8.8491,8.8409,8.8742,8.8319,,0.13%
1085,1085.0,2024-02-28,8.8524,8.8517,8.8894,8.839,,0.04%
1086,1086.0,2024-02-29,8.8987,8.8632,8.9452,8.8574,,0.52%
1087,1087.0,2024-03-01,8.8625,8.9063,8.9084,8.8573,,-0.41%
1088,1088.0,2024-03-04,8.8408,8.8731,8.8852,8.842,,-0.24%
1089,1089.0,2024-03-05,8.8997,8.8494,8.9239,8.8425,,0.67%
1090,1090.0,2024-03-06,8.8953,8.9079,8.9304,8.8893,,-0.05%
1091,1091.0,2024-03-07,8.9362,8.9037,9.0047,8.9018,,0.46%
1092,1092.0,2024-03-08,8.9463,8.944,8.991,8.9092,,0.11%
1093,1093.0,2024-03-11,8.9196,8.9586,8.9875,8.9044,,-0.30%
1094,1094.0,2024-03-12,8.881,8.9261,8.9585,8.8457,,-0.43%
1095,1095.0,2024-03-13,8.8908,8.8854,8.9251,8.8686,,0.11%
1096,1096.0,2024-03-14,8.9216,8.8935,8.9506,8.88,,0.35%
1097,1097.0,2024-03-15,8.9274,8.9308,8.9819,8.9147,,0.07%
1098,1098.0,2024-03-18,8.9576,8.9325,8.9758,8.9183,,0.34%
1099,1099.0,2024-03-19,8.8641,8.9639,8.9768,8.8606,,-1.04%
1100,1100.0,2024-03-20,8.7856,8.866,8.8718,8.789,,-0.89%
1101,1101.0,2024-03-21,8.7982,8.797,8.8365,8.7531,,0.14%
1102,1102.0,2024-03-22,8.8705,8.8061,8.9045,8.7784,,0.82%
1103,1103.0,2024-03-25,8.8419,8.8808,8.902,8.8334,,-0.32%
1104,1104.0,2024-03-26,8.8593,8.8475,8.8843,8.8207,,0.20%
1105,1105.0,2024-03-27,8.9197,8.8682,8.9386,8.846,,0.68%
1106,1106.0,2024-03-28,8.9139,8.9248,8.9416,8.8739,,-0.07%
1107,1107.0,2024-03-29,8.8843,8.9226,8.9234,8.8776,,-0.33%
1108,1108.0,2024-04-01,8.9235,8.8977,8.9424,8.8722,,0.44%
1109,1109.0,2024-04-02,8.9163,8.9266,8.95,8.8867,,-0.08%
1110,1110.0,2024-04-03,8.8639,8.92,8.9297,8.8672,,-0.59%
1111,1111.0,2024-04-04,8.9263,8.8696,8.9417,8.8547,,0.70%
1112,1112.0,2024-04-05,8.9093,8.931,8.9672,8.8975,,-0.19%
1113,1113.0,2024-04-08,8.9164,8.9155,8.9376,8.9051,,0.08%
1114,1114.0,2024-04-09,8.9001,8.9261,8.9381,8.8995,,-0.18%
1115,1115.0,2024-04-10,8.9003,8.9101,8.9498,8.858,,0.00%
1116,1116.0,2024-04-11,8.9184,8.9045,8.9593,8.9036,,0.20%
1117,1117.0,2024-04-12,8.9993,8.9279,9.0746,8.9172,,0.91%
1118,1118.0,2024-04-15,8.989,9.0182,9.0385,8.9579,,-0.11%
1119,1119.0,2024-04-16,8.9807,8.997,9.0757,8.9825,,-0.09%
1120,1120.0,2024-04-17,8.931,8.9839,9.0025,8.9311,,-0.55%
1121,1121.0,2024-04-18,8.919,8.9399,8.9611,8.8874,,-0.13%
1122,1122.0,2024-04-19,8.8865,8.9271,9.0575,8.8903,,-0.36%
1123,1123.0,2024-04-22,8.9036,8.8914,8.9485,8.8847,,0.19%
1124,1124.0,2024-04-23,8.8675,8.9078,8.9191,8.8642,,-0.41%
1125,1125.0,2024-04-24,8.864,8.8729,8.8961,8.8299,,-0.04%
1126,1126.0,2024-04-25,8.8103,8.8693,8.8812,8.8143,,-0.61%
1127,1127.0,2024-04-26,8.6923,8.8154,8.8632,8.6934,,-1.34%
1128,1128.0,2024-04-29,8.7928,8.7274,8.9131,8.6436,,1.16%
1129,1129.0,2024-04-30,8.7788,8.7983,8.8373,8.7657,,-0.16%
1130,1130.0,2024-05-01,8.9142,8.7829,9.001,8.7653,,1.54%
1131,1131.0,2024-05-02,8.8946,8.9232,8.9343,8.8134,,-0.22%
1132,1132.0,2024-05-03,8.8532,8.9032,8.9568,8.8519,,-0.47%
1133,1133.0,2024-05-06,8.8033,8.8708,8.8749,8.7968,,-0.56%
1134,1134.0,2024-05-07,8.7835,8.808,8.8315,8.7724,,-0.22%
1135,1135.0,2024-05-08,8.7739,8.7878,8.8233,8.7601,,-0.11%
1136,1136.0,2024-05-09,8.7798,8.7791,8.8187,8.7602,,0.07%
1137,1137.0,2024-05-10,8.7939,8.7868,8.8087,8.7644,,0.16%
1138,1138.0,2024-05-13,8.7448,8.8042,8.8132,8.7423,,-0.56%
1139,1139.0,2024-05-14,8.7246,8.7502,8.7709,8.7153,,-0.23%
1140,1140.0,2024-05-15,8.735,8.7293,8.7869,8.6832,,0.12%
1141,1141.0,2024-05-16,8.6775,8.7376,8.7915,8.6675,,-0.66%
1142,1142.0,2024-05-17,8.6829,8.6875,8.7242,8.6663,,0.06%
1143,1143.0,2024-05-20,8.7027,8.6965,8.737,8.6854,,0.23%
1144,1144.0,2024-05-21,8.7271,8.713,8.7504,8.6891,,0.28%
1145,1145.0,2024-05-22,8.7036,8.7367,8.752,8.6998,,-0.27%
1146,1146.0,2024-05-23,8.7125,8.714,8.7374,8.6665,,0.10%
1147,1147.0,2024-05-24,8.6991,8.7217,8.747,8.6915,,-0.15%
1148,1148.0,2024-05-27,8.668,8.707,8.7262,8.6732,,-0.36%
1149,1149.0,2024-05-28,8.669,8.678,8.6953,8.6464,,0.01%
1150,1150.0,2024-05-29,8.6895,8.6788,8.7112,8.6572,,0.24%
1151,1151.0,2024-05-30,8.7652,8.7009,8.8147,8.683,,0.87%
1152,1152.0,2024-05-31,8.7826,8.7755,8.8499,8.7521,,0.20%
1153,1153.0,2024-06-03,8.777,8.792,8.8125,8.7328,,-0.06%
1154,1154.0,2024-06-04,8.8633,8.7864,8.9101,8.7625,,0.98%
1155,1155.0,2024-06-05,8.765,8.8738,8.8796,8.7676,,-1.11%
1156,1156.0,2024-06-06,8.7625,8.7765,8.8087,8.7369,,-0.03%
1157,1157.0,2024-06-07,8.7973,8.7726,8.8149,8.7175,,0.40%
1158,1158.0,2024-06-10,8.7463,8.8052,8.8241,8.7444,,-0.58%
1159,1159.0,2024-06-11,8.7683,8.7542,8.7899,8.7471,,0.25%
1160,1160.0,2024-06-12,8.7401,8.7779,8.8019,8.7273,,-0.32%
1161,1161.0,2024-06-13,8.7574,8.7486,8.7951,8.7122,,0.20%
1162,1162.0,2024-06-14,8.7792,8.7655,8.8311,8.7095,,0.25%
1163,1163.0,2024-06-17,8.7383,8.7901,8.797,8.7429,,-0.47%
1164,1164.0,2024-06-18,8.7311,8.7486,8.7777,8.7339,,-0.08%
1165,1165.0,2024-06-19,8.7342,8.7413,8.7707,8.73,,0.04%
1166,1166.0,2024-06-20,8.7581,8.7444,8.775,8.7313,,0.27%
1167,1167.0,2024-06-21,8.6786,8.7623,8.7694,8.6857,,-0.91%
1168,1168.0,2024-06-24,8.6854,8.6871,8.738,8.6755,,0.08%
1169,1169.0,2024-06-25,8.7055,8.6888,8.7344,8.6703,,0.23%
1170,1170.0,2024-06-26,8.6602,8.7135,8.7271,8.6586,,-0.52%
1171,1171.0,2024-06-27,8.6232,8.6703,8.6917,8.6184,,-0.43%
1172,1172.0,2024-06-28,8.5824,8.6325,8.6386,8.5496,,-0.47%
1173,1173.0,2024-07-01,8.5614,8.5855,8.6048,8.5512,,-0.24%
1174,1174.0,2024-07-02,8.5833,8.5669,8.6075,8.5557,,0.26%
1175,1175.0,2024-07-03,8.5748,8.5888,8.6136,8.5699,,-0.10%
1176,1176.0,2024-07-04,8.5579,8.5817,8.5941,8.5441,,-0.20%
1177,1177.0,2024-07-05,8.5634,8.5594,8.6164,8.5362,,0.06%
1178,1178.0,2024-07-08,8.5998,8.5714,8.6195,8.5648,,0.43%
1179,1179.0,2024-07-09,8.5715,8.6102,8.6212,8.564,,-0.33%
1180,1180.0,2024-07-10,8.5517,8.5781,8.5945,8.5484,,-0.23%
1181,1181.0,2024-07-11,8.6322,8.5595,8.7131,8.5161,,0.94%
1182,1182.0,2024-07-12,8.6996,8.6408,8.7383,8.6052,,0.78%
1183,1183.0,2024-07-15,8.7584,8.7104,8.8007,8.6796,,0.68%
1184,1184.0,2024-07-16,8.7313,8.7647,8.7735,8.718,,-0.31%
1185,1185.0,2024-07-17,8.8259,8.7389,8.8473,8.7049,,1.08%
1186,1186.0,2024-07-18,8.7965,8.8341,8.881,8.7943,,-0.33%
1187,1187.0,2024-07-19,8.8166,8.8059,8.845,8.7856,,0.23%
1188,1188.0,2024-07-22,8.8321,8.8276,8.8788,8.8093,,0.18%
1189,1189.0,2024-07-23,8.8978,8.8396,8.9129,8.8254,,0.74%
1190,1190.0,2024-07-24,8.9804,8.9082,9.0227,8.88,,0.93%
1191,1191.0,2024-07-25,8.9778,8.9899,9.1198,8.9457,,-0.03%
1192,1192.0,2024-07-26,9.001,8.9884,9.0438,8.9558,,0.26%
1193,1193.0,2024-07-29,8.9624,9.0031,9.03,8.963,,-0.43%
1194,1194.0,2024-07-30,9.0516,8.9719,9.0664,8.926,,1.00%
1195,1195.0,2024-07-31,9.1278,9.0618,9.16,8.9859,,0.84%
1196,1196.0,2024-08-01,9.1657,9.1288,9.2027,9.0479,,0.42%
1197,1197.0,2024-08-02,9.2571,9.1754,9.2808,9.1532,,1.00%
1198,1198.0,2024-08-05,9.4744,9.2701,9.6514,9.2663,,2.35%
1199,1199.0,2024-08-06,9.5221,9.4881,9.5687,9.3662,,0.50%
1200,1200.0,2024-08-07,9.3693,9.5311,9.533,9.3016,,-1.60%
1201,1201.0,2024-08-08,9.3247,9.3814,9.4803,9.3279,,-0.48%
1202,1202.0,2024-08-09,9.3024,9.3317,9.3576,9.2472,,-0.24%
1203,1203.0,2024-08-12,9.2982,9.3061,9.3378,9.2493,,-0.05%
1204,1204.0,2024-08-13,9.2708,9.3096,9.3397,9.2584,,-0.29%
1205,1205.0,2024-08-14,9.2026,9.2803,9.3043,9.1879,,-0.74%
1206,1206.0,2024-08-15,9.1368,9.214,9.2552,9.0972,,-0.72%
1207,1207.0,2024-08-16,9.1391,9.1471,9.1863,9.0971,,0.03%
1208,1208.0,2024-08-19,9.0823,9.1437,9.181,9.056,,-0.62%
1209,1209.0,2024-08-20,9.1391,9.0907,9.1595,9.0542,,0.63%
1210,1210.0,2024-08-21,9.1718,9.1464,9.2163,9.1148,,0.36%
1211,1211.0,2024-08-22,9.1675,9.1858,9.2253,9.1388,,-0.05%
1212,1212.0,2024-08-23,9.1644,9.1764,9.2276,9.1304,,-0.03%
1213,1213.0,2024-08-26,9.1842,9.1841,9.2401,9.1655,,0.22%
1214,1214.0,2024-08-27,9.2067,9.1942,9.246,9.171,,0.24%
1215,1215.0,2024-08-28,9.2372,9.2188,9.2754,9.208,,0.33%
1216,1216.0,2024-08-29,9.1954,9.2502,9.2803,9.1609,,-0.45%
1217,1217.0,2024-08-30,9.142,9.2039,9.242,9.1415,,-0.58%
1218,1218.0,2024-09-02,9.1016,9.1499,9.1945,9.099,,-0.44%
1219,1219.0,2024-09-03,9.206,9.1084,9.2345,9.0919,,1.15%
1220,1220.0,2024-09-04,9.2754,9.2159,9.3062,9.1965,,0.75%
1221,1221.0,2024-09-05,9.2914,9.2861,9.3456,9.261,,0.17%
1222,1222.0,2024-09-06,9.3968,9.2964,9.4141,9.2593,,1.13%
1223,1223.0,2024-09-09,9.3691,9.4129,9.431,9.357,,-0.29%
1224,1224.0,2024-09-10,9.4274,9.3782,9.45,9.3504,,0.62%
1225,1225.0,2024-09-11,9.4049,9.4367,9.5204,9.3987,,-0.24%
1226,1226.0,2024-09-12,9.416,9.4113,9.449,9.3635,,0.12%
1227,1227.0,2024-09-13,9.43,9.4271,9.4735,9.4088,,0.15%
1228,1228.0,2024-09-16,9.3895,9.4465,9.4804,9.3708,,-0.43%
1229,1229.0,2024-09-17,9.2585,9.401,9.4083,9.2633,,-1.40%
1230,1230.0,2024-09-18,9.2704,9.2675,9.426,9.2562,,0.13%
1231,1231.0,2024-09-19,9.3022,9.2845,9.3523,9.2447,,0.34%
1232,1232.0,2024-09-20,9.2526,9.3157,9.3778,9.2446,,-0.53%
1233,1233.0,2024-09-23,9.2858,9.2577,9.3456,9.2339,,0.36%
1234,1234.0,2024-09-24,9.2515,9.2895,9.3175,9.2218,,-0.37%
1235,1235.0,2024-09-25,9.2114,9.2574,9.3006,9.216,,-0.43%
1236,1236.0,2024-09-26,9.0651,9.2259,9.2448,9.066,,-1.59%
1237,1237.0,2024-09-27,9.2004,9.0723,9.2285,9.0176,,1.49%
1238,1238.0,2024-09-30,9.1682,9.2122,9.2457,9.1367,,-0.35%
1239,1239.0,2024-10-01,9.2197,9.1831,9.2466,9.138,,0.56%
1240,1240.0,2024-10-02,9.0382,9.2275,9.2364,9.0372,,-1.97%
1241,1241.0,2024-10-03,9.0725,9.047,9.12,9.0063,,0.38%
1242,1242.0,2024-10-04,9.0521,9.087,9.1607,9.0432,,-0.22%
1243,1243.0,2024-10-07,9.0772,9.0561,9.1067,9.031,,0.28%
1244,1244.0,2024-10-08,9.037,9.0825,9.1595,9.0445,,-0.44%
1245,1245.0,2024-10-09,9.0128,9.0507,9.0826,9.0137,,-0.27%
1246,1246.0,2024-10-10,9.0803,9.0251,9.1217,9.0063,,0.75%
1247,1247.0,2024-10-11,9.04,9.0917,9.113,9.0417,,-0.44%
1248,1248.0,2024-10-14,9.0556,9.0477,9.1157,9.032,,0.17%
1249,1249.0,2024-10-15,9.1391,9.0696,9.1588,9.0512,,0.92%
1250,1250.0,2024-10-16,9.1126,9.1473,9.172,9.1016,,-0.29%
1251,1251.0,2024-10-17,9.1189,9.1183,9.1762,9.1009,,0.07%
1252,1252.0,2024-10-18,9.1493,9.1287,9.1756,9.1142,,0.33%
1253,1253.0,2024-10-21,9.1417,9.1622,9.2116,9.1363,,-0.08%
1254,1254.0,2024-10-22,9.1222,9.1473,9.1825,9.1177,,-0.21%
1255,1255.0,2024-10-23,9.0327,9.1336,9.1447,9.0297,,-0.98%
1256,1256.0,2024-10-24,9.0792,9.0375,9.1181,9.0271,,0.51%
1257,1257.0,2024-10-25,9.1127,9.0852,9.1699,9.066,,0.37%
1258,1258.0,2024-10-28,9.0156,9.1149,9.1169,9.0083,,-1.07%
1259,1259.0,2024-10-29,9.019,9.0209,9.0722,8.9931,,0.04%
1260,1260.0,2024-10-30,8.9831,9.0265,9.0465,8.9813,,-0.40%
1261,1261.0,2024-10-31,9.0278,8.9923,9.0865,8.9662,,0.50%
1262,1262.0,2024-11-01,9.0085,9.036,9.0732,8.9964,,-0.21%
1263,1263.0,2024-11-04,9.0214,9.023,9.0838,9.0094,,0.14%
1264,1264.0,2024-11-05,9.0811,9.036,9.1148,9.0197,,0.66%
1265,1265.0,2024-11-06,9.0556,9.0918,9.1153,9.0373,,-0.28%
1266,1266.0,2024-11-07,9.0218,9.0666,9.0895,9.0153,,-0.37%
1267,1267.0,2024-11-08,9.1466,9.0432,9.1763,9.024,,1.38%
1268,1268.0,2024-11-11,9.1015,9.1582,9.1606,9.0666,,-0.49%
1269,1269.0,2024-11-12,9.0908,9.1139,9.1624,9.0892,,-0.12%
1270,1270.0,2024-11-13,9.0313,9.1052,9.1212,9.0171,,-0.65%
1271,1271.0,2024-11-14,8.9892,9.0448,9.0534,8.9758,,-0.47%
1272,1272.0,2024-11-15,9.0293,8.9942,9.0745,8.9337,,0.45%
1273,1273.0,2024-11-18,8.9901,9.038,9.0677,8.9626,,-0.43%
1274,1274.0,2024-11-19,9.0013,9.0002,9.1104,8.9908,,0.12%
1275,1275.0,2024-11-20,8.994,9.0099,9.027,8.9431,,-0.08%
1276,1276.0,2024-11-21,9.0525,9.0072,9.0896,8.9964,,0.65%
1277,1277.0,2024-11-22,9.0612,9.0633,9.1228,9.0454,,0.10%
1278,1278.0,2024-11-25,9.0654,9.1056,9.1472,9.0544,,0.05%
1279,1279.0,2024-11-26,9.1192,9.0797,9.1459,9.061,,0.59%
1280,1280.0,2024-11-27,9.188,9.1266,9.2441,9.1104,,0.75%
1281,1281.0,2024-11-28,9.1959,9.2117,9.2292,9.1778,,0.09%
1282,1282.0,2024-11-29,9.3115,9.2088,9.3388,9.2002,,1.26%
1283,1283.0,2024-12-02,9.3829,9.321,9.4271,9.2949,,0.77%
1284,1284.0,2024-12-03,9.4544,9.3942,9.7023,9.3309,,0.76%
1285,1285.0,2024-12-04,9.3669,9.4601,9.4844,9.3639,,-0.93%
1286,1286.0,2024-12-05,9.4137,9.3818,9.4589,9.3718,,0.50%
1287,1287.0,2024-12-06,9.4917,9.4283,9.5195,9.4131,,0.83%
1288,1288.0,2024-12-09,9.4446,9.497,9.6037,9.4389,,-0.50%
1289,1289.0,2024-12-10,9.438,9.4594,9.4692,9.4055,,-0.07%
1290,1290.0,2024-12-11,9.3639,9.4447,9.5017,9.3548,,-0.79%
1291,1291.0,2024-12-12,9.3735,9.3785,9.4332,9.3631,,0.10%
1292,1292.0,2024-12-13,9.3319,9.3804,9.3971,9.3281,,-0.44%
1293,1293.0,2024-12-16,9.3196,9.3436,9.3729,9.3049,,-0.13%
1294,1294.0,2024-12-17,9.3635,9.3265,9.3855,9.3039,,0.47%
1295,1295.0,2024-12-18,9.3825,9.3765,9.4282,9.3245,,0.20%
1296,1296.0,2024-12-19,9.1733,9.3962,9.4119,9.1637,,-2.23%
1297,1297.0,2024-12-20,9.2352,9.1871,9.2715,9.1681,,0.67%
1298,1298.0,2024-12-23,9.2315,9.2445,9.2954,9.2287,,-0.04%
1299,1299.0,2024-12-24,9.2801,9.2457,9.3039,9.2247,,0.53%
1300,1300.0,2024-12-25,9.2507,9.2937,9.3038,9.2457,,-0.32%
1301,1301.0,2024-12-26,9.2824,9.2709,9.3312,9.2619,,0.34%
1302,1302.0,2024-12-27,9.3285,9.3018,9.4369,9.2928,,0.50%
1303,1303.0,2024-12-30,9.3666,9.3435,9.4142,9.2918,,0.41%
1304,1304.0,2024-12-31,9.3937,9.3803,9.4578,9.362,,0.29%
1305,1305.0,2025-01-01,9.4134,9.4036,9.4237,9.401,,0.21%
1306,1306.0,2025-01-02,9.3295,9.4001,9.4021,9.3152,,-0.89%
1307,1307.0,2025-01-03,9.3348,9.336,9.3733,9.3038,,0.06%
1308,1308.0,2025-01-06,9.2679,9.3421,9.3557,9.2441,,-0.72%
1309,1309.0,2025-01-07,9.1928,9.2821,9.2873,9.1635,,-0.81%
1310,1310.0,2025-01-08,9.2099,9.2069,9.2487,9.167,,0.19%
1311,1311.0,2025-01-09,9.2154,9.2189,9.27,9.2008,,0.06%
1312,1312.0,2025-01-10,9.3398,9.2283,9.3624,9.2071,,1.35%
1313,1313.0,2025-01-13,9.2982,9.3493,9.3764,9.2963,,-0.45%
1314,1314.0,2025-01-14,9.2289,9.3115,9.3398,9.2231,,-0.75%
1315,1315.0,2025-01-15,9.2954,9.2427,9.3285,9.225,,0.72%
1316,1316.0,2025-01-16,9.3816,9.3085,9.4109,9.28,,0.93%
1317,1317.0,2025-01-17,9.315,9.3967,9.4032,9.3108,,-0.71%
1318,1318.0,2025-01-20,9.2319,9.3274,9.3547,9.2247,,-0.89%
1319,1319.0,2025-01-21,9.2038,9.2513,9.2877,9.206,,-0.30%
1320,1320.0,2025-01-22,9.1678,9.2158,9.2405,9.1607,,-0.39%
1321,1321.0,2025-01-23,9.1907,9.1809,9.2237,9.1632,,0.25%
1322,1322.0,2025-01-24,9.152,9.2008,9.2351,9.1514,,-0.42%
1323,1323.0,2025-01-27,9.2722,9.1805,9.3273,9.1725,,1.31%
1324,1324.0,2025-01-28,9.2932,9.2863,9.3326,9.2446,,0.23%
1325,1325.0,2025-01-29,9.2861,9.3064,9.3298,9.2749,,-0.08%
1326,1326.0,2025-01-30,9.355,9.3003,9.3831,9.297,,0.74%
1327,1327.0,2025-01-31,9.3777,9.3683,9.4633,9.3439,,0.24%
1328,1328.0,2025-02-03,9.4235,9.4058,9.5296,9.3674,,0.49%
1329,1329.0,2025-02-04,9.4106,9.4361,9.482,9.3571,,-0.14%
1330,1330.0,2025-02-05,9.4605,9.4174,9.498,9.4023,,0.53%
1331,1331.0,2025-02-06,9.5435,9.4713,9.5669,9.4561,,0.88%
1332,1332.0,2025-02-07,9.5975,9.5506,9.6368,9.4899,,0.57%
1333,1333.0,2025-02-10,9.5425,9.6225,9.623,9.516,,-0.57%
1334,1334.0,2025-02-11,9.5138,9.5497,9.587,9.5058,,-0.30%
1335,1335.0,2025-02-12,9.3948,9.5276,9.5304,9.3909,,-1.25%
1336,1336.0,2025-02-13,9.4191,9.4016,9.4785,9.3678,,0.26%
1337,1337.0,2025-02-14,9.4476,9.4254,9.4871,9.403,,0.30%
1338,1338.0,2025-02-17,9.5128,9.4685,9.5431,9.4576,,0.69%
1339,1339.0,2025-02-18,9.474,9.5198,9.5439,9.4714,,-0.41%
1340,1340.0,2025-02-19,9.4996,9.4813,9.5303,9.4586,,0.27%
1341,1341.0,2025-02-20,9.5609,9.5131,9.6055,9.5103,,0.65%
1342,1342.0,2025-02-21,9.5981,9.574,9.6303,9.5139,,0.39%
1343,1343.0,2025-02-24,9.5421,9.5994,9.6445,9.5233,,-0.58%
1344,1344.0,2025-02-25,9.6142,9.5488,9.6468,9.5113,,0.76%
1345,1345.0,2025-02-26,9.6123,9.6216,9.6358,9.573,,-0.02%
1346,1346.0,2025-02-27,9.6815,9.6144,9.6974,9.613,,0.72%
1347,1347.0,2025-02-28,9.6998,9.6847,9.7978,9.662,,0.19%
1348,1348.0,2025-03-03,9.7508,9.7139,9.8038,9.6377,,0.53%
1349,1349.0,2025-03-04,9.7,9.7582,9.8514,9.6994,,-0.52%
1350,1350.0,2025-03-05,9.7052,9.705,9.7591,9.6785,,0.05%
1351,1351.0,2025-03-06,9.78,9.7089,9.8312,9.6481,,0.77%
1352,1352.0,2025-03-07,9.7879,9.7814,9.8629,9.7619,,0.08%
1353,1353.0,2025-03-10,9.9079,9.8046,9.9352,9.7949,,1.23%
1354,1354.0,2025-03-11,9.8185,9.9126,9.9549,9.8077,,-0.90%
1355,1355.0,2025-03-12,9.7869,9.8243,9.8423,9.7362,,-0.32%
1356,1356.0,2025-03-13,9.8304,9.7939,9.8765,9.7679,,0.44%
1357,1357.0,2025-03-14,9.7586,9.8399,9.8453,9.7583,,-0.73%
1358,1358.0,2025-03-17,9.67,9.7491,9.781,9.6642,,-0.91%
1359,1359.0,2025-03-18,9.7055,9.6752,9.7429,9.6451,,0.37%
1360,1360.0,2025-03-19,9.8238,9.7113,9.8334,9.6837,,1.22%
1361,1361.0,2025-03-20,9.8509,9.8258,9.9025,9.8046,,0.28%
1362,1362.0,2025-03-21,9.7999,9.8603,9.8729,9.7726,,-0.52%
1363,1363.0,2025-03-24,9.7331,9.7999,9.82,9.7278,,-0.68%
1364,1364.0,2025-03-25,9.7584,9.7375,9.8094,9.7246,,0.26%
1365,1365.0,2025-03-26,9.7449,9.7599,9.7861,9.7219,,-0.14%
1366,1366.0,2025-03-27,9.6967,9.7528,9.7813,9.6844,,-0.49%
1367,1367.0,2025-03-28,9.8083,9.7004,9.8281,9.68,,1.15%
1368,1368.0,2025-03-31,9.8156,9.8161,9.9059,9.808,,0.07%
1369,1369.0,2025-04-01,9.8245,9.8229,9.8866,9.7915,,0.09%
1370,1370.0,2025-04-02,9.8023,9.8334,9.8438,9.7246,,-0.23%
1371,1371.0,2025-04-03,9.93,9.8167,10.0364,9.8151,,1.30%
1372,1372.0,2025-04-04,9.9266,9.9383,10.0828,9.7865,,-0.03%
1373,1373.0,2025-04-07,9.9419,10.0321,10.1069,9.852,,0.15%
1374,1374.0,2025-04-08,10.1554,9.949,10.18,9.9232,,2.15%
1375,1375.0,2025-04-09,9.7854,10.1651,10.2611,9.7711,,-3.64%
1376,1376.0,2025-04-10,10.0563,9.8045,10.1141,9.7942,,2.77%
1377,1377.0,2025-04-11,9.8894,10.0655,10.181,9.851,,-1.66%
1378,1378.0,2025-04-14,9.9252,9.8496,10.0499,9.8469,,0.36%
1379,1379.0,2025-04-15,9.9569,9.9333,10.0245,9.9091,,0.32%
1380,1380.0,2025-04-16,9.9648,9.9678,10.0295,9.9094,,0.08%
1381,1381.0,2025-04-17,9.9503,9.9772,9.9938,9.9068,,-0.15%
1382,1382.0,2025-04-18,10.0119,9.9576,10.0228,9.9534,,0.62%
1383,1383.0,2025-04-21,10.0896,10.0127,10.1109,9.9853,,0.78%
1384,1384.0,2025-04-22,10.1009,10.0985,10.175,10.0738,,0.11%
1385,1385.0,2025-04-23,9.9503,10.1009,10.1092,9.9355,,-1.49%
1386,1386.0,2025-04-24,10.0332,9.9503,10.0954,9.9487,,0.83%
1387,1387.0,2025-04-25,10.0098,10.0301,10.0645,9.968,,-0.23%
1388,1388.0,2025-04-28,10.1175,10.0099,10.126,9.9936,,1.08%
1389,1389.0,2025-04-29,10.06,10.1175,10.1367,10.0402,,-0.57%
1390,1390.0,2025-04-30,9.9577,10.06,10.0837,9.922,,-1.02%
1391,1391.0,2025-05-01,9.8745,9.9577,9.9925,9.8491,,-0.84%
1392,1392.0,2025-05-02,9.6575,9.8745,9.8867,9.6303,,-2.20%
1393,1393.0,2025-05-05,9.5704,9.6728,9.7178,9.4868,,-0.90%
1394,1394.0,2025-05-06,9.6594,9.5704,9.6977,9.5449,,0.93%
1395,1395.0,2025-05-07,9.7228,9.6594,9.7962,9.5997,,0.66%
1396,1396.0,2025-05-08,9.6273,9.7228,9.7469,9.6084,,-0.98%
1397,1397.0,2025-05-09,9.6048,9.6273,9.7025,9.5948,,-0.23%
1398,1398.0,2025-05-12,9.5449,9.5742,9.6442,9.5028,,-0.62%
1399,1399.0,2025-05-13,9.608,9.5449,9.6596,9.5151,,0.66%
1400,1400.0,2025-05-14,9.5964,9.608,9.6733,9.5167,,-0.12%
1401,1401.0,2025-05-15,9.597,9.5977,9.6361,9.5256,,0.01%
1402,1402.0,2025-05-16,9.6074,9.597,9.6458,9.551,,0.11%
1403,1403.0,2025-05-19,9.5924,9.6243,9.6608,9.5694,,-0.16%
1404,1404.0,2025-05-20,9.6444,9.5924,9.6678,9.5705,,0.54%
1405,1405.0,2025-05-21,9.5687,9.6428,9.6737,9.5133,,-0.78%
1406,1406.0,2025-05-22,9.5978,9.5687,9.6742,9.5205,,0.30%
1407,1407.0,2025-05-23,9.5796,9.5978,9.6603,9.5354,,-0.19%
1408,1408.0,2025-05-26,9.5865,9.5853,9.6123,9.5423,,0.07%
1409,1409.0,2025-05-27,9.5323,9.5865,9.6314,9.5052,,-0.57%
1410,1410.0,2025-05-28,9.4904,9.5327,9.5498,9.4482,,-0.44%
1411,1411.0,2025-05-29,9.5116,9.4908,9.5296,9.4131,,0.22%
1412,1412.0,2025-05-30,9.6001,9.51,9.6244,9.5044,,0.93%
1413,1413.0,2025-06-02,9.649,9.5964,9.6672,9.5725,,0.51%
1414,1414.0,2025-06-03,9.5737,9.6487,9.6721,9.5528,,-0.78%
1415,1415.0,2025-06-04,9.5405,9.576,9.588,9.4442,,-0.35%
1416,1416.0,2025-06-05,9.4432,9.5405,9.5632,9.4099,,-1.02%
1417,1417.0,2025-06-06,9.389,9.4371,9.4572,9.3752,,-0.57%
1418,1418.0,2025-06-09,9.3657,9.387,9.4288,9.3546,,-0.25%
1419,1419.0,2025-06-10,9.4316,9.3657,9.4716,9.3404,,0.70%
1420,1420.0,2025-06-11,9.4789,9.4316,9.5007,9.3911,,0.50%
1421,1421.0,2025-06-12,9.4441,9.4792,9.5238,9.3979,,-0.37%
1422,1422.0,2025-06-13,9.4858,9.4453,9.5806,9.4412,,0.44%
1423,1423.0,2025-06-16,9.3926,9.4944,9.5003,9.3806,,-0.98%
1424,1424.0,2025-06-17,9.5107,9.3926,9.5162,9.3537,,1.26%
1425,1425.0,2025-06-18,9.4831,9.5108,9.5187,9.4426,,-0.29%
1426,1426.0,2025-06-19,9.4642,9.4811,9.5532,9.4388,,-0.20%
1427,1427.0,2025-06-20,9.3993,9.4642,9.497,9.3624,,-0.69%
1428,1428.0,2025-06-23,9.3815,9.406,9.4715,9.3451,,-0.19%
1429,1429.0,2025-06-24,9.3774,9.3808,9.4119,9.3512,,-0.04%
1430,1430.0,2025-06-25,9.3575,9.3774,9.4218,9.3403,,-0.21%
1431,1431.0,2025-06-26,9.4039,9.3574,9.4309,9.341,,0.50%
1432,1432.0,2025-06-27,9.4327,9.404,9.4351,9.3624,,0.31%
1433,1433.0,2025-06-30,9.3918,9.4438,9.4553,9.3619,,-0.43%
1434,1434.0,2025-07-01,9.457,9.3918,9.4915,9.377,,0.69%
1435,1435.0,2025-07-02,9.4386,9.457,9.4939,9.4231,,-0.19%
1436,1436.0,2025-07-03,9.4083,9.4386,9.4867,9.396,,-0.32%
1437,1437.0,2025-07-04,9.4253,9.4083,9.4602,9.3732,,0.18%
1438,1438.0,2025-07-07,9.4173,9.4159,9.477,9.3736,,-0.08%
1439,1439.0,2025-07-08,9.3481,9.4189,9.4329,9.331,,-0.73%
1440,1440.0,2025-07-09,9.3909,9.3481,9.406,9.33,,0.46%
1441,1441.0,2025-07-10,9.3787,9.3909,9.4305,9.3612,,-0.13%
1442,1442.0,2025-07-11,9.3557,9.3781,9.403,9.3212,,-0.25%
1443,1443.0,2025-07-14,9.3593,9.3649,9.3914,9.3452,,0.04%
1444,1444.0,2025-07-15,9.3134,9.3591,9.3821,9.2974,,-0.49%
1445,1445.0,2025-07-16,9.3814,9.3115,9.4452,9.3051,,0.73%
1446,1446.0,2025-07-17,9.3664,9.3685,9.3956,9.3439,,-0.16%
1447,1447.0,2025-07-18,9.3476,9.3663,9.3913,9.3433,,-0.20%
1448,1448.0,2025-07-21,9.3822,9.3953,9.4121,9.3598,,0.37%
1449,1449.0,2025-07-22,9.4164,9.3822,9.47,9.3707,,0.36%
1450,1450.0,2025-07-23,9.3842,9.4161,9.4416,9.3662,,-0.34%
1451,1451.0,2025-07-24,9.3393,9.367,9.4011,9.3229,,-0.48%
1452,1452.0,2025-07-25,9.3698,9.3393,9.3876,9.3114,,0.33%
1453,1453.0,2025-07-28,9.3543,9.3597,9.3812,9.3217,,-0.17%
1454,1454.0,2025-07-29,9.3519,9.3567,9.3943,9.3342,,-0.03%
1455,1455.0,2025-07-30,9.3197,9.3519,9.3676,9.2965,,-0.34%
1456,1456.0,2025-07-31,9.2367,9.3193,9.3829,9.2355,,-0.89%
1457,1457.0,2025-08-01,9.4251,9.2373,9.4388,9.229,,2.04%
1458,1458.0,2025-08-04,9.4202,9.4252,9.4603,9.354,,-0.05%
1459,1459.0,2025-08-05,9.395,9.4203,9.4514,9.3868,,-0.27%
1460,1460.0,2025-08-06,9.3959,9.3928,9.4402,9.379,,0.01%
1461,1461.0,2025-08-07,9.405,9.3962,9.429,9.3652,,0.10%
1462,1462.0,2025-08-08,9.4015,9.403,9.45,9.3773,,-0.04%
1463,1463.0,2025-08-11,9.3885,9.4091,9.4377,9.3861,,-0.14%
1464,1464.0,2025-08-12,9.363,9.3885,9.4022,9.3485,,-0.27%
1465,1465.0,2025-08-13,9.3619,9.363,9.38,9.3318,,-0.01%
1466,1466.0,2025-08-14,9.3997,9.3625,9.472,9.3591,,0.40%
1467,1467.0,2025-08-15,9.4363,9.4004,9.4609,9.391,,0.39%
1468,1468.0,2025-08-18,9.392,9.4392,9.4462,9.3695,,-0.47%
1469,1469.0,2025-08-19,9.4347,9.392,9.444,9.3784,,0.45%
1470,1470.0,2025-08-20,9.4881,9.4347,9.5226,9.4185,,0.57%
1471,1471.0,2025-08-21,9.4436,9.4883,9.4996,9.4252,,-0.47%
1472,1472.0,2025-08-22,9.4199,9.4436,9.4477,9.346,,-0.25%
1473,1473.0,2025-08-25,9.4097,9.4211,9.4347,9.3907,,-0.11%
1474,1474.0,2025-08-26,9.4643,9.4091,9.4816,9.3983,,0.58%
1475,1475.0,2025-08-27,9.4519,9.4642,9.4716,9.4302,,-0.13%
1476,1476.0,2025-08-28,9.4297,9.4566,9.4691,9.4078,,-0.23%
1477,1477.0,2025-08-29,9.4459,9.4297,9.4837,9.4045,,0.17%
1478,1478.0,2025-09-01,9.4653,9.4437,9.5009,9.4355,,0.21%
1479,1479.0,2025-09-02,9.4079,9.4653,9.4829,9.3721,,-0.61%
1480,1480.0,2025-09-03,9.3884,9.4079,9.4131,9.3346,,-0.21%
1481,1481.0,2025-09-04,9.3846,9.3884,9.4181,9.3672,,-0.04%
1482,1482.0,2025-09-05,9.4055,9.3849,9.4503,9.3702,,0.22%
1483,1483.0,2025-09-08,9.3905,9.3422,9.4157,9.338,,-0.16%
1484,1484.0,2025-09-09,9.4241,9.3901,9.4818,9.3901,,0.36%
1485,1485.0,2025-09-10,9.4215,9.4241,9.4482,9.3959,,-0.03%
1486,1486.0,2025-09-11,9.4403,9.4215,9.4576,9.4003,,0.20%
1487,1487.0,2025-09-12,9.4334,9.4403,9.4553,9.3948,,-0.07%
1488,1488.0,2025-09-15,9.3971,9.432,9.453,9.3941,,-0.38%
1489,1489.0,2025-09-16,9.4119,9.3965,9.4348,9.378,,0.16%
1490,1490.0,2025-09-17,9.3932,9.4119,9.4444,9.3726,,-0.20%
1491,1491.0,2025-09-18,9.3799,9.3955,9.4301,9.3665,,-0.14%
1492,1492.0,2025-09-19,9.4428,9.38,9.4709,9.3758,,0.67%
1493,1493.0,2025-09-22,9.4168,9.4428,9.4495,9.3745,,-0.28%
1494,1494.0,2025-09-23,9.4441,9.4168,9.4598,9.4044,,0.29%
1495,1495.0,2025-09-24,9.4356,9.4441,9.4598,9.415,,-0.09%
1496,1496.0,2025-09-25,9.4072,9.4354,9.447,9.3965,,-0.30%
1497,1497.0,2025-09-26,9.4291,9.4066,9.4504,9.3956,,0.23%
1498,1498.0,2025-09-29,9.4218,9.431,9.4408,9.3949,,-0.08%
1499,1499.0,2025-09-30,9.4929,9.4218,9.511,9.4054,,0.75%
1500,1500.0,2025-10-01,9.5387,9.4933,9.5811,9.4688,,0.48%
1501,1501.0,2025-10-02,9.5483,9.5387,9.5754,9.5072,,0.10%
1502,1502.0,2025-10-03,9.5451,9.5469,9.5649,9.5295,,-0.03%
1503,1503.0,2025-10-06,9.3824,9.5288,9.5371,9.3763,,-1.70%
1504,1504.0,2025-10-07,9.3219,9.3833,9.394,9.3019,,-0.64%
1505,1505.0,2025-10-08,9.3098,9.3216,9.3586,9.2924,,-0.13%
1506,1506.0,2025-10-09,9.2957,9.3101,9.3377,9.279,,-0.15%
1507,1507.0,2025-10-10,9.4562,9.2951,9.4607,9.2689,,1.73%
1508,1508.0,2025-10-13,9.3673,9.4176,9.4258,9.3543,,-0.94%
1509,1509.0,2025-10-14,9.4094,9.3676,9.4519,9.3478,,0.45%
1510,1510.0,2025-10-15,9.4088,9.4094,9.4376,9.3833,,-0.01%
1511,1511.0,2025-10-16,9.4187,9.4094,9.4396,9.3587,,0.11%
1512,1512.0,2025-10-17,9.4383,9.4203,9.5474,9.4151,,0.21%
1513,1513.0,2025-10-20,9.4274,9.4474,9.4647,9.401,,-0.12%
1514,1514.0,2025-10-21,9.4204,9.4274,9.457,9.3965,,-0.07%
1515,1515.0,2025-10-22,9.4217,9.4207,9.4505,9.3998,,0.01%
1516,1516.0,2025-10-23,9.418,9.4224,9.4532,9.3995,,-0.04%
1517,1517.0,2025-10-24,9.413,9.4174,9.4385,9.3787,,-0.05%
1518,1518.0,2025-10-27,9.3511,9.402,9.4189,9.3461,,-0.66%
1519,1519.0,2025-10-28,9.4115,9.3514,9.4732,9.35,,0.65%
1520,1520.0,2025-10-29,9.3384,9.4112,9.4626,9.3123,,-0.78%
1521,1521.0,2025-10-30,9.2741,9.338,9.348,9.2711,,-0.69%
1522,1522.0,2025-10-31,9.2804,9.2738,9.3051,9.2322,,0.07%
1523,1523.0,2025-11-03,9.2725,9.2924,9.3089,9.253,,-0.09%
1524,1524.0,2025-11-04,9.3954,9.2722,9.4018,9.2693,,1.33%
1525,1525.0,2025-11-05,9.3481,9.3951,9.4736,9.3404,,-0.50%
1526,1526.0,2025-11-06,9.4659,9.3471,9.4831,9.3466,,1.26%
1527,1527.0,2025-11-07,9.49,9.4659,9.5528,9.4561,,0.25%
1528,1528.0,2025-11-10,9.4512,9.4968,9.4968,9.4187,,-0.41%
1529,1529.0,2025-11-11,9.476,9.4484,9.5164,9.4371,,0.26%
1530,1530.0,2025-11-12,9.4926,9.4763,9.525,9.4574,,0.18%
1531,1531.0,2025-11-13,9.5151,9.4911,9.5249,9.4452,,0.24%
1532,1532.0,2025-11-14,9.3729,9.5021,9.5321,9.3726,,-1.49%
1533,1533.0,2025-11-17,9.4183,9.3708,9.4499,9.3708,,0.48%
1534,1534.0,2025-11-18,9.3843,9.4183,9.4735,9.3747,,-0.36%
1535,1535.0,2025-11-19,9.335,9.3842,9.451,9.3312,,-0.53%
1536,1536.0,2025-11-20,9.362,9.335,9.3756,9.3019,,0.29%
1537,1537.0,2025-11-21,9.3975,9.362,9.4486,9.3357,,0.38%
1538,1538.0,2025-11-24,9.3979,9.382,9.4461,9.369,,0.00%
1539,1539.0,2025-11-25,9.3912,9.3982,9.419,9.3584,,-0.07%
1540,1540.0,2025-11-26,9.4034,9.3912,9.4325,9.3236,,0.13%
1541,1541.0,2025-11-27,9.3551,9.4034,9.4222,9.3419,,-0.51%
1542,1542.0,2025-11-28,9.3973,9.3409,9.4288,9.3409,,0.45%
1543,1543.0,2025-12-01,9.4657,9.4015,9.4889,9.3898,,0.73%
1544,1544.0,2025-12-02,9.421,9.4675,9.4714,9.3947,,-0.47%
1545,1545.0,2025-12-03,9.443,9.4208,9.4601,9.4081,,0.23%
1546,1546.0,2025-12-04,9.5079,9.4431,9.5379,9.4403,,0.69%
1547,1547.0,2025-12-05,9.4873,9.5079,9.5168,9.473,,-0.22%
1548,1548.0,2025-12-08,9.4251,9.4969,9.4981,9.408,,-0.66%
1549,1549.0,2025-12-09,9.3679,9.426,9.4421,9.3622,,-0.61%
1550,1550.0,2025-12-10,9.4148,9.3666,9.426,9.3605,,0.50%
1551,1551.0,2025-12-11,9.4561,9.415,9.4931,9.3989,,0.44%
1552,1552.0,2025-12-12,9.4652,9.4562,9.4988,9.4426,,0.10%
1553,1553.0,2025-12-15,9.4628,9.4661,9.5106,9.4387,,-0.03%
1554,1554.0,2025-12-16,9.5206,9.4624,9.5438,9.4536,,0.61%
1555,1555.0,2025-12-17,9.4765,9.5218,9.5763,9.4612,,-0.46%
1556,1556.0,2025-12-18,9.4858,9.474,9.5118,9.4568,,0.10%
1557,1557.0,2025-12-19,9.3539,9.4888,9.4972,9.3528,,-1.39%
1558,1558.0,2025-12-22,9.42,9.358,9.4447,9.3543,,0.71%
1559,1559.0,2025-12-23,9.4741,9.4126,9.5195,9.4087,,0.57%
1560,1560.0,2025-12-24,9.2762,9.4714,9.4914,9.2541,,-2.09%
1561,1561.0,2025-12-25,9.2819,9.2771,9.3007,9.2677,,0.06%
1562,1562.0,2025-12-26,9.2126,9.2846,9.3115,9.1495,,-0.75%
1563,1563.0,2025-12-29,9.1997,9.2156,9.2327,9.1488,,-0.14%
1564,1564.0,2025-12-30,9.1963,9.1997,9.3031,9.1613,,-0.04%
1565,1565.0,2025-12-31,9.1956,9.2145,9.2437,9.1794,,-0.01%
1566,1566.0,2026-01-01,9.209,9.1948,9.209,9.1937,,0.15%
1567,1567.0,2026-01-02,9.1983,9.2051,9.2102,9.1877,,-0.12%
1568,,2025-12-02,9.421,9.4675,9.4714,9.3947,,-0.47%
1569,,2025-12-03,9.443,9.4208,9.4601,9.4081,,+0.23%
1570,,2025-12-04,9.5079,9.4431,9.5379,9.4403,,+0.69%
1571,,2025-12-05,9.4873,9.5079,9.5168,9.473,,-0.22%
1572,,2025-12-08,9.4251,9.4969,9.4981,9.408,,-0.66%
1573,,2025-12-09,9.3679,9.426,9.4421,9.3622,,-0.61%
1574,,2025-12-10,9.4148,9.3666,9.426,9.3605,,+0.50%
1575,,2025-12-11,9.4561,9.415,9.4931,9.3989,,+0.44%
1576,,2025-12-12,9.4652,9.4562,9.4988,9.4426,,+0.10%
1577,,2025-12-15,9.4628,9.4661,9.5106,9.4387,,-0.03%
1578,,2025-12-16,9.5206,9.4624,9.5438,9.4536,,+0.61%
1579,,2025-12-17,9.4765,9.5218,9.5763,9.4612,,-0.46%
1580,,2025-12-18,9.4858,9.474,9.5118,9.4568,,+0.10%
1581,,2025-12-19,9.3539,9.4888,9.4972,9.3528,,-1.39%
1582,,2025-12-22,9.42,9.358,9.4447,9.3543,,+0.71%
1583,,2025-12-23,9.4741,9.4126,9.5195,9.4087,,+0.57%
1584,,2025-12-24,9.2762,9.4714,9.4914,9.2541,,-2.09%
1585,,2025-12-25,9.2819,9.2771,9.3007,9.2677,,+0.06%
1586,,2025-12-26,9.2126,9.2846,9.3115,9.1495,,-0.75%
1587,,2025-12-29,9.1997,9.2156,9.2327,9.1488,,-0.14%
1588,,2025-12-30,9.1963,9.1997,9.3031,9.1613,,-0.04%
1589,,2025-12-31,9.1956,9.2145,9.2437,9.1794,,-0.01%
1590,,2026-01-01,9.209,9.1948,9.209,9.1937,,+0.15%
1591,,2026-01-02,9.2005,9.2051,9.2102,9.1877,,-0.09%
