,date,bond_kor_2,open,high,low,bond_kor_2_cr
0,2020-01-01,1.365,1.365,1.365,1.365,0.00%
1,2020-01-02,1.335,1.335,1.335,1.335,-2.20%
2,2020-01-03,1.29,1.333,1.333,1.29,-3.37%
3,2020-01-04,1.29,1.29,1.29,1.29,0.00%
4,2020-01-05,1.29,1.29,1.29,1.29,0.00%
5,2020-01-06,1.299,1.296,1.299,1.288,0.70%
6,2020-01-07,1.343,1.342,1.343,1.342,3.39%
7,2020-01-08,1.322,1.322,1.322,1.322,-1.56%
8,2020-01-09,1.4,1.4,1.4,1.4,5.90%
9,2020-01-10,1.418,1.42,1.42,1.418,1.29%
10,2020-01-11,1.418,1.418,1.418,1.418,0.00%
11,2020-01-12,1.418,1.418,1.418,1.418,0.00%
12,2020-01-13,1.404,1.402,1.404,1.402,-0.99%
13,2020-01-14,1.38,1.38,1.38,1.38,-1.71%
14,2020-01-15,1.39,1.39,1.39,1.39,0.72%
15,2020-01-16,1.415,1.415,1.415,1.415,1.80%
16,2020-01-17,1.412,1.412,1.412,1.412,-0.21%
17,2020-01-18,1.412,1.412,1.412,1.412,0.00%
18,2020-01-19,1.412,1.412,1.412,1.412,0.00%
19,2020-01-20,1.44,1.44,1.44,1.44,1.98%
20,2020-01-21,1.397,1.397,1.397,1.397,-2.99%
21,2020-01-22,1.421,1.422,1.422,1.421,1.72%
22,2020-01-23,1.41,1.41,1.41,1.41,-0.77%
23,2020-01-24,1.41,1.41,1.41,1.41,0.00%
24,2020-01-25,1.41,1.41,1.41,1.41,0.00%
25,2020-01-26,1.41,1.41,1.41,1.41,0.00%
26,2020-01-27,1.41,1.41,1.41,1.41,0.00%
27,2020-01-28,1.342,1.345,1.345,1.342,-4.82%
28,2020-01-29,1.32,1.32,1.32,1.32,-1.64%
29,2020-01-30,1.293,1.291,1.293,1.291,-2.05%
30,2020-01-31,1.307,1.307,1.307,1.307,1.08%
31,2020-02-01,1.297,1.297,1.297,1.297,-0.77%
32,2020-02-02,1.297,1.297,1.297,1.297,0.00%
33,2020-02-03,1.275,1.275,1.275,1.275,-1.70%
34,2020-02-04,1.307,1.307,1.307,1.307,2.51%
35,2020-02-05,1.288,1.29,1.29,1.288,-1.45%
36,2020-02-06,1.278,1.28,1.28,1.278,-0.78%
37,2020-02-07,1.251,1.252,1.252,1.251,-2.11%
38,2020-02-08,1.251,1.251,1.251,1.251,0.00%
39,2020-02-09,1.251,1.251,1.251,1.251,0.00%
40,2020-02-10,1.249,1.249,1.249,1.249,-0.16%
41,2020-02-11,1.268,1.266,1.268,1.266,1.52%
42,2020-02-12,1.26,1.26,1.26,1.26,-0.63%
43,2020-02-13,1.252,1.252,1.252,1.252,-0.63%
44,2020-02-14,1.28,1.28,1.28,1.28,2.24%
45,2020-02-16,1.3,1.3,1.3,1.3,1.56%
46,2020-02-17,1.315,1.315,1.315,1.315,1.15%
47,2020-02-18,1.261,1.265,1.265,1.261,-4.11%
48,2020-02-19,1.262,1.265,1.265,1.262,0.08%
49,2020-02-20,1.226,1.227,1.227,1.226,-2.85%
50,2020-02-21,1.176,1.177,1.177,1.176,-4.08%
51,2020-02-23,1.176,1.176,1.176,1.176,0.00%
52,2020-02-24,1.13,1.13,1.131,1.13,-3.91%
53,2020-02-25,1.163,1.165,1.165,1.163,2.92%
54,2020-02-26,1.135,1.135,1.135,1.135,-2.41%
55,2020-02-27,1.158,1.158,1.158,1.158,2.03%
56,2020-02-28,1.107,1.107,1.107,1.107,-4.40%
57,2020-02-29,1.107,1.107,1.107,1.107,0.00%
58,2020-03-01,1.107,1.107,1.107,1.107,0.00%
59,2020-03-02,1.119,1.12,1.12,1.118,1.08%
60,2020-03-03,1.108,1.11,1.11,1.108,-0.98%
61,2020-03-04,1.02,1.02,1.02,1.02,-7.94%
62,2020-03-05,1.04,1.04,1.04,1.04,1.96%
63,2020-03-06,1.065,1.065,1.065,1.065,2.40%
64,2020-03-07,1.065,1.065,1.065,1.065,0.00%
65,2020-03-08,1.065,1.065,1.065,1.065,0.00%
66,2020-03-09,1.026,1.037,1.037,1.026,-3.66%
67,2020-03-10,1.087,1.087,1.087,1.087,5.95%
68,2020-03-11,1.077,1.077,1.077,1.077,-0.92%
69,2020-03-12,1.084,1.084,1.091,1.084,0.65%
70,2020-03-13,1.145,1.145,1.145,1.145,5.63%
71,2020-03-14,1.145,1.145,1.145,1.145,0.00%
72,2020-03-15,1.145,1.145,1.145,1.145,0.00%
73,2020-03-16,1.054,1.052,1.054,1.051,-7.95%
74,2020-03-17,1.024,1.024,1.024,1.024,-2.85%
75,2020-03-18,1.045,1.045,1.045,1.045,2.05%
76,2020-03-19,1.19,1.19,1.19,1.19,13.88%
77,2020-03-20,1.13,1.13,1.13,1.13,-5.04%
78,2020-03-21,1.13,1.13,1.13,1.13,0.00%
79,2020-03-22,1.13,1.13,1.13,1.13,0.00%
80,2020-03-23,1.165,1.165,1.165,1.165,3.10%
81,2020-03-24,1.135,1.135,1.135,1.135,-2.58%
82,2020-03-25,1.095,1.095,1.095,1.095,-3.52%
83,2020-03-26,1.07,1.095,1.095,1.07,-2.28%
84,2020-03-27,1.064,1.065,1.065,1.064,-0.56%
85,2020-03-28,1.064,1.064,1.064,1.064,0.00%
86,2020-03-29,1.064,1.064,1.064,1.064,0.00%
87,2020-03-30,1.095,1.095,1.095,1.095,2.91%
88,2020-03-31,1.062,1.062,1.062,1.062,-3.01%
89,2020-04-01,1.085,1.085,1.085,1.085,2.17%
90,2020-04-02,1.042,1.042,1.042,1.042,-3.96%
91,2020-04-03,1.04,1.04,1.04,1.04,-0.19%
92,2020-04-04,1.04,1.04,1.04,1.04,0.00%
93,2020-04-05,1.04,1.04,1.04,1.04,0.00%
94,2020-04-06,1.034,1.035,1.035,1.034,-0.58%
95,2020-04-07,1.024,1.034,1.034,1.023,-0.97%
96,2020-04-08,1.007,1.007,1.007,1.007,-1.66%
97,2020-04-09,0.983,0.982,0.983,0.982,-2.38%
98,2020-04-10,0.96,0.962,0.962,0.96,-2.34%
99,2020-04-11,0.96,0.96,0.96,0.96,0.00%
100,2020-04-12,0.96,0.96,0.96,0.96,0.00%
101,2020-04-13,0.982,0.982,0.982,0.982,2.29%
102,2020-04-14,0.98,0.98,0.98,0.98,-0.20%
103,2020-04-15,0.98,0.98,0.98,0.98,0.00%
104,2020-04-16,0.97,0.97,0.97,0.97,-1.02%
105,2020-04-17,0.987,0.987,0.987,0.987,1.75%
106,2020-04-18,0.987,0.987,0.987,0.987,0.00%
107,2020-04-19,0.987,0.987,0.987,0.987,0.00%
108,2020-04-20,0.99,0.99,0.99,0.99,0.30%
109,2020-04-21,1.002,1.002,1.002,1.002,1.21%
110,2020-04-22,1.01,1.012,1.012,1.01,0.80%
111,2020-04-23,0.992,0.992,0.992,0.992,-1.78%
112,2020-04-24,0.96,0.96,0.96,0.96,-3.23%
113,2020-04-25,0.96,0.96,0.96,0.96,0.00%
114,2020-04-26,0.96,0.96,0.96,0.96,0.00%
115,2020-04-27,0.97,0.97,0.97,0.97,1.04%
116,2020-04-28,0.97,0.97,0.97,0.97,0.00%
117,2020-04-29,0.952,0.952,0.952,0.952,-1.86%
118,2020-04-30,0.952,0.952,0.952,0.952,0.00%
119,2020-05-01,0.952,0.952,0.952,0.952,0.00%
120,2020-05-02,0.952,0.952,0.952,0.952,0.00%
121,2020-05-03,0.952,0.952,0.952,0.952,0.00%
122,2020-05-04,0.912,0.912,0.912,0.912,-4.20%
123,2020-05-05,0.912,0.912,0.912,0.912,0.00%
124,2020-05-06,0.9,0.9,0.9,0.9,-1.32%
125,2020-05-07,0.887,0.887,0.887,0.887,-1.44%
126,2020-05-08,0.86,0.86,0.86,0.86,-3.04%
127,2020-05-09,0.86,0.86,0.86,0.86,0.00%
128,2020-05-10,0.86,0.86,0.86,0.86,0.00%
129,2020-05-11,0.87,0.87,0.87,0.87,1.16%
130,2020-05-12,0.836,0.837,0.837,0.836,-3.91%
131,2020-05-13,0.815,0.815,0.815,0.815,-2.51%
132,2020-05-14,0.821,0.82,0.821,0.82,0.74%
133,2020-05-15,0.825,0.825,0.825,0.825,0.49%
134,2020-05-16,0.825,0.825,0.825,0.825,0.00%
135,2020-05-17,0.825,0.825,0.825,0.825,0.00%
136,2020-05-18,0.84,0.84,0.84,0.84,1.82%
137,2020-05-19,0.832,0.832,0.832,0.832,-0.95%
138,2020-05-20,0.82,0.82,0.82,0.82,-1.44%
139,2020-05-21,0.83,0.83,0.83,0.83,1.22%
140,2020-05-22,0.819,0.819,0.819,0.819,-1.33%
141,2020-05-23,0.806,0.806,0.806,0.806,-1.59%
142,2020-05-24,0.806,0.806,0.806,0.806,0.00%
143,2020-05-25,0.801,0.801,0.801,0.801,-0.62%
144,2020-05-26,0.82,0.82,0.82,0.82,2.37%
145,2020-05-27,0.829,0.83,0.83,0.829,1.10%
146,2020-05-28,0.79,0.79,0.79,0.79,-4.70%
147,2020-05-29,0.76,0.76,0.76,0.76,-3.80%
148,2020-05-30,0.76,0.76,0.76,0.76,0.00%
149,2020-05-31,0.76,0.76,0.76,0.76,0.00%
150,2020-06-01,0.775,0.775,0.775,0.775,1.97%
151,2020-06-02,0.777,0.777,0.777,0.777,0.26%
152,2020-06-03,0.805,0.805,0.805,0.805,3.60%
153,2020-06-04,0.822,0.822,0.822,0.822,2.11%
154,2020-06-05,0.82,0.82,0.82,0.82,-0.24%
155,2020-06-06,0.825,0.825,0.825,0.825,0.61%
156,2020-06-07,0.825,0.825,0.825,0.825,0.00%
157,2020-06-08,0.825,0.825,0.825,0.825,0.00%
158,2020-06-09,0.792,0.792,0.792,0.792,-4.00%
159,2020-06-10,0.79,0.79,0.79,0.79,-0.25%
160,2020-06-11,0.79,0.79,0.79,0.79,0.00%
161,2020-06-12,0.802,0.802,0.802,0.802,1.52%
162,2020-06-13,0.802,0.802,0.802,0.802,0.00%
163,2020-06-14,0.802,0.802,0.802,0.802,0.00%
164,2020-06-15,0.828,0.83,0.83,0.828,3.24%
165,2020-06-16,0.822,0.828,0.828,0.822,-0.72%
166,2020-06-17,0.841,0.836,0.841,0.836,2.31%
167,2020-06-18,0.822,0.822,0.822,0.822,-2.26%
168,2020-06-19,0.805,0.805,0.805,0.805,-2.07%
169,2020-06-20,0.805,0.805,0.805,0.805,0.00%
170,2020-06-21,0.805,0.805,0.805,0.805,0.00%
171,2020-06-22,0.797,0.797,0.797,0.797,-0.99%
172,2020-06-23,0.777,0.777,0.777,0.777,-2.51%
173,2020-06-24,0.772,0.772,0.772,0.772,-0.64%
174,2020-06-25,0.775,0.775,0.775,0.775,0.39%
175,2020-06-26,0.78,0.78,0.78,0.78,0.65%
176,2020-06-27,0.78,0.78,0.78,0.78,0.00%
177,2020-06-28,0.78,0.78,0.78,0.78,0.00%
178,2020-06-29,0.81,0.81,0.81,0.81,3.85%
179,2020-06-30,0.79,0.79,0.79,0.79,-2.47%
180,2020-07-01,0.785,0.785,0.785,0.785,-0.63%
181,2020-07-02,0.767,0.767,0.767,0.767,-2.29%
182,2020-07-03,0.767,0.767,0.767,0.767,0.00%
183,2020-07-04,0.767,0.767,0.767,0.767,0.00%
184,2020-07-05,0.767,0.767,0.767,0.767,0.00%
185,2020-07-06,0.78,0.78,0.78,0.78,1.69%
186,2020-07-07,0.767,0.767,0.767,0.767,-1.67%
187,2020-07-08,0.767,0.767,0.767,0.767,0.00%
188,2020-07-09,0.77,0.77,0.77,0.77,0.39%
189,2020-07-10,0.772,0.772,0.772,0.772,0.26%
190,2020-07-12,0.772,0.772,0.772,0.772,0.00%
191,2020-07-13,0.783,0.782,0.783,0.782,1.42%
192,2020-07-14,0.775,0.775,0.775,0.775,-1.02%
193,2020-07-15,0.775,0.775,0.775,0.775,0.00%
194,2020-07-16,0.788,0.788,0.788,0.788,1.68%
195,2020-07-17,0.755,0.755,0.755,0.755,-4.19%
196,2020-07-18,0.755,0.755,0.755,0.755,0.00%
197,2020-07-19,0.755,0.755,0.755,0.755,0.00%
198,2020-07-20,0.745,0.745,0.745,0.745,-1.32%
199,2020-07-21,0.755,0.755,0.755,0.755,1.34%
200,2020-07-22,0.747,0.747,0.747,0.747,-1.06%
201,2020-07-23,0.742,0.742,0.742,0.742,-0.67%
202,2020-07-24,0.742,0.742,0.742,0.742,0.00%
203,2020-07-25,0.742,0.742,0.742,0.742,0.00%
204,2020-07-26,0.742,0.742,0.742,0.742,0.00%
205,2020-07-27,0.742,0.742,0.742,0.742,0.00%
206,2020-07-28,0.742,0.742,0.742,0.742,0.00%
207,2020-07-29,0.74,0.74,0.74,0.74,-0.27%
208,2020-07-30,0.72,0.72,0.72,0.72,-2.70%
209,2020-07-31,0.712,0.712,0.712,0.712,-1.11%
210,2020-08-01,0.712,0.712,0.712,0.712,0.00%
211,2020-08-02,0.712,0.712,0.712,0.712,0.00%
212,2020-08-03,0.71,0.71,0.71,0.71,-0.28%
213,2020-08-04,0.71,0.71,0.71,0.71,0.00%
214,2020-08-05,0.702,0.702,0.702,0.702,-1.13%
215,2020-08-06,0.706,0.706,0.706,0.706,0.57%
216,2020-08-07,0.704,0.704,0.704,0.704,-0.28%
217,2020-08-08,0.71,0.71,0.71,0.71,0.85%
218,2020-08-09,0.71,0.71,0.71,0.71,0.00%
219,2020-08-10,0.725,0.725,0.725,0.725,2.11%
220,2020-08-11,0.715,0.715,0.715,0.715,-1.38%
221,2020-08-12,0.73,0.73,0.73,0.73,2.10%
222,2020-08-13,0.725,0.725,0.725,0.725,-0.68%
223,2020-08-14,0.737,0.737,0.737,0.737,1.66%
224,2020-08-15,0.737,0.737,0.737,0.737,0.00%
225,2020-08-16,0.737,0.737,0.737,0.737,0.00%
226,2020-08-17,0.737,0.737,0.737,0.737,0.00%
227,2020-08-18,0.725,0.725,0.725,0.725,-1.63%
228,2020-08-19,0.723,0.728,0.728,0.723,-0.28%
229,2020-08-20,0.73,0.73,0.73,0.73,0.97%
230,2020-08-21,0.764,0.762,0.764,0.762,4.66%
231,2020-08-22,0.764,0.764,0.764,0.764,0.00%
232,2020-08-23,0.764,0.764,0.764,0.764,0.00%
233,2020-08-24,0.752,0.752,0.752,0.752,-1.57%
234,2020-08-25,0.763,0.753,0.763,0.753,1.46%
235,2020-08-26,0.757,0.757,0.757,0.757,-0.79%
236,2020-08-27,0.78,0.78,0.78,0.78,3.04%
237,2020-08-28,0.805,0.805,0.805,0.805,3.21%
238,2020-08-29,0.805,0.805,0.805,0.805,0.00%
239,2020-08-30,0.805,0.805,0.805,0.805,0.00%
240,2020-08-31,0.842,0.842,0.842,0.842,4.60%
241,2020-09-01,0.86,0.86,0.86,0.86,2.14%
242,2020-09-02,0.83,0.83,0.83,0.83,-3.49%
243,2020-09-03,0.835,0.835,0.835,0.835,0.60%
244,2020-09-04,0.85,0.85,0.85,0.85,1.80%
245,2020-09-05,0.85,0.85,0.85,0.85,0.00%
246,2020-09-06,0.85,0.85,0.85,0.85,0.00%
247,2020-09-07,0.867,0.867,0.867,0.867,2.00%
248,2020-09-08,0.855,0.855,0.855,0.855,-1.38%
249,2020-09-09,0.838,0.838,0.838,0.838,-1.99%
250,2020-09-10,0.875,0.875,0.875,0.875,4.42%
251,2020-09-11,0.89,0.89,0.89,0.89,1.71%
252,2020-09-12,0.89,0.89,0.89,0.89,0.00%
253,2020-09-13,0.89,0.89,0.89,0.89,0.00%
254,2020-09-14,0.888,0.897,0.897,0.888,-0.22%
255,2020-09-15,0.863,0.862,0.863,0.862,-2.82%
256,2020-09-16,0.865,0.865,0.865,0.865,0.23%
257,2020-09-17,0.86,0.86,0.86,0.86,-0.58%
258,2020-09-18,0.852,0.852,0.852,0.852,-0.93%
259,2020-09-19,0.852,0.852,0.852,0.852,0.00%
260,2020-09-20,0.852,0.852,0.852,0.852,0.00%
261,2020-09-21,0.852,0.852,0.852,0.852,0.00%
262,2020-09-22,0.842,0.842,0.842,0.842,-1.17%
263,2020-09-23,0.838,0.84,0.84,0.838,-0.48%
264,2020-09-24,0.805,0.805,0.805,0.805,-3.94%
265,2020-09-25,0.805,0.805,0.805,0.805,0.00%
266,2020-09-26,0.805,0.805,0.805,0.805,0.00%
267,2020-09-27,0.805,0.805,0.805,0.805,0.00%
268,2020-09-28,0.8,0.8,0.8,0.8,-0.62%
269,2020-09-29,0.792,0.792,0.792,0.792,-1.00%
270,2020-09-30,0.792,0.792,0.792,0.792,0.00%
271,2020-10-01,0.792,0.792,0.792,0.792,0.00%
272,2020-10-02,0.792,0.792,0.792,0.792,0.00%
273,2020-10-03,0.792,0.792,0.792,0.792,0.00%
274,2020-10-04,0.792,0.792,0.792,0.792,0.00%
275,2020-10-05,0.825,0.825,0.825,0.825,4.17%
276,2020-10-06,0.84,0.84,0.84,0.84,1.82%
277,2020-10-07,0.89,0.89,0.89,0.89,5.95%
278,2020-10-08,0.837,0.848,0.848,0.837,-5.96%
279,2020-10-09,0.83,0.83,0.83,0.83,-0.84%
280,2020-10-10,0.83,0.83,0.83,0.83,0.00%
281,2020-10-11,0.83,0.83,0.83,0.83,0.00%
282,2020-10-12,0.85,0.85,0.85,0.85,2.41%
283,2020-10-13,0.848,0.85,0.85,0.848,-0.24%
284,2020-10-14,0.822,0.822,0.822,0.822,-3.07%
285,2020-10-15,0.803,0.802,0.803,0.802,-2.31%
286,2020-10-16,0.82,0.82,0.82,0.82,2.12%
287,2020-10-17,0.82,0.82,0.82,0.82,0.00%
288,2020-10-18,0.82,0.82,0.82,0.82,0.00%
289,2020-10-19,0.832,0.832,0.832,0.832,1.46%
290,2020-10-20,0.852,0.852,0.852,0.852,2.40%
291,2020-10-21,0.86,0.86,0.86,0.86,0.94%
292,2020-10-22,0.852,0.852,0.852,0.852,-0.93%
293,2020-10-23,0.842,0.842,0.842,0.842,-1.17%
294,2020-10-24,0.842,0.842,0.842,0.842,0.00%
295,2020-10-25,0.842,0.842,0.842,0.842,0.00%
296,2020-10-26,0.84,0.84,0.84,0.84,-0.24%
297,2020-10-27,0.845,0.845,0.845,0.845,0.60%
298,2020-10-28,0.842,0.842,0.842,0.842,-0.36%
299,2020-10-29,0.852,0.852,0.852,0.852,1.19%
300,2020-10-30,0.862,0.862,0.862,0.862,1.17%
301,2020-10-31,0.862,0.862,0.862,0.862,0.00%
302,2020-11-01,0.862,0.862,0.862,0.862,0.00%
303,2020-11-02,0.892,0.892,0.892,0.892,3.48%
304,2020-11-03,0.898,0.897,0.898,0.897,0.67%
305,2020-11-04,0.9,0.9,0.9,0.9,0.22%
306,2020-11-05,0.869,0.874,0.874,0.869,-3.44%
307,2020-11-06,0.866,0.866,0.866,0.866,-0.35%
308,2020-11-07,0.865,0.865,0.865,0.865,-0.12%
309,2020-11-08,0.865,0.865,0.865,0.865,0.00%
310,2020-11-09,0.87,0.87,0.87,0.87,0.58%
311,2020-11-10,0.89,0.89,0.89,0.89,2.30%
312,2020-11-11,0.89,0.89,0.89,0.89,0.00%
313,2020-11-12,0.877,0.877,0.877,0.877,-1.46%
314,2020-11-13,0.87,0.87,0.87,0.87,-0.80%
315,2020-11-14,0.87,0.87,0.87,0.87,0.00%
316,2020-11-15,0.87,0.87,0.87,0.87,0.00%
317,2020-11-16,0.882,0.882,0.882,0.882,1.38%
318,2020-11-17,0.875,0.875,0.875,0.875,-0.79%
319,2020-11-18,0.862,0.862,0.862,0.862,-1.49%
320,2020-11-19,0.869,0.867,0.869,0.867,0.81%
321,2020-11-20,0.875,0.875,0.875,0.875,0.69%
322,2020-11-21,0.875,0.875,0.875,0.875,0.00%
323,2020-11-22,0.875,0.875,0.875,0.875,0.00%
324,2020-11-23,0.865,0.865,0.865,0.865,-1.14%
325,2020-11-24,0.872,0.872,0.872,0.872,0.81%
326,2020-11-25,0.882,0.882,0.882,0.882,1.15%
327,2020-11-26,0.89,0.89,0.89,0.89,0.91%
328,2020-11-27,0.879,0.877,0.879,0.877,-1.24%
329,2020-11-28,0.879,0.879,0.879,0.879,0.00%
330,2020-11-29,0.879,0.879,0.879,0.879,0.00%
331,2020-11-30,0.88,0.88,0.88,0.88,0.11%
332,2020-12-01,0.878,0.877,0.878,0.877,-0.23%
333,2020-12-02,0.883,0.882,0.883,0.882,0.57%
334,2020-12-03,0.875,0.875,0.875,0.875,-0.91%
335,2020-12-04,0.872,0.872,0.872,0.872,-0.34%
336,2020-12-05,0.872,0.872,0.872,0.872,0.00%
337,2020-12-06,0.872,0.872,0.872,0.872,0.00%
338,2020-12-07,0.866,0.865,0.866,0.865,-0.69%
339,2020-12-08,0.867,0.867,0.867,0.867,0.12%
340,2020-12-09,0.867,0.867,0.867,0.867,0.00%
341,2020-12-10,0.906,0.867,0.906,0.867,4.50%
342,2020-12-11,0.875,0.875,0.875,0.875,-3.42%
343,2020-12-12,0.875,0.875,0.875,0.875,0.00%
344,2020-12-13,0.875,0.875,0.875,0.875,0.00%
345,2020-12-14,0.894,0.894,0.894,0.894,2.17%
346,2020-12-15,0.882,0.882,0.882,0.882,-1.34%
347,2020-12-16,0.889,0.889,0.889,0.889,0.79%
348,2020-12-17,0.897,0.895,0.897,0.895,0.90%
349,2020-12-18,0.89,0.89,0.89,0.89,-0.78%
350,2020-12-19,0.89,0.89,0.89,0.89,0.00%
351,2020-12-20,0.89,0.89,0.89,0.89,0.00%
352,2020-12-21,0.887,0.887,0.887,0.887,-0.34%
353,2020-12-22,0.873,0.875,0.875,0.873,-1.58%
354,2020-12-23,0.862,0.862,0.862,0.862,-1.26%
355,2020-12-24,0.885,0.885,0.885,0.885,2.67%
356,2020-12-25,0.885,0.885,0.885,0.885,0.00%
357,2020-12-26,0.885,0.885,0.885,0.885,0.00%
358,2020-12-27,0.885,0.885,0.885,0.885,0.00%
359,2020-12-28,0.893,0.892,0.893,0.892,0.90%
360,2020-12-29,0.9,0.9,0.9,0.9,0.78%
361,2020-12-30,0.885,0.887,0.887,0.885,-1.67%
362,2020-12-31,0.885,0.885,0.885,0.885,0.00%
363,2021-01-01,0.885,0.885,0.885,0.885,0.00%
364,2021-01-02,0.885,0.885,0.885,0.885,0.00%
365,2021-01-03,0.885,0.885,0.885,0.885,0.00%
366,2021-01-04,0.865,0.865,0.865,0.865,-2.26%
367,2021-01-05,0.847,0.847,0.847,0.847,-2.08%
368,2021-01-06,0.857,0.857,0.857,0.857,1.18%
369,2021-01-07,0.865,0.865,0.865,0.865,0.93%
370,2021-01-08,0.885,0.885,0.885,0.885,2.31%
371,2021-01-09,0.87,0.87,0.87,0.87,-1.69%
372,2021-01-10,0.87,0.87,0.87,0.87,0.00%
373,2021-01-11,0.865,0.865,0.865,0.865,-0.57%
374,2021-01-12,0.871,0.872,0.872,0.871,0.69%
375,2021-01-13,0.865,0.865,0.865,0.865,-0.69%
376,2021-01-14,0.872,0.872,0.872,0.872,0.81%
377,2021-01-15,0.862,0.862,0.862,0.862,-1.15%
378,2021-01-16,0.862,0.862,0.862,0.862,0.00%
379,2021-01-17,0.862,0.862,0.862,0.862,0.00%
380,2021-01-18,0.86,0.862,0.862,0.86,-0.23%
381,2021-01-19,0.869,0.87,0.87,0.869,1.05%
382,2021-01-20,0.882,0.882,0.882,0.882,1.50%
383,2021-01-21,0.87,0.87,0.87,0.87,-1.36%
384,2021-01-22,0.89,0.89,0.89,0.89,2.30%
385,2021-01-23,0.89,0.89,0.89,0.89,0.00%
386,2021-01-24,0.89,0.89,0.89,0.89,0.00%
387,2021-01-25,0.902,0.902,0.902,0.902,1.35%
388,2021-01-26,0.901,0.902,0.902,0.901,-0.11%
389,2021-01-27,0.895,0.895,0.895,0.895,-0.67%
390,2021-01-28,0.868,0.87,0.873,0.868,-3.02%
391,2021-01-29,0.869,0.869,0.869,0.869,0.12%
392,2021-01-30,0.85,0.85,0.85,0.85,-2.19%
393,2021-01-31,0.85,0.85,0.85,0.85,0.00%
394,2021-02-01,0.862,0.862,0.862,0.862,1.41%
395,2021-02-02,0.85,0.855,0.855,0.85,-1.39%
396,2021-02-03,0.84,0.851,0.851,0.84,-1.18%
397,2021-02-04,0.826,0.827,0.827,0.826,-1.67%
398,2021-02-05,0.835,0.835,0.835,0.835,1.09%
399,2021-02-06,0.83,0.83,0.83,0.83,-0.60%
400,2021-02-07,0.83,0.83,0.83,0.83,0.00%
401,2021-02-08,0.835,0.835,0.835,0.835,0.60%
402,2021-02-09,0.835,0.835,0.835,0.835,0.00%
403,2021-02-10,0.84,0.84,0.84,0.84,0.60%
404,2021-02-11,0.84,0.84,0.84,0.84,0.00%
405,2021-02-12,0.84,0.84,0.84,0.84,0.00%
406,2021-02-13,0.84,0.84,0.84,0.84,0.00%
407,2021-02-14,0.84,0.84,0.84,0.84,0.00%
408,2021-02-15,0.849,0.85,0.85,0.849,1.07%
409,2021-02-16,0.841,0.842,0.842,0.841,-0.94%
410,2021-02-17,0.853,0.853,0.853,0.853,1.43%
411,2021-02-18,0.838,0.84,0.84,0.838,-1.76%
412,2021-02-19,0.842,0.842,0.842,0.842,0.48%
413,2021-02-20,0.842,0.842,0.842,0.842,0.00%
414,2021-02-21,0.842,0.842,0.842,0.842,0.00%
415,2021-02-22,0.865,0.865,0.865,0.865,2.73%
416,2021-02-23,0.855,0.855,0.855,0.855,-1.16%
417,2021-02-24,0.84,0.84,0.84,0.84,-1.75%
418,2021-02-25,0.835,0.835,0.835,0.835,-0.60%
419,2021-02-26,0.864,0.86,0.866,0.86,3.47%
420,2021-02-27,0.85,0.85,0.85,0.85,-1.62%
421,2021-02-28,0.85,0.85,0.85,0.85,0.00%
422,2021-03-01,0.85,0.85,0.85,0.85,0.00%
423,2021-03-02,0.847,0.847,0.847,0.847,-0.35%
424,2021-03-03,0.843,0.846,0.846,0.843,-0.47%
425,2021-03-04,0.853,0.853,0.853,0.85,1.19%
426,2021-03-05,0.863,0.86,0.863,0.86,1.17%
427,2021-03-06,0.87,0.87,0.87,0.87,0.81%
428,2021-03-07,0.87,0.87,0.87,0.87,0.00%
429,2021-03-08,0.947,0.947,0.947,0.947,8.85%
430,2021-03-09,1.0,0.966,1.0,0.966,5.60%
431,2021-03-10,1.013,1.029,1.035,1.012,1.30%
432,2021-03-11,0.985,1.01,1.01,0.979,-2.76%
433,2021-03-12,0.991,1.001,1.001,0.972,0.61%
434,2021-03-13,0.988,0.988,0.988,0.988,-0.30%
435,2021-03-14,0.988,0.988,0.988,0.988,0.00%
436,2021-03-15,0.983,0.994,1.002,0.983,-0.51%
437,2021-03-16,0.905,0.95,0.963,0.905,-7.93%
438,2021-03-17,0.886,0.901,0.901,0.86,-2.10%
439,2021-03-18,0.876,0.86,0.885,0.85,-1.13%
440,2021-03-19,0.893,0.882,0.901,0.871,1.94%
441,2021-03-20,0.892,0.892,0.892,0.892,-0.11%
442,2021-03-21,0.892,0.892,0.892,0.892,0.00%
443,2021-03-22,0.922,0.889,0.937,0.889,3.36%
444,2021-03-23,0.928,0.918,0.942,0.918,0.65%
445,2021-03-24,0.935,0.922,0.948,0.912,0.75%
446,2021-03-25,0.908,0.928,0.932,0.906,-2.89%
447,2021-03-26,0.917,0.913,0.931,0.905,0.99%
448,2021-03-27,0.93,0.93,0.93,0.93,1.42%
449,2021-03-28,0.93,0.93,0.93,0.93,0.00%
450,2021-03-29,0.921,0.919,0.932,0.914,-0.97%
451,2021-03-30,0.943,0.925,0.943,0.925,2.39%
452,2021-03-31,0.911,0.946,0.949,0.911,-3.39%
453,2021-04-01,0.915,0.915,0.924,0.908,0.44%
454,2021-04-02,0.912,0.896,0.913,0.884,-0.33%
455,2021-04-03,0.905,0.905,0.905,0.905,-0.77%
456,2021-04-04,0.905,0.905,0.905,0.905,0.00%
457,2021-04-05,0.948,0.923,0.957,0.923,4.75%
458,2021-04-06,0.928,0.928,0.932,0.926,-2.11%
459,2021-04-07,0.936,0.92,0.943,0.92,0.86%
460,2021-04-08,0.917,0.934,0.934,0.916,-2.03%
461,2021-04-09,0.93,0.923,0.93,0.912,1.42%
462,2021-04-10,0.923,0.923,0.923,0.923,-0.75%
463,2021-04-11,0.923,0.923,0.923,0.923,0.00%
464,2021-04-12,0.908,0.929,0.934,0.908,-1.63%
465,2021-04-13,0.929,0.925,0.931,0.914,2.31%
466,2021-04-14,0.904,0.921,0.921,0.903,-2.69%
467,2021-04-15,0.93,0.91,0.939,0.91,2.88%
468,2021-04-16,0.928,0.911,0.934,0.911,-0.22%
469,2021-04-17,0.925,0.925,0.925,0.925,-0.32%
470,2021-04-18,0.925,0.925,0.925,0.925,0.00%
471,2021-04-19,0.917,0.927,0.927,0.917,-0.86%
472,2021-04-20,0.921,0.921,0.924,0.919,0.44%
473,2021-04-21,0.905,0.905,0.909,0.901,-1.74%
474,2021-04-22,0.905,0.905,0.911,0.902,0.00%
475,2021-04-23,0.911,0.904,0.925,0.904,0.66%
476,2021-04-24,0.906,0.906,0.906,0.906,-0.55%
477,2021-04-25,0.906,0.906,0.906,0.906,0.00%
478,2021-04-26,0.91,0.91,0.921,0.91,0.44%
479,2021-04-27,0.907,0.917,0.923,0.907,-0.33%
480,2021-04-28,0.922,0.913,0.928,0.913,1.65%
481,2021-04-29,0.936,0.934,0.945,0.934,1.52%
482,2021-04-30,0.947,0.951,0.962,0.947,1.18%
483,2021-05-01,0.948,0.948,0.948,0.948,0.11%
484,2021-05-02,0.948,0.948,0.948,0.948,0.00%
485,2021-05-03,0.952,0.96,0.961,0.949,0.42%
486,2021-05-04,0.949,0.948,0.954,0.942,-0.32%
487,2021-05-05,0.95,0.95,0.95,0.95,0.11%
488,2021-05-06,0.927,0.945,0.945,0.927,-2.42%
489,2021-05-07,0.928,0.934,0.935,0.928,0.11%
490,2021-05-10,0.932,0.929,0.937,0.929,0.43%
491,2021-05-11,0.925,0.923,0.94,0.923,-0.75%
492,2021-05-12,0.932,0.94,0.94,0.925,0.76%
493,2021-05-13,0.929,0.939,0.939,0.929,-0.32%
494,2021-05-14,0.93,0.924,0.93,0.921,0.11%
495,2021-05-15,0.925,0.925,0.925,0.925,-0.54%
496,2021-05-16,0.925,0.925,0.925,0.925,0.00%
497,2021-05-17,0.915,0.927,0.929,0.915,-1.08%
498,2021-05-18,0.904,0.917,0.917,0.903,-1.20%
499,2021-05-19,0.9,0.9,0.9,0.9,-0.44%
500,2021-05-20,0.91,0.913,0.914,0.9,1.11%
501,2021-05-21,0.898,0.897,0.905,0.896,-1.32%
502,2021-05-22,0.897,0.897,0.897,0.897,-0.11%
503,2021-05-23,0.897,0.897,0.897,0.897,0.00%
504,2021-05-24,0.91,0.901,0.91,0.901,1.45%
505,2021-05-25,0.924,0.913,0.924,0.902,1.54%
506,2021-05-26,0.952,0.924,0.952,0.924,3.03%
507,2021-05-27,0.925,0.942,0.95,0.918,-2.84%
508,2021-05-28,0.957,0.929,0.979,0.929,3.46%
509,2021-05-29,0.95,0.95,0.95,0.95,-0.73%
510,2021-05-30,0.95,0.95,0.95,0.95,0.00%
511,2021-05-31,0.995,0.974,1.017,0.974,4.74%
512,2021-06-01,0.983,0.982,0.992,0.974,-1.21%
513,2021-06-02,0.997,0.985,1.0,0.985,1.42%
514,2021-06-03,0.996,0.987,0.996,0.987,-0.10%
515,2021-06-04,1.03,1.004,1.03,1.003,3.41%
516,2021-06-05,1.02,1.02,1.02,1.02,-0.97%
517,2021-06-06,1.02,1.02,1.02,1.02,0.00%
518,2021-06-07,1.037,1.017,1.037,1.017,1.67%
519,2021-06-08,1.04,1.025,1.04,1.024,0.29%
520,2021-06-09,1.086,1.028,1.09,1.022,4.42%
521,2021-06-10,1.14,1.092,1.14,1.092,4.97%
522,2021-06-11,1.165,1.168,1.188,1.165,2.19%
523,2021-06-12,1.12,1.12,1.12,1.12,-3.86%
524,2021-06-13,1.12,1.12,1.12,1.12,0.00%
525,2021-06-14,1.139,1.123,1.145,1.119,1.70%
526,2021-06-15,1.175,1.153,1.176,1.153,3.16%
527,2021-06-16,1.17,1.171,1.18,1.169,-0.43%
528,2021-06-17,1.181,1.18,1.202,1.172,0.94%
529,2021-06-18,1.184,1.179,1.196,1.179,0.25%
530,2021-06-19,1.185,1.185,1.185,1.185,0.08%
531,2021-06-20,1.185,1.185,1.185,1.185,0.00%
532,2021-06-21,1.19,1.2,1.201,1.17,0.42%
533,2021-06-22,1.176,1.185,1.187,1.169,-1.18%
534,2021-06-23,1.17,1.169,1.17,1.168,-0.51%
535,2021-06-24,1.212,1.178,1.215,1.177,3.59%
536,2021-06-25,1.289,1.24,1.294,1.24,6.35%
537,2021-06-26,1.29,1.29,1.29,1.29,0.08%
538,2021-06-27,1.29,1.29,1.29,1.29,0.00%
539,2021-06-28,1.324,1.297,1.326,1.297,2.64%
540,2021-06-29,1.315,1.322,1.337,1.302,-0.68%
541,2021-06-30,1.3,1.295,1.314,1.293,-1.14%
542,2021-07-01,1.301,1.295,1.31,1.28,0.08%
543,2021-07-02,1.304,1.3,1.321,1.295,0.23%
544,2021-07-03,1.305,1.305,1.305,1.305,0.08%
545,2021-07-04,1.305,1.305,1.305,1.305,0.00%
546,2021-07-05,1.288,1.297,1.297,1.284,-1.30%
547,2021-07-06,1.301,1.29,1.304,1.288,1.01%
548,2021-07-07,1.252,1.277,1.277,1.252,-3.77%
549,2021-07-08,1.208,1.236,1.236,1.2,-3.51%
550,2021-07-09,1.2,1.216,1.233,1.2,-0.66%
551,2021-07-10,1.194,1.194,1.194,1.194,-0.50%
552,2021-07-11,1.194,1.194,1.194,1.194,0.00%
553,2021-07-12,1.196,1.193,1.2,1.183,0.17%
554,2021-07-13,1.225,1.205,1.226,1.205,2.42%
555,2021-07-14,1.196,1.217,1.217,1.181,-2.37%
556,2021-07-15,1.315,1.192,1.315,1.192,9.95%
557,2021-07-16,1.297,1.313,1.345,1.297,-1.37%
558,2021-07-17,1.306,1.306,1.306,1.306,0.69%
559,2021-07-18,1.306,1.306,1.306,1.306,0.00%
560,2021-07-19,1.319,1.309,1.32,1.306,1.00%
561,2021-07-20,1.279,1.305,1.305,1.268,-3.03%
562,2021-07-21,1.257,1.289,1.289,1.257,-1.72%
563,2021-07-22,1.253,1.27,1.277,1.25,-0.32%
564,2021-07-23,1.253,1.242,1.264,1.242,0.00%
565,2021-07-25,1.249,1.249,1.249,1.249,-0.32%
566,2021-07-26,1.225,1.245,1.245,1.219,-1.92%
567,2021-07-27,1.23,1.245,1.249,1.223,0.41%
568,2021-07-28,1.259,1.237,1.271,1.237,2.36%
569,2021-07-29,1.262,1.266,1.28,1.261,0.24%
570,2021-07-30,1.256,1.261,1.261,1.222,-0.48%
571,2021-07-31,1.248,1.248,1.248,1.248,-0.64%
572,2021-08-02,1.264,1.261,1.264,1.222,1.28%
573,2021-08-03,1.28,1.26,1.28,1.26,1.27%
574,2021-08-04,1.25,1.294,1.294,1.248,-2.34%
575,2021-08-05,1.236,1.246,1.246,1.229,-1.12%
576,2021-08-06,1.268,1.252,1.268,1.246,2.59%
577,2021-08-07,1.265,1.265,1.265,1.265,-0.24%
578,2021-08-09,1.257,1.252,1.268,1.246,-0.63%
579,2021-08-10,1.255,1.255,1.268,1.252,-0.16%
580,2021-08-11,1.244,1.25,1.252,1.24,-0.88%
581,2021-08-12,1.238,1.248,1.259,1.237,-0.48%
582,2021-08-13,1.249,1.25,1.252,1.245,0.89%
583,2021-08-15,1.241,1.241,1.241,1.241,-0.64%
584,2021-08-16,1.241,1.241,1.241,1.241,0.00%
585,2021-08-17,1.245,1.237,1.245,1.237,0.32%
586,2021-08-18,1.231,1.24,1.24,1.23,-1.12%
587,2021-08-19,1.209,1.216,1.218,1.203,-1.79%
588,2021-08-20,1.213,1.211,1.213,1.211,0.33%
589,2021-08-21,1.213,1.213,1.213,1.213,0.00%
590,2021-08-22,1.241,1.213,1.241,1.213,2.31%
591,2021-08-23,1.241,1.218,1.245,1.218,0.00%
592,2021-08-24,1.285,1.269,1.293,1.268,3.55%
593,2021-08-25,1.295,1.292,1.297,1.29,0.78%
594,2021-08-26,1.258,1.29,1.315,1.248,-2.86%
595,2021-08-27,1.265,1.256,1.271,1.256,0.56%
596,2021-08-28,1.262,1.262,1.262,1.262,-0.24%
597,2021-08-29,1.262,1.262,1.262,1.262,0.00%
598,2021-08-30,1.256,1.253,1.256,1.251,-0.48%
599,2021-08-31,1.249,1.248,1.249,1.235,-0.56%
600,2021-09-01,1.254,1.251,1.263,1.247,0.40%
601,2021-09-02,1.265,1.266,1.271,1.265,0.88%
602,2021-09-03,1.27,1.273,1.276,1.27,0.40%
603,2021-09-05,1.27,1.27,1.27,1.27,0.00%
604,2021-09-06,1.274,1.271,1.289,1.269,0.31%
605,2021-09-07,1.28,1.273,1.298,1.271,0.47%
606,2021-09-08,1.301,1.301,1.301,1.287,1.64%
607,2021-09-09,1.333,1.295,1.335,1.295,2.46%
608,2021-09-10,1.37,1.342,1.415,1.342,2.78%
609,2021-09-11,1.35,1.35,1.35,1.35,-1.46%
610,2021-09-12,1.35,1.35,1.35,1.35,0.00%
611,2021-09-13,1.385,1.349,1.39,1.349,2.59%
612,2021-09-14,1.402,1.389,1.426,1.389,1.23%
613,2021-09-15,1.367,1.403,1.403,1.367,-2.50%
614,2021-09-16,1.394,1.362,1.401,1.357,1.98%
615,2021-09-17,1.402,1.391,1.412,1.391,0.57%
616,2021-09-18,1.405,1.405,1.405,1.405,0.21%
617,2021-09-19,1.405,1.405,1.405,1.405,0.00%
618,2021-09-20,1.405,1.405,1.405,1.405,0.00%
619,2021-09-21,1.405,1.405,1.405,1.405,0.00%
620,2021-09-22,1.405,1.405,1.405,1.405,0.00%
621,2021-09-23,1.418,1.404,1.419,1.404,0.93%
622,2021-09-24,1.424,1.449,1.449,1.424,0.42%
623,2021-09-25,1.425,1.425,1.425,1.425,0.07%
624,2021-09-26,1.425,1.425,1.425,1.425,0.00%
625,2021-09-27,1.412,1.42,1.42,1.408,-0.91%
626,2021-09-28,1.446,1.409,1.446,1.409,2.41%
627,2021-09-29,1.462,1.474,1.487,1.455,1.11%
628,2021-09-30,1.444,1.45,1.46,1.439,-1.23%
629,2021-10-01,1.477,1.442,1.477,1.436,2.29%
630,2021-10-02,1.479,1.479,1.479,1.479,0.14%
631,2021-10-03,1.479,1.479,1.479,1.479,0.00%
632,2021-10-04,1.479,1.479,1.479,1.479,0.00%
633,2021-10-05,1.469,1.487,1.489,1.469,-0.68%
634,2021-10-06,1.559,1.484,1.559,1.48,6.13%
635,2021-10-07,1.549,1.541,1.549,1.541,-0.64%
636,2021-10-08,1.537,1.542,1.542,1.521,-0.77%
637,2021-10-09,1.529,1.529,1.529,1.529,-0.52%
638,2021-10-10,1.529,1.529,1.529,1.529,0.00%
639,2021-10-11,1.529,1.529,1.529,1.529,0.00%
640,2021-10-12,1.655,1.517,1.655,1.517,8.24%
641,2021-10-13,1.656,1.637,1.675,1.637,0.06%
642,2021-10-14,1.639,1.65,1.654,1.639,-1.03%
643,2021-10-15,1.609,1.645,1.645,1.609,-1.83%
644,2021-10-16,1.609,1.609,1.609,1.609,0.00%
645,2021-10-17,1.65,1.608,1.65,1.607,2.55%
646,2021-10-18,1.667,1.659,1.701,1.659,1.03%
647,2021-10-19,1.634,1.661,1.666,1.631,-1.98%
648,2021-10-20,1.618,1.654,1.654,1.617,-0.98%
649,2021-10-21,1.598,1.611,1.62,1.585,-1.24%
650,2021-10-22,1.64,1.632,1.642,1.632,2.63%
651,2021-10-23,1.64,1.64,1.64,1.64,0.00%
652,2021-10-24,1.64,1.64,1.64,1.64,0.00%
653,2021-10-25,1.66,1.64,1.662,1.635,1.22%
654,2021-10-26,1.669,1.668,1.697,1.665,0.54%
655,2021-10-27,1.79,1.675,1.792,1.675,7.25%
656,2021-10-28,1.773,1.787,1.857,1.747,-0.95%
657,2021-10-29,1.835,1.793,1.837,1.793,3.50%
658,2021-10-30,1.835,1.835,1.835,1.835,0.00%
659,2021-10-31,1.835,1.835,1.835,1.835,0.00%
660,2021-11-01,1.854,1.843,1.857,1.832,1.04%
661,2021-11-02,1.782,1.849,1.854,1.782,-3.88%
662,2021-11-03,1.799,1.778,1.801,1.763,0.95%
663,2021-11-04,1.797,1.793,1.82,1.793,-0.11%
664,2021-11-05,1.766,1.768,1.77,1.76,-1.73%
665,2021-11-06,1.766,1.766,1.766,1.766,0.00%
666,2021-11-07,1.766,1.766,1.766,1.766,0.00%
667,2021-11-08,1.735,1.745,1.746,1.735,-1.76%
668,2021-11-09,1.704,1.748,1.768,1.692,-1.79%
669,2021-11-10,1.717,1.717,1.736,1.695,0.76%
670,2021-11-11,1.733,1.766,1.766,1.73,0.93%
671,2021-11-12,1.76,1.742,1.771,1.738,1.56%
672,2021-11-13,1.76,1.76,1.76,1.76,0.00%
673,2021-11-14,1.76,1.76,1.76,1.76,0.00%
674,2021-11-15,1.74,1.754,1.755,1.727,-1.14%
675,2021-11-16,1.774,1.758,1.785,1.758,1.95%
676,2021-11-17,1.781,1.778,1.788,1.769,0.39%
677,2021-11-18,1.759,1.77,1.778,1.758,-1.24%
678,2021-11-19,1.77,1.756,1.77,1.744,0.63%
679,2021-11-20,1.77,1.77,1.77,1.77,0.00%
680,2021-11-21,1.77,1.77,1.77,1.77,0.00%
681,2021-11-22,1.823,1.784,1.83,1.78,2.99%
682,2021-11-23,1.826,1.866,1.872,1.821,0.16%
683,2021-11-24,1.801,1.844,1.858,1.8,-1.37%
684,2021-11-25,1.75,1.788,1.794,1.743,-2.83%
685,2021-11-26,1.715,1.716,1.717,1.685,-2.00%
686,2021-11-27,1.715,1.715,1.715,1.715,0.00%
687,2021-11-28,1.715,1.715,1.715,1.715,0.00%
688,2021-11-29,1.707,1.732,1.743,1.691,-0.47%
689,2021-11-30,1.654,1.693,1.693,1.652,-3.10%
690,2021-12-01,1.698,1.699,1.707,1.678,2.66%
691,2021-12-02,1.73,1.69,1.73,1.679,1.88%
692,2021-12-03,1.768,1.74,1.773,1.74,2.20%
693,2021-12-04,1.768,1.768,1.768,1.768,0.00%
694,2021-12-05,1.768,1.768,1.768,1.768,0.00%
695,2021-12-06,1.74,1.747,1.758,1.736,-1.58%
696,2021-12-07,1.755,1.756,1.764,1.74,0.86%
697,2021-12-08,1.71,1.732,1.744,1.705,-2.56%
698,2021-12-09,1.695,1.732,1.739,1.688,-0.88%
699,2021-12-10,1.71,1.69,1.71,1.67,0.88%
700,2021-12-11,1.7,1.7,1.7,1.7,-0.58%
701,2021-12-12,1.7,1.7,1.7,1.7,0.00%
702,2021-12-13,1.698,1.703,1.703,1.694,-0.12%
703,2021-12-14,1.671,1.68,1.68,1.671,-1.59%
704,2021-12-15,1.684,1.702,1.705,1.68,0.78%
705,2021-12-16,1.677,1.679,1.679,1.669,-0.42%
706,2021-12-17,1.686,1.654,1.686,1.654,0.54%
707,2021-12-18,1.67,1.67,1.67,1.67,-0.95%
708,2021-12-19,1.67,1.67,1.67,1.67,0.00%
709,2021-12-20,1.66,1.678,1.694,1.659,-0.60%
710,2021-12-21,1.645,1.671,1.671,1.636,-0.90%
711,2021-12-22,1.664,1.654,1.675,1.654,1.16%
712,2021-12-23,1.709,1.652,1.709,1.652,2.70%
713,2021-12-24,1.677,1.677,1.68,1.666,-1.87%
714,2021-12-25,1.668,1.668,1.668,1.668,-0.54%
715,2021-12-26,1.668,1.668,1.668,1.668,0.00%
716,2021-12-27,1.671,1.664,1.671,1.643,0.18%
717,2021-12-28,1.682,1.669,1.682,1.669,0.66%
718,2021-12-29,1.676,1.679,1.679,1.674,-0.36%
719,2021-12-30,1.672,1.672,1.672,1.672,-0.24%
720,2021-12-31,1.672,1.672,1.672,1.672,0.00%
721,2022-01-01,1.672,1.672,1.672,1.672,0.00%
722,2022-01-02,1.67,1.672,1.672,1.67,-0.12%
723,2022-01-03,1.71,1.659,1.721,1.659,2.40%
724,2022-01-04,1.715,1.71,1.737,1.704,0.29%
725,2022-01-05,1.793,1.738,1.793,1.738,4.55%
726,2022-01-06,1.877,1.828,1.878,1.828,4.68%
727,2022-01-07,1.895,1.877,1.906,1.877,0.96%
728,2022-01-08,1.89,1.89,1.89,1.89,-0.26%
729,2022-01-09,1.89,1.89,1.89,1.89,0.00%
730,2022-01-10,1.902,1.881,1.918,1.877,0.63%
731,2022-01-11,1.887,1.884,1.909,1.884,-0.79%
732,2022-01-12,1.847,1.858,1.863,1.839,-2.12%
733,2022-01-13,1.808,1.839,1.85,1.799,-2.11%
734,2022-01-14,1.88,1.81,1.886,1.81,3.98%
735,2022-01-15,1.88,1.88,1.88,1.88,0.00%
736,2022-01-16,1.88,1.88,1.88,1.88,0.00%
737,2022-01-17,1.976,1.915,1.98,1.915,5.11%
738,2022-01-18,1.97,1.955,1.995,1.945,-0.30%
739,2022-01-19,1.889,1.959,1.98,1.88,-4.11%
740,2022-01-20,1.941,1.91,1.951,1.883,2.75%
741,2022-01-21,1.948,1.911,1.951,1.894,0.36%
742,2022-01-22,1.935,1.935,1.935,1.935,-0.67%
743,2022-01-23,1.935,1.935,1.935,1.935,0.00%
744,2022-01-24,1.917,1.935,1.94,1.917,-0.93%
745,2022-01-25,1.96,1.927,1.96,1.927,2.24%
746,2022-01-26,1.963,1.957,1.972,1.957,0.15%
747,2022-01-27,2.024,2.011,2.035,2.004,3.11%
748,2022-01-28,2.006,2.017,2.031,2.005,-0.89%
749,2022-01-29,1.99,1.99,1.99,1.99,-0.80%
750,2022-01-30,1.99,1.99,1.99,1.99,0.00%
751,2022-01-31,1.99,1.99,1.99,1.99,0.00%
752,2022-02-01,1.99,1.99,1.99,1.99,0.00%
753,2022-02-02,1.99,1.99,1.99,1.99,0.00%
754,2022-02-03,1.97,1.941,1.971,1.941,-1.01%
755,2022-02-04,1.995,2.007,2.04,1.99,1.27%
756,2022-02-05,1.976,1.976,1.976,1.976,-0.95%
757,2022-02-06,1.976,1.976,1.976,1.976,0.00%
758,2022-02-07,2.047,2.015,2.047,2.015,3.59%
759,2022-02-08,2.095,2.041,2.1,2.041,2.34%
760,2022-02-09,2.085,2.088,2.104,2.072,-0.48%
761,2022-02-10,2.083,2.081,2.083,2.072,-0.10%
762,2022-02-11,2.151,2.147,2.167,2.135,3.26%
763,2022-02-12,2.142,2.142,2.142,2.142,-0.42%
764,2022-02-13,2.142,2.142,2.142,2.142,0.00%
765,2022-02-14,2.147,2.142,2.147,2.134,0.23%
766,2022-02-15,2.168,2.159,2.178,2.159,0.98%
767,2022-02-16,2.147,2.17,2.185,2.146,-0.97%
768,2022-02-17,2.115,2.12,2.137,2.101,-1.49%
769,2022-02-18,2.14,2.093,2.14,2.093,1.18%
770,2022-02-21,2.159,2.122,2.159,2.111,0.89%
771,2022-02-22,2.107,2.113,2.117,2.1,-2.41%
772,2022-02-23,2.094,2.123,2.123,2.08,-0.62%
773,2022-02-24,2.018,2.109,2.184,2.018,-3.63%
774,2022-02-25,2.024,2.045,2.067,2.024,0.30%
775,2022-02-26,2.005,2.005,2.005,2.005,-0.94%
776,2022-02-27,2.005,2.005,2.005,2.005,0.00%
777,2022-02-28,1.991,1.998,2.006,1.981,-0.70%
778,2022-03-01,1.99,1.99,1.99,1.99,-0.05%
779,2022-03-02,1.958,1.952,1.967,1.948,-1.61%
780,2022-03-03,1.957,1.98,1.98,1.953,-0.05%
781,2022-03-04,1.958,1.939,1.967,1.927,0.05%
782,2022-03-05,1.94,1.94,1.94,1.94,-0.92%
783,2022-03-06,1.94,1.94,1.94,1.94,0.00%
784,2022-03-07,2.055,1.942,2.064,1.942,5.93%
785,2022-03-08,2.031,2.036,2.062,2.001,-1.17%
786,2022-03-09,2.099,1.996,2.099,1.996,3.35%
787,2022-03-10,2.102,2.086,2.122,2.086,0.14%
788,2022-03-11,2.062,2.092,2.092,2.05,-1.90%
789,2022-03-12,2.04,2.04,2.04,2.04,-1.07%
790,2022-03-13,2.04,2.04,2.04,2.04,0.00%
791,2022-03-14,2.059,2.07,2.07,2.059,0.93%
792,2022-03-15,2.074,2.07,2.101,2.067,0.73%
793,2022-03-16,2.045,2.059,2.062,2.045,-1.40%
794,2022-03-17,2.009,2.02,2.022,1.99,-1.76%
795,2022-03-18,2.034,2.014,2.062,2.008,1.24%
796,2022-03-20,2.032,2.032,2.032,2.032,-0.10%
797,2022-03-21,2.071,2.055,2.072,2.04,1.92%
798,2022-03-22,2.156,2.116,2.187,2.116,4.10%
799,2022-03-23,2.17,2.163,2.22,2.16,0.65%
800,2022-03-24,2.177,2.141,2.192,2.111,0.32%
801,2022-03-25,2.221,2.186,2.221,2.186,2.02%
802,2022-03-26,2.218,2.218,2.218,2.218,-0.14%
803,2022-03-27,2.218,2.218,2.218,2.218,0.00%
804,2022-03-28,2.45,2.277,2.455,2.277,10.46%
805,2022-03-29,2.407,2.444,2.466,2.4,-1.76%
806,2022-03-30,2.352,2.352,2.371,2.344,-2.29%
807,2022-03-31,2.371,2.31,2.371,2.294,0.81%
808,2022-04-01,2.483,2.366,2.485,2.366,4.72%
809,2022-04-02,2.48,2.48,2.48,2.48,-0.12%
810,2022-04-03,2.48,2.48,2.48,2.48,0.00%
811,2022-04-04,2.585,2.542,2.603,2.521,4.23%
812,2022-04-05,2.629,2.51,2.629,2.51,1.70%
813,2022-04-06,2.748,2.74,2.764,2.731,4.53%
814,2022-04-07,2.719,2.67,2.741,2.66,-1.06%
815,2022-04-08,2.804,2.725,2.818,2.725,3.13%
816,2022-04-09,2.8,2.8,2.8,2.8,-0.14%
817,2022-04-10,2.8,2.8,2.8,2.8,0.00%
818,2022-04-11,2.981,2.876,2.981,2.876,6.46%
819,2022-04-12,2.995,3.045,3.074,2.981,0.47%
820,2022-04-13,2.89,2.903,2.985,2.888,-3.51%
821,2022-04-14,2.764,2.867,2.914,2.72,-4.36%
822,2022-04-15,2.772,2.786,2.833,2.767,0.29%
823,2022-04-16,2.77,2.77,2.77,2.77,-0.07%
824,2022-04-17,2.77,2.77,2.77,2.77,0.00%
825,2022-04-18,2.8,2.852,2.857,2.793,1.08%
826,2022-04-19,2.794,2.794,2.849,2.735,-0.21%
827,2022-04-20,2.765,2.82,2.837,2.738,-1.04%
828,2022-04-21,2.713,2.72,2.747,2.713,-1.88%
829,2022-04-22,2.765,2.776,2.782,2.746,1.92%
830,2022-04-23,2.732,2.732,2.732,2.732,-1.19%
831,2022-04-24,2.732,2.732,2.732,2.732,0.00%
832,2022-04-25,2.681,2.721,2.73,2.681,-1.87%
833,2022-04-26,2.655,2.661,2.69,2.639,-0.97%
834,2022-04-27,2.675,2.604,2.678,2.591,0.75%
835,2022-04-28,2.745,2.68,2.759,2.68,2.62%
836,2022-04-29,2.78,2.788,2.792,2.758,1.28%
837,2022-04-30,2.755,2.755,2.755,2.755,-0.90%
838,2022-05-01,2.755,2.755,2.755,2.755,0.00%
839,2022-05-02,2.888,2.83,2.905,2.83,4.83%
840,2022-05-03,2.898,2.932,2.932,2.83,0.35%
841,2022-05-04,3.0,2.926,3.0,2.924,3.52%
842,2022-05-05,2.958,2.958,2.958,2.958,-1.40%
843,2022-05-06,2.923,2.957,2.983,2.923,-1.18%
844,2022-05-07,2.925,2.925,2.925,2.925,0.07%
845,2022-05-08,2.925,2.925,2.925,2.925,0.00%
846,2022-05-09,2.873,2.964,2.967,2.869,-1.78%
847,2022-05-10,2.852,2.826,2.87,2.808,-0.73%
848,2022-05-11,2.754,2.828,2.836,2.754,-3.44%
849,2022-05-12,2.73,2.77,2.815,2.727,-0.87%
850,2022-05-13,2.705,2.711,2.733,2.671,-0.92%
851,2022-05-14,2.696,2.696,2.696,2.696,-0.33%
852,2022-05-15,2.696,2.696,2.696,2.696,0.00%
853,2022-05-16,2.824,2.806,2.867,2.742,4.75%
854,2022-05-17,2.807,2.791,2.837,2.788,-0.60%
855,2022-05-18,2.799,2.831,2.841,2.789,-0.28%
856,2022-05-19,2.777,2.773,2.79,2.765,-0.79%
857,2022-05-20,2.74,2.746,2.752,2.715,-1.33%
858,2022-05-21,2.73,2.73,2.73,2.73,-0.36%
859,2022-05-22,2.73,2.73,2.73,2.73,0.00%
860,2022-05-23,2.759,2.727,2.767,2.727,1.06%
861,2022-05-24,2.72,2.76,2.77,2.715,-1.41%
862,2022-05-25,2.7,2.681,2.711,2.681,-0.74%
863,2022-05-26,2.72,2.713,2.762,2.705,0.74%
864,2022-05-27,2.691,2.704,2.727,2.691,-1.07%
865,2022-05-28,2.688,2.688,2.688,2.688,-0.11%
866,2022-05-29,2.688,2.688,2.688,2.688,0.00%
867,2022-05-30,2.687,2.688,2.688,2.658,-0.04%
868,2022-05-31,2.778,2.703,2.78,2.703,3.39%
869,2022-06-01,2.758,2.758,2.758,2.758,-0.72%
870,2022-06-02,2.84,2.784,2.875,2.784,2.97%
871,2022-06-03,2.851,2.864,2.87,2.835,0.39%
872,2022-06-04,2.835,2.835,2.835,2.835,-0.56%
873,2022-06-05,2.835,2.835,2.835,2.835,0.00%
874,2022-06-06,2.835,2.835,2.835,2.835,0.00%
875,2022-06-07,2.937,2.885,2.937,2.873,3.60%
876,2022-06-08,2.933,2.903,2.939,2.903,-0.14%
877,2022-06-09,3.03,2.919,3.03,2.86,3.31%
878,2022-06-10,3.061,3.03,3.08,3.03,1.02%
879,2022-06-12,3.061,3.061,3.061,3.061,0.00%
880,2022-06-13,3.358,3.35,3.358,3.35,9.70%
881,2022-06-14,3.393,3.404,3.517,3.367,1.04%
882,2022-06-15,3.506,3.433,3.577,3.427,3.33%
883,2022-06-16,3.618,3.482,3.62,3.419,3.19%
884,2022-06-17,3.656,3.599,3.695,3.599,1.05%
885,2022-06-19,3.656,3.656,3.656,3.656,0.00%
886,2022-06-20,3.591,3.689,3.708,3.59,-1.78%
887,2022-06-21,3.588,3.652,3.652,3.57,-0.08%
888,2022-06-22,3.454,3.586,3.587,3.454,-3.73%
889,2022-06-23,3.554,3.419,3.555,3.407,2.90%
890,2022-06-24,3.476,3.495,3.508,3.431,-2.19%
891,2022-06-25,3.476,3.476,3.476,3.476,0.00%
892,2022-06-26,3.476,3.476,3.476,3.476,0.00%
893,2022-06-27,3.513,3.521,3.537,3.5,1.06%
894,2022-06-28,3.525,3.546,3.546,3.484,0.34%
895,2022-06-29,3.525,3.545,3.573,3.51,0.00%
896,2022-06-30,3.541,3.515,3.547,3.502,0.45%
897,2022-07-01,3.415,3.502,3.503,3.415,-3.56%
898,2022-07-02,3.415,3.415,3.415,3.415,0.00%
899,2022-07-03,3.415,3.415,3.415,3.415,0.00%
900,2022-07-04,3.42,3.386,3.44,3.371,0.15%
901,2022-07-05,3.316,3.437,3.453,3.316,-3.04%
902,2022-07-06,3.268,3.305,3.335,3.246,-1.45%
903,2022-07-07,3.286,3.329,3.335,3.242,0.55%
904,2022-07-08,3.318,3.32,3.35,3.304,0.97%
905,2022-07-10,3.318,3.318,3.318,3.318,0.00%
906,2022-07-11,3.308,3.356,3.365,3.307,-0.30%
907,2022-07-12,3.259,3.302,3.308,3.248,-1.48%
908,2022-07-13,3.177,3.258,3.274,3.15,-2.52%
909,2022-07-14,3.215,3.226,3.279,3.202,1.20%
910,2022-07-15,3.159,3.211,3.22,3.159,-1.74%
911,2022-07-17,3.159,3.159,3.159,3.159,0.00%
912,2022-07-18,3.194,3.17,3.2,3.144,1.11%
913,2022-07-19,3.168,3.193,3.231,3.162,-0.81%
914,2022-07-20,3.265,3.211,3.293,3.201,3.06%
915,2022-07-21,3.271,3.269,3.28,3.241,0.18%
916,2022-07-22,3.201,3.206,3.228,3.197,-2.14%
917,2022-07-23,3.201,3.201,3.201,3.201,0.00%
918,2022-07-25,3.16,3.149,3.177,3.13,-1.28%
919,2022-07-26,3.146,3.157,3.179,3.146,-0.44%
920,2022-07-27,3.116,3.161,3.181,3.115,-0.95%
921,2022-07-28,3.148,3.107,3.164,3.099,1.03%
922,2022-07-29,3.026,3.084,3.084,2.995,-3.88%
923,2022-07-30,3.026,3.026,3.026,3.026,0.00%
924,2022-07-31,3.026,3.026,3.026,3.026,0.00%
925,2022-08-01,3.094,3.088,3.097,3.065,2.25%
926,2022-08-02,3.022,3.064,3.094,3.0,-2.33%
927,2022-08-03,3.075,3.11,3.131,3.075,1.75%
928,2022-08-04,3.107,3.086,3.107,3.063,1.04%
929,2022-08-05,3.058,3.078,3.089,3.058,-1.58%
930,2022-08-06,3.058,3.058,3.058,3.058,0.00%
931,2022-08-07,3.058,3.058,3.058,3.058,0.00%
932,2022-08-08,3.106,3.155,3.155,3.106,1.57%
933,2022-08-09,3.116,3.106,3.15,3.106,0.32%
934,2022-08-10,3.14,3.139,3.162,3.13,0.77%
935,2022-08-11,3.11,3.112,3.142,3.11,-0.96%
936,2022-08-12,3.141,3.152,3.18,3.14,1.00%
937,2022-08-13,3.141,3.141,3.141,3.141,0.00%
938,2022-08-14,3.141,3.141,3.141,3.141,0.00%
939,2022-08-15,3.141,3.141,3.141,3.141,0.00%
940,2022-08-16,3.043,3.102,3.105,3.042,-3.12%
941,2022-08-17,3.058,3.07,3.08,3.054,0.49%
942,2022-08-18,3.086,3.08,3.091,3.063,0.92%
943,2022-08-19,3.148,3.098,3.152,3.093,2.01%
944,2022-08-20,3.148,3.148,3.148,3.148,0.00%
945,2022-08-21,3.148,3.148,3.148,3.148,0.00%
946,2022-08-22,3.195,3.195,3.238,3.195,1.49%
947,2022-08-23,3.245,3.234,3.27,3.234,1.56%
948,2022-08-24,3.295,3.245,3.3,3.245,1.54%
949,2022-08-25,3.536,3.294,3.536,3.294,7.31%
950,2022-08-26,3.547,3.498,3.55,3.482,0.31%
951,2022-08-27,3.547,3.547,3.547,3.547,0.00%
952,2022-08-28,3.547,3.547,3.547,3.547,0.00%
953,2022-08-29,3.696,3.629,3.716,3.629,4.20%
954,2022-08-30,3.67,3.692,3.707,3.659,-0.70%
955,2022-08-31,3.696,3.682,3.754,3.682,0.71%
956,2022-09-01,3.785,3.786,3.792,3.765,2.41%
957,2022-09-02,3.67,3.732,3.778,3.67,-3.04%
958,2022-09-03,3.67,3.67,3.67,3.67,0.00%
959,2022-09-04,3.67,3.67,3.67,3.67,0.00%
960,2022-09-05,3.605,3.64,3.658,3.6,-1.77%
961,2022-09-06,3.665,3.619,3.676,3.601,1.66%
962,2022-09-07,3.671,3.724,3.742,3.665,0.16%
963,2022-09-08,3.524,3.678,3.678,3.52,-4.00%
964,2022-09-09,3.524,3.524,3.524,3.524,0.00%
965,2022-09-10,3.524,3.524,3.524,3.524,0.00%
966,2022-09-11,3.524,3.524,3.524,3.524,0.00%
967,2022-09-12,3.524,3.524,3.524,3.524,0.00%
968,2022-09-13,3.552,3.563,3.6,3.55,0.79%
969,2022-09-14,3.636,3.7,3.72,3.636,2.36%
970,2022-09-15,3.712,3.652,3.774,3.647,2.09%
971,2022-09-16,3.749,3.78,3.871,3.721,1.00%
972,2022-09-17,3.753,3.753,3.753,3.753,0.11%
973,2022-09-18,3.753,3.753,3.753,3.753,0.00%
974,2022-09-19,3.764,3.739,3.801,3.737,0.29%
975,2022-09-20,3.805,3.775,3.821,3.769,1.09%
976,2022-09-21,3.86,3.834,3.9,3.834,1.45%
977,2022-09-22,4.058,4.035,4.1,4.021,5.13%
978,2022-09-23,4.176,4.191,4.293,4.171,2.91%
979,2022-09-24,4.2,4.2,4.2,4.2,0.57%
980,2022-09-25,4.2,4.2,4.2,4.2,0.00%
981,2022-09-26,4.467,4.288,4.467,4.288,6.36%
982,2022-09-27,4.32,4.529,4.53,4.3,-3.29%
983,2022-09-28,4.266,4.416,4.507,4.266,-1.25%
984,2022-09-29,4.325,4.177,4.36,4.177,1.38%
985,2022-09-30,4.21,4.206,4.295,4.206,-2.66%
986,2022-10-01,4.18,4.18,4.18,4.18,-0.71%
987,2022-10-02,4.18,4.18,4.18,4.18,0.00%
988,2022-10-03,4.18,4.18,4.18,4.18,0.00%
989,2022-10-04,4.075,4.145,4.149,4.047,-2.51%
990,2022-10-05,4.089,4.069,4.118,4.047,0.34%
991,2022-10-06,4.092,4.13,4.152,4.089,0.07%
992,2022-10-07,4.177,4.18,4.219,4.13,2.08%
993,2022-10-08,4.185,4.185,4.185,4.185,0.19%
994,2022-10-09,4.185,4.185,4.185,4.185,0.00%
995,2022-10-10,4.185,4.185,4.185,4.185,0.00%
996,2022-10-11,4.303,4.3,4.695,4.272,2.82%
997,2022-10-12,4.112,4.28,4.404,4.109,-4.44%
998,2022-10-13,4.197,4.098,4.21,4.097,2.07%
999,2022-10-14,4.234,4.279,4.279,4.173,0.88%
1000,2022-10-15,4.165,4.165,4.165,4.165,-1.63%
1001,2022-10-16,4.165,4.165,4.165,4.165,0.00%
1002,2022-10-17,4.224,4.261,4.285,4.207,1.42%
1003,2022-10-18,4.223,4.233,4.258,4.205,-0.02%
1004,2022-10-19,4.315,4.239,4.315,4.239,2.18%
1005,2022-10-20,4.31,4.31,4.373,4.26,-0.12%
1006,2022-10-21,4.489,4.374,4.489,4.374,4.15%
1007,2022-10-22,4.445,4.445,4.445,4.445,-0.98%
1008,2022-10-23,4.445,4.445,4.445,4.445,0.00%
1009,2022-10-24,4.325,4.331,4.331,4.313,-2.70%
1010,2022-10-25,4.252,4.373,4.386,4.248,-1.69%
1011,2022-10-26,4.25,4.236,4.304,4.225,-0.05%
1012,2022-10-27,4.242,4.234,4.342,4.171,-0.19%
1013,2022-10-28,4.162,4.199,4.211,4.162,-1.89%
1014,2022-10-29,4.14,4.14,4.14,4.14,-0.53%
1015,2022-10-30,4.14,4.14,4.14,4.14,0.00%
1016,2022-10-31,4.228,4.186,4.246,4.18,2.13%
1017,2022-11-01,4.15,4.195,4.221,4.106,-1.84%
1018,2022-11-02,4.181,4.166,4.196,4.166,0.75%
1019,2022-11-03,4.242,4.211,4.248,4.211,1.46%
1020,2022-11-04,4.189,4.222,4.339,4.175,-1.25%
1021,2022-11-05,4.175,4.175,4.175,4.175,-0.33%
1022,2022-11-06,4.175,4.175,4.175,4.175,0.00%
1023,2022-11-07,4.247,4.217,4.257,4.217,1.72%
1024,2022-11-08,4.269,4.286,4.308,4.235,0.52%
1025,2022-11-09,4.169,4.2,4.248,4.146,-2.34%
1026,2022-11-10,4.13,4.16,4.16,4.109,-0.94%
1027,2022-11-11,3.925,3.895,3.925,3.859,-4.96%
1028,2022-11-12,3.9,3.9,3.9,3.9,-0.64%
1029,2022-11-13,3.9,3.9,3.9,3.9,0.00%
1030,2022-11-14,3.93,3.929,3.932,3.898,0.77%
1031,2022-11-15,3.839,3.891,3.891,3.83,-2.32%
1032,2022-11-16,3.891,3.824,3.897,3.824,1.35%
1033,2022-11-17,3.89,3.84,3.89,3.84,-0.03%
1034,2022-11-18,3.895,3.897,3.905,3.887,0.13%
1035,2022-11-19,3.856,3.856,3.856,3.856,-1.00%
1036,2022-11-20,3.856,3.856,3.856,3.856,0.00%
1037,2022-11-21,3.887,3.893,3.895,3.865,0.80%
1038,2022-11-22,3.92,3.896,3.92,3.895,0.85%
1039,2022-11-23,3.962,3.919,3.984,3.916,1.07%
1040,2022-11-24,3.802,3.87,3.87,3.786,-4.04%
1041,2022-11-25,3.76,3.83,3.839,3.75,-1.10%
1042,2022-11-26,3.764,3.764,3.764,3.764,0.11%
1043,2022-11-27,3.764,3.764,3.764,3.764,0.00%
1044,2022-11-28,3.807,3.779,3.812,3.765,1.14%
1045,2022-11-29,3.87,3.827,3.875,3.795,1.65%
1046,2022-11-30,3.816,3.873,3.873,3.807,-1.40%
1047,2022-12-01,3.804,3.778,3.818,3.76,-0.31%
1048,2022-12-02,3.777,3.766,3.79,3.766,-0.71%
1049,2022-12-03,3.77,3.77,3.77,3.77,-0.19%
1050,2022-12-04,3.77,3.77,3.77,3.77,0.00%
1051,2022-12-05,3.764,3.77,3.772,3.749,-0.16%
1052,2022-12-06,3.778,3.791,3.8,3.756,0.37%
1053,2022-12-07,3.763,3.803,3.804,3.758,-0.40%
1054,2022-12-08,3.799,3.773,3.802,3.758,0.96%
1055,2022-12-09,3.782,3.8,3.804,3.777,-0.45%
1056,2022-12-10,3.782,3.782,3.782,3.782,0.00%
1057,2022-12-11,3.782,3.782,3.782,3.782,0.00%
1058,2022-12-12,3.775,3.799,3.807,3.742,-0.19%
1059,2022-12-13,3.77,3.773,3.789,3.757,-0.13%
1060,2022-12-14,3.675,3.732,3.734,3.675,-2.52%
1061,2022-12-15,3.658,3.69,3.718,3.658,-0.46%
1062,2022-12-16,3.669,3.711,3.711,3.669,0.30%
1063,2022-12-17,3.66,3.66,3.66,3.66,-0.25%
1064,2022-12-18,3.66,3.66,3.66,3.66,0.00%
1065,2022-12-19,3.666,3.674,3.679,3.66,0.16%
1066,2022-12-20,3.795,3.716,3.818,3.716,3.52%
1067,2022-12-21,3.759,3.812,3.812,3.75,-0.95%
1068,2022-12-22,3.701,3.743,3.749,3.7,-1.54%
1069,2022-12-23,3.743,3.708,3.744,3.708,1.13%
1070,2022-12-24,3.715,3.715,3.715,3.715,-0.75%
1071,2022-12-25,3.715,3.715,3.715,3.715,0.00%
1072,2022-12-26,3.775,3.726,3.775,3.723,1.62%
1073,2022-12-27,3.761,3.738,3.764,3.738,-0.37%
1074,2022-12-28,3.779,3.792,3.807,3.776,0.48%
1075,2022-12-29,3.809,3.805,3.817,3.805,0.79%
1076,2022-12-30,3.791,3.79,3.8,3.79,-0.47%
1077,2022-12-31,3.791,3.791,3.791,3.791,0.00%
1078,2023-01-01,3.791,3.791,3.791,3.791,0.00%
1079,2023-01-02,3.849,3.854,3.857,3.836,1.53%
1080,2023-01-03,3.734,3.847,3.847,3.729,-2.99%
1081,2023-01-04,3.691,3.739,3.739,3.669,-1.15%
1082,2023-01-05,3.691,3.681,3.723,3.67,0.00%
1083,2023-01-06,3.7,3.733,3.738,3.699,+0.24%
1084,2023-01-07,3.711,3.711,3.711,3.711,+0.30%
1085,2023-01-08,3.711,3.711,3.711,3.711,0.00%
1086,2023-01-09,3.582,3.603,3.61,3.58,-3.48%
1087,2023-01-10,3.6,3.609,3.615,3.579,+0.50%
1088,2023-01-11,3.534,3.567,3.57,3.534,-1.83%
1089,2023-01-12,3.525,3.507,3.525,3.478,-0.25%
1090,2023-01-13,3.441,3.452,3.5,3.4,-2.38%
1091,2023-01-14,3.404,3.404,3.404,3.404,-1.08%
1092,2023-01-15,3.404,3.404,3.404,3.404,0.00%
1093,2023-01-16,3.495,3.451,3.495,3.446,+2.67%
1094,2023-01-17,3.53,3.481,3.54,3.43,+1.00%
1095,2023-01-18,3.435,3.485,3.499,3.435,-2.69%
1096,2023-01-19,3.34,3.369,3.435,3.315,-2.77%
1097,2023-01-20,3.396,3.4,3.411,3.389,+1.68%
1098,2023-01-21,3.381,3.381,3.381,3.381,-0.44%
1099,2023-01-22,3.381,3.381,3.381,3.381,0.00%
1100,2023-01-23,3.381,3.381,3.381,3.381,0.00%
1101,2023-01-24,3.381,3.381,3.381,3.381,0.00%
1102,2023-01-25,3.382,3.397,3.398,3.359,+0.03%
1103,2023-01-26,3.375,3.341,3.38,3.335,-0.21%
1104,2023-01-27,3.415,3.409,3.44,3.409,+1.19%
1105,2023-01-28,3.41,3.41,3.41,3.41,-0.15%
1106,2023-01-29,3.41,3.41,3.41,3.41,0.00%
1107,2023-01-30,3.377,3.435,3.443,3.377,-0.97%
1108,2023-01-31,3.453,3.426,3.457,3.415,+2.25%
1109,2023-02-01,3.395,3.421,3.424,3.392,-1.68%
1110,2023-02-02,3.313,3.353,3.364,3.303,-2.42%
1111,2023-02-03,3.24,3.302,3.302,3.235,-2.20%
1112,2023-02-04,3.233,3.233,3.233,3.233,-0.22%
1113,2023-02-05,3.233,3.233,3.233,3.233,0.00%
1114,2023-02-06,3.402,3.4,3.427,3.399,+5.23%
1115,2023-02-07,3.443,3.485,3.485,3.426,+1.21%
1116,2023-02-08,3.432,3.394,3.44,3.394,-0.32%
1117,2023-02-09,3.485,3.418,3.485,3.418,+1.54%
1118,2023-02-10,3.479,3.507,3.531,3.473,-0.17%
1119,2023-02-11,3.465,3.465,3.465,3.465,-0.40%
1120,2023-02-12,3.465,3.465,3.465,3.465,0.00%
1121,2023-02-13,3.535,3.513,3.546,3.507,+2.02%
1122,2023-02-14,3.522,3.533,3.535,3.513,-0.37%
1123,2023-02-15,3.586,3.569,3.592,3.56,+1.82%
1124,2023-02-16,3.598,3.587,3.609,3.534,+0.33%
1125,2023-02-17,3.725,3.657,3.773,3.657,+3.53%
1126,2023-02-18,3.71,3.71,3.71,3.71,-0.40%
1127,2023-02-19,3.71,3.71,3.71,3.71,0.00%
1128,2023-02-20,3.747,3.702,3.747,3.702,+1.00%
1129,2023-02-21,3.723,3.753,3.799,3.723,-0.64%
1130,2023-02-22,3.754,3.786,3.8,3.727,+0.83%
1131,2023-02-23,3.701,3.731,3.788,3.69,-1.41%
1132,2023-02-24,3.679,3.685,3.705,3.667,-0.59%
1133,2023-02-25,3.65,3.65,3.65,3.65,-0.79%
1134,2023-02-26,3.65,3.65,3.65,3.65,0.00%
1135,2023-02-27,3.782,3.737,3.785,3.731,+3.62%
1136,2023-02-28,3.898,3.799,3.899,3.799,+3.07%
1137,2023-03-01,3.899,3.899,3.899,3.899,+0.03%
1138,2023-03-02,3.98,3.919,3.996,3.918,+2.08%
1139,2023-03-03,3.867,3.985,3.999,3.864,-2.84%
1140,2023-03-04,3.855,3.855,3.855,3.855,-0.31%
1141,2023-03-05,3.855,3.855,3.855,3.855,0.00%
1142,2023-03-06,3.859,3.817,3.877,3.785,+0.10%
1143,2023-03-07,3.798,3.834,3.881,3.792,-1.58%
1144,2023-03-08,3.915,3.883,3.935,3.874,+3.08%
1145,2023-03-09,3.945,3.899,3.945,3.886,+0.77%
1146,2023-03-10,3.758,3.799,3.824,3.744,-4.74%
1147,2023-03-11,3.755,3.755,3.755,3.755,-0.08%
1148,2023-03-12,3.755,3.755,3.755,3.755,0.00%
1149,2023-03-13,3.484,3.601,3.637,3.469,-7.22%
1150,2023-03-14,3.413,3.275,3.465,3.249,-2.04%
1151,2023-03-15,3.524,3.5,3.55,3.481,+3.25%
1152,2023-03-16,3.447,3.331,3.46,3.331,-2.19%
1153,2023-03-17,3.477,3.498,3.515,3.469,+0.87%
1154,2023-03-18,3.451,3.451,3.451,3.451,-0.75%
1155,2023-03-19,3.451,3.451,3.451,3.451,0.00%
1156,2023-03-20,3.35,3.416,3.458,3.35,-2.93%
1157,2023-03-21,3.379,3.352,3.379,3.292,+0.87%
1158,2023-03-22,3.373,3.378,3.413,3.357,-0.18%
1159,2023-03-23,3.29,3.293,3.359,3.276,-2.46%
1160,2023-03-24,3.249,3.266,3.276,3.234,-1.25%
1161,2023-03-25,3.251,3.251,3.251,3.251,+0.06%
1162,2023-03-26,3.251,3.251,3.251,3.251,0.00%
1163,2023-03-27,3.314,3.252,3.316,3.227,+1.94%
1164,2023-03-28,3.351,3.333,3.354,3.299,+1.12%
1165,2023-03-29,3.343,3.386,3.388,3.326,-0.24%
1166,2023-03-30,3.307,3.323,3.351,3.307,-1.08%
1167,2023-03-31,3.34,3.359,3.381,3.321,+1.00%
1168,2023-04-02,3.338,3.338,3.338,3.338,-0.06%
1169,2023-04-03,3.4,3.351,3.405,3.34,+1.86%
1170,2023-04-04,3.336,3.312,3.342,3.309,-1.88%
1171,2023-04-05,3.316,3.263,3.317,3.263,-0.60%
1172,2023-04-06,3.283,3.29,3.316,3.273,-1.00%
1173,2023-04-07,3.304,3.291,3.331,3.291,+0.64%
1174,2023-04-08,3.303,3.303,3.303,3.303,-0.03%
1175,2023-04-09,3.303,3.303,3.303,3.303,0.00%
1176,2023-04-10,3.266,3.363,3.363,3.266,-1.12%
1177,2023-04-11,3.295,3.26,3.308,3.243,+0.89%
1178,2023-04-12,3.3,3.286,3.311,3.279,+0.15%
1179,2023-04-13,3.253,3.28,3.296,3.253,-1.42%
1180,2023-04-14,3.262,3.284,3.302,3.25,+0.28%
1181,2023-04-15,3.26,3.26,3.26,3.26,-0.06%
1182,2023-04-16,3.26,3.26,3.26,3.26,0.00%
1183,2023-04-17,3.329,3.332,3.351,3.319,+2.12%
1184,2023-04-18,3.343,3.377,3.381,3.329,+0.42%
1185,2023-04-19,3.377,3.334,3.377,3.334,+1.02%
1186,2023-04-20,3.386,3.399,3.435,3.38,+0.27%
1187,2023-04-21,3.327,3.359,3.359,3.322,-1.74%
1188,2023-04-22,3.297,3.297,3.297,3.297,-0.90%
1189,2023-04-23,3.297,3.297,3.297,3.297,0.00%
1190,2023-04-24,3.3,3.328,3.328,3.291,+0.09%
1191,2023-04-25,3.323,3.267,3.326,3.267,+0.70%
1192,2023-04-26,3.328,3.277,3.332,3.277,+0.15%
1193,2023-04-27,3.349,3.327,3.355,3.318,+0.63%
1194,2023-04-28,3.363,3.417,3.43,3.363,+0.42%
1195,2023-04-29,3.368,3.368,3.368,3.368,+0.15%
1196,2023-04-30,3.368,3.368,3.368,3.368,0.00%
1197,2023-05-01,3.368,3.368,3.368,3.368,0.00%
1198,2023-05-02,3.406,3.397,3.428,3.397,+1.13%
1199,2023-05-03,3.368,3.375,3.375,3.344,-1.12%
1200,2023-05-04,3.309,3.31,3.341,3.301,-1.75%
1201,2023-05-05,3.318,3.318,3.318,3.318,+0.27%
1202,2023-05-06,3.318,3.318,3.318,3.318,0.00%
1203,2023-05-07,3.318,3.318,3.318,3.318,0.00%
1204,2023-05-08,3.371,3.36,3.375,3.353,+1.60%
1205,2023-05-09,3.371,3.393,3.416,3.371,0.00%
1206,2023-05-10,3.368,3.376,3.389,3.366,-0.09%
1207,2023-05-11,3.327,3.339,3.347,3.323,-1.22%
1208,2023-05-12,3.339,3.325,3.343,3.315,+0.36%
1209,2023-05-13,3.32,3.32,3.32,3.32,-0.57%
1210,2023-05-14,3.32,3.32,3.32,3.32,0.00%
1211,2023-05-15,3.377,3.373,3.382,3.37,+1.72%
1212,2023-05-16,3.348,3.369,3.376,3.348,-0.86%
1213,2023-05-17,3.375,3.372,3.384,3.361,+0.81%
1214,2023-05-18,3.415,3.406,3.418,3.389,+1.19%
1215,2023-05-19,3.442,3.491,3.492,3.442,+0.79%
1216,2023-05-20,3.428,3.428,3.428,3.428,-0.41%
1217,2023-05-21,3.428,3.428,3.428,3.428,0.00%
1218,2023-05-22,3.413,3.433,3.433,3.399,-0.44%
1219,2023-05-23,3.448,3.43,3.448,3.427,+1.03%
1220,2023-05-24,3.45,3.456,3.456,3.409,+0.06%
1221,2023-05-25,3.554,3.496,3.583,3.473,+3.01%
1222,2023-05-26,3.612,3.644,3.663,3.6,+1.63%
1223,2023-05-27,3.603,3.603,3.603,3.603,-0.25%
1224,2023-05-28,3.603,3.603,3.603,3.603,0.00%
1225,2023-05-29,3.603,3.603,3.603,3.603,0.00%
1226,2023-05-30,3.65,3.611,3.655,3.611,+1.30%
1227,2023-05-31,3.576,3.6,3.615,3.57,-2.03%
1228,2023-06-01,3.584,3.562,3.605,3.562,+0.22%
1229,2023-06-02,3.549,3.546,3.551,3.535,-0.98%
1230,2023-06-04,3.546,3.546,3.546,3.546,-0.08%
1231,2023-06-05,3.62,3.607,3.622,3.598,+2.09%
1232,2023-06-06,3.62,3.62,3.62,3.62,0.00%
1233,2023-06-07,3.587,3.63,3.641,3.571,-0.91%
1234,2023-06-08,3.636,3.66,3.66,3.618,+1.37%
1235,2023-06-09,3.59,3.604,3.61,3.59,-1.27%
1236,2023-06-10,3.592,3.592,3.592,3.592,+0.06%
1237,2023-06-11,3.592,3.592,3.592,3.592,0.00%
1238,2023-06-12,3.586,3.645,3.645,3.575,-0.17%
1239,2023-06-13,3.555,3.561,3.567,3.547,-0.86%
1240,2023-06-14,3.615,3.639,3.639,3.6,+1.69%
1241,2023-06-15,3.684,3.609,3.69,3.6,+1.91%
1242,2023-06-16,3.633,3.639,3.639,3.627,-1.38%
1243,2023-06-17,3.634,3.634,3.634,3.634,+0.03%
1244,2023-06-18,3.634,3.634,3.634,3.634,0.00%
1245,2023-06-19,3.641,3.633,3.687,3.63,+0.19%
1246,2023-06-20,3.605,3.673,3.676,3.573,-0.99%
1247,2023-06-21,3.64,3.615,3.64,3.608,+0.97%
1248,2023-06-22,3.657,3.611,3.661,3.602,+0.47%
1249,2023-06-23,3.675,3.687,3.688,3.648,+0.49%
1250,2023-06-24,3.665,3.665,3.665,3.665,-0.27%
1251,2023-06-25,3.665,3.665,3.665,3.665,0.00%
1252,2023-06-26,3.632,3.647,3.657,3.626,-0.90%
1253,2023-06-27,3.614,3.602,3.632,3.602,-0.50%
1254,2023-06-28,3.632,3.644,3.66,3.608,+0.50%
1255,2023-06-29,3.65,3.623,3.666,3.623,+0.50%
1256,2023-06-30,3.74,3.724,3.755,3.724,+2.47%
1257,2023-07-01,3.71,3.71,3.71,3.71,-0.80%
1258,2023-07-02,3.71,3.71,3.71,3.71,0.00%
1259,2023-07-03,3.678,3.718,3.718,3.669,-0.86%
1260,2023-07-04,3.675,3.65,3.681,3.641,-0.08%
1261,2023-07-05,3.681,3.662,3.7,3.662,+0.16%
1262,2023-07-06,3.731,3.715,3.734,3.706,+1.36%
1263,2023-07-07,3.778,3.8,3.815,3.778,+1.26%
1264,2023-07-08,3.785,3.785,3.785,3.785,+0.19%
1265,2023-07-09,3.785,3.785,3.785,3.785,0.00%
1266,2023-07-10,3.834,3.791,3.85,3.791,+1.29%
1267,2023-07-11,3.75,3.772,3.794,3.747,-2.19%
1268,2023-07-12,3.76,3.741,3.791,3.738,+0.27%
1269,2023-07-13,3.65,3.659,3.681,3.634,-2.93%
1270,2023-07-14,3.665,3.637,3.665,3.618,+0.41%
1271,2023-07-15,3.665,3.665,3.665,3.665,0.00%
1272,2023-07-16,3.665,3.665,3.665,3.665,0.00%
1273,2023-07-17,3.668,3.684,3.684,3.649,+0.08%
1274,2023-07-18,3.637,3.643,3.646,3.634,-0.85%
1275,2023-07-19,3.605,3.643,3.643,3.599,-0.88%
1276,2023-07-20,3.646,3.618,3.649,3.618,+1.14%
1277,2023-07-21,3.659,3.662,3.691,3.656,+0.36%
1278,2023-07-22,3.636,3.636,3.636,3.636,-0.63%
1279,2023-07-23,3.636,3.636,3.636,3.636,0.00%
1280,2023-07-24,3.662,3.649,3.665,3.643,+0.72%
1281,2023-07-25,3.691,3.659,3.697,3.633,+0.79%
1282,2023-07-26,3.675,3.694,3.707,3.675,-0.43%
1283,2023-07-27,3.627,3.656,3.656,3.601,-1.31%
1284,2023-07-28,3.675,3.707,3.72,3.668,+1.32%
1285,2023-07-29,3.676,3.676,3.676,3.676,+0.03%
1286,2023-07-30,3.676,3.676,3.676,3.676,0.00%
1287,2023-07-31,3.714,3.694,3.73,3.694,+1.03%
1288,2023-08-01,3.685,3.681,3.694,3.672,-0.78%
1289,2023-08-02,3.717,3.72,3.743,3.714,+0.87%
1290,2023-08-03,3.734,3.714,3.743,3.714,+0.46%
1291,2023-08-04,3.757,3.754,3.767,3.718,+0.62%
1292,2023-08-05,3.759,3.759,3.759,3.759,+0.05%
1293,2023-08-06,3.759,3.759,3.759,3.759,0.00%
1294,2023-08-07,3.721,3.711,3.721,3.698,-1.01%
1295,2023-08-08,3.698,3.701,3.721,3.695,-0.62%
1296,2023-08-09,3.711,3.688,3.711,3.688,+0.35%
1297,2023-08-10,3.734,3.744,3.754,3.721,+0.62%
1298,2023-08-11,3.725,3.755,3.755,3.722,-0.24%
1299,2023-08-12,3.715,3.715,3.715,3.715,-0.27%
1300,2023-08-13,3.715,3.715,3.715,3.715,0.00%
1301,2023-08-14,3.755,3.778,3.778,3.748,+1.08%
1302,2023-08-15,3.753,3.753,3.753,3.753,-0.05%
1303,2023-08-16,3.732,3.762,3.762,3.732,-0.56%
1304,2023-08-17,3.789,3.769,3.802,3.762,+1.53%
1305,2023-08-18,3.729,3.769,3.776,3.729,-1.58%
1306,2023-08-19,3.725,3.725,3.725,3.725,-0.11%
1307,2023-08-20,3.725,3.725,3.725,3.725,0.00%
1308,2023-08-21,3.797,3.746,3.797,3.736,+1.93%
1309,2023-08-22,3.793,3.804,3.804,3.77,-0.11%
1310,2023-08-23,3.76,3.773,3.773,3.76,-0.87%
1311,2023-08-24,3.767,3.733,3.767,3.723,+0.19%
1312,2023-08-25,3.791,3.771,3.791,3.768,+0.64%
1313,2023-08-26,3.783,3.783,3.783,3.783,-0.21%
1314,2023-08-27,3.783,3.783,3.783,3.783,0.00%
1315,2023-08-28,3.771,3.792,3.805,3.771,-0.32%
1316,2023-08-29,3.748,3.758,3.768,3.741,-0.61%
1317,2023-08-30,3.744,3.717,3.755,3.717,-0.11%
1318,2023-08-31,3.721,3.707,3.727,3.707,-0.61%
1319,2023-09-01,3.714,3.711,3.718,3.697,-0.19%
1320,2023-09-02,3.708,3.708,3.708,3.708,-0.16%
1321,2023-09-03,3.708,3.708,3.708,3.708,0.00%
1322,2023-09-04,3.794,3.725,3.88,3.725,+2.32%
1323,2023-09-05,3.798,3.801,3.818,3.794,+0.11%
1324,2023-09-06,3.787,3.822,3.829,3.787,-0.29%
1325,2023-09-07,3.864,3.86,3.881,3.832,+2.03%
1326,2023-09-08,3.81,3.877,3.877,3.81,-1.40%
1327,2023-09-09,3.81,3.81,3.81,3.81,0.00%
1328,2023-09-10,3.81,3.81,3.81,3.81,0.00%
1329,2023-09-11,3.89,3.863,3.908,3.863,+2.10%
1330,2023-09-12,3.872,3.887,3.89,3.864,-0.46%
1331,2023-09-13,3.877,3.89,3.911,3.877,+0.13%
1332,2023-09-14,3.853,3.851,3.864,3.84,-0.62%
1333,2023-09-15,3.875,3.881,3.881,3.846,+0.57%
1334,2023-09-16,3.866,3.865,3.866,3.865,-0.23%
1335,2023-09-17,3.866,3.865,3.866,3.865,0.00%
1336,2023-09-18,3.921,3.894,3.923,3.892,+1.42%
1337,2023-09-19,3.902,3.905,3.908,3.892,-0.48%
1338,2023-09-20,3.9,3.927,3.94,3.9,-0.05%
1339,2023-09-21,3.935,3.962,3.964,3.924,+0.90%
1340,2023-09-22,3.885,3.939,3.944,3.885,-1.27%
1341,2023-09-23,3.86,3.86,3.86,3.86,-0.64%
1342,2023-09-24,3.86,3.86,3.86,3.86,0.00%
1343,2023-09-25,3.866,3.858,3.869,3.848,+0.16%
1344,2023-09-26,3.88,3.896,3.899,3.88,+0.36%
1345,2023-09-27,3.887,3.879,3.895,3.879,+0.18%
1346,2023-09-28,3.859,3.859,3.859,3.859,-0.72%
1347,2023-09-29,3.859,3.859,3.859,3.859,0.00%
1348,2023-09-30,3.859,3.859,3.859,3.859,0.00%
1349,2023-10-01,3.859,3.859,3.859,3.859,0.00%
1350,2023-10-02,3.859,3.859,3.859,3.859,0.00%
1351,2023-10-03,3.859,3.859,3.859,3.859,0.00%
1352,2023-10-04,4.054,4.005,4.062,3.98,+5.05%
1353,2023-10-05,4.038,3.978,4.04,3.967,-0.39%
1354,2023-10-06,3.974,3.963,3.985,3.963,-1.58%
1355,2023-10-07,3.967,3.967,3.967,3.967,-0.18%
1356,2023-10-08,3.967,3.967,3.967,3.967,0.00%
1357,2023-10-09,3.967,3.967,3.967,3.967,0.00%
1358,2023-10-10,3.955,3.895,3.972,3.889,-0.30%
1359,2023-10-11,3.936,3.911,3.944,3.9,-0.48%
1360,2023-10-12,3.906,3.884,3.923,3.884,-0.76%
1361,2023-10-13,3.918,3.946,3.948,3.913,+0.31%
1362,2023-10-14,3.904,3.904,3.904,3.904,-0.36%
1363,2023-10-15,3.904,3.904,3.904,3.904,0.00%
1364,2023-10-16,3.929,3.924,3.935,3.913,+0.64%
1365,2023-10-17,3.933,3.98,3.98,3.88,+0.10%
1366,2023-10-18,3.969,3.994,3.999,3.955,+0.92%
1367,2023-10-19,3.978,3.992,4.011,3.958,+0.23%
1368,2023-10-20,3.948,3.937,3.959,3.931,-0.75%
1369,2023-10-21,3.93,3.93,3.93,3.93,-0.46%
1370,2023-10-22,3.93,3.93,3.93,3.93,0.00%
1371,2023-10-23,3.951,3.965,3.977,3.935,+0.53%
1372,2023-10-24,3.932,3.921,3.938,3.918,-0.48%
1373,2023-10-25,3.944,3.938,3.963,3.933,+0.31%
1374,2023-10-26,3.995,4.0,4.006,3.986,+1.29%
1375,2023-10-27,3.979,3.942,3.979,3.923,-0.40%
1376,2023-10-28,3.973,3.973,3.973,3.973,-0.15%
1377,2023-10-29,3.973,3.973,3.973,3.973,0.00%
1378,2023-10-30,3.996,3.985,3.996,3.974,+0.58%
1379,2023-10-31,4.003,3.994,4.02,3.991,+0.18%
1380,2023-11-01,3.992,3.992,4.009,3.986,-0.27%
1381,2023-11-02,3.904,3.893,3.907,3.879,-2.20%
1382,2023-11-03,3.905,3.903,3.908,3.885,+0.03%
1383,2023-11-04,3.891,3.891,3.891,3.891,-0.36%
1384,2023-11-05,3.891,3.891,3.891,3.891,0.00%
1385,2023-11-06,3.857,3.846,3.869,3.843,-0.87%
1386,2023-11-07,3.884,3.886,3.906,3.872,+0.70%
1387,2023-11-08,3.866,3.829,3.866,3.824,-0.46%
1388,2023-11-09,3.872,3.855,3.875,3.85,+0.16%
1389,2023-11-10,3.885,3.934,3.934,3.876,+0.34%
1390,2023-11-11,3.874,3.874,3.874,3.874,-0.28%
1391,2023-11-12,3.874,3.874,3.874,3.874,0.00%
1392,2023-11-13,3.897,3.908,3.911,3.894,+0.59%
1393,2023-11-14,3.9,3.883,3.9,3.88,+0.08%
1394,2023-11-15,3.794,3.791,3.805,3.765,-2.72%
1395,2023-11-16,3.765,3.805,3.805,3.751,-0.76%
1396,2023-11-17,3.734,3.719,3.74,3.69,-0.82%
1397,2023-11-18,3.726,3.726,3.726,3.726,-0.21%
1398,2023-11-19,3.726,3.726,3.726,3.726,0.00%
1399,2023-11-20,3.725,3.722,3.728,3.702,-0.03%
1400,2023-11-21,3.702,3.711,3.711,3.676,-0.62%
1401,2023-11-22,3.72,3.682,3.72,3.682,+0.49%
1402,2023-11-23,3.705,3.717,3.723,3.702,-0.40%
1403,2023-11-24,3.726,3.723,3.735,3.72,+0.57%
1404,2023-11-25,3.717,3.72,3.72,3.716,-0.24%
1405,2023-11-26,3.717,3.717,3.717,3.717,0.00%
1406,2023-11-27,3.729,3.752,3.77,3.729,+0.32%
1407,2023-11-28,3.688,3.688,3.691,3.676,-1.10%
1408,2023-11-29,3.594,3.624,3.627,3.594,-2.55%
1409,2023-11-30,3.618,3.577,3.644,3.577,+0.67%
1410,2023-12-01,3.612,3.603,3.621,3.6,-0.17%
1411,2023-12-02,3.602,3.602,3.602,3.602,-0.28%
1412,2023-12-03,3.602,3.602,3.602,3.602,0.00%
1413,2023-12-04,3.562,3.553,3.576,3.553,-1.11%
1414,2023-12-05,3.541,3.564,3.576,3.541,-0.59%
1415,2023-12-06,3.511,3.505,3.517,3.482,-0.85%
1416,2023-12-07,3.55,3.517,3.579,3.514,+1.11%
1417,2023-12-08,3.525,3.54,3.552,3.513,-0.70%
1418,2023-12-10,3.516,3.516,3.516,3.516,-0.26%
1419,2023-12-11,3.564,3.582,3.582,3.558,+1.37%
1420,2023-12-12,3.525,3.54,3.543,3.513,-1.09%
1421,2023-12-13,3.546,3.534,3.552,3.516,+0.60%
1422,2023-12-14,3.34,3.307,3.385,3.289,-5.81%
1423,2023-12-15,3.377,3.383,3.389,3.365,+1.11%
1424,2023-12-16,3.353,3.353,3.353,3.353,-0.71%
1425,2023-12-17,3.353,3.353,3.353,3.353,0.00%
1426,2023-12-18,3.368,3.365,3.377,3.347,+0.45%
1427,2023-12-19,3.395,3.395,3.419,3.389,+0.80%
1428,2023-12-20,3.328,3.376,3.388,3.322,-1.97%
1429,2023-12-21,3.319,3.295,3.319,3.295,-0.27%
1430,2023-12-22,3.32,3.302,3.344,3.302,+0.03%
1431,2023-12-23,3.301,3.301,3.301,3.301,-0.57%
1432,2023-12-24,3.301,3.301,3.301,3.301,0.00%
1433,2023-12-25,3.301,3.301,3.301,3.301,0.00%
1434,2023-12-26,3.307,3.319,3.319,3.307,+0.18%
1435,2023-12-27,3.319,3.316,3.325,3.31,+0.36%
1436,2023-12-28,3.264,3.298,3.298,3.264,-1.66%
1437,2023-12-29,3.241,3.241,3.242,3.24,-0.70%
1438,2023-12-30,3.241,3.241,3.241,3.241,0.00%
1439,2023-12-31,3.241,3.241,3.241,3.241,0.00%
1440,2024-01-01,3.241,3.241,3.241,3.241,0.00%
1441,2024-01-02,3.331,3.307,3.337,3.307,+2.78%
1442,2024-01-03,3.371,3.328,3.383,3.328,+1.20%
1443,2024-01-04,3.336,3.346,3.355,3.336,-1.04%
1444,2024-01-05,3.381,3.388,3.397,3.378,+1.35%
1445,2024-01-06,3.376,3.376,3.376,3.376,-0.15%
1446,2024-01-07,3.376,3.376,3.376,3.376,0.00%
1447,2024-01-08,3.393,3.412,3.418,3.393,+0.50%
1448,2024-01-09,3.355,3.355,3.383,3.349,-1.12%
1449,2024-01-10,3.374,3.359,3.38,3.359,+0.57%
1450,2024-01-11,3.33,3.343,3.352,3.312,-1.30%
1451,2024-01-12,3.298,3.288,3.301,3.279,-0.96%
1452,2024-01-13,3.281,3.281,3.281,3.281,-0.52%
1453,2024-01-14,3.281,3.281,3.281,3.281,0.00%
1454,2024-01-15,3.26,3.303,3.303,3.26,-0.64%
1455,2024-01-16,3.303,3.297,3.312,3.297,+1.32%
1456,2024-01-17,3.337,3.343,3.349,3.324,+1.03%
1457,2024-01-18,3.346,3.38,3.384,3.346,+0.27%
1458,2024-01-19,3.36,3.36,3.367,3.357,+0.42%
1459,2024-01-20,3.346,3.346,3.346,3.346,-0.42%
1460,2024-01-21,3.346,3.346,3.346,3.346,0.00%
1461,2024-01-22,3.319,3.331,3.338,3.316,-0.81%
1462,2024-01-23,3.337,3.325,3.353,3.325,+0.54%
1463,2024-01-24,3.353,3.362,3.365,3.349,+0.48%
1464,2024-01-25,3.368,3.381,3.381,3.346,+0.45%
1465,2024-01-26,3.309,3.316,3.329,3.306,-1.75%
1466,2024-01-29,3.341,3.354,3.36,3.335,+0.97%
1467,2024-01-30,3.312,3.321,3.324,3.289,-0.87%
1468,2024-01-31,3.324,3.34,3.34,3.292,+0.36%
1469,2024-02-01,3.32,3.275,3.324,3.275,-0.12%
1470,2024-02-02,3.309,3.3,3.319,3.3,-0.33%
1471,2024-02-03,3.305,3.305,3.305,3.305,-0.12%
1472,2024-02-04,3.305,3.305,3.305,3.305,0.00%
1473,2024-02-05,3.383,3.403,3.403,3.37,+2.36%
1474,2024-02-06,3.373,3.428,3.431,3.373,-0.30%
1475,2024-02-07,3.376,3.37,3.376,3.357,+0.09%
1476,2024-02-08,3.394,3.368,3.394,3.368,+0.53%
1477,2024-02-09,3.372,3.372,3.372,3.372,-0.65%
1478,2024-02-10,3.372,3.372,3.372,3.372,0.00%
1479,2024-02-11,3.372,3.372,3.372,3.372,0.00%
1480,2024-02-12,3.372,3.372,3.372,3.372,0.00%
1481,2024-02-13,3.43,3.403,3.433,3.403,+1.72%
1482,2024-02-14,3.495,3.505,3.532,3.492,+1.90%
1483,2024-02-15,3.459,3.452,3.459,3.423,-1.03%
1484,2024-02-16,3.465,3.481,3.488,3.458,+0.17%
1485,2024-02-17,3.457,3.457,3.457,3.457,-0.23%
1486,2024-02-18,3.457,3.457,3.457,3.457,0.00%
1487,2024-02-19,3.451,3.475,3.478,3.451,-0.17%
1488,2024-02-20,3.471,3.438,3.471,3.438,+0.58%
1489,2024-02-21,3.474,3.461,3.474,3.454,+0.09%
1490,2024-02-22,3.417,3.484,3.491,3.407,-1.64%
1491,2024-02-23,3.45,3.43,3.46,3.416,+0.97%
1492,2024-02-24,3.45,3.45,3.45,3.45,0.00%
1493,2024-02-25,3.45,3.45,3.45,3.45,0.00%
1494,2024-02-26,3.429,3.416,3.429,3.416,-0.61%
1495,2024-02-27,3.449,3.449,3.449,3.436,+0.58%
1496,2024-02-28,3.446,3.456,3.459,3.436,-0.09%
1497,2024-02-29,3.469,3.458,3.476,3.455,+0.67%
1498,2024-03-01,3.465,3.465,3.465,3.465,-0.12%
1499,2024-03-02,3.465,3.465,3.465,3.465,0.00%
1500,2024-03-03,3.465,3.465,3.465,3.465,0.00%
1501,2024-03-04,3.438,3.414,3.445,3.414,-0.78%
1502,2024-03-05,3.441,3.448,3.448,3.43,+0.09%
1503,2024-03-06,3.42,3.417,3.43,3.41,-0.61%
1504,2024-03-07,3.42,3.392,3.423,3.392,0.00%
1505,2024-03-08,3.334,3.396,3.4,3.331,-2.51%
1506,2024-03-09,3.334,3.334,3.334,3.334,0.00%
1507,2024-03-10,3.334,3.334,3.334,3.334,0.00%
1508,2024-03-11,3.345,3.34,3.347,3.334,+0.33%
1509,2024-03-12,3.357,3.352,3.376,3.352,+0.36%
1510,2024-03-13,3.341,3.362,3.37,3.333,-0.48%
1511,2024-03-14,3.364,3.361,3.367,3.338,+0.69%
1512,2024-03-15,3.392,3.407,3.407,3.376,+0.83%
1513,2024-03-16,3.372,3.372,3.372,3.372,-0.59%
1514,2024-03-17,3.372,3.372,3.372,3.372,0.00%
1515,2024-03-18,3.412,3.407,3.423,3.399,+1.19%
1516,2024-03-19,3.443,3.441,3.451,3.425,+0.91%
1517,2024-03-20,3.43,3.422,3.44,3.419,-0.38%
1518,2024-03-21,3.352,3.374,3.39,3.352,-2.27%
1519,2024-03-22,3.335,3.367,3.369,3.335,-0.51%
1520,2024-03-25,3.313,3.321,3.345,3.313,-0.66%
1521,2024-03-26,3.339,3.328,3.339,3.315,+0.78%
1522,2024-03-27,3.333,3.33,3.333,3.325,-0.18%
1523,2024-03-28,3.332,3.341,3.346,3.332,-0.03%
1524,2024-03-29,3.368,3.363,3.379,3.358,+1.08%
1525,2024-04-01,3.333,3.368,3.376,3.333,-1.04%
1526,2024-04-02,3.359,3.394,3.394,3.357,+0.78%
1527,2024-04-03,3.369,3.38,3.38,3.359,+0.30%
1528,2024-04-04,3.364,3.369,3.372,3.364,-0.15%
1529,2024-04-05,3.357,3.365,3.375,3.354,-0.21%
1530,2024-04-08,3.418,3.409,3.418,3.398,+1.82%
1531,2024-04-09,3.431,3.439,3.439,3.423,+0.38%
1532,2024-04-11,3.491,3.521,3.54,3.48,+1.75%
1533,2024-04-12,3.44,3.476,3.476,3.416,-1.46%
1534,2024-04-15,3.467,3.459,3.467,3.448,+0.78%
1535,2024-04-16,3.492,3.478,3.497,3.478,+0.72%
1536,2024-04-17,3.505,3.511,3.511,3.478,+0.37%
1537,2024-04-18,3.441,3.463,3.466,3.439,-1.83%
1538,2024-04-19,3.487,3.495,3.551,3.451,+1.34%
1539,2024-04-22,3.528,3.512,3.545,3.509,+1.18%
1540,2024-04-23,3.5,3.506,3.511,3.5,-0.79%
1541,2024-04-24,3.511,3.5,3.514,3.494,+0.31%
1542,2024-04-25,3.533,3.55,3.55,3.525,+0.63%
1543,2024-04-26,3.529,3.555,3.557,3.529,-0.11%
1544,2024-04-29,3.54,3.538,3.549,3.535,+0.31%
1545,2024-04-30,3.517,3.509,3.52,3.509,-0.65%
1546,2024-05-02,3.503,3.497,3.511,3.497,-0.40%
1547,2024-05-03,3.507,3.496,3.51,3.493,+0.11%
1548,2024-05-07,3.475,3.461,3.49,3.461,-0.91%
1549,2024-05-08,3.475,3.467,3.487,3.464,0.00%
1550,2024-05-09,3.481,3.475,3.483,3.472,+0.17%
1551,2024-05-10,3.471,3.477,3.477,3.46,-0.29%
1552,2024-05-13,3.482,3.482,3.485,3.479,+0.32%
1553,2024-05-14,3.478,3.484,3.49,3.473,-0.11%
1554,2024-05-16,3.415,3.412,3.418,3.409,-1.81%
1555,2024-05-17,3.422,3.422,3.425,3.417,+0.20%
1556,2024-05-20,3.445,3.433,3.445,3.433,+0.67%
1557,2024-05-21,3.442,3.447,3.45,3.442,-0.09%
1558,2024-05-22,3.447,3.427,3.447,3.421,+0.15%
1559,2024-05-23,3.435,3.444,3.444,3.418,-0.35%
1560,2024-05-24,3.457,3.463,3.463,3.448,+0.64%
1561,2024-05-27,3.448,3.448,3.451,3.445,-0.26%
1562,2024-05-28,3.424,3.436,3.442,3.424,-0.70%
1563,2024-05-29,3.444,3.465,3.465,3.441,+0.58%
1564,2024-05-30,3.464,3.467,3.476,3.461,+0.58%
1565,2024-05-31,3.457,3.454,3.46,3.454,-0.20%
1566,2024-06-03,3.448,3.451,3.457,3.445,-0.26%
1567,2024-06-04,3.411,3.411,3.417,3.405,-1.07%
1568,2024-06-05,3.379,3.388,3.388,3.376,-0.94%
1569,2024-06-07,3.339,3.36,3.363,3.339,-1.18%
1570,2024-06-10,3.404,3.413,3.413,3.398,+1.95%
1571,2024-06-11,3.397,3.403,3.412,3.37,-0.21%
1572,2024-06-12,3.376,3.373,3.385,3.37,-0.62%
1573,2024-06-13,3.337,3.334,3.375,3.331,-1.16%
1574,2024-06-14,3.323,3.374,3.374,3.32,-0.42%
1575,2024-06-17,3.31,3.316,3.316,3.283,-0.39%
1576,2024-06-18,3.298,3.277,3.301,3.271,-0.36%
1577,2024-06-19,3.255,3.258,3.27,3.243,-1.30%
1578,2024-06-20,3.233,3.236,3.278,3.233,-0.68%
1579,2024-06-21,3.243,3.261,3.267,3.243,+0.31%
1580,2024-06-24,3.258,3.243,3.27,3.237,+0.46%
1581,2024-06-25,3.26,3.248,3.263,3.245,+0.06%
1582,2024-06-26,3.284,3.253,3.287,3.253,+0.74%
1583,2024-06-27,3.28,3.286,3.292,3.277,-0.12%
1584,2024-06-28,3.244,3.251,3.266,3.244,-1.10%
1585,2024-07-01,3.262,3.274,3.28,3.262,+0.55%
1586,2024-07-02,3.197,3.249,3.258,3.188,-1.99%
1587,2024-07-03,3.209,3.199,3.221,3.193,+0.38%
1588,2024-07-04,3.177,3.18,3.186,3.153,-1.00%
1589,2024-07-05,3.162,3.156,3.175,3.147,-0.47%
1590,2024-07-08,3.158,3.14,3.165,3.14,-0.13%
1591,2024-07-09,3.16,3.16,3.166,3.144,+0.06%
1592,2024-07-10,3.163,3.154,3.175,3.154,+0.09%
1593,2024-07-11,3.209,3.175,3.224,3.168,+1.45%
