,date,kospi,open,high,low,volume,kospi_cr
0,2021-12-20,2963.0,3001.33,3001.33,2962.07,377.58M,-1.81
1,2021-12-21,2975.03,2981.67,2984.56,2955.9,410.98M,0.41
2,2021-12-22,2984.48,2993.5,3000.79,2976.65,461.76M,0.32
3,2021-12-23,2998.17,2998.02,3000.7,2980.91,483.84M,0.46
4,2021-12-24,3012.43,3009.48,3025.77,3009.48,537.55M,0.48
5,2021-12-27,2999.55,3013.94,3017.31,2999.3,475.36M,-0.43
6,2021-12-28,3020.24,3006.77,3020.29,2991.55,607.05M,0.69
7,2021-12-29,2993.29,3002.9,3007.72,2988.67,545.83M,-0.89
8,2021-12-30,2977.65,2999.75,3005.36,2975.74,461.04M,-0.52
9,2022-01-03,2988.77,2998.32,3010.77,2979.42,435.82M,0.37
10,2022-01-04,2989.24,2991.97,2995.25,2973.08,621.55M,0.02
11,2022-01-05,2953.97,2984.05,2986.2,2936.73,787.35M,-1.18
12,2022-01-06,2920.53,2925.4,2952.54,2915.38,786.04M,-1.13
13,2022-01-07,2954.89,2933.78,2959.03,2933.1,546.17M,1.18
14,2022-01-10,2926.72,2947.37,2951.12,2910.9,477.40M,-0.95
15,2022-01-11,2927.38,2930.93,2943.57,2909.82,566.17M,0.02
16,2022-01-12,2972.48,2950.78,2972.58,2950.31,519.50M,1.54
17,2022-01-13,2962.09,2979.91,2982.14,2958.39,604.87M,-0.35
18,2022-01-14,2921.92,2937.61,2944.97,2914.73,532.67M,-1.36
19,2022-01-17,2890.1,2918.55,2919.67,2875.98,593.26M,-1.09
20,2022-01-18,2864.24,2898.98,2902.79,2857.26,554.04M,-0.89
21,2022-01-19,2842.28,2840.34,2871.79,2832.18,463.83M,-0.77
22,2022-01-20,2862.68,2842.28,2862.7,2830.97,395.67M,0.72
23,2022-01-21,2834.29,2837.49,2847.95,2817.11,532.75M,-0.99
24,2022-01-24,2792.0,2823.76,2828.11,2780.68,473.99M,-1.49
25,2022-01-25,2720.39,2786.41,2789.62,2703.99,639.96M,-2.56
26,2022-01-26,2709.24,2729.75,2744.14,2708.1,472.65M,-0.41
27,2022-01-27,2614.49,2709.24,2722.86,2614.49,487.73M,-3.5
28,2022-01-28,2663.34,2617.87,2668.59,2591.53,434.19M,1.87
29,2022-02-03,2707.82,2706.34,2735.34,2702.78,435.71M,1.67
30,2022-02-04,2750.26,2714.83,2751.8,2712.87,536.15M,1.57
31,2022-02-07,2745.06,2750.7,2750.7,2718.94,417.84M,-0.19
32,2022-02-08,2746.47,2767.76,2779.85,2726.72,560.53M,0.05
33,2022-02-09,2768.85,2772.63,2773.38,2753.51,539.12M,0.81
34,2022-02-10,2771.93,2787.44,2788.27,2761.76,509.61M,0.11
35,2022-02-11,2747.71,2739.14,2766.7,2735.08,480.52M,-0.87
36,2022-02-14,2704.48,2715.1,2724.72,2688.24,616.34M,-1.57
37,2022-02-15,2676.54,2712.45,2716.45,2665.47,589.04M,-1.03
38,2022-02-16,2729.68,2719.61,2730.43,2711.34,422.37M,1.99
39,2022-02-17,2744.09,2735.11,2770.66,2711.99,611.42M,0.53
40,2022-02-18,2744.52,2714.52,2747.08,2711.88,513.52M,0.02
41,2022-02-21,2743.8,2706.65,2746.62,2694.9,495.30M,-0.03
42,2022-02-22,2706.79,2705.08,2721.84,2690.09,648.40M,-1.35
43,2022-02-23,2719.53,2727.43,2729.56,2705.31,537.84M,0.47
44,2022-02-24,2648.8,2689.28,2694.55,2642.63,926.40M,-2.6
45,2022-02-25,2676.76,2678.47,2694.81,2665.96,664.35M,1.06
46,2022-02-28,2699.18,2663.0,2699.18,2658.25,613.47M,0.84
47,2022-03-02,2703.52,2698.31,2716.46,2692.24,527.95M,0.16
48,2022-03-03,2747.08,2729.86,2748.21,2726.35,614.51M,1.61
49,2022-03-04,2713.43,2736.58,2736.58,2702.34,765.68M,-1.22
50,2022-03-07,2651.31,2680.17,2680.17,2644.1,571.56M,-2.29
51,2022-03-08,2622.4,2617.33,2647.18,2605.81,540.37M,-1.09
52,2022-03-10,2680.32,2660.86,2682.79,2660.86,613.81M,2.21
53,2022-03-11,2661.28,2665.95,2672.62,2647.28,797.03M,-0.71
54,2022-03-14,2645.65,2654.93,2661.76,2633.31,636.32M,-0.59
55,2022-03-15,2621.53,2630.31,2641.97,2615.08,604.18M,-0.91
56,2022-03-16,2659.23,2649.85,2659.9,2630.03,736.35M,1.44
57,2022-03-17,2694.51,2703.27,2714.0,2694.51,546.08M,1.33
58,2022-03-18,2707.02,2695.64,2708.16,2688.71,644.02M,0.46
59,2022-03-21,2686.05,2717.81,2717.81,2683.69,502.40M,-0.77
60,2022-03-22,2710.0,2686.68,2712.14,2686.58,489.44M,0.89
61,2022-03-23,2735.05,2727.12,2742.27,2720.83,883.37M,0.92
62,2022-03-24,2729.66,2716.25,2729.66,2705.14,960.90M,-0.2
63,2022-03-25,2729.98,2740.83,2740.95,2722.36,602.77M,0.01
64,2022-03-28,2729.56,2721.22,2737.46,2707.74,768.04M,-0.02
65,2022-03-29,2741.07,2745.62,2754.18,2733.22,732.16M,0.42
66,2022-03-30,2746.74,2758.31,2760.6,2740.02,824.51K,0.21
67,2022-03-31,2757.65,2743.24,2765.2,2743.2,1.03B,0.4
68,2022-04-01,2739.85,2745.85,2745.85,2729.68,1.31B,-0.65
69,2022-04-04,2757.9,2729.86,2758.38,2722.45,1.02B,0.66
70,2022-04-05,2759.2,2765.5,2769.18,2750.5,1.61B,0.05
71,2022-04-06,2735.03,2739.07,2747.85,2730.66,1.32B,-0.88
72,2022-04-07,2695.86,2714.7,2718.5,2693.36,999.28M,-1.43
73,2022-04-08,2700.39,2706.64,2712.0,2685.52,948.36M,0.17
74,2022-04-11,2693.1,2687.54,2711.02,2683.96,742.60M,-0.27
75,2022-04-12,2666.76,2674.17,2685.08,2658.4,870.97M,-0.98
76,2022-04-13,2716.49,2677.53,2717.63,2672.6,733.24M,1.86
77,2022-04-14,2716.71,2719.34,2720.3,2702.61,665.35M,0.01
78,2022-04-15,2696.06,2695.52,2705.41,2685.01,693.72M,-0.76
79,2022-04-18,2693.21,2685.04,2701.11,2681.37,1.02B,-0.11
80,2022-04-19,2718.89,2707.76,2723.98,2705.32,1.26B,0.95
81,2022-04-20,2718.69,2718.49,2724.46,2702.84,1.74B,-0.01
82,2022-04-21,2728.21,2725.71,2737.54,2725.04,1.00B,0.35
83,2022-04-22,2704.71,2704.72,2708.58,2690.48,1.24B,-0.86
84,2022-04-25,2657.13,2676.67,2680.35,2657.04,988.35K,-1.76
85,2022-04-26,2668.31,2674.0,2678.05,2663.83,889.94M,0.42
86,2022-04-27,2639.06,2630.58,2641.82,2615.5,1.07B,-1.1
87,2022-04-28,2667.49,2656.54,2667.49,2638.37,899.17M,1.08
88,2022-04-29,2695.05,2669.18,2696.1,2664.06,962.40K,1.03
89,2022-05-02,2687.45,2669.21,2689.91,2667.85,873.72M,-0.28
90,2022-05-03,2680.46,2690.16,2702.1,2680.46,883.40M,-0.26
91,2022-05-04,2677.57,2690.45,2696.03,2667.23,1.18B,-0.11
92,2022-05-06,2644.51,2650.89,2652.51,2635.97,1.33B,-1.23
93,2022-05-09,2610.81,2634.32,2642.75,2606.08,892.65M,-1.27
94,2022-05-10,2596.56,2590.13,2602.75,2553.01,841.46M,-0.55
95,2022-05-11,2592.27,2586.52,2599.11,2579.09,679.51M,-0.17
96,2022-05-12,2550.08,2569.5,2591.57,2546.8,900.33M,-1.63
97,2022-05-13,2604.24,2570.01,2605.84,2565.96,788.54M,2.12
98,2022-05-16,2596.58,2624.69,2629.2,2593.61,780.20M,-0.29
99,2022-05-17,2620.44,2603.58,2621.84,2603.58,873.52M,0.92
100,2022-05-18,2625.98,2634.75,2644.13,2618.0,870.27M,0.21
101,2022-05-19,2592.34,2576.24,2597.79,2568.54,677.60M,-1.28
102,2022-05-20,2639.29,2605.78,2641.68,2605.38,755.65M,1.81
103,2022-05-23,2647.38,2651.63,2653.87,2634.29,644.20M,0.31
104,2022-05-24,2605.87,2638.94,2646.99,2605.87,851.24M,-1.57
105,2022-05-25,2617.22,2621.75,2630.17,2602.94,712.61M,0.44
106,2022-05-26,2612.45,2616.99,2641.91,2602.01,595.85M,-0.18
107,2022-05-27,2638.05,2640.75,2644.71,2631.49,590.81M,0.98
108,2022-05-30,2669.66,2662.31,2672.74,2654.18,469.80M,1.2
109,2022-05-31,2685.9,2666.88,2685.9,2654.32,671.68M,0.61
110,2022-06-02,2658.99,2670.74,2674.0,2653.59,525.26M,-1.0
111,2022-06-03,2670.65,2679.57,2681.51,2663.0,562.47M,0.44
112,2022-06-07,2626.34,2659.27,2662.04,2622.78,524.71M,-1.66
113,2022-06-08,2626.15,2633.53,2639.52,2621.96,576.39M,-0.01
114,2022-06-09,2625.44,2618.92,2627.88,2606.61,814.88M,-0.03
115,2022-06-10,2595.87,2596.37,2602.8,2583.74,724.09M,-1.13
116,2022-06-13,2504.51,2550.21,2550.32,2504.51,660.31M,-3.52
117,2022-06-14,2492.97,2472.96,2503.17,2457.39,671.76M,-0.46
118,2022-06-15,2447.38,2490.01,2495.54,2436.04,714.14M,-1.83
119,2022-06-16,2451.41,2481.66,2500.36,2447.33,584.04M,0.16
120,2022-06-17,2440.93,2409.72,2441.34,2396.47,634.90M,-0.43
121,2022-06-20,2391.03,2449.89,2449.89,2372.35,592.70M,-2.04
122,2022-06-21,2408.93,2402.99,2423.48,2385.6,479.68M,0.75
123,2022-06-22,2342.81,2417.11,2418.05,2342.81,532.14M,-2.74
124,2022-06-23,2314.32,2347.84,2361.23,2306.48,749.66M,-1.22
125,2022-06-24,2366.6,2327.11,2373.48,2319.99,654.44M,2.26
126,2022-06-27,2401.92,2383.2,2418.94,2365.86,510.59M,1.49
127,2022-06-28,2422.09,2405.2,2422.1,2393.96,564.99M,0.84
128,2022-06-29,2377.99,2387.1,2393.25,2375.45,422.13M,-1.82
129,2022-06-30,2332.64,2368.57,2368.57,2332.59,515.40M,-1.91
130,2022-07-01,2305.42,2342.92,2354.97,2291.49,530.34M,-1.17
131,2022-07-04,2300.34,2310.73,2318.31,2276.63,467.96M,-0.22
132,2022-07-05,2341.78,2322.11,2344.08,2309.62,323.90M,1.8
133,2022-07-06,2292.01,2330.11,2332.14,2290.33,410.73M,-2.13
134,2022-07-07,2334.27,2308.97,2344.14,2307.9,340.17M,1.84
135,2022-07-08,2350.61,2352.49,2367.84,2348.74,411.42M,0.7
136,2022-07-11,2340.27,2357.43,2363.26,2337.82,377.11M,-0.44
137,2022-07-12,2317.76,2330.88,2333.02,2303.74,379.31M,-0.96
138,2022-07-13,2328.61,2324.45,2341.19,2312.49,308.81M,0.47
139,2022-07-14,2322.32,2316.41,2338.29,2307.69,349.14M,-0.27
140,2022-07-15,2330.98,2335.12,2337.3,2293.45,319.68M,0.37
141,2022-07-18,2375.25,2350.48,2376.5,2344.12,324.36M,1.9
142,2022-07-19,2370.97,2367.52,2372.74,2359.59,339.38M,-0.18
143,2022-07-20,2386.85,2406.29,2410.06,2382.65,333.33M,0.67
144,2022-07-21,2409.16,2387.91,2411.96,2387.91,295.62M,0.93
145,2022-07-22,2393.14,2405.37,2417.91,2391.48,381.60M,-0.66
146,2022-07-25,2403.69,2385.65,2412.47,2385.65,323.09M,0.44
147,2022-07-26,2412.96,2397.27,2415.39,2395.17,415.67M,0.39
148,2022-07-27,2415.53,2412.52,2415.53,2396.19,333.59M,0.11
149,2022-07-28,2435.27,2437.57,2443.43,2429.07,491.07M,0.82
150,2022-07-29,2451.5,2453.53,2463.05,2442.01,499.37M,0.67
151,2022-08-01,2452.25,2444.05,2461.4,2437.13,487.16M,0.03
152,2022-08-02,2439.62,2451.0,2451.07,2428.76,549.92M,-0.52
153,2022-08-03,2461.45,2438.56,2461.45,2433.12,475.30M,0.89
154,2022-08-04,2473.11,2478.44,2478.95,2465.32,399.96M,0.47
155,2022-08-05,2490.8,2481.43,2497.58,2480.05,409.78M,0.72
156,2022-08-08,2493.1,2481.17,2494.0,2477.76,418.23M,0.09
157,2022-08-09,2503.46,2493.57,2506.49,2481.36,454.36M,0.42
158,2022-08-10,2480.88,2493.7,2494.15,2478.21,479.47M,-0.9
159,2022-08-11,2523.78,2507.74,2523.78,2506.41,505.24M,1.73
160,2022-08-12,2527.94,2519.66,2533.2,2514.31,445.55M,0.16
161,2022-08-16,2533.52,2543.05,2546.35,2532.2,398.34M,0.22
162,2022-08-17,2516.47,2536.57,2543.15,2512.01,418.05M,-0.67
163,2022-08-18,2508.05,2499.3,2515.37,2488.09,381.63M,-0.33
164,2022-08-19,2492.69,2510.72,2510.72,2492.69,459.83M,-0.61
165,2022-08-22,2462.5,2467.38,2475.77,2457.08,422.55M,-1.21
166,2022-08-23,2435.34,2449.31,2454.55,2431.83,471.17M,-1.1
167,2022-08-24,2447.45,2446.18,2454.01,2430.69,423.50M,0.5
168,2022-08-25,2477.26,2459.79,2477.26,2455.32,426.23M,1.22
169,2022-08-26,2481.03,2489.14,2497.76,2476.75,520.09M,0.15
170,2022-08-29,2426.89,2432.06,2432.89,2417.01,448.75M,-2.18
171,2022-08-30,2450.93,2441.21,2453.91,2433.48,336.56M,0.99
172,2022-08-31,2472.05,2433.47,2473.75,2426.14,436.25M,0.86
173,2022-09-01,2415.61,2443.0,2443.61,2415.61,580.02M,-2.28
174,2022-09-02,2409.41,2427.7,2432.37,2402.67,391.60M,-0.26
175,2022-09-05,2403.68,2410.07,2424.77,2392.63,354.74M,-0.24
176,2022-09-06,2410.02,2409.72,2422.53,2399.26,294.22M,0.26
177,2022-09-07,2376.46,2395.66,2398.4,2365.35,378.20M,-1.39
178,2022-09-08,2384.28,2393.27,2394.06,2379.06,423.62M,0.33
179,2022-09-13,2449.54,2418.59,2453.95,2418.59,367.10M,2.74
180,2022-09-14,2411.42,2390.47,2418.42,2381.5,461.51M,-1.56
181,2022-09-15,2401.83,2416.01,2421.63,2401.83,424.11M,-0.4
182,2022-09-16,2382.78,2387.56,2395.1,2371.11,440.80M,-0.79
183,2022-09-19,2355.66,2388.73,2389.85,2352.76,403.94M,-1.14
184,2022-09-20,2367.85,2373.64,2382.52,2359.84,419.34M,0.52
185,2022-09-21,2347.21,2351.54,2360.27,2341.79,378.16M,-0.87
186,2022-09-22,2332.31,2319.7,2335.11,2309.1,446.82M,-0.63
187,2022-09-23,2290.0,2331.33,2334.06,2285.71,446.46M,-1.81
188,2022-09-26,2220.94,2260.8,2260.8,2215.36,622.00M,-3.02
189,2022-09-27,2223.86,2224.39,2227.35,2197.9,487.94M,0.13
190,2022-09-28,2169.29,2206.15,2223.56,2151.6,596.14M,-2.45
191,2022-09-29,2170.93,2197.75,2210.61,2170.14,508.50M,0.08
192,2022-09-30,2155.49,2161.11,2177.2,2134.77,950.27M,-0.71
193,2022-10-04,2209.38,2189.51,2212.38,2180.84,421.00M,2.5
194,2022-10-05,2215.22,2248.85,2253.93,2204.03,855.79M,0.26
195,2022-10-06,2237.86,2230.43,2250.87,2223.36,643.01M,1.02
196,2022-10-07,2232.84,2217.84,2245.88,2215.08,428.68M,-0.22
197,2022-10-11,2192.07,2193.02,2193.05,2174.06,859.51M,-1.83
198,2022-10-12,2202.47,2191.35,2205.02,2181.65,658.35M,0.47
199,2022-10-13,2162.87,2198.29,2198.34,2162.87,792.45M,-1.8
200,2022-10-14,2212.55,2200.66,2220.54,2193.63,513.52M,2.3
201,2022-10-17,2219.71,2187.17,2221.05,2177.66,498.78M,0.32
202,2022-10-18,2249.95,2249.15,2251.74,2220.71,580.89M,1.36
203,2022-10-19,2237.44,2249.35,2266.8,2234.59,895.16M,-0.56
204,2022-10-20,2218.09,2225.53,2231.52,2200.44,1.11B,-0.86
205,2022-10-21,2213.12,2210.59,2224.04,2204.64,637.49M,-0.22
206,2022-10-24,2236.16,2248.26,2256.67,2229.85,444.82M,1.04
207,2022-10-25,2235.07,2237.04,2253.24,2230.75,456.77M,-0.05
208,2022-10-26,2249.56,2240.7,2258.11,2234.49,563.44M,0.65
209,2022-10-27,2288.78,2266.07,2290.56,2262.02,587.87M,1.74
210,2022-10-28,2268.4,2276.73,2292.65,2266.44,427.24M,-0.89
211,2022-10-31,2293.61,2293.75,2295.51,2273.73,401.40M,1.11
212,2022-11-01,2335.22,2301.58,2335.57,2297.57,597.20M,1.81
213,2022-11-02,2336.87,2326.05,2346.32,2323.37,450.63M,0.07
214,2022-11-03,2329.17,2297.45,2342.86,2296.44,550.43M,-0.33
215,2022-11-04,2348.43,2325.85,2348.43,2316.29,436.43M,0.83
216,2022-11-07,2371.79,2360.22,2373.28,2354.22,392.51M,0.99
217,2022-11-08,2399.04,2387.2,2400.39,2375.67,500.09M,1.15
218,2022-11-09,2424.41,2408.54,2429.65,2403.64,680.72M,1.06
219,2022-11-10,2402.23,2405.77,2426.1,2401.99,899.13M,-0.91
220,2022-11-11,2483.16,2466.9,2486.46,2463.51,758.25M,3.37
221,2022-11-14,2474.65,2485.18,2499.43,2470.6,731.17M,-0.34
222,2022-11-15,2480.33,2482.76,2485.2,2463.65,617.40M,0.23
223,2022-11-16,2477.45,2487.0,2487.0,2446.79,657.83M,-0.12
224,2022-11-17,2442.9,2466.5,2467.39,2442.9,914.52M,-1.39
225,2022-11-18,2444.48,2448.13,2471.87,2442.87,589.59M,0.06
226,2022-11-21,2419.5,2446.05,2448.14,2409.36,544.53M,-1.02
227,2022-11-22,2405.27,2405.96,2426.4,2401.5,539.17M,-0.59
228,2022-11-23,2418.01,2424.36,2427.28,2407.58,474.79M,0.53
229,2022-11-24,2441.33,2437.51,2441.33,2428.12,481.18M,0.96
230,2022-11-25,2437.86,2442.21,2449.66,2433.57,438.39M,-0.14
231,2022-11-28,2408.27,2425.05,2425.65,2401.95,350.50M,-1.21
232,2022-11-29,2433.39,2405.54,2433.87,2401.1,550.17M,1.04
233,2022-11-30,2472.53,2424.44,2472.53,2421.42,594.13M,1.61
234,2022-12-01,2479.84,2501.43,2501.43,2474.33,491.38M,0.3
235,2022-12-02,2434.33,2471.5,2471.5,2434.33,468.85M,-1.84
236,2022-12-05,2419.32,2442.17,2442.22,2413.05,385.59M,-0.62
237,2022-12-06,2393.16,2397.7,2416.88,2390.2,368.64M,-1.08
238,2022-12-07,2382.81,2385.87,2394.88,2377.98,332.59M,-0.43
239,2022-12-08,2371.08,2386.9,2387.95,2357.2,351.94M,-0.49
240,2022-12-09,2389.04,2382.73,2390.08,2367.25,315.67M,0.76
241,2022-12-12,2373.02,2373.58,2381.87,2368.47,499.22M,-0.67
242,2022-12-13,2372.4,2385.05,2388.27,2364.87,447.56M,-0.03
243,2022-12-14,2399.25,2380.81,2400.18,2379.44,409.80M,1.13
244,2022-12-15,2360.97,2383.83,2392.11,2360.95,375.39M,-1.6
245,2022-12-16,2360.02,2329.75,2360.44,2326.83,414.17M,-0.04
246,2022-12-19,2352.17,2350.78,2358.76,2342.28,323.99M,-0.33
247,2022-12-20,2333.29,2344.73,2353.86,2324.66,358.77M,-0.8
248,2022-12-21,2328.95,2346.39,2347.0,2325.78,329.72M,-0.19
249,2022-12-22,2356.73,2340.0,2356.73,2335.75,553.05M,1.19
250,2022-12-23,2313.69,2325.86,2333.08,2311.9,366.99M,-1.83
251,2022-12-26,2317.14,2312.54,2321.92,2304.2,427.84M,0.15
252,2022-12-27,2332.79,2327.52,2335.99,2321.48,448.50M,0.68
253,2022-12-28,2280.45,2296.45,2296.45,2276.9,405.89M,-2.24
254,2022-12-29,2236.4,2265.73,2272.67,2236.38,361.19M,-1.93
255,2023-01-02,2225.67,2249.95,2259.88,2222.37,346.34M,-0.48
256,2023-01-03,2218.68,2230.98,2230.98,2180.67,410.24M,-0.31
257,2023-01-04,2255.98,2205.98,2260.06,2198.82,412.84M,1.68
258,2023-01-05,2264.65,2268.2,2281.39,2252.97,430.98M,0.38
259,2023-01-06,2289.97,2253.4,2300.62,2253.27,398.61M,1.12
260,2023-01-09,2350.19,2315.87,2351.06,2312.56,342.10M,2.63
261,2023-01-10,2351.31,2348.04,2370.18,2344.18,359.91M,0.05
262,2023-01-11,2359.53,2364.05,2369.66,2350.36,369.01M,0.35
263,2023-01-12,2365.1,2376.72,2377.8,2358.33,580.43M,0.24
264,2023-01-13,2386.09,2377.34,2397.01,2375.78,862.23M,0.89
265,2023-01-16,2399.86,2390.06,2410.22,2387.61,517.76M,0.58
266,2023-01-17,2379.39,2400.92,2404.0,2374.65,536.81M,-0.85
267,2023-01-18,2368.32,2380.36,2383.0,2356.84,537.39M,-0.47
268,2023-01-19,2380.34,2354.56,2380.34,2354.56,370.10M,0.51
269,2023-01-20,2395.26,2380.0,2395.97,2372.57,302.51M,0.63
270,2023-01-25,2428.57,2426.58,2432.71,2421.51,550.09M,1.39
271,2023-01-26,2468.65,2436.18,2468.65,2426.4,486.83M,1.65
272,2023-01-27,2484.02,2474.52,2497.4,2464.53,509.29M,0.62
273,2023-01-30,2450.47,2484.64,2491.13,2446.59,475.41M,-1.35
274,2023-01-31,2425.08,2449.92,2457.48,2423.37,617.20M,-1.04
275,2023-02-01,2449.8,2446.03,2453.29,2433.37,666.30M,1.02
276,2023-02-02,2468.88,2481.94,2486.2,2454.6,693.12M,0.78
277,2023-02-03,2480.4,2466.54,2485.08,2460.21,496.86M,0.47
278,2023-02-06,2438.19,2461.82,2469.42,2438.04,566.82M,-1.7
279,2023-02-07,2451.71,2440.14,2456.17,2432.4,451.16M,0.55
280,2023-02-08,2483.64,2469.42,2487.35,2465.96,415.68M,1.3
281,2023-02-09,2481.52,2470.66,2487.14,2466.61,610.69M,-0.09
282,2023-02-10,2469.73,2470.65,2473.8,2454.74,662.37M,-0.48
283,2023-02-13,2452.7,2461.96,2462.58,2440.86,486.40M,-0.69
284,2023-02-14,2465.64,2471.33,2480.34,2459.83,349.43M,0.53
285,2023-02-15,2427.9,2473.09,2473.44,2424.16,387.07M,-1.53
286,2023-02-16,2475.48,2444.06,2475.99,2442.07,388.03M,1.96
287,2023-02-17,2451.21,2447.66,2471.51,2445.74,514.05M,-0.98
288,2023-02-20,2455.12,2453.25,2463.17,2430.27,390.01M,0.16
289,2023-02-21,2458.96,2457.51,2466.07,2446.0,494.66M,0.16
290,2023-02-22,2417.68,2430.87,2435.98,2416.16,427.48M,-1.68
291,2023-02-23,2439.09,2430.01,2449.62,2422.62,400.99M,0.89
292,2023-02-24,2423.61,2442.49,2452.97,2421.47,369.90M,-0.63
293,2023-02-27,2402.64,2405.42,2405.56,2383.76,357.22M,-0.87
294,2023-02-28,2412.85,2417.58,2431.67,2407.29,529.79M,0.42
295,2023-03-02,2427.85,2414.61,2440.59,2411.85,428.34M,0.62
296,2023-03-03,2432.07,2438.73,2442.1,2423.08,371.88M,0.17
297,2023-03-06,2462.62,2452.46,2464.45,2441.07,418.81M,1.26
298,2023-03-07,2463.35,2457.04,2475.73,2455.65,450.48M,0.03
299,2023-03-08,2431.91,2435.58,2442.61,2426.52,438.36M,-1.28
300,2023-03-09,2419.09,2440.79,2444.2,2416.25,476.38M,-0.53
301,2023-03-10,2394.59,2389.82,2400.87,2383.19,413.41M,-1.01
302,2023-03-13,2410.6,2400.45,2413.24,2369.79,380.74M,0.67
303,2023-03-14,2348.97,2390.36,2390.78,2348.19,485.08M,-2.56
304,2023-03-15,2379.72,2380.09,2395.36,2370.77,443.75M,1.31
305,2023-03-16,2377.91,2357.98,2382.79,2346.11,320.19M,-0.08
306,2023-03-17,2395.69,2403.7,2405.35,2382.8,364.18M,0.75
307,2023-03-20,2379.2,2391.87,2405.99,2378.7,346.03M,-0.69
308,2023-03-21,2388.35,2396.54,2399.52,2383.17,355.20M,0.38
309,2023-03-22,2416.96,2411.25,2417.47,2402.78,501.41M,1.2
310,2023-03-23,2424.48,2398.27,2424.48,2397.91,567.70M,0.31
311,2023-03-24,2414.96,2421.27,2423.76,2399.49,470.66M,-0.39
312,2023-03-27,2409.22,2423.94,2423.94,2395.97,472.85M,-0.24
313,2023-03-28,2434.94,2418.69,2434.94,2415.34,524.02M,1.07
314,2023-03-29,2443.92,2432.63,2443.95,2428.61,497.22M,0.37
315,2023-03-30,2453.16,2452.97,2462.7,2439.43,629.05M,0.38
316,2023-03-31,2476.86,2459.94,2481.24,2456.54,722.61M,0.97
317,2023-04-03,2472.34,2485.81,2485.81,2467.59,811.72M,-0.18
318,2023-04-04,2480.51,2475.87,2489.71,2472.79,832.56M,0.33
319,2023-04-05,2495.21,2482.61,2497.61,2478.67,632.72M,0.59
320,2023-04-06,2459.23,2488.0,2488.0,2458.5,751.38M,-1.44
321,2023-04-07,2490.41,2478.64,2493.06,2473.89,586.99M,1.27
322,2023-04-10,2512.08,2491.68,2519.99,2490.17,717.65M,0.87
323,2023-04-11,2547.86,2523.33,2550.97,2514.42,768.18M,1.42
324,2023-04-12,2550.64,2546.36,2561.37,2536.23,900.75M,0.11
325,2023-04-13,2561.66,2534.71,2561.66,2531.07,841.72M,0.43
326,2023-04-14,2571.49,2580.1,2581.74,2560.53,892.45M,0.38
327,2023-04-17,2575.91,2570.3,2577.08,2561.14,775.75M,0.17
328,2023-04-18,2571.09,2582.23,2582.23,2557.19,896.93M,-0.19
329,2023-04-19,2575.08,2570.06,2582.11,2568.46,956.99M,0.16
330,2023-04-20,2563.11,2566.06,2573.94,2552.06,951.42M,-0.46
331,2023-04-21,2544.4,2556.7,2559.44,2532.32,970.40M,-0.73
332,2023-04-24,2523.5,2538.36,2541.89,2518.73,927.19M,-0.82
333,2023-04-25,2489.02,2531.35,2531.35,2472.33,886.42M,-1.37
334,2023-04-26,2484.83,2489.49,2498.56,2481.38,1.09B,-0.17
335,2023-04-27,2495.81,2484.31,2499.01,2465.83,733.50M,0.44
336,2023-04-28,2501.53,2511.79,2517.13,2489.58,777.53M,0.23
337,2023-05-02,2524.39,2504.01,2524.42,2503.21,701.40M,0.91
338,2023-05-03,2501.4,2510.19,2514.37,2497.83,889.61M,-0.91
339,2023-05-04,2500.94,2494.82,2502.14,2486.09,810.18M,-0.02
340,2023-05-08,2513.21,2518.53,2525.84,2511.13,655.54M,0.49
341,2023-05-09,2510.06,2512.34,2514.81,2495.63,751.65M,-0.13
342,2023-05-10,2496.51,2505.96,2510.13,2488.42,635.64M,-0.54
343,2023-05-11,2491.0,2505.57,2513.82,2490.08,648.13M,-0.22
344,2023-05-12,2475.42,2487.35,2487.35,2472.45,798.23M,-0.63
345,2023-05-15,2479.35,2469.8,2479.35,2455.99,484.56M,0.16
346,2023-05-16,2480.24,2494.4,2498.54,2474.9,628.74M,0.04
347,2023-05-17,2494.66,2479.65,2498.37,2475.02,564.41M,0.58
348,2023-05-18,2515.4,2511.09,2515.4,2500.01,572.76M,0.83
349,2023-05-19,2537.79,2530.83,2538.31,2524.89,570.10M,0.89
350,2023-05-22,2557.08,2540.03,2564.09,2533.5,593.62M,0.76
351,2023-05-23,2567.55,2565.8,2577.32,2561.1,576.04M,0.41
352,2023-05-24,2567.45,2557.11,2572.21,2555.04,1.07B,0.0
353,2023-05-25,2554.69,2570.64,2575.05,2551.49,917.55M,-0.5
354,2023-05-26,2558.81,2561.94,2567.5,2553.79,634.76M,0.16
355,2023-05-30,2585.52,2582.41,2586.22,2574.82,641.65M,1.04
356,2023-05-31,2577.12,2586.03,2596.31,2575.98,686.19M,-0.32
357,2023-06-01,2569.17,2572.56,2580.15,2565.0,675.23M,-0.31
358,2023-06-02,2601.36,2586.27,2601.38,2583.88,569.62M,1.25
359,2023-06-05,2615.41,2617.43,2618.62,2608.01,545.88M,0.54
360,2023-06-07,2615.6,2623.46,2629.92,2613.68,537.62M,0.01
361,2023-06-08,2610.85,2609.21,2612.39,2595.33,581.32M,-0.18
362,2023-06-09,2641.16,2624.15,2644.7,2618.45,583.22M,1.16
363,2023-06-12,2629.35,2647.49,2650.45,2623.43,557.06M,-0.45
364,2023-06-13,2637.95,2644.43,2645.62,2633.52,694.32M,0.33
365,2023-06-14,2619.08,2640.81,2642.86,2614.25,654.40M,-0.72
366,2023-06-15,2608.54,2629.24,2634.22,2602.52,582.44M,-0.4
367,2023-06-16,2625.79,2623.57,2625.79,2612.21,673.67M,0.66
368,2023-06-19,2609.5,2618.06,2619.44,2600.49,719.55M,-0.62
369,2023-06-20,2604.91,2602.83,2610.03,2596.82,722.54M,-0.18
370,2023-06-21,2582.63,2599.19,2600.97,2579.52,659.80M,-0.86
371,2023-06-22,2593.7,2575.65,2597.76,2575.65,613.22M,0.43
372,2023-06-23,2570.1,2599.04,2600.81,2568.07,528.31M,-0.91
373,2023-06-26,2582.2,2568.65,2585.31,2562.03,481.75M,0.47
374,2023-06-27,2581.39,2581.02,2582.0,2568.52,538.51M,-0.03
375,2023-06-28,2564.19,2590.52,2590.52,2559.46,488.77M,-0.67
376,2023-06-29,2550.02,2564.02,2577.69,2550.02,604.51M,-0.55
377,2023-06-30,2564.28,2558.43,2571.03,2541.72,510.93M,0.56
378,2023-07-03,2602.47,2580.89,2604.63,2580.49,618.01M,1.49
379,2023-07-04,2593.31,2604.72,2607.66,2591.86,674.41M,-0.35
380,2023-07-05,2579.0,2593.47,2601.99,2578.66,601.09M,-0.55
381,2023-07-06,2556.29,2574.75,2575.45,2550.67,531.90M,-0.88
382,2023-07-07,2526.71,2547.41,2547.41,2515.07,613.27M,-1.16
383,2023-07-10,2520.7,2528.08,2539.63,2517.67,561.82M,-0.24
384,2023-07-11,2562.49,2538.84,2562.49,2534.48,594.13M,1.66
385,2023-07-12,2574.72,2557.61,2574.73,2554.26,696.92M,0.48
386,2023-07-13,2591.23,2589.89,2602.21,2587.75,585.66M,0.64
387,2023-07-14,2628.3,2607.47,2628.3,2603.36,569.81M,1.43
388,2023-07-17,2619.0,2617.67,2627.12,2611.55,550.57M,-0.35
389,2023-07-18,2607.62,2624.59,2626.89,2600.67,493.20M,-0.43
390,2023-07-19,2608.24,2622.24,2622.54,2598.52,440.07M,0.02
391,2023-07-20,2600.23,2595.38,2611.34,2589.29,372.36M,-0.31
392,2023-07-21,2609.76,2581.06,2609.76,2570.58,501.87M,0.37
393,2023-07-24,2628.53,2608.47,2636.06,2595.21,529.36M,0.72
394,2023-07-25,2636.46,2643.35,2646.71,2621.6,723.47M,0.3
395,2023-07-26,2592.36,2638.76,2639.21,2580.98,834.11M,-1.67
396,2023-07-27,2603.81,2599.82,2617.61,2586.36,594.16M,0.44
397,2023-07-28,2608.32,2593.67,2609.54,2586.33,503.27M,0.17
398,2023-07-31,2632.58,2628.87,2639.45,2622.21,454.24M,0.93
399,2023-08-01,2667.07,2644.34,2668.21,2639.1,493.64M,1.31
400,2023-08-02,2616.47,2651.53,2660.9,2611.77,704.67M,-1.9
401,2023-08-03,2605.39,2624.76,2625.45,2591.3,789.42M,-0.42
402,2023-08-04,2602.8,2606.17,2612.3,2598.38,645.75M,-0.1
403,2023-08-07,2580.71,2591.58,2607.36,2580.71,504.07M,-0.85
404,2023-08-08,2573.98,2598.29,2601.41,2568.15,638.42M,-0.26
405,2023-08-09,2605.12,2580.6,2608.98,2576.21,467.53M,1.21
406,2023-08-10,2601.56,2592.4,2601.56,2590.02,568.16M,-0.14
407,2023-08-11,2591.26,2611.25,2616.84,2589.94,675.39M,-0.4
408,2023-08-14,2570.87,2586.51,2592.91,2561.88,624.38M,-0.79
409,2023-08-16,2525.64,2550.13,2550.53,2520.87,685.14M,-1.76
410,2023-08-17,2519.85,2512.92,2520.56,2482.06,735.13M,-0.23
411,2023-08-18,2504.5,2495.18,2519.6,2489.63,557.79M,-0.61
412,2023-08-21,2508.8,2511.7,2524.41,2505.59,399.46M,0.17
413,2023-08-22,2515.74,2528.39,2533.43,2509.53,471.81M,0.28
414,2023-08-23,2505.5,2510.0,2517.51,2499.89,547.17M,-0.41
415,2023-08-24,2537.68,2531.78,2539.44,2520.73,441.14M,1.28
416,2023-08-25,2519.14,2505.39,2526.37,2502.05,577.38M,-0.73
417,2023-08-28,2543.41,2534.42,2543.41,2525.64,483.59M,0.96
418,2023-08-29,2552.16,2550.76,2556.98,2545.27,441.37M,0.34
419,2023-08-30,2561.22,2575.42,2578.62,2561.22,364.00M,0.35
420,2023-08-31,2556.27,2564.45,2568.06,2547.72,473.17M,-0.19
421,2023-09-01,2563.71,2551.93,2568.42,2551.04,493.37M,0.29
422,2023-09-04,2584.55,2566.93,2584.55,2560.32,342.07M,0.81
423,2023-09-05,2582.18,2578.91,2586.65,2575.19,384.58M,-0.09
424,2023-09-06,2563.34,2577.41,2585.98,2560.09,422.13M,-0.73
425,2023-09-07,2548.26,2554.87,2562.42,2539.24,377.27M,-0.59
426,2023-09-08,2547.68,2546.07,2550.96,2530.05,396.29M,-0.02
427,2023-09-11,2556.88,2549.88,2556.89,2540.44,411.07M,0.36
428,2023-09-12,2536.58,2566.42,2568.55,2535.15,359.41M,-0.79
429,2023-09-13,2534.7,2536.22,2549.38,2528.18,417.58M,-0.07
430,2023-09-14,2572.89,2544.89,2572.89,2541.11,412.51M,1.51
431,2023-09-15,2601.28,2574.98,2611.0,2572.37,441.73M,1.1
432,2023-09-18,2574.72,2588.69,2596.55,2573.26,416.29M,-1.02
433,2023-09-19,2559.21,2579.36,2583.25,2555.46,462.34M,-0.6
434,2023-09-20,2559.74,2556.55,2566.62,2551.12,414.67M,0.02
435,2023-09-21,2514.97,2544.81,2549.63,2514.96,394.68M,-1.75
436,2023-09-22,2508.13,2491.45,2513.26,2486.14,433.18M,-0.27
437,2023-09-25,2495.76,2504.1,2509.38,2486.44,438.62M,-0.49
438,2023-09-26,2462.97,2493.64,2495.0,2461.59,427.48M,-1.31
439,2023-09-27,2465.07,2447.99,2469.72,2445.51,366.24M,0.09
440,2023-10-04,2405.69,2435.78,2435.78,2402.84,424.86M,-2.41
441,2023-10-05,2403.6,2423.35,2426.61,2402.5,451.72M,-0.09
442,2023-10-06,2408.73,2408.81,2421.18,2403.92,289.39M,0.21
443,2023-10-10,2402.58,2436.58,2448.24,2402.44,416.00M,-0.26
444,2023-10-11,2450.08,2436.52,2463.56,2436.52,446.95M,1.98
445,2023-10-12,2479.82,2465.19,2479.82,2464.84,515.45M,1.21
446,2023-10-13,2456.15,2460.85,2466.62,2452.83,582.88M,-0.95
447,2023-10-16,2436.24,2442.43,2453.77,2422.52,788.36M,-0.81
448,2023-10-17,2460.17,2454.14,2466.87,2449.42,509.38M,0.98
449,2023-10-18,2462.6,2452.05,2465.33,2450.78,911.55M,0.1
450,2023-10-19,2415.8,2431.92,2433.45,2412.55,756.95M,-1.9
451,2023-10-20,2375.0,2391.54,2394.67,2364.01,521.21M,-1.69
452,2023-10-23,2357.02,2370.07,2375.79,2354.7,395.93M,-0.76
453,2023-10-24,2383.51,2371.55,2384.14,2326.67,444.16M,1.12
454,2023-10-25,2363.17,2389.23,2389.9,2362.69,440.81M,-0.85
455,2023-10-26,2299.08,2325.82,2330.55,2299.08,531.07M,-2.71
456,2023-10-27,2302.81,2311.59,2321.84,2293.05,514.88M,0.16
457,2023-10-30,2310.55,2292.34,2317.75,2292.34,444.84M,0.34
458,2023-10-31,2277.99,2318.39,2322.45,2273.97,394.98M,-1.41
459,2023-11-01,2301.56,2292.89,2312.15,2288.64,358.16M,1.03
460,2023-11-02,2343.12,2334.96,2351.91,2333.41,377.46M,1.81
461,2023-11-03,2368.34,2365.59,2370.28,2351.83,578.66M,1.08
462,2023-11-06,2502.37,2399.8,2502.37,2395.03,528.58M,5.66
463,2023-11-07,2443.96,2476.35,2476.35,2418.74,457.68M,-2.33
464,2023-11-08,2421.62,2460.22,2468.43,2418.14,467.22M,-0.91
465,2023-11-09,2427.08,2425.93,2437.9,2413.04,395.03M,0.23
466,2023-11-10,2409.66,2406.4,2413.62,2393.64,312.47M,-0.72
467,2023-11-13,2403.76,2431.24,2435.32,2399.04,307.12M,-0.24
468,2023-11-14,2433.25,2424.93,2442.37,2422.97,306.96M,1.23
469,2023-11-15,2486.67,2482.21,2487.42,2468.43,419.84M,2.2
470,2023-11-16,2488.18,2483.48,2491.98,2472.69,407.44M,0.06
471,2023-11-17,2469.85,2477.43,2481.1,2463.59,388.97M,-0.74
472,2023-11-20,2491.2,2464.72,2499.75,2464.04,323.81M,0.86
473,2023-11-21,2510.42,2504.7,2517.74,2500.91,345.06M,0.77
474,2023-11-22,2511.7,2493.17,2516.72,2490.43,439.48M,0.05
475,2023-11-23,2514.96,2515.83,2522.2,2507.3,360.87M,0.13
476,2023-11-24,2496.63,2517.88,2521.56,2496.63,359.38M,-0.73
477,2023-11-27,2495.66,2501.83,2511.37,2489.18,364.74M,-0.04
478,2023-11-28,2521.76,2506.14,2522.45,2502.26,443.09M,1.05
479,2023-11-29,2519.81,2518.8,2523.98,2501.44,579.27M,-0.08
480,2023-11-30,2535.29,2512.11,2535.29,2507.8,664.28M,0.61
481,2023-12-01,2505.01,2520.49,2520.49,2504.06,516.60M,-1.19
482,2023-12-04,2514.95,2522.22,2525.63,2510.52,498.86M,0.4
483,2023-12-05,2494.28,2507.45,2509.74,2492.55,427.07M,-0.82
484,2023-12-06,2495.38,2503.57,2509.67,2495.38,390.99M,0.04
485,2023-12-07,2492.07,2493.14,2499.73,2481.0,446.88M,-0.13
486,2023-12-08,2517.85,2510.24,2521.58,2507.14,431.80M,1.03
487,2023-12-11,2525.36,2524.79,2528.89,2512.45,435.00M,0.3
488,2023-12-12,2535.27,2535.11,2543.06,2529.74,378.03M,0.39
489,2023-12-13,2510.66,2531.23,2531.23,2509.89,377.93M,-0.97
490,2023-12-14,2544.18,2547.74,2549.65,2532.16,530.12M,1.34
491,2023-12-15,2563.56,2558.44,2574.23,2555.3,465.31M,0.76
492,2023-12-18,2566.86,2568.77,2573.13,2556.05,384.83M,0.13
493,2023-12-19,2568.55,2564.81,2570.06,2556.52,392.50M,0.07
494,2023-12-20,2614.3,2586.99,2615.38,2584.85,570.42M,1.78
495,2023-12-21,2600.02,2598.37,2610.81,2587.16,578.33M,-0.55
496,2023-12-22,2599.51,2617.72,2621.37,2599.51,465.97M,-0.02
497,2023-12-26,2602.59,2609.44,2612.14,2594.65,440.43M,0.12
498,2023-12-27,2613.5,2599.35,2613.5,2590.08,349.73M,0.42
499,2023-12-28,2655.28,2616.27,2655.28,2611.72,460.09M,1.6
500,2024-01-02,2669.81,2645.47,2675.8,2641.88,409.87M,0.55
501,2024-01-03,2607.31,2643.54,2643.72,2607.31,463.13M,-2.34
502,2024-01-04,2587.02,2592.44,2602.64,2580.09,770.18M,-0.78
503,2024-01-05,2578.08,2586.89,2592.29,2572.6,522.29M,-0.35
504,2024-01-08,2567.82,2584.23,2591.68,2566.34,320.14M,-0.4
505,2024-01-09,2561.24,2598.31,2599.37,2556.0,791.21M,-0.26
506,2024-01-10,2541.98,2563.97,2568.19,2539.82,570.02M,-0.75
507,2024-01-11,2540.27,2543.03,2557.3,2540.27,788.42M,-0.07
508,2024-01-12,2525.05,2536.55,2543.83,2517.76,790.18M,-0.6
509,2024-01-15,2525.99,2525.69,2536.06,2515.84,802.10M,0.04
510,2024-01-16,2497.59,2516.27,2524.35,2491.13,659.58M,-1.12
511,2024-01-17,2435.9,2501.23,2503.91,2435.34,965.60M,-2.47
512,2024-01-18,2440.04,2439.96,2453.97,2429.12,571.51M,0.17
513,2024-01-19,2472.74,2468.43,2479.0,2455.5,518.81M,1.34
514,2024-01-22,2464.35,2489.57,2490.69,2464.35,388.05M,-0.34
515,2024-01-23,2478.61,2478.32,2482.84,2464.24,472.28M,0.58
516,2024-01-24,2469.69,2476.22,2476.22,2454.34,395.46M,-0.36
517,2024-01-25,2470.34,2467.73,2474.01,2452.36,357.23M,0.03
518,2024-01-26,2478.56,2458.05,2502.61,2453.45,292.66M,0.33
519,2024-01-29,2500.65,2490.93,2516.92,2483.81,427.44M,0.89
520,2024-01-30,2498.81,2523.68,2528.54,2498.81,481.81M,-0.07
521,2024-01-31,2497.09,2487.9,2502.45,2486.97,454.57M,-0.07
522,2024-02-01,2542.46,2491.93,2542.46,2491.93,751.08M,1.82
523,2024-02-02,2615.31,2559.4,2615.34,2559.39,596.12M,2.87
524,2024-02-05,2591.31,2612.77,2612.77,2562.5,511.68M,-0.92
525,2024-02-06,2576.2,2584.2,2599.18,2563.87,411.62M,-0.58
526,2024-02-07,2609.58,2592.59,2625.24,2588.09,518.18M,1.3
527,2024-02-08,2620.32,2620.26,2629.51,2610.21,430.01M,0.41
528,2024-02-13,2649.64,2644.17,2656.87,2640.96,559.39M,1.12
529,2024-02-14,2620.42,2609.6,2627.31,2601.99,543.52M,-1.1
530,2024-02-15,2613.8,2643.81,2643.86,2613.8,621.36M,-0.25
531,2024-02-16,2648.76,2635.63,2648.76,2625.01,593.84M,1.34
532,2024-02-19,2680.26,2653.12,2683.39,2653.12,422.70M,1.19
533,2024-02-20,2657.79,2671.55,2673.84,2643.93,612.67M,-0.84
534,2024-02-21,2653.31,2656.92,2670.95,2644.04,562.14M,-0.17
535,2024-02-22,2664.27,2671.69,2671.69,2653.99,456.40M,0.41
536,2024-02-23,2667.7,2681.03,2694.8,2665.21,415.38M,0.13
537,2024-02-26,2647.08,2657.35,2659.6,2629.78,531.66M,-0.77
538,2024-02-27,2625.05,2654.76,2654.76,2619.38,574.30M,-0.83
539,2024-02-28,2652.29,2629.11,2657.32,2623.15,421.55M,1.04
540,2024-02-29,2642.36,2643.48,2647.56,2628.62,496.06M,-0.37
541,2024-03-04,2674.27,2664.52,2682.8,2662.32,404.01M,1.21
542,2024-03-05,2649.4,2660.8,2684.83,2649.35,457.24M,-0.93
543,2024-03-06,2641.49,2638.84,2649.78,2630.16,378.99M,-0.3
544,2024-03-07,2647.62,2653.98,2660.26,2633.57,462.91M,0.23
545,2024-03-08,2680.35,2676.79,2688.0,2668.38,454.26M,1.24
546,2024-03-11,2659.84,2665.58,2677.21,2658.74,391.38M,-0.77
547,2024-03-12,2681.81,2673.47,2686.14,2659.72,403.97M,0.83
548,2024-03-13,2693.57,2694.71,2701.45,2679.54,498.76M,0.44
549,2024-03-14,2718.76,2698.37,2718.76,2696.31,609.29M,0.94
550,2024-03-15,2666.84,2701.91,2705.59,2666.84,584.95M,-1.91
551,2024-03-18,2685.84,2678.52,2688.07,2665.28,408.18M,0.71
552,2024-03-19,2656.17,2673.57,2673.57,2645.14,695.87M,-1.1
553,2024-03-20,2690.14,2680.7,2692.52,2674.09,720.45M,1.28
554,2024-03-21,2754.86,2731.18,2755.45,2724.25,825.23M,2.41
555,2024-03-22,2748.56,2751.15,2763.06,2738.18,509.54M,-0.23
556,2024-03-25,2737.57,2756.59,2763.63,2731.7,489.62M,-0.4
557,2024-03-26,2757.09,2756.42,2779.4,2752.27,448.30M,0.71
558,2024-03-27,2755.11,2745.0,2762.03,2745.0,510.64M,-0.07
559,2024-03-28,2745.82,2753.22,2756.86,2742.68,419.28M,-0.34
560,2024-03-29,2746.63,2757.27,2757.55,2739.12,495.50M,0.03
561,2024-04-01,2747.86,2766.24,2769.87,2747.4,397.60M,0.04
562,2024-04-02,2753.16,2744.15,2760.33,2737.19,630.39M,0.19
563,2024-04-03,2706.97,2730.68,2732.29,2706.97,640.81M,-1.68
564,2024-04-04,2742.0,2738.24,2746.39,2727.1,477.95M,1.29
565,2024-04-05,2714.21,2713.96,2730.47,2705.31,621.03M,-1.01
566,2024-04-08,2717.65,2718.76,2725.58,2706.74,620.65M,0.13
567,2024-04-09,2705.16,2733.23,2741.23,2703.96,470.18M,-0.46
568,2024-04-11,2706.96,2665.4,2718.07,2661.92,561.33M,0.07
569,2024-04-12,2681.82,2710.89,2712.45,2678.21,514.58M,-0.93
570,2024-04-15,2670.43,2661.36,2673.26,2641.16,561.95M,-0.42
571,2024-04-16,2609.63,2644.17,2647.6,2601.45,570.21M,-2.28
572,2024-04-17,2584.18,2619.15,2626.63,2584.18,414.35M,-0.98
573,2024-04-18,2634.7,2595.46,2642.03,2593.26,478.79M,1.95
574,2024-04-19,2591.86,2600.69,2609.9,2553.55,809.47M,-1.63
575,2024-04-22,2629.44,2615.72,2629.44,2604.37,401.89M,1.45
576,2024-04-23,2623.02,2632.15,2641.78,2619.72,430.28M,-0.24
577,2024-04-24,2675.75,2662.84,2677.85,2662.84,325.74M,2.01
578,2024-04-25,2628.62,2646.8,2656.51,2628.62,334.06M,-1.76
579,2024-04-26,2656.33,2650.94,2662.1,2641.35,450.52M,1.05
580,2024-04-29,2687.44,2675.46,2687.44,2665.21,470.55M,1.17
581,2024-04-30,2692.06,2693.22,2710.23,2687.29,460.08M,0.17
582,2024-05-01,2692.06,2693.22,2710.23,2687.29,460.08M,0.0
583,2024-05-02,2683.65,2679.04,2692.47,2678.84,351.09M,-0.31
584,2024-05-03,2676.63,2704.31,2705.26,2676.63,338.61M,-0.26
585,2024-05-07,2734.36,2718.17,2734.36,2716.62,532.20M,2.16
586,2024-05-08,2745.05,2732.11,2745.05,2727.93,436.32M,0.39
587,2024-05-09,2712.14,2743.29,2749.14,2710.25,423.81M,-1.2
588,2024-05-10,2727.63,2737.95,2743.58,2723.21,586.13M,0.57
589,2024-05-13,2727.21,2735.2,2738.38,2713.92,625.28M,-0.02
590,2024-05-14,2730.34,2732.98,2735.82,2722.74,443.30M,0.11
591,2024-05-16,2753.0,2770.27,2773.46,2748.22,521.84M,0.83
592,2024-05-17,2724.62,2751.47,2752.17,2724.62,575.94M,-1.03
593,2024-05-20,2742.14,2741.24,2756.41,2734.64,582.07M,0.64
594,2024-05-21,2724.18,2733.03,2734.48,2719.74,560.82M,-0.65
595,2024-05-22,2723.46,2723.46,2733.07,2707.87,484.72M,-0.03
596,2024-05-23,2721.81,2719.03,2734.27,2704.0,428.08M,-0.06
597,2024-05-24,2687.6,2693.65,2696.99,2681.17,501.64M,-1.26
598,2024-05-27,2722.99,2697.16,2725.08,2693.66,556.71M,1.32
599,2024-05-28,2722.85,2715.52,2730.12,2714.34,440.96M,-0.01
600,2024-05-29,2677.3,2719.56,2721.63,2677.07,438.98M,-1.67
601,2024-05-30,2635.44,2666.63,2666.63,2635.44,372.74M,-1.56
602,2024-05-31,2636.52,2657.87,2664.48,2635.77,613.72M,0.04
603,2024-06-03,2682.52,2657.81,2690.73,2657.81,782.33M,1.74
604,2024-06-04,2662.1,2668.73,2679.47,2659.43,773.46M,-0.76
605,2024-06-05,2689.5,2681.11,2697.43,2667.63,881.48M,1.03
606,2024-06-07,2722.67,2718.25,2729.63,2705.23,783.87M,1.23
607,2024-06-10,2701.17,2698.71,2718.89,2689.19,506.89M,-0.79
608,2024-06-11,2705.32,2716.72,2718.88,2702.17,558.89M,0.15
609,2024-06-12,2728.17,2709.65,2730.3,2707.44,511.01M,0.84
610,2024-06-13,2754.89,2764.18,2776.72,2752.61,700.03M,0.98
611,2024-06-14,2758.42,2759.22,2769.16,2750.86,644.98M,0.13
612,2024-06-17,2744.1,2754.83,2759.86,2741.03,593.99M,-0.52
613,2024-06-18,2763.92,2765.7,2772.35,2759.03,561.97M,0.72
614,2024-06-19,2797.33,2786.16,2799.32,2786.16,646.71M,1.21
615,2024-06-20,2807.63,2802.1,2812.62,2796.37,758.17M,0.37
616,2024-06-21,2784.26,2794.87,2797.0,2777.33,631.14M,-0.83
617,2024-06-24,2764.73,2772.85,2782.9,2758.09,594.17M,-0.7
618,2024-06-25,2774.39,2765.76,2780.42,2765.76,714.24M,0.35
619,2024-06-26,2792.05,2767.43,2792.07,2762.98,535.03M,0.64
620,2024-06-27,2784.06,2767.62,2784.33,2761.55,397.17M,-0.29
621,2024-06-28,2797.82,2792.79,2797.82,2782.4,610.55M,0.49
622,2024-07-01,2804.31,2792.96,2805.95,2783.98,459.22M,0.23
623,2024-07-02,2780.86,2798.65,2805.42,2776.62,538.84M,-0.84
624,2024-07-03,2794.01,2797.14,2799.7,2774.71,340.34M,0.47
625,2024-07-04,2824.94,2817.06,2824.94,2808.88,393.74M,1.11
626,2024-07-05,2862.23,2836.21,2871.96,2836.21,378.16M,1.32
627,2024-07-08,2857.76,2862.58,2868.99,2855.53,425.06M,-0.16
628,2024-07-09,2867.38,2872.63,2875.37,2854.13,456.43M,0.34
629,2024-07-10,2867.99,2863.05,2871.56,2858.87,472.47M,0.02
630,2024-07-11,2891.35,2888.76,2896.43,2879.28,462.22M,0.81
631,2024-07-12,2857.0,2867.75,2872.25,2844.88,408.18M,-1.19
632,2024-07-15,2860.92,2869.15,2872.9,2848.93,424.46M,0.14
633,2024-07-16,2866.09,2861.71,2872.21,2857.07,677.91M,0.18
634,2024-07-17,2843.29,2865.9,2868.58,2841.33,549.09M,-0.8
635,2024-07-18,2824.35,2805.64,2824.35,2799.02,658.37M,-0.67
636,2024-07-19,2795.46,2800.21,2802.68,2776.99,426.21M,-1.02
637,2024-07-22,2763.51,2790.99,2795.12,2752.63,463.88M,-1.14
638,2024-07-23,2774.29,2788.83,2796.92,2765.81,423.40M,0.39
639,2024-07-24,2758.71,2755.5,2778.31,2748.65,469.22M,-0.56
640,2024-07-25,2710.65,2721.29,2725.15,2703.86,440.32M,-1.74
641,2024-07-26,2731.9,2724.99,2738.4,2715.75,516.47M,0.78
642,2024-07-29,2765.53,2748.32,2776.86,2742.69,456.52M,1.23
643,2024-07-30,2738.19,2744.4,2754.53,2732.82,392.87M,-0.99
644,2024-07-31,2770.69,2745.58,2770.7,2733.63,557.09M,1.19
645,2024-08-01,2777.68,2787.27,2794.11,2772.97,480.83M,0.25
646,2024-08-02,2676.19,2719.39,2725.05,2666.4,531.78M,-3.65
647,2024-08-05,2441.55,2611.3,2611.3,2386.96,763.78M,-8.77
648,2024-08-06,2522.15,2533.34,2578.77,2491.47,567.27M,3.3
649,2024-08-07,2568.41,2515.27,2594.83,2510.82,476.99M,1.83
650,2024-08-08,2556.73,2530.21,2570.34,2518.52,495.30M,-0.45
651,2024-08-09,2588.43,2603.08,2603.08,2575.9,475.01M,1.24
652,2024-08-12,2618.3,2602.16,2622.86,2602.01,293.08M,1.15
653,2024-08-13,2621.5,2624.5,2636.12,2607.52,378.53M,0.12
654,2024-08-14,2644.5,2649.11,2653.71,2632.44,328.75M,0.88
655,2024-08-16,2697.23,2695.49,2699.61,2680.74,385.85M,1.99
656,2024-08-19,2674.36,2697.97,2699.84,2664.28,395.64M,-0.85
657,2024-08-20,2696.63,2699.74,2706.05,2686.06,484.19M,0.83
658,2024-08-21,2701.13,2687.2,2704.98,2684.61,417.33M,0.17
659,2024-08-22,2707.67,2710.95,2711.38,2690.35,441.76M,0.24
660,2024-08-23,2701.69,2690.8,2712.84,2689.54,330.59M,-0.22
661,2024-08-26,2698.01,2716.88,2718.47,2688.79,333.69M,-0.14
662,2024-08-27,2689.25,2696.24,2700.18,2681.92,264.06M,-0.32
663,2024-08-28,2689.83,2690.59,2695.51,2671.59,280.77M,0.02
664,2024-08-29,2662.28,2657.18,2672.9,2649.56,288.84M,-1.02
665,2024-08-30,2674.31,2676.72,2686.51,2668.66,278.84M,0.45
666,2024-09-02,2681.0,2683.8,2686.98,2658.31,262.47M,0.25
667,2024-09-03,2664.63,2683.12,2695.59,2664.63,291.04M,-0.61
