,date,kospi_f,open,high,low,volume,kospi_f_cr
0,2021-12-20,386.6,392.2,392.3,385.7,274.23K,-1.87
1,2021-12-21,389.5,389.5,391.05,386.9,236.82K,0.75
2,2021-12-22,391.6,391.5,393.6,390.35,183.54K,0.54
3,2021-12-23,393.6,393.65,394.05,391.5,171.23K,0.51
4,2021-12-24,397.0,394.95,398.4,394.9,146.60K,0.86
5,2021-12-27,394.3,397.0,397.15,394.25,144.98K,-0.68
6,2021-12-28,398.3,395.5,398.3,392.8,198.44K,1.01
7,2021-12-29,396.3,398.8,399.3,396.3,209.79K,-0.5
8,2021-12-30,394.25,397.15,398.3,393.65,221.97K,-0.52
9,2022-01-03,395.3,396.0,399.25,393.95,206.96K,0.27
10,2022-01-04,394.65,395.5,396.3,392.75,227.37K,-0.16
11,2022-01-05,389.1,394.15,394.45,386.85,268.93K,-1.41
12,2022-01-06,385.25,386.0,390.05,385.1,290.50K,-0.99
13,2022-01-07,390.5,388.6,391.1,387.2,241.86K,1.36
14,2022-01-10,386.7,390.0,390.1,384.3,269.20K,-0.97
15,2022-01-11,388.3,387.7,390.0,386.0,298.56K,0.41
16,2022-01-12,395.0,391.05,395.15,391.0,220.92K,1.73
17,2022-01-13,392.5,396.15,396.25,392.35,253.38K,-0.63
18,2022-01-14,386.5,390.55,390.6,385.9,273.93K,-1.53
19,2022-01-17,384.3,385.3,387.1,381.5,222.87K,-0.57
20,2022-01-18,380.65,384.05,385.6,379.65,276.30K,-0.95
21,2022-01-19,378.0,377.95,381.8,376.7,282.69K,-0.7
22,2022-01-20,380.05,377.8,380.45,376.4,268.55K,0.54
23,2022-01-21,376.35,376.35,377.3,373.25,316.91K,-0.97
24,2022-01-24,370.85,374.55,375.9,369.8,263.82K,-1.46
25,2022-01-25,361.0,369.0,370.75,359.85,446.82K,-2.66
26,2022-01-26,360.7,363.4,365.35,360.35,327.42K,-0.08
27,2022-01-27,347.45,361.95,362.45,347.45,518.68K,-3.67
28,2022-01-28,356.6,350.4,358.85,347.45,450.18K,2.63
29,2022-02-03,361.5,364.8,366.35,361.4,300.43K,1.37
30,2022-02-04,366.4,363.4,366.65,361.7,270.91K,1.36
31,2022-02-07,363.25,363.95,364.65,359.0,306.00K,-0.86
32,2022-02-08,363.2,366.0,367.25,360.65,272.63K,-0.01
33,2022-02-09,368.9,367.0,368.95,365.65,219.67K,1.57
34,2022-02-10,371.75,370.7,372.45,369.0,298.16K,0.77
35,2022-02-11,368.0,368.45,370.8,366.3,288.49K,-1.01
36,2022-02-14,363.65,365.0,365.95,360.3,300.08K,-1.18
37,2022-02-15,360.55,363.9,364.7,358.9,278.63K,-0.85
38,2022-02-16,367.35,364.85,367.65,364.5,214.47K,1.89
39,2022-02-17,370.2,368.5,373.05,365.7,426.27K,0.78
40,2022-02-18,368.4,366.25,369.45,364.65,296.83K,-0.49
41,2022-02-21,369.05,362.4,369.05,360.8,298.03K,0.18
42,2022-02-22,363.6,361.9,364.75,360.6,321.49K,-1.48
43,2022-02-23,364.05,366.45,366.6,362.5,229.68K,0.12
44,2022-02-24,354.4,359.45,360.6,353.6,433.43K,-2.65
45,2022-02-25,359.4,358.0,360.8,356.9,285.72K,1.41
46,2022-02-28,361.2,357.05,361.6,355.5,281.08K,0.5
47,2022-03-02,360.2,362.0,362.75,359.6,261.67K,-0.28
48,2022-03-03,366.45,363.0,367.3,362.7,229.66K,1.74
49,2022-03-04,361.15,365.9,366.1,359.6,326.95K,-1.45
50,2022-03-07,352.8,354.0,354.9,350.5,315.10K,-2.31
51,2022-03-08,347.9,347.35,352.35,346.6,273.77K,-1.39
52,2022-03-10,355.45,356.9,358.0,355.05,141.77K,2.17
53,2022-03-11,354.15,355.0,355.8,352.45,234.40K,-0.37
54,2022-03-14,354.0,354.25,355.95,352.2,210.24K,-0.04
55,2022-03-15,350.3,352.2,353.05,349.3,232.78K,-1.05
56,2022-03-16,356.1,354.0,356.2,351.45,229.19K,1.66
57,2022-03-17,361.75,362.95,364.15,360.7,256.79K,1.59
58,2022-03-18,362.0,360.15,362.45,359.2,217.69K,0.07
59,2022-03-21,358.75,363.15,363.75,357.9,182.85K,-0.9
60,2022-03-22,361.4,358.4,361.95,358.2,188.61K,0.74
61,2022-03-23,364.25,363.6,366.4,362.7,197.57K,0.79
62,2022-03-24,362.5,361.5,363.2,360.15,201.42K,-0.48
63,2022-03-25,361.75,363.5,364.1,360.75,194.21K,-0.21
64,2022-03-28,362.45,359.55,362.85,358.3,189.86K,0.19
65,2022-03-29,363.55,364.3,365.45,362.25,177.01K,0.3
66,2022-03-30,364.75,367.0,367.5,364.3,199.24K,0.33
67,2022-03-31,365.7,364.75,367.75,364.45,204.06K,0.26
68,2022-04-01,363.5,364.1,364.5,361.5,176.15K,-0.6
69,2022-04-04,365.5,361.9,365.5,360.7,159.07K,0.55
70,2022-04-05,365.3,366.2,367.1,363.75,157.56K,-0.05
71,2022-04-06,361.35,361.8,363.0,360.65,192.22K,-1.08
72,2022-04-07,356.2,358.3,358.7,355.05,250.21K,-1.43
73,2022-04-08,356.4,356.95,357.1,353.95,200.87K,0.06
74,2022-04-11,356.05,354.5,357.5,353.35,240.76K,-0.1
75,2022-04-12,352.65,353.5,355.05,351.2,273.11K,-0.95
76,2022-04-13,358.8,354.1,359.55,353.15,284.85K,1.74
77,2022-04-14,357.35,358.45,359.05,356.05,270.01K,-0.4
78,2022-04-15,352.95,354.95,355.0,352.2,194.05K,-1.23
79,2022-04-18,353.7,350.4,354.45,350.2,195.67K,0.21
80,2022-04-19,357.2,355.25,358.4,354.65,215.23K,0.99
81,2022-04-20,356.95,356.75,358.0,354.5,221.93K,-0.07
82,2022-04-21,358.9,358.8,360.8,358.05,214.91K,0.55
83,2022-04-22,354.55,355.3,355.8,353.15,251.93K,-1.21
84,2022-04-25,348.35,350.35,351.7,348.35,252.14K,-1.75
85,2022-04-26,350.05,350.0,352.0,349.55,196.14K,0.49
86,2022-04-27,345.4,343.9,346.45,343.05,258.77K,-1.33
87,2022-04-28,349.9,347.75,349.9,345.2,241.86K,1.3
88,2022-04-29,355.6,349.55,355.6,348.45,234.62K,1.63
89,2022-05-02,353.45,351.2,354.05,351.15,214.23K,-0.6
90,2022-05-03,352.85,353.3,356.15,352.5,243.23K,-0.17
91,2022-05-04,353.55,354.3,355.45,352.1,186.90K,0.2
92,2022-05-06,348.3,349.65,349.7,347.35,217.68K,-1.48
93,2022-05-09,345.3,346.05,348.65,344.5,223.07K,-0.86
94,2022-05-10,343.1,342.2,343.95,338.0,335.19K,-0.64
95,2022-05-11,343.05,341.5,343.65,340.5,241.03K,-0.01
96,2022-05-12,337.8,339.35,342.4,337.1,401.75K,-1.53
97,2022-05-13,345.7,339.8,345.95,339.35,266.38K,2.34
98,2022-05-16,344.15,347.75,348.85,343.45,277.09K,-0.45
99,2022-05-17,347.6,345.0,348.0,344.7,195.48K,1.0
100,2022-05-18,348.4,349.2,351.05,347.15,234.43K,0.23
101,2022-05-19,342.1,340.05,343.9,340.0,298.23K,-1.81
102,2022-05-20,349.65,344.95,349.75,344.25,245.12K,2.21
103,2022-05-23,350.7,351.55,351.85,348.65,219.97K,0.3
104,2022-05-24,344.2,348.85,349.75,344.05,221.43K,-1.85
105,2022-05-25,346.15,346.65,347.8,343.75,239.25K,0.57
106,2022-05-26,344.8,345.2,349.05,343.0,271.66K,-0.39
107,2022-05-27,348.9,348.15,349.4,347.4,220.91K,1.19
108,2022-05-30,352.95,351.95,352.95,350.25,198.74K,1.16
109,2022-05-31,354.15,352.4,354.6,350.25,236.78K,0.34
110,2022-06-02,350.0,351.85,352.35,349.3,219.92K,-1.17
111,2022-06-03,352.4,353.25,353.85,351.15,199.53K,0.69
112,2022-06-07,345.7,349.65,350.25,344.7,221.10K,-1.9
113,2022-06-08,346.65,345.65,347.95,345.4,199.90K,0.27
114,2022-06-09,345.5,345.25,346.65,343.55,157.50K,-0.33
115,2022-06-10,341.1,342.3,342.75,339.9,249.25K,-1.27
116,2022-06-13,329.25,334.0,335.3,329.1,281.73K,-3.47
117,2022-06-14,327.0,324.6,328.8,323.55,375.67K,-0.68
118,2022-06-15,321.4,326.8,327.8,319.8,347.54K,-1.71
119,2022-06-16,321.6,325.4,328.45,321.4,387.30K,0.06
120,2022-06-17,319.0,315.45,320.3,314.75,381.68K,-0.81
121,2022-06-20,313.85,321.35,321.7,311.75,366.19K,-1.61
122,2022-06-21,316.7,315.95,318.75,314.0,330.35K,0.91
123,2022-06-22,308.3,318.0,318.2,307.75,369.09K,-2.65
124,2022-06-23,306.1,308.45,310.95,304.5,513.62K,-0.71
125,2022-06-24,312.7,307.1,313.7,306.4,376.91K,2.16
126,2022-06-27,316.6,314.05,318.85,311.75,365.40K,1.25
127,2022-06-28,318.95,317.05,319.1,315.0,321.00K,0.74
128,2022-06-29,313.3,315.2,316.05,313.05,276.59K,-1.77
129,2022-06-30,307.45,311.4,312.1,307.3,339.24K,-1.87
130,2022-07-01,304.95,310.0,311.25,302.65,383.44K,-0.81
131,2022-07-04,305.05,304.95,306.75,301.8,330.44K,0.03
132,2022-07-05,309.95,307.5,310.95,306.35,326.27K,1.61
133,2022-07-06,303.3,307.0,308.5,302.45,401.57K,-2.15
134,2022-07-07,308.95,305.3,310.8,304.5,326.72K,1.86
135,2022-07-08,310.8,311.0,313.7,310.3,317.04K,0.6
136,2022-07-11,309.1,311.95,312.6,308.5,269.27K,-0.55
137,2022-07-12,305.55,308.1,308.4,304.15,264.93K,-1.15
138,2022-07-13,307.9,306.7,309.55,305.8,302.52K,0.77
139,2022-07-14,306.6,304.95,308.65,304.25,355.35K,-0.42
140,2022-07-15,308.0,308.1,308.8,302.5,386.01K,0.46
141,2022-07-18,316.0,311.45,316.0,310.85,269.27K,2.6
142,2022-07-19,313.7,314.05,314.25,312.1,241.05K,-0.73
143,2022-07-20,316.5,318.9,319.95,315.65,276.22K,0.89
144,2022-07-21,318.8,316.9,320.05,316.4,255.80K,0.73
145,2022-07-22,318.2,318.8,321.15,317.35,254.22K,-0.19
146,2022-07-25,319.1,316.45,320.6,316.25,251.53K,0.28
147,2022-07-26,320.5,318.0,320.5,317.2,206.13K,0.44
148,2022-07-27,320.25,320.15,320.35,317.85,192.03K,-0.08
149,2022-07-28,322.8,322.8,324.6,321.2,271.48K,0.8
150,2022-07-29,323.45,324.95,326.5,322.55,242.37K,0.2
151,2022-08-01,323.9,323.0,324.95,321.25,226.61K,0.14
152,2022-08-02,321.5,323.0,323.35,320.6,221.88K,-0.74
153,2022-08-03,324.15,321.85,324.15,320.6,225.27K,0.82
154,2022-08-04,325.75,326.1,326.7,324.4,244.06K,0.49
155,2022-08-05,327.35,327.4,328.75,326.75,198.05K,0.49
156,2022-08-08,326.85,325.25,327.45,325.1,174.53K,-0.15
157,2022-08-09,328.2,327.8,328.75,325.6,201.01K,0.41
158,2022-08-10,324.5,326.15,326.95,324.05,189.80K,-1.13
159,2022-08-11,330.2,328.25,330.2,328.0,252.41K,1.76
160,2022-08-12,330.7,329.15,331.5,329.05,178.24K,0.15
161,2022-08-16,332.05,333.1,333.7,331.45,164.75K,0.41
162,2022-08-17,329.8,332.75,333.5,329.8,177.09K,-0.68
163,2022-08-18,328.35,327.4,329.7,326.3,221.34K,-0.44
164,2022-08-19,326.8,329.0,329.3,326.5,171.23K,-0.47
165,2022-08-22,322.2,323.6,324.5,321.95,202.69K,-1.41
166,2022-08-23,318.15,320.4,321.7,318.15,237.54K,-1.26
167,2022-08-24,319.6,319.65,320.75,318.4,207.06K,0.46
168,2022-08-25,323.85,321.05,323.9,320.7,218.75K,1.33
169,2022-08-26,324.5,325.0,326.5,323.55,204.04K,0.2
170,2022-08-29,315.7,315.9,317.25,315.35,230.26K,-2.71
171,2022-08-30,319.45,317.5,319.6,316.95,220.17K,1.19
172,2022-08-31,321.0,316.3,323.1,315.9,291.85K,0.49
173,2022-09-01,314.5,317.1,317.85,314.05,320.45K,-2.02
174,2022-09-02,313.85,315.7,315.85,311.15,298.98K,-0.21
175,2022-09-05,312.1,312.85,315.25,311.15,269.77K,-0.56
176,2022-09-06,312.9,313.15,314.8,311.35,247.87K,0.26
177,2022-09-07,308.3,310.4,310.5,306.2,260.94K,-1.47
178,2022-09-08,309.1,310.55,310.8,308.1,181.89K,0.26
179,2022-09-13,320.2,315.45,320.2,314.65,284.82K,3.59
180,2022-09-14,312.7,310.2,314.3,309.25,380.12K,-2.34
181,2022-09-15,311.4,314.0,314.15,310.75,261.04K,-0.42
182,2022-09-16,307.9,308.1,309.35,307.0,264.31K,-1.12
183,2022-09-19,306.9,309.3,310.1,305.9,234.01K,-0.32
184,2022-09-20,307.55,308.95,310.35,307.15,233.62K,0.21
185,2022-09-21,304.4,305.35,306.4,304.05,263.59K,-1.02
186,2022-09-22,301.05,301.1,302.2,299.35,280.86K,-1.1
187,2022-09-23,297.85,301.5,302.0,296.8,271.22K,-1.06
188,2022-09-26,290.3,293.35,294.35,289.65,375.83K,-2.53
189,2022-09-27,290.6,290.4,291.45,287.45,389.40K,0.1
190,2022-09-28,283.0,287.8,289.75,281.35,535.20K,-2.62
191,2022-09-29,284.75,287.0,289.15,283.55,387.46K,0.62
192,2022-09-30,282.45,282.7,285.7,280.0,506.80K,-0.81
193,2022-10-04,290.0,286.1,290.15,285.9,320.71K,2.67
194,2022-10-05,290.4,294.2,294.5,288.2,347.94K,0.14
195,2022-10-06,292.15,291.55,294.15,290.7,321.22K,0.6
196,2022-10-07,290.85,289.0,292.95,288.7,318.54K,-0.44
197,2022-10-11,284.9,285.75,285.95,282.85,350.02K,-2.05
198,2022-10-12,287.85,284.6,287.9,284.55,353.24K,1.04
199,2022-10-13,282.8,286.4,286.8,282.4,347.22K,-1.75
200,2022-10-14,290.9,287.3,291.05,287.0,298.20K,2.86
201,2022-10-17,289.35,286.65,290.65,285.4,290.51K,-0.53
202,2022-10-18,294.5,294.0,294.5,290.3,318.57K,1.78
203,2022-10-19,291.3,294.3,295.8,291.3,339.93K,-1.09
204,2022-10-20,288.6,289.4,290.35,286.85,382.76K,-0.93
205,2022-10-21,289.55,288.0,290.95,287.55,308.49K,0.33
206,2022-10-24,292.9,294.15,295.0,291.0,316.29K,1.16
207,2022-10-25,292.45,292.5,294.55,291.45,308.67K,-0.15
208,2022-10-26,294.7,291.95,296.05,291.7,283.32K,0.77
209,2022-10-27,299.65,297.0,300.0,295.9,312.68K,1.68
210,2022-10-28,295.8,297.35,299.35,295.5,284.05K,-1.28
211,2022-10-31,300.7,299.1,300.85,297.2,298.49K,1.66
212,2022-11-01,303.9,301.65,304.75,300.5,270.23K,1.06
213,2022-11-02,304.45,303.5,305.5,302.45,245.63K,0.18
214,2022-11-03,302.05,298.85,304.2,297.75,360.26K,-0.79
215,2022-11-04,305.4,301.05,305.45,299.9,331.71K,1.11
216,2022-11-07,309.0,306.05,309.0,305.2,322.25K,1.18
217,2022-11-08,312.95,310.45,313.35,309.85,319.50K,1.28
218,2022-11-09,316.25,314.55,317.05,313.4,313.44K,1.05
219,2022-11-10,311.45,313.55,315.65,311.45,368.20K,-1.52
220,2022-11-11,324.95,322.0,324.95,321.4,393.59K,4.33
221,2022-11-14,322.6,324.65,325.75,322.1,339.71K,-0.72
222,2022-11-15,323.0,324.25,324.25,321.05,279.56K,0.12
223,2022-11-16,322.95,324.0,324.1,319.05,365.09K,-0.02
224,2022-11-17,319.25,320.45,321.3,317.85,284.56K,-1.15
225,2022-11-18,317.45,317.55,321.45,317.35,300.40K,-0.56
226,2022-11-21,314.45,317.9,318.5,314.0,239.49K,-0.95
227,2022-11-22,312.35,314.2,315.9,312.35,262.31K,-0.67
228,2022-11-23,315.05,314.75,315.85,313.55,226.42K,0.86
229,2022-11-24,318.05,317.0,318.25,315.8,220.62K,0.95
230,2022-11-25,316.5,318.4,318.45,316.3,179.87K,-0.49
231,2022-11-28,312.9,314.15,314.9,311.6,267.46K,-1.14
232,2022-11-29,315.7,312.35,316.0,311.6,250.09K,0.89
233,2022-11-30,319.65,314.05,320.8,314.05,287.19K,1.25
234,2022-12-01,323.1,324.65,325.95,321.75,328.92K,1.08
235,2022-12-02,315.0,321.5,321.8,314.95,296.04K,-2.51
236,2022-12-05,314.35,316.15,317.1,313.2,288.49K,-0.21
237,2022-12-06,310.15,311.2,313.3,309.7,280.59K,-1.34
238,2022-12-07,308.2,309.15,310.3,308.1,268.69K,-0.63
239,2022-12-08,307.6,308.55,309.1,306.2,172.55K,-0.19
240,2022-12-09,310.65,308.3,310.7,306.95,291.19K,0.99
241,2022-12-12,308.05,308.15,309.0,307.25,225.52K,-0.84
242,2022-12-13,308.3,309.15,310.25,306.9,253.58K,0.08
243,2022-12-14,311.4,309.5,311.85,309.05,244.96K,1.01
244,2022-12-15,306.15,309.35,310.0,305.75,258.46K,-1.69
245,2022-12-16,304.05,301.6,305.15,301.45,248.93K,-0.69
246,2022-12-19,304.35,304.05,306.0,303.4,194.42K,0.1
247,2022-12-20,301.9,303.75,304.45,300.7,313.05K,-0.8
248,2022-12-21,301.0,303.6,303.7,300.7,214.78K,-0.3
249,2022-12-22,305.05,302.15,305.25,301.75,226.89K,1.35
250,2022-12-23,299.45,301.6,302.35,299.1,238.76K,-1.84
251,2022-12-26,299.95,299.45,300.3,298.55,127.25K,0.17
252,2022-12-27,302.3,301.35,302.85,300.55,213.57K,0.78
253,2022-12-28,298.45,300.55,300.9,298.2,235.07K,-1.27
254,2022-12-29,292.85,295.9,297.2,292.7,228.24K,-1.88
255,2023-01-02,291.25,293.65,295.3,290.95,157.13K,-0.55
256,2023-01-03,290.95,291.65,292.3,285.4,372.99K,-0.1
257,2023-01-04,297.0,289.55,297.95,289.1,344.31K,2.08
258,2023-01-05,298.45,299.2,301.05,297.25,338.71K,0.49
259,2023-01-06,303.25,297.5,304.4,297.3,365.87K,1.61
260,2023-01-09,311.5,306.5,311.5,305.7,342.47K,2.72
261,2023-01-10,310.9,310.35,313.6,309.8,309.99K,-0.19
262,2023-01-11,312.0,312.95,313.9,310.5,260.71K,0.35
263,2023-01-12,313.3,313.9,314.35,311.3,243.74K,0.42
264,2023-01-13,315.3,314.0,317.15,313.6,276.28K,0.64
265,2023-01-16,317.7,316.0,319.3,315.6,199.07K,0.76
266,2023-01-17,315.55,317.95,318.1,314.8,239.71K,-0.68
267,2023-01-18,313.7,315.0,315.55,311.4,254.36K,-0.59
268,2023-01-19,314.75,311.85,315.3,311.3,227.76K,0.33
269,2023-01-20,316.85,315.0,317.2,313.85,205.86K,0.67
270,2023-01-25,322.55,321.1,323.05,321.0,136.27K,1.8
271,2023-01-26,326.65,322.55,326.85,321.5,189.90K,1.27
272,2023-01-27,328.75,326.7,331.2,325.7,206.82K,0.64
273,2023-01-30,323.85,328.9,329.85,323.5,208.39K,-1.49
274,2023-01-31,318.65,324.25,324.4,318.1,238.09K,-1.61
275,2023-02-01,322.85,320.8,322.85,319.65,222.57K,1.32
276,2023-02-02,325.1,326.65,327.85,322.85,266.88K,0.7
277,2023-02-03,326.05,324.75,327.7,323.45,224.76K,0.29
278,2023-02-06,318.8,323.9,324.6,318.8,278.45K,-2.22
279,2023-02-07,321.3,319.1,322.15,318.6,234.28K,0.78
280,2023-02-08,326.35,323.5,327.15,323.1,206.92K,1.57
281,2023-02-09,324.85,324.6,326.35,323.25,237.28K,-0.46
282,2023-02-10,323.75,323.5,324.35,321.55,260.48K,-0.34
283,2023-02-13,322.6,322.65,323.1,319.75,237.24K,-0.36
284,2023-02-14,324.85,324.65,326.35,323.3,218.61K,0.7
285,2023-02-15,317.4,324.9,324.9,317.4,241.31K,-2.29
286,2023-02-16,324.1,320.15,324.9,319.7,265.71K,2.11
287,2023-02-17,321.55,320.6,324.0,320.0,235.72K,-0.79
288,2023-02-20,323.2,322.05,323.35,318.2,252.38K,0.51
289,2023-02-21,322.0,321.95,323.15,320.05,237.36K,-0.37
290,2023-02-22,316.2,318.5,318.85,315.85,235.50K,-1.8
291,2023-02-23,320.1,317.4,321.4,317.05,260.86K,1.23
292,2023-02-24,317.7,319.5,321.4,317.0,196.96K,-0.75
293,2023-02-27,314.0,314.25,314.5,311.45,253.02K,-1.16
294,2023-02-28,315.8,315.45,317.9,314.2,230.27K,0.57
295,2023-03-02,315.3,315.25,318.8,314.2,289.32K,-0.16
296,2023-03-03,316.8,317.4,318.2,315.1,232.17K,0.48
297,2023-03-06,321.0,319.45,321.2,317.8,236.07K,1.33
298,2023-03-07,319.4,320.5,322.05,319.1,192.06K,-0.5
299,2023-03-08,314.65,316.2,316.7,314.25,200.20K,-1.49
300,2023-03-09,314.04,316.5,316.85,313.7,127.28K,-0.19
301,2023-03-10,311.35,311.85,312.75,310.0,274.32K,-0.86
302,2023-03-13,314.15,313.3,314.95,309.35,293.36K,0.9
303,2023-03-14,306.9,311.25,311.35,306.15,315.26K,-2.31
304,2023-03-15,310.1,310.5,312.6,309.05,278.70K,1.04
305,2023-03-16,309.6,306.4,310.35,305.7,300.58K,-0.16
306,2023-03-17,313.4,313.05,313.85,310.75,233.86K,1.23
307,2023-03-20,310.0,312.85,314.5,310.0,208.14K,-1.08
308,2023-03-21,311.85,312.55,313.25,310.8,207.56K,0.6
309,2023-03-22,315.4,314.45,315.5,313.2,190.67K,1.14
310,2023-03-23,316.1,313.25,316.6,312.65,239.27K,0.22
311,2023-03-24,315.3,316.0,316.7,313.45,216.11K,-0.25
312,2023-03-27,314.25,316.3,316.45,311.95,319.83K,-0.33
313,2023-03-28,317.45,314.9,317.5,314.4,212.84K,1.02
314,2023-03-29,317.9,316.7,318.15,315.9,182.09K,0.14
315,2023-03-30,319.9,319.45,321.35,318.2,267.22K,0.63
316,2023-03-31,323.7,321.35,324.55,320.65,229.47K,1.19
317,2023-04-03,322.1,324.2,324.55,321.35,222.61K,-0.49
318,2023-04-04,323.7,322.65,324.45,321.7,217.24K,0.5
319,2023-04-05,325.75,324.0,325.75,322.95,198.10K,0.63
320,2023-04-06,319.75,324.0,324.2,319.15,244.92K,-1.84
321,2023-04-07,324.85,321.6,325.4,321.55,183.64K,1.59
322,2023-04-10,327.95,324.65,329.5,324.25,238.76K,0.95
323,2023-04-11,332.15,329.25,333.2,328.6,271.97K,1.28
324,2023-04-12,333.45,331.85,334.4,331.55,265.92K,0.39
325,2023-04-13,334.3,331.55,334.6,331.05,240.25K,0.25
326,2023-04-14,335.2,336.2,337.25,334.1,241.00K,0.27
327,2023-04-17,335.4,335.0,335.75,333.6,198.83K,0.06
328,2023-04-18,335.15,334.95,336.0,332.55,201.70K,-0.07
329,2023-04-19,335.1,334.5,336.25,334.25,171.64K,-0.01
330,2023-04-20,334.15,333.65,334.9,332.65,230.39K,-0.28
331,2023-04-21,331.95,333.35,333.8,330.9,222.12K,-0.66
332,2023-04-24,329.95,331.0,331.6,329.6,192.49K,-0.6
333,2023-04-25,325.75,330.9,331.1,323.9,307.60K,-1.27
334,2023-04-26,325.25,324.9,326.7,324.55,215.68K,-0.15
335,2023-04-27,325.85,324.35,326.35,322.05,276.52K,0.18
336,2023-04-28,326.4,327.5,329.4,325.3,289.89K,0.17
337,2023-05-02,330.0,327.75,330.1,327.1,220.63K,1.1
338,2023-05-03,326.8,327.9,328.5,326.4,187.74K,-0.97
339,2023-05-04,325.8,325.7,326.65,324.7,204.77K,-0.31
340,2023-05-08,330.0,329.2,330.85,328.9,193.38K,1.29
341,2023-05-09,328.6,329.15,329.4,327.7,174.06K,-0.42
342,2023-05-10,326.5,328.6,328.65,325.45,174.38K,-0.64
343,2023-05-11,325.4,327.55,329.0,325.4,214.24K,-0.34
344,2023-05-12,324.3,324.35,325.75,323.45,197.77K,-0.34
345,2023-05-15,325.15,322.7,325.2,322.05,197.97K,0.26
346,2023-05-16,325.55,326.95,328.25,325.15,186.64K,0.12
347,2023-05-17,326.5,325.45,327.95,325.1,157.83K,0.29
348,2023-05-18,329.8,328.6,330.25,327.9,210.60K,1.01
349,2023-05-19,334.75,332.3,334.9,332.25,206.07K,1.5
350,2023-05-22,337.0,335.0,338.15,333.95,219.69K,0.67
351,2023-05-23,338.0,338.2,338.95,336.8,192.56K,0.3
352,2023-05-24,336.85,335.9,337.85,335.55,190.84K,-0.34
353,2023-05-25,336.0,338.0,338.35,335.25,228.19K,-0.25
354,2023-05-26,337.8,336.4,338.3,335.95,185.25K,0.54
355,2023-05-30,342.05,340.65,342.05,339.85,204.57K,1.26
356,2023-05-31,339.0,341.3,342.65,338.95,237.37K,-0.89
357,2023-06-01,338.05,338.55,339.75,337.3,216.42K,-0.28
358,2023-06-02,342.95,340.5,343.0,340.1,172.36K,1.45
359,2023-06-05,344.0,344.9,345.0,343.3,163.41K,0.31
360,2023-06-07,343.25,345.1,345.75,343.1,165.56K,-0.22
361,2023-06-08,342.75,342.15,342.75,340.65,119.52K,-0.15
362,2023-06-09,349.5,346.05,349.5,344.8,207.24K,1.97
363,2023-06-12,346.65,349.7,350.1,345.6,201.03K,-0.82
364,2023-06-13,348.4,348.75,349.3,347.15,195.68K,0.5
365,2023-06-14,346.4,348.3,348.55,345.8,214.86K,-0.57
366,2023-06-15,345.15,347.4,348.45,344.75,236.59K,-0.36
367,2023-06-16,347.3,346.65,347.35,344.9,210.36K,0.62
368,2023-06-19,345.1,346.2,346.4,343.85,154.50K,-0.63
369,2023-06-20,344.15,343.85,344.75,342.85,173.85K,-0.28
370,2023-06-21,341.15,343.5,343.8,340.9,189.45K,-0.87
371,2023-06-22,342.25,340.35,343.1,340.2,181.28K,0.32
372,2023-06-23,340.25,343.05,343.45,339.65,179.15K,-0.58
373,2023-06-26,341.4,339.5,342.1,339.05,166.83K,0.34
374,2023-06-27,341.55,341.15,341.75,339.85,194.00K,0.04
375,2023-06-28,339.55,342.7,342.8,338.95,187.38K,-0.59
376,2023-06-29,339.2,340.4,342.6,339.2,220.66K,-0.1
377,2023-06-30,340.5,339.35,341.25,336.95,229.86K,0.38
378,2023-07-03,345.75,341.65,345.8,341.65,198.96K,1.54
379,2023-07-04,343.85,345.5,345.95,343.85,159.28K,-0.55
380,2023-07-05,340.6,343.55,344.95,340.6,204.66K,-0.95
381,2023-07-06,338.1,340.75,340.8,337.7,285.65K,-0.73
382,2023-07-07,332.85,336.2,336.4,332.2,288.44K,-1.55
383,2023-07-10,332.85,334.0,335.3,332.0,280.15K,0.0
384,2023-07-11,338.85,335.2,339.0,334.7,238.31K,1.8
385,2023-07-12,340.8,339.0,341.1,337.8,223.00K,0.58
386,2023-07-13,343.65,343.8,344.9,343.25,224.17K,0.84
387,2023-07-14,348.2,345.4,349.25,344.8,235.36K,1.32
388,2023-07-17,347.9,347.0,349.0,346.7,171.69K,-0.09
389,2023-07-18,345.6,348.55,348.85,344.8,193.82K,-0.66
390,2023-07-19,344.4,347.05,347.45,343.65,196.72K,-0.35
391,2023-07-20,343.3,342.35,344.95,342.1,185.94K,-0.32
392,2023-07-21,344.15,341.3,344.15,338.9,217.33K,0.25
393,2023-07-24,346.0,344.0,347.25,342.05,256.15K,0.54
394,2023-07-25,346.4,347.0,347.7,344.3,174.22K,0.12
395,2023-07-26,342.45,346.4,347.2,341.6,317.78K,-1.14
396,2023-07-27,346.35,342.95,346.8,342.4,256.65K,1.14
397,2023-07-28,345.25,344.65,345.9,342.75,253.70K,-0.32
398,2023-07-31,347.25,347.05,348.5,346.15,218.33K,0.58
399,2023-08-01,352.35,347.2,352.9,346.75,244.03K,1.47
400,2023-08-02,344.8,350.6,351.05,344.45,267.43K,-2.14
401,2023-08-03,342.7,344.6,345.85,341.15,297.35K,-0.61
402,2023-08-04,342.3,343.45,343.85,341.4,211.66K,-0.12
403,2023-08-07,340.95,341.3,344.2,340.2,222.87K,-0.39
404,2023-08-08,339.15,342.3,343.4,337.95,262.07K,-0.53
405,2023-08-09,342.5,338.65,343.2,338.55,219.55K,0.99
406,2023-08-10,340.45,341.5,341.65,339.85,183.31K,-0.6
407,2023-08-11,340.45,340.6,343.85,339.85,204.46K,0.0
408,2023-08-14,337.25,339.3,340.05,335.8,213.99K,-0.94
409,2023-08-16,332.35,335.05,335.5,331.3,212.02K,-1.45
410,2023-08-17,331.0,329.95,331.0,326.25,266.28K,-0.41
411,2023-08-18,328.5,327.95,330.65,326.3,223.76K,-0.76
412,2023-08-21,328.95,328.95,331.45,328.55,192.32K,0.14
413,2023-08-22,330.0,331.0,332.55,328.85,214.85K,0.32
414,2023-08-23,329.65,328.65,330.35,328.0,181.15K,-0.11
415,2023-08-24,333.9,333.0,334.15,332.4,201.06K,1.29
416,2023-08-25,330.2,329.4,331.55,328.65,207.43K,-1.11
417,2023-08-28,332.65,332.05,332.75,330.9,165.36K,0.74
418,2023-08-29,333.45,333.9,334.5,332.75,170.58K,0.24
419,2023-08-30,334.75,336.55,337.7,334.75,171.00K,0.39
420,2023-08-31,334.95,335.35,336.1,333.55,199.88K,0.06
421,2023-09-01,337.85,334.0,339.05,333.85,217.83K,0.87
422,2023-09-04,340.75,338.85,340.8,337.75,192.01K,0.86
423,2023-09-05,340.5,341.15,341.25,339.4,169.81K,-0.07
424,2023-09-06,337.8,339.45,340.5,337.4,181.95K,-0.79
425,2023-09-07,336.3,336.2,337.8,335.2,213.55K,-0.44
426,2023-09-08,336.75,336.1,336.75,334.05,190.07K,0.13
427,2023-09-11,338.05,336.55,338.05,335.35,222.07K,0.39
428,2023-09-12,335.75,339.0,339.2,335.5,200.25K,-0.68
429,2023-09-13,336.1,335.0,337.55,334.85,188.61K,0.1
430,2023-09-14,341.19,336.7,340.35,336.65,129.51K,1.51
431,2023-09-15,346.9,343.1,348.35,342.65,264.92K,1.67
432,2023-09-18,342.95,345.0,345.95,342.75,199.10K,-1.14
433,2023-09-19,340.75,342.7,343.65,339.75,195.78K,-0.64
434,2023-09-20,340.6,340.7,341.35,339.25,172.90K,-0.04
435,2023-09-21,334.2,338.0,338.75,334.0,245.74K,-1.88
436,2023-09-22,332.85,331.45,333.75,330.1,229.05K,-0.4
437,2023-09-25,333.1,332.2,333.65,331.25,185.45K,0.08
438,2023-09-26,328.35,333.0,333.2,328.25,221.53K,-1.43
439,2023-09-27,329.0,326.1,329.15,325.9,245.59K,0.2
440,2023-10-04,320.1,324.8,325.05,319.75,305.91K,-2.71
441,2023-10-05,319.75,322.0,323.15,319.7,258.98K,-0.11
442,2023-10-06,320.5,319.9,322.1,319.75,203.26K,0.23
443,2023-10-10,321.45,323.95,326.55,321.05,296.61K,0.3
444,2023-10-11,327.0,324.2,329.05,324.15,287.21K,1.73
445,2023-10-12,330.45,328.7,330.6,328.1,274.12K,1.06
446,2023-10-13,327.85,327.45,328.6,326.6,195.53K,-0.79
447,2023-10-16,324.85,326.2,327.3,322.85,248.38K,-0.92
448,2023-10-17,328.8,327.15,329.65,326.45,242.04K,1.22
449,2023-10-18,330.2,327.95,330.6,327.65,221.55K,0.43
450,2023-10-19,323.7,326.5,326.7,323.7,263.09K,-1.97
451,2023-10-20,318.85,321.0,321.6,317.55,299.69K,-1.5
452,2023-10-23,317.0,317.15,319.25,316.45,247.16K,-0.58
453,2023-10-24,319.55,318.55,319.65,312.9,376.13K,0.8
454,2023-10-25,317.85,320.3,320.75,317.55,240.64K,-0.53
455,2023-10-26,309.15,312.95,313.5,309.15,338.12K,-2.74
456,2023-10-27,309.2,309.95,311.5,308.5,300.85K,0.02
457,2023-10-30,310.2,307.25,311.25,306.75,271.38K,0.32
458,2023-10-31,307.1,311.65,312.8,306.25,339.72K,-1.0
459,2023-11-01,311.05,308.4,311.65,307.65,298.71K,1.29
460,2023-11-02,316.15,316.05,317.65,315.25,287.14K,1.64
461,2023-11-03,319.6,319.7,319.95,317.75,228.31K,1.09
462,2023-11-06,335.3,324.0,335.3,323.2,484.52K,4.91
463,2023-11-07,328.4,334.9,335.0,324.95,422.40K,-2.06
464,2023-11-08,325.1,331.1,331.65,324.25,330.77K,-1.0
465,2023-11-09,326.7,325.95,327.9,324.45,294.37K,0.49
466,2023-11-10,324.7,324.0,324.95,322.15,205.37K,-0.61
467,2023-11-13,325.1,328.25,328.75,323.25,247.62K,0.12
468,2023-11-14,327.8,326.6,328.9,326.25,217.32K,0.83
469,2023-11-15,335.25,334.8,335.95,332.2,271.85K,2.27
470,2023-11-16,334.55,334.35,335.8,333.1,208.63K,-0.21
471,2023-11-17,333.1,334.2,335.15,331.85,200.42K,-0.43
472,2023-11-20,335.55,332.35,336.5,331.5,211.42K,0.74
473,2023-11-21,337.45,338.0,338.55,336.4,202.10K,0.57
474,2023-11-22,338.0,335.0,338.3,333.8,201.42K,0.16
475,2023-11-23,337.95,337.45,338.75,336.25,169.00K,-0.01
476,2023-11-24,334.7,337.2,338.4,334.7,159.90K,-0.96
477,2023-11-27,334.2,334.35,336.7,333.3,206.05K,-0.15
478,2023-11-28,338.4,335.75,338.4,335.35,220.32K,1.26
479,2023-11-29,337.55,338.35,338.35,334.8,228.40K,-0.25
480,2023-11-30,339.15,337.05,339.2,335.35,224.11K,0.47
481,2023-12-01,335.5,337.75,338.15,334.6,238.46K,-1.08
482,2023-12-04,336.7,337.05,338.3,336.0,219.00K,0.36
483,2023-12-05,332.65,334.15,335.35,332.65,215.34K,-1.2
484,2023-12-06,333.5,333.8,335.95,333.5,210.17K,0.26
485,2023-12-07,332.4,331.8,334.1,331.5,237.10K,-0.33
486,2023-12-08,337.25,334.8,337.65,334.7,224.53K,1.46
487,2023-12-11,338.25,338.0,338.5,335.85,175.51K,0.3
488,2023-12-12,340.5,340.05,341.0,339.25,201.31K,0.67
489,2023-12-13,337.0,340.95,341.0,336.7,167.24K,-1.03
490,2023-12-14,341.33,341.25,342.95,339.4,145.37K,1.28
491,2023-12-15,343.25,341.3,346.25,341.3,225.67K,0.56
492,2023-12-18,344.45,343.25,344.85,342.4,190.68K,0.35
493,2023-12-19,344.75,343.8,345.0,342.4,158.92K,0.09
494,2023-12-20,351.65,347.2,351.7,347.05,218.06K,2.0
495,2023-12-21,348.9,349.0,350.5,347.6,196.29K,-0.78
496,2023-12-22,350.7,351.45,353.35,350.2,184.77K,0.52
497,2023-12-26,352.0,352.45,352.8,350.05,170.64K,0.37
498,2023-12-27,355.9,352.15,356.15,351.85,248.71K,1.11
499,2023-12-28,362.7,355.5,362.7,355.2,250.88K,1.91
500,2024-01-02,363.8,360.7,365.4,358.6,272.31K,0.3
501,2024-01-03,353.6,359.7,359.9,353.4,295.73K,-2.8
502,2024-01-04,350.3,350.2,353.2,349.25,298.78K,-0.93
503,2024-01-05,348.7,349.35,351.1,348.5,208.09K,-0.46
504,2024-01-08,347.4,350.35,351.9,347.4,224.13K,-0.37
505,2024-01-09,346.3,351.4,353.0,345.5,321.02K,-0.32
506,2024-01-10,342.7,345.35,347.15,342.25,241.49K,-1.04
507,2024-01-11,343.55,344.45,345.1,342.0,288.48K,0.25
508,2024-01-12,340.0,341.5,343.2,338.95,231.34K,-1.03
509,2024-01-15,341.3,340.0,342.5,339.75,181.98K,0.38
510,2024-01-16,336.0,339.55,340.3,335.7,258.90K,-1.55
511,2024-01-17,327.3,336.45,337.95,327.3,343.95K,-2.59
512,2024-01-18,329.1,328.7,330.3,326.8,305.16K,0.55
513,2024-01-19,333.65,333.0,334.8,332.25,293.23K,1.38
514,2024-01-22,334.5,337.05,338.5,334.35,243.62K,0.25
515,2024-01-23,336.45,334.0,336.85,333.95,256.12K,0.58
516,2024-01-24,334.85,337.1,337.8,332.05,233.85K,-0.48
517,2024-01-25,335.05,334.7,335.7,333.1,237.22K,0.06
518,2024-01-26,335.15,333.5,338.95,331.9,263.38K,0.03
519,2024-01-29,339.25,336.25,341.5,335.8,284.31K,1.22
520,2024-01-30,338.7,340.55,342.5,337.85,241.44K,-0.16
521,2024-01-31,337.0,335.15,337.8,335.15,234.88K,-0.5
522,2024-02-01,342.15,335.8,342.95,335.0,302.54K,1.53
523,2024-02-02,354.05,344.6,354.35,344.6,335.28K,3.48
524,2024-02-05,349.25,353.7,354.05,344.8,413.95K,-1.36
525,2024-02-06,348.05,348.05,350.75,345.65,309.44K,-0.34
526,2024-02-07,352.7,349.75,355.5,349.05,297.55K,1.34
527,2024-02-08,353.4,355.1,355.8,352.1,266.32K,0.2
528,2024-02-13,357.25,355.55,359.4,355.3,207.15K,1.09
529,2024-02-14,352.5,352.0,353.75,350.55,239.20K,-1.33
530,2024-02-15,352.15,355.65,356.5,351.6,212.14K,-0.1
531,2024-02-16,355.8,354.3,355.8,352.75,184.47K,1.04
532,2024-02-19,361.1,355.3,361.7,354.9,216.03K,1.49
533,2024-02-20,356.65,360.3,360.9,354.6,211.29K,-1.23
534,2024-02-21,355.95,357.05,359.05,354.65,214.59K,-0.2
535,2024-02-22,357.9,360.0,360.2,356.2,189.47K,0.55
536,2024-02-23,359.05,360.4,362.95,358.1,207.65K,0.32
537,2024-02-26,355.25,359.25,359.3,352.75,242.78K,-1.06
538,2024-02-27,352.6,356.45,356.7,352.2,220.95K,-0.75
539,2024-02-28,357.2,353.9,358.1,352.7,192.02K,1.3
540,2024-02-29,355.75,355.6,356.85,353.55,198.18K,-0.41
541,2024-03-04,361.4,359.2,362.8,358.8,203.95K,1.59
542,2024-03-05,357.65,360.1,362.85,357.45,212.15K,-1.04
543,2024-03-06,356.6,354.6,357.25,354.5,192.63K,-0.29
544,2024-03-07,357.1,358.3,359.15,354.95,245.12K,0.14
545,2024-03-08,362.15,360.55,363.3,360.1,247.10K,1.41
546,2024-03-11,359.05,359.9,361.0,358.2,200.36K,-0.86
547,2024-03-12,361.7,360.0,362.35,357.95,192.40K,0.74
548,2024-03-13,363.55,363.4,364.6,361.4,202.84K,0.51
549,2024-03-14,366.68,363.55,366.7,363.3,119.01K,0.86
550,2024-03-15,361.1,365.7,366.05,360.65,239.32K,-1.52
551,2024-03-18,362.95,361.1,363.15,359.8,191.74K,0.51
552,2024-03-19,358.95,361.0,361.25,356.6,254.83K,-1.1
553,2024-03-20,365.05,361.0,365.1,360.95,242.87K,1.7
554,2024-03-21,375.45,371.7,375.75,370.5,278.12K,2.85
555,2024-03-22,373.4,373.95,376.95,372.4,228.31K,-0.55
556,2024-03-25,372.6,373.8,376.8,371.6,193.81K,-0.21
557,2024-03-26,376.0,375.05,380.0,374.25,242.66K,0.91
558,2024-03-27,376.3,375.3,377.35,373.55,175.56K,0.08
559,2024-03-28,375.7,376.75,377.85,374.9,188.53K,-0.16
560,2024-03-29,376.95,376.95,378.65,375.2,178.19K,0.33
561,2024-04-01,377.0,379.95,381.4,377.0,176.20K,0.01
562,2024-04-02,378.55,375.4,380.2,375.4,215.36K,0.41
563,2024-04-03,373.05,376.3,377.05,372.3,256.42K,-1.45
564,2024-04-04,378.25,376.25,378.5,376.05,204.81K,1.39
565,2024-04-05,373.75,375.0,376.5,372.4,238.79K,-1.19
566,2024-04-08,375.2,376.0,376.65,373.55,201.17K,0.39
567,2024-04-09,372.8,376.95,378.2,372.5,247.55K,-0.64
568,2024-04-11,372.8,365.85,374.35,365.85,319.64K,0.0
569,2024-04-12,369.35,373.65,374.2,368.55,253.03K,-0.93
570,2024-04-15,367.2,366.5,367.55,362.55,268.31K,-0.58
571,2024-04-16,358.15,362.95,363.5,356.75,278.96K,-2.46
572,2024-04-17,354.7,360.0,360.45,354.35,287.15K,-0.96
573,2024-04-18,360.35,353.5,361.4,353.45,252.02K,1.59
574,2024-04-19,354.05,357.0,357.3,348.15,430.02K,-1.75
575,2024-04-22,358.8,355.15,359.3,354.7,344.16K,1.34
576,2024-04-23,358.5,359.1,360.0,357.05,221.23K,-0.08
577,2024-04-24,364.55,363.3,365.75,362.65,200.75K,1.69
578,2024-04-25,358.6,360.0,361.45,358.0,217.75K,-1.63
579,2024-04-26,361.9,362.0,363.55,359.9,215.14K,0.92
580,2024-04-29,365.65,364.35,366.05,363.7,170.05K,1.04
581,2024-04-30,367.45,365.05,369.2,365.05,228.62K,0.49
582,2024-05-02,365.35,365.1,366.6,363.35,205.81K,-0.57
583,2024-05-03,364.5,369.3,370.25,364.5,201.43K,-0.23
584,2024-05-07,373.7,370.75,374.15,370.6,225.04K,2.52
585,2024-05-08,375.3,374.35,375.45,373.1,180.84K,0.43
586,2024-05-09,370.95,376.4,376.6,370.15,244.50K,-1.16
587,2024-05-10,372.4,373.95,375.35,371.9,191.95K,0.39
588,2024-05-13,371.65,373.1,374.4,370.05,195.24K,-0.2
589,2024-05-14,371.85,372.4,373.3,371.25,165.06K,0.05
590,2024-05-16,376.0,379.05,379.8,375.6,254.72K,1.12
591,2024-05-17,371.35,374.35,375.6,371.2,199.00K,-1.24
592,2024-05-20,374.65,374.1,376.95,373.45,264.89K,0.89
593,2024-05-21,373.25,373.85,374.2,372.0,180.58K,-0.37
594,2024-05-22,372.85,373.45,373.85,369.25,246.73K,-0.11
595,2024-05-23,372.75,372.6,374.3,369.6,260.60K,-0.03
596,2024-05-24,366.55,367.25,367.95,365.65,248.26K,-1.66
597,2024-05-27,371.75,368.5,372.4,366.6,296.73K,1.42
598,2024-05-28,372.05,372.45,372.85,369.85,225.40K,0.08
599,2024-05-29,366.35,371.65,371.7,365.6,274.19K,-1.53
600,2024-05-30,360.1,362.2,363.35,359.25,304.56K,-1.71
601,2024-05-31,360.05,361.75,363.45,358.9,321.52K,-0.01
602,2024-06-03,366.1,362.7,367.25,361.3,270.46K,1.68
603,2024-06-04,363.3,365.05,365.1,362.3,275.47K,-0.76
604,2024-06-05,366.5,366.0,367.8,363.4,292.87K,0.88
605,2024-06-07,371.9,369.8,373.15,369.15,269.32K,1.47
606,2024-06-10,368.0,367.85,370.3,365.9,257.32K,-1.05
607,2024-06-11,368.85,367.35,369.25,366.45,222.95K,0.23
608,2024-06-12,371.7,368.0,371.85,367.35,216.33K,0.77
609,2024-06-13,374.75,375.5,378.9,375.4,161.90K,0.82
610,2024-06-14,377.45,375.5,379.05,375.5,225.26K,0.72
611,2024-06-17,375.95,376.0,377.4,374.8,212.95K,-0.4
612,2024-06-18,379.6,379.15,380.2,377.15,201.09K,0.97
613,2024-06-19,385.7,382.6,385.9,382.25,239.11K,1.61
614,2024-06-20,386.8,385.2,387.9,384.45,211.49K,0.29
615,2024-06-21,383.45,383.25,384.65,381.4,233.60K,-0.87
616,2024-06-24,380.7,381.45,381.9,378.85,230.26K,-0.72
617,2024-06-25,381.95,379.65,382.4,379.15,207.07K,0.33
618,2024-06-26,384.75,380.5,384.75,378.95,240.37K,0.73
619,2024-06-27,383.8,381.7,384.3,379.5,254.64K,-0.25
620,2024-06-28,386.35,385.55,386.35,383.65,234.06K,0.66
621,2024-07-01,386.7,384.3,387.05,383.7,205.82K,0.09
622,2024-07-02,383.5,384.2,386.3,382.7,253.88K,-0.83
623,2024-07-03,385.3,386.0,386.55,382.2,257.13K,0.47
624,2024-07-04,391.05,388.7,391.1,388.15,256.46K,1.49
625,2024-07-05,398.0,390.7,399.55,390.55,344.95K,1.78
626,2024-07-08,396.7,397.1,398.9,396.5,207.88K,-0.33
627,2024-07-09,398.05,398.9,399.7,395.7,222.69K,0.34
628,2024-07-10,398.35,396.5,398.5,395.8,193.25K,0.08
629,2024-07-11,400.55,401.7,402.45,399.1,244.32K,0.55
630,2024-07-12,395.25,396.25,397.85,392.95,296.33K,-1.32
631,2024-07-15,397.25,396.6,397.35,393.6,246.12K,0.51
632,2024-07-16,397.2,395.55,398.65,395.35,253.73K,-0.01
633,2024-07-17,394.2,397.8,398.45,393.6,234.38K,-0.76
634,2024-07-18,390.3,390.0,391.2,387.1,310.66K,-0.99
635,2024-07-19,386.0,387.3,387.45,383.45,232.60K,-1.1
636,2024-07-22,382.2,383.35,386.3,380.2,309.37K,-0.98
637,2024-07-23,383.2,384.5,386.7,382.4,257.76K,0.26
638,2024-07-24,380.95,380.25,383.8,379.15,260.08K,-0.59
639,2024-07-25,374.35,375.35,376.0,372.4,283.44K,-1.73
640,2024-07-26,375.95,373.5,377.15,373.1,256.03K,0.43
641,2024-07-29,380.25,378.95,381.85,377.25,240.07K,1.14
642,2024-07-30,376.9,375.9,377.55,375.2,224.23K,-0.88
643,2024-07-31,382.0,375.7,382.15,374.75,301.12K,1.35
644,2024-08-01,382.55,386.0,386.25,382.1,273.30K,0.14
645,2024-08-02,366.7,374.1,374.7,365.15,373.29K,-4.14
646,2024-08-05,330.45,359.65,360.0,324.6,626.41K,-9.89
647,2024-08-06,340.0,343.9,352.15,338.4,613.04K,2.89
648,2024-08-07,350.5,335.1,353.75,334.3,533.87K,3.09
649,2024-08-08,346.05,343.4,349.6,341.05,437.51K,-1.27
650,2024-08-09,352.95,356.45,356.95,350.05,299.66K,1.99
651,2024-08-12,355.85,353.25,357.4,352.55,212.13K,0.82
652,2024-08-13,357.35,358.15,359.1,355.4,210.72K,0.42
653,2024-08-14,360.95,362.95,363.15,359.35,237.55K,1.01
654,2024-08-16,369.25,368.1,370.0,367.1,242.34K,2.3
655,2024-08-19,365.05,371.0,371.8,364.3,235.29K,-1.14
656,2024-08-20,369.65,371.0,371.45,368.15,194.20K,1.26
657,2024-08-21,369.2,367.45,369.8,366.7,174.99K,-0.12
658,2024-08-22,369.45,371.2,371.25,367.45,192.70K,0.07
659,2024-08-23,368.85,366.0,370.6,365.95,168.12K,-0.16
660,2024-08-26,367.1,369.4,370.8,366.0,206.64K,-0.47
661,2024-08-27,366.35,366.2,367.0,364.4,167.37K,-0.2
662,2024-08-28,367.45,364.95,367.45,362.75,205.08K,0.3
663,2024-08-29,361.65,361.5,362.35,359.05,216.03K,-1.58
664,2024-08-30,362.8,362.6,364.15,361.5,184.89K,0.32
665,2024-09-02,362.7,362.0,363.25,358.35,204.79K,-0.03
666,2024-09-03,359.25,363.05,364.0,359.15,175.82K,-0.95
667,2024-09-04,346.8,349.0,351.2,346.1,354.23K,-3.47
668,2024-09-05,346.1,348.7,351.55,344.2,303.64K,-0.2
669,2024-09-06,342.2,347.0,347.75,340.45,332.10K,-1.13
670,2024-09-09,341.5,334.0,341.8,333.55,288.29K,-0.2
671,2024-09-10,339.15,341.75,342.75,337.75,264.84K,-0.69
672,2024-09-11,335.85,339.8,339.8,332.85,241.46K,-0.97
673,2024-09-12,343.85,340.4,343.1,339.45,126.62K,2.38
674,2024-09-13,345.95,345.4,347.55,343.45,196.00K,0.61
675,2024-09-19,345.75,347.15,348.75,340.6,265.79K,-0.06
676,2024-09-20,346.65,349.25,351.15,346.1,217.69K,0.26
677,2024-09-23,347.45,347.4,348.15,345.7,170.01K,0.23
678,2024-09-24,352.0,347.9,352.0,346.2,260.15K,1.31
679,2024-09-25,346.3,354.6,356.4,346.0,306.20K,-1.62
680,2024-09-26,358.5,352.0,358.6,351.0,266.12K,3.52
681,2024-09-27,355.85,361.2,361.4,355.8,256.59K,-0.74
682,2025-01-23,335.85,335.6,337.5,334.3,177.29K,-5.62
683,2025-01-30,332.5,333.0,334.35,329.7,231.29K,-1.0
684,2025-02-02,323.2,326.5,326.85,320.8,274.59K,-2.8
685,2025-02-03,327.6,328.7,332.2,326.2,280.49K,1.36
686,2025-02-04,331.2,330.05,333.1,329.8,191.98K,1.1
687,2025-02-05,334.5,333.85,335.0,332.1,168.31K,1.0
688,2025-02-06,332.7,334.65,335.3,332.05,158.85K,-0.54
689,2025-02-09,332.4,330.3,333.75,329.0,216.41K,-0.09
690,2025-02-10,335.65,333.3,337.2,333.15,219.64K,0.98
691,2025-02-11,336.35,336.9,337.05,333.05,175.47K,0.21
692,2025-02-12,339.35,337.5,339.75,336.7,201.61K,0.89
693,2025-02-13,341.7,341.1,343.05,339.8,177.77K,0.69
694,2025-02-16,343.75,341.7,344.25,341.45,152.26K,0.6
695,2025-02-17,346.4,344.75,346.95,343.2,177.19K,0.77
696,2025-02-18,353.75,347.4,354.9,347.3,237.42K,2.12
697,2025-02-19,350.7,353.1,353.1,349.8,210.24K,-0.86
698,2025-02-20,350.9,352.2,352.25,348.15,160.41K,0.06
699,2025-02-23,347.5,347.1,348.35,346.0,172.27K,-0.97
700,2025-02-24,346.55,345.2,347.65,343.6,158.64K,-0.27
701,2025-02-25,347.85,346.45,349.25,344.5,166.69K,0.38
702,2025-02-26,346.55,348.55,349.15,344.7,192.79K,-0.37
703,2025-02-27,333.6,342.0,342.05,333.6,309.50K,-3.74
704,2025-03-03,333.05,331.85,336.1,330.0,239.07K,-0.16
705,2025-03-04,336.35,335.5,338.25,333.45,215.57K,0.99
706,2025-03-05,339.7,338.85,340.75,337.2,181.25K,1.0
707,2025-03-06,338.15,336.05,339.65,334.65,174.46K,-0.46
708,2025-03-09,339.2,335.65,339.85,334.7,161.25K,0.31
709,2025-03-10,334.85,331.2,335.8,329.05,228.98K,-1.28
710,2025-03-11,340.7,334.3,341.25,333.2,181.35K,1.75
711,2025-03-12,337.4,340.7,343.65,337.25,115.05K,-0.97
712,2025-03-13,340.2,339.8,340.95,337.7,146.11K,0.83
713,2025-03-16,346.6,342.0,347.35,341.85,193.06K,1.88
714,2025-03-17,348.0,351.2,352.1,346.85,188.12K,0.4
715,2025-03-18,350.5,348.35,352.75,347.3,203.45K,0.72
716,2025-03-19,353.3,351.5,354.45,351.25,188.43K,0.8
717,2025-03-20,354.95,351.0,355.3,350.2,182.00K,0.47
718,2025-03-23,353.65,354.55,355.7,352.2,181.52K,-0.37
719,2025-03-24,352.35,354.65,355.55,351.0,186.57K,-0.37
720,2025-03-25,354.9,352.9,356.0,351.95,184.33K,0.72
721,2025-03-26,350.05,351.8,353.6,350.05,200.24K,-1.37
722,2025-03-27,344.65,349.95,350.0,343.0,227.44K,-1.54
723,2025-03-30,333.8,338.0,338.25,333.55,242.99K,-3.15
724,2025-03-31,339.95,335.45,340.7,335.15,276.44K,1.84
725,2025-04-01,337.4,341.8,342.5,336.1,221.62K,-0.75
726,2025-04-02,332.4,326.05,333.6,324.15,284.98K,-1.48
727,2025-04-03,329.15,327.0,335.8,325.7,362.28K,-0.98
728,2025-04-06,308.5,310.4,315.9,306.65,409.91K,-6.27
729,2025-04-07,310.55,317.5,318.65,309.0,336.82K,0.66
730,2025-04-08,304.65,306.0,310.6,303.15,342.63K,-1.9
731,2025-04-09,324.55,324.8,324.9,318.8,299.60K,6.53
732,2025-04-10,322.35,318.2,323.35,317.7,225.34K,-0.68
733,2025-04-13,325.7,325.8,327.3,324.1,163.69K,1.04
734,2025-04-14,328.55,325.3,329.35,325.1,130.73K,0.88
735,2025-04-15,323.85,326.9,327.75,323.15,150.28K,-1.43
736,2025-04-16,326.35,322.8,327.2,322.65,164.92K,0.77
737,2025-04-17,328.95,326.0,329.05,325.75,102.32K,0.8
738,2025-04-20,328.7,327.5,330.8,327.45,145.21K,-0.08
739,2025-04-21,328.55,327.0,329.9,326.5,146.19K,-0.05
740,2025-04-22,334.8,333.0,334.85,332.0,160.27K,1.9
741,2025-04-23,333.5,335.6,335.75,331.5,142.51K,-0.39
742,2025-04-24,337.4,337.95,338.55,335.75,169.86K,1.17
743,2025-04-27,337.5,337.3,338.75,336.55,135.13K,0.03
744,2025-04-28,339.75,338.35,341.35,336.9,146.95K,0.67
745,2025-04-29,338.85,339.55,340.6,337.05,169.63K,-0.26
746,2025-05-01,339.3,338.6,340.4,336.1,179.76K,0.13
747,2025-05-06,341.1,341.5,343.3,339.55,181.28K,0.53
748,2025-05-07,341.45,341.3,343.9,341.2,180.63K,0.1
749,2025-05-08,341.4,341.4,343.3,340.6,137.09K,-0.01
750,2025-05-11,346.3,344.6,346.65,343.3,156.56K,1.44
751,2025-05-12,347.6,348.6,349.55,346.55,160.24K,0.38
752,2025-05-13,352.0,350.15,353.6,349.65,176.92K,1.27
753,2025-05-14,349.35,351.0,352.7,348.8,156.47K,-0.75
754,2025-05-15,350.4,350.55,351.6,349.6,119.11K,0.3
755,2025-05-18,346.05,349.0,349.4,345.2,163.77K,-1.24
756,2025-05-19,347.35,349.95,350.25,346.85,137.61K,0.38
757,2025-05-20,349.0,348.0,351.3,347.7,157.54K,0.48
758,2025-05-21,344.3,347.5,347.7,343.9,173.68K,-1.35
759,2025-05-22,345.15,343.9,346.6,343.9,133.26K,0.25
760,2025-05-25,350.1,345.95,350.9,345.6,184.68K,1.43
761,2025-05-26,351.45,350.1,351.95,349.2,135.31K,0.39
762,2025-05-27,356.8,352.55,359.7,352.15,254.87K,1.52
763,2025-05-28,363.4,360.0,363.8,358.9,243.17K,1.85
764,2025-05-29,360.1,360.85,363.1,359.15,200.56K,-0.91
765,2025-05-30,359.15,359.0,363.2,357.9,213.05K,-0.26
766,2025-06-03,370.05,364.9,370.05,363.6,212.02K,3.03
767,2025-06-04,376.1,373.0,380.1,372.0,288.24K,1.63
768,2025-06-08,382.55,378.5,385.05,378.4,254.43K,1.71
769,2025-06-09,384.5,385.9,386.95,381.45,239.66K,0.51
770,2025-06-10,390.1,385.5,390.45,385.15,203.92K,1.46
771,2025-06-11,391.45,390.95,393.9,389.2,105.37K,0.35
772,2025-06-12,387.8,393.0,394.3,385.8,259.42K,-0.93
773,2025-06-13,394.2,390.2,395.3,386.55,246.80K,1.65
774,2025-06-16,396.0,397.25,403.35,393.3,310.16K,0.46
775,2025-06-17,399.4,393.7,400.9,392.15,239.20K,0.86
776,2025-06-18,399.25,400.4,402.95,396.55,227.95K,-0.04
777,2025-06-19,405.15,400.0,405.85,399.45,222.76K,1.48
778,2025-06-20,404.55,401.05,405.5,397.75,256.10K,-0.15
779,2025-06-23,418.7,410.35,418.7,409.4,270.31K,3.5
780,2025-06-24,419.55,420.85,422.85,415.8,262.47K,0.2
781,2025-06-25,415.6,419.85,421.15,410.4,284.88K,-0.94
782,2025-06-26,413.45,417.5,418.25,411.65,220.92K,-0.52
783,2025-06-27,416.15,413.25,418.2,413.25,210.38K,0.65
784,2025-06-30,416.9,415.9,424.15,415.85,243.31K,0.18
785,2025-07-01,415.1,417.45,418.25,409.95,246.65K,-0.43
786,2025-07-02,421.55,417.3,421.9,416.6,219.07K,1.55
787,2025-07-03,413.25,424.5,424.7,413.1,257.54K,-1.97
788,2025-07-04,413.75,411.15,415.5,409.35,234.04K,0.12
789,2025-07-07,421.65,412.1,422.3,412.05,246.16K,1.91
790,2025-07-08,422.85,422.0,423.8,419.65,173.54K,0.28
791,2025-07-09,428.3,424.2,428.7,422.1,226.29K,1.29
792,2025-07-10,428.5,430.25,434.8,427.8,240.17K,0.05
793,2025-07-11,432.4,426.25,433.2,425.95,194.56K,0.91
794,2025-07-14,435.35,432.7,435.5,429.6,230.91K,0.68
795,2025-07-15,430.55,432.7,434.25,429.65,181.04K,-1.1
796,2025-07-16,431.8,432.7,433.3,426.15,236.39K,0.29
797,2025-07-17,431.55,434.0,434.4,429.15,180.54K,-0.06
798,2025-07-18,434.65,429.6,435.6,429.55,152.95K,0.72
799,2025-07-21,429.0,435.15,436.55,426.8,224.20K,-1.3
800,2025-07-22,430.4,429.85,432.8,424.9,239.03K,0.33
801,2025-07-23,429.3,432.7,437.75,429.3,268.23K,-0.26
802,2025-07-24,431.1,429.05,432.75,428.3,183.00K,0.42
803,2025-07-25,432.65,431.5,436.1,428.7,215.30K,0.36
804,2025-07-28,436.2,432.3,436.85,427.3,222.73K,0.82
805,2025-07-29,439.95,435.5,442.7,434.4,231.59K,0.86
806,2025-07-30,437.9,443.5,444.85,436.7,238.34K,-0.47
807,2025-07-31,420.4,432.8,433.3,420.05,283.90K,-4.0
808,2025-08-01,425.5,420.4,426.75,418.65,236.96K,1.21
809,2025-08-04,431.75,428.55,433.95,428.1,199.58K,1.47
810,2025-08-05,431.3,428.55,431.3,427.4,151.55K,-0.1
811,2025-08-06,434.8,433.2,434.95,430.55,175.00K,0.81
812,2025-08-07,433.85,435.8,436.4,432.2,180.60K,-0.22
813,2025-08-08,433.55,435.5,435.9,432.2,150.30K,-0.07
814,2025-08-11,432.2,433.8,439.25,431.7,203.77K,-0.31
815,2025-08-12,437.05,435.8,437.15,432.2,171.54K,1.12
816,2025-08-13,436.0,437.45,439.0,434.65,161.91K,-0.24
817,2025-08-15,429.7,435.15,435.5,429.3,164.20K,-1.44
818,2025-08-18,426.45,430.6,431.8,425.3,192.57K,-0.76
819,2025-08-19,424.0,421.95,424.3,417.3,274.69K,-0.57
820,2025-08-20,425.4,425.6,428.4,424.15,191.45K,0.33
821,2025-08-21,428.2,426.45,430.7,426.25,172.74K,0.66
822,2025-08-22,433.75,433.85,433.95,430.15,176.73K,1.3
823,2025-08-25,429.4,432.85,433.05,428.65,192.09K,-1.0
824,2025-08-26,430.6,431.65,431.8,426.85,163.05K,0.28
825,2025-08-27,432.65,428.5,434.4,426.5,181.89K,0.48
826,2025-08-28,430.6,434.3,434.7,430.25,155.10K,-0.47
827,2025-08-29,423.5,423.5,423.5,423.5,169.35K,-1.65
828,2025-09-01,428.1,424.65,428.5,423.65,175.60K,1.09
829,2025-09-02,429.95,429.95,429.95,429.95,162.22K,0.43
830,2025-09-03,431.15,430.75,433.35,429.3,198.05K,0.28
831,2025-09-04,433.6,433.65,434.75,431.7,156.23K,0.57
832,2025-09-05,435.15,433.95,435.65,432.9,160.67K,0.36
833,2025-09-08,441.1,436.35,441.5,434.95,190.30K,1.37
834,2025-09-09,449.95,442.85,451.15,441.9,228.67K,2.01
835,2025-09-10,454.85,452.15,456.2,450.8,116.10K,1.09
836,2025-09-11,464.4,460.75,464.5,458.5,208.88K,2.1
837,2025-09-12,466.45,466.8,469.1,464.05,224.78K,0.44
838,2025-09-15,473.9,467.2,474.85,466.3,208.58K,1.6
839,2025-09-16,468.3,472.1,472.55,466.95,214.66K,-1.18
840,2025-09-17,475.95,471.6,476.75,469.4,224.04K,1.63
841,2025-09-18,474.7,478.0,478.45,473.25,197.39K,-0.26
842,2025-09-19,478.85,475.4,481.85,475.35,230.32K,0.87
843,2025-09-22,482.85,483.0,484.3,479.55,205.34K,0.84
844,2025-09-23,481.05,481.65,484.8,477.0,233.20K,-0.37
845,2025-09-24,481.1,478.0,482.65,477.65,225.55K,0.01
846,2025-09-25,469.4,479.0,479.05,466.2,328.65K,-2.43
847,2025-09-26,477.05,471.1,478.1,471.05,216.15K,1.63
848,2025-09-29,475.85,478.0,478.95,474.8,206.38K,-0.25
849,2025-09-30,480.45,477.8,481.45,476.95,206.44K,0.97
850,2025-10-01,495.15,488.6,500.1,488.35,345.14K,3.06
851,2025-10-09,507.85,505.0,509.95,501.2,236.18K,2.56
852,2025-10-10,501.7,493.6,502.8,492.85,291.25K,-1.21
853,2025-10-13,497.25,509.45,512.4,493.6,395.58K,-0.89
854,2025-10-14,511.5,502.25,511.95,499.35,229.07K,2.87
855,2025-10-15,524.6,512.9,525.15,510.7,281.69K,2.56
856,2025-10-16,525.8,522.7,533.5,521.3,311.13K,0.23
857,2025-10-17,536.15,532.0,536.15,522.45,268.09K,1.97
858,2025-10-20,537.2,541.65,548.25,535.5,310.03K,0.2
859,2025-10-21,543.35,536.0,543.5,530.05,263.72K,1.14
860,2025-10-22,537.05,536.55,546.25,533.15,309.08K,-1.16
861,2025-10-23,551.45,545.05,552.55,542.6,225.93K,2.68
862,2025-10-24,566.5,560.55,566.7,557.35,248.35K,2.73
863,2025-10-27,561.15,566.85,566.85,555.0,245.74K,-0.94
864,2025-10-28,573.05,567.3,573.05,560.1,294.25K,2.12
865,2025-10-29,574.2,577.0,583.6,572.3,408.38K,0.2
866,2025-10-30,581.15,576.3,581.85,571.25,263.89K,1.21
867,2025-10-31,598.95,581.45,599.25,580.7,259.26K,3.06
868,2025-11-03,583.15,603.65,603.9,581.7,312.08K,-2.64
869,2025-11-04,565.5,576.0,577.35,544.4,450.18K,-3.03
870,2025-11-05,569.15,580.45,582.0,562.25,334.52K,0.65
871,2025-11-06,558.7,560.95,571.0,549.25,315.20K,-1.84
872,2025-11-07,576.9,561.9,579.7,561.7,233.85K,3.26
873,2025-11-10,581.7,583.15,594.9,576.2,301.09K,0.83
874,2025-11-11,587.7,582.3,589.05,577.9,205.93K,1.03
875,2025-11-13,563.05,576.5,576.5,563.05,234.14K,-4.19
876,2025-11-14,575.55,572.75,577.25,569.95,213.53K,2.22
877,2025-11-17,556.55,568.5,574.15,556.4,276.18K,-3.3
878,2025-11-18,553.45,556.75,560.0,542.35,312.69K,-0.56
879,2025-11-19,566.0,568.6,574.15,564.05,247.64K,2.27
880,2025-11-20,541.3,542.0,545.55,538.2,269.07K,-4.36
881,2025-11-21,542.5,549.5,552.75,540.25,276.78K,0.22
882,2025-11-24,545.8,555.6,558.4,541.05,246.37K,0.61
883,2025-11-25,559.75,550.6,559.85,545.75,194.31K,2.56
884,2025-11-26,563.15,564.0,570.2,560.7,206.94K,0.61
885,2025-11-27,555.9,564.55,567.55,554.1,174.62K,-1.29
886,2025-11-28,553.4,559.1,562.9,549.1,222.22K,-0.45
887,2025-12-01,565.45,558.0,566.65,556.55,152.72K,2.18
888,2025-12-02,571.25,569.9,574.65,564.35,188.68K,1.03
889,2025-12-03,570.3,570.55,570.75,562.65,166.90K,-0.17
890,2025-12-04,580.4,567.4,581.2,565.45,172.49K,1.77
891,2025-12-05,588.7,583.3,588.85,577.35,172.92K,1.43
892,2025-12-08,585.1,586.25,588.9,582.9,141.14K,-0.61
893,2025-12-09,585.2,587.0,591.55,583.9,156.89K,0.02
894,2025-12-10,579.9,591.55,592.35,578.75,96.27K,-0.91
895,2025-12-11,589.05,584.8,589.75,581.0,174.73K,1.58
896,2025-12-12,575.05,576.0,580.0,572.2,178.45K,-2.38
897,2025-12-15,563.6,574.85,576.45,562.0,185.91K,-1.99
898,2025-12-16,573.7,566.7,573.7,561.7,186.23K,1.79
899,2025-12-17,566.15,566.95,570.9,562.05,209.49K,-1.32
900,2025-12-18,571.0,573.9,576.85,566.85,173.68K,0.86
901,2025-12-19,583.45,580.35,583.7,579.6,144.49K,2.18
902,2025-12-22,584.85,584.0,589.6,583.95,126.56K,0.24
903,2025-12-23,584.8,589.0,589.4,584.2,108.49K,-0.01
904,2025-12-25,589.95,587.45,593.15,586.2,129.30K,0.88
