,date,krw,open,high,low,vol,krw_cr
0,2020-01-01,1154.02,1155.07,1155.32,1154.08,0.14K,0.00%
1,2020-01-02,1157.35,1155.02,1161.15,1153.48,13.75K,+0.29%
2,2020-01-03,1164.95,1157.94,1168.83,1155.7,20.09K,+0.66%
3,2020-01-06,1166.94,1165.89,1172.99,1165.78,15.97K,+0.17%
4,2020-01-07,1167.3,1167.54,1168.82,1163.11,17.43K,+0.03%
5,2020-01-08,1162.25,1168.3,1179.67,1160.5,19.10K,-0.43%
6,2020-01-09,1158.72,1162.49,1163.55,1157.41,19.51K,-0.30%
7,2020-01-10,1157.97,1159.73,1164.16,1157.55,18.66K,-0.06%
8,2020-01-13,1153.95,1158.92,1159.57,1153.13,17.59K,-0.35%
9,2020-01-14,1157.2,1154.95,1159.66,1150.3,18.10K,+0.28%
10,2020-01-15,1157.91,1158.2,1162.8,1155.85,15.58K,+0.06%
11,2020-01-16,1159.73,1158.91,1161.97,1156.5,15.60K,+0.16%
12,2020-01-17,1160.44,1160.73,1161.93,1155.97,15.35K,+0.06%
13,2020-01-20,1158.61,1161.46,1162.2,1155.87,13.21K,-0.16%
14,2020-01-21,1169.01,1159.61,1170.77,1157.94,17.20K,+0.90%
15,2020-01-22,1164.76,1170.01,1170.2,1162.02,19.32K,-0.36%
16,2020-01-23,1168.54,1165.76,1170.77,1164.29,16.80K,+0.32%
17,2020-01-24,1169.2,1168.6,1171.06,1166.02,8.24K,+0.06%
18,2020-01-27,1176.7,1170.24,1179.71,1170.09,6.62K,+0.64%
19,2020-01-28,1175.71,1177.7,1181.88,1174.96,16.33K,-0.08%
20,2020-01-29,1178.68,1176.21,1180.43,1173.73,16.56K,+0.25%
21,2020-01-30,1187.64,1179.68,1193.67,1178.22,22.10K,+0.76%
22,2020-01-31,1194.97,1188.64,1198.55,1183.88,23.98K,+0.62%
23,2020-02-03,1189.79,1195.96,1199.44,1190.17,17.83K,-0.43%
24,2020-02-04,1182.9,1190.81,1194.28,1183.24,21.72K,-0.58%
25,2020-02-05,1183.4,1183.9,1192.9,1180.18,22.64K,+0.04%
26,2020-02-06,1185.28,1184.4,1186.77,1177.71,20.26K,+0.16%
27,2020-02-07,1191.39,1186.28,1196.29,1184.72,19.80K,+0.52%
28,2020-02-10,1187.17,1192.39,1194.5,1185.33,19.98K,-0.35%
29,2020-02-11,1181.25,1188.17,1188.57,1180.42,16.26K,-0.50%
30,2020-02-12,1178.51,1182.29,1184.21,1176.06,19.34K,-0.23%
31,2020-02-13,1183.58,1179.51,1185.02,1178.24,19.16K,+0.43%
32,2020-02-14,1182.46,1184.59,1185.85,1180.48,15.29K,-0.09%
33,2020-02-17,1185.25,1183.44,1185.88,1179.19,46.90K,+0.24%
34,2020-02-18,1190.95,1185.38,1192.48,1184.28,47.61K,+0.48%
35,2020-02-19,1192.5,1191.05,1193.9,1187.5,51.43K,+0.13%
36,2020-02-20,1204.71,1193.0,1208.99,1191.42,62.65K,+1.02%
37,2020-02-21,1206.91,1205.21,1215.27,1202.94,63.98K,+0.18%
38,2020-02-24,1219.08,1206.97,1222.96,1206.97,53.20K,+1.01%
39,2020-02-25,1215.54,1219.17,1220.33,1208.84,61.76K,-0.29%
40,2020-02-26,1212.31,1216.04,1220.63,1211.83,59.86K,-0.27%
41,2020-02-27,1212.63,1212.81,1218.82,1206.76,62.56K,+0.03%
42,2020-02-28,1200.2,1212.68,1218.56,1199.59,61.58K,-1.03%
43,2020-03-02,1189.61,1200.21,1207.63,1188.56,59.02K,-0.88%
44,2020-03-03,1180.5,1189.71,1196.21,1178.81,51.85K,-0.77%
45,2020-03-04,1184.73,1181.0,1188.98,1181.0,55.96K,+0.36%
46,2020-03-05,1188.72,1185.23,1193.08,1179.84,52.64K,+0.34%
47,2020-03-06,1188.7,1188.82,1194.72,1184.96,41.10K,0.00%
48,2020-03-09,1200.88,1188.7,1206.6,1188.6,60.12K,+1.02%
49,2020-03-10,1185.6,1200.94,1202.3,1185.03,59.63K,-1.27%
50,2020-03-11,1192.57,1185.75,1197.95,1184.43,44.19K,+0.59%
51,2020-03-12,1210.71,1192.71,1214.17,1191.15,51.16K,+1.52%
52,2020-03-13,1211.28,1211.21,1226.77,1205.48,34.23K,+0.05%
53,2020-03-16,1232.37,1211.7,1233.72,1209.31,30.05K,+1.74%
54,2020-03-17,1239.72,1232.87,1247.21,1232.45,35.38K,+0.60%
55,2020-03-18,1256.46,1239.76,1269.15,1231.6,41.92K,+1.35%
56,2020-03-19,1257.86,1256.5,1292.93,1247.45,33.25K,+0.11%
57,2020-03-20,1254.45,1258.36,1264.6,1237.22,45.43K,-0.27%
58,2020-03-23,1272.5,1254.85,1283.05,1254.4,22.82K,+1.44%
59,2020-03-24,1233.21,1273.0,1273.04,1232.9,38.89K,-3.09%
60,2020-03-25,1232.0,1234.21,1239.08,1226.07,40.76K,-0.10%
61,2020-03-26,1212.9,1233.0,1235.43,1212.48,48.49K,-1.55%
62,2020-03-27,1212.23,1213.4,1227.29,1205.31,49.65K,-0.06%
63,2020-03-30,1224.21,1212.73,1227.21,1212.18,58.60K,+0.99%
64,2020-03-31,1218.3,1224.71,1225.21,1214.28,58.99K,-0.48%
65,2020-04-01,1236.2,1218.8,1239.27,1216.8,65.62K,+1.47%
66,2020-04-02,1227.35,1236.7,1243.29,1225.56,70.02K,-0.72%
67,2020-04-03,1235.61,1227.85,1240.65,1224.18,57.31K,+0.67%
68,2020-04-06,1224.6,1236.42,1239.51,1223.58,56.55K,-0.89%
69,2020-04-07,1214.93,1224.64,1225.56,1208.79,66.62K,-0.79%
70,2020-04-08,1215.76,1215.43,1223.19,1214.09,67.53K,+0.07%
71,2020-04-09,1210.58,1216.26,1222.36,1208.67,66.02K,-0.43%
72,2020-04-10,1211.05,1211.11,1216.1,1206.64,39.29K,+0.04%
73,2020-04-13,1215.46,1212.04,1221.7,1211.59,42.23K,+0.36%
74,2020-04-14,1212.46,1215.97,1219.45,1211.31,58.54K,-0.25%
75,2020-04-15,1224.68,1212.5,1225.77,1209.61,27.94K,+1.01%
76,2020-04-16,1228.94,1224.72,1230.53,1222.94,56.32K,+0.35%
77,2020-04-17,1216.13,1228.98,1229.45,1213.95,60.90K,-1.04%
78,2020-04-20,1220.58,1216.26,1222.63,1214.71,55.36K,+0.37%
79,2020-04-21,1232.56,1220.62,1241.82,1220.12,78.23K,+0.98%
80,2020-04-22,1233.55,1233.53,1237.91,1229.92,71.34K,+0.08%
81,2020-04-23,1233.04,1234.05,1237.23,1227.72,70.47K,-0.04%
82,2020-04-24,1230.53,1233.54,1238.24,1229.93,64.31K,-0.20%
83,2020-04-27,1222.05,1230.5,1235.1,1220.81,65.80K,-0.69%
84,2020-04-28,1221.31,1222.64,1227.95,1216.86,62.34K,-0.06%
85,2020-04-29,1210.99,1221.81,1223.45,1210.42,58.71K,-0.84%
86,2020-04-30,1212.94,1211.1,1215.69,1203.52,27.57K,+0.16%
87,2020-05-01,1224.89,1213.94,1225.87,1213.1,22.80K,+0.99%
88,2020-05-04,1224.14,1224.8,1230.53,1223.36,52.19K,-0.06%
89,2020-05-05,1222.47,1224.18,1224.82,1218.2,25.12K,-0.14%
90,2020-05-06,1228.55,1222.57,1230.03,1220.57,64.13K,+0.50%
91,2020-05-07,1219.61,1229.6,1230.06,1217.08,47.13K,-0.73%
92,2020-05-08,1219.65,1220.11,1221.82,1214.51,37.85K,0.00%
93,2020-05-11,1222.91,1219.7,1226.18,1214.18,52.11K,+0.27%
94,2020-05-12,1226.64,1223.41,1228.95,1220.19,52.04K,+0.31%
95,2020-05-13,1227.37,1226.84,1229.4,1222.17,50.35K,+0.06%
96,2020-05-14,1227.03,1227.51,1234.03,1226.12,53.10K,-0.03%
97,2020-05-15,1232.69,1227.53,1235.58,1226.3,48.71K,+0.46%
98,2020-05-18,1225.13,1233.09,1235.04,1224.44,47.73K,-0.61%
99,2020-05-19,1225.04,1225.27,1227.55,1221.06,52.17K,-0.01%
100,2020-05-20,1227.26,1225.18,1232.7,1224.17,50.46K,+0.18%
101,2020-05-21,1233.19,1227.4,1234.52,1226.44,50.90K,+0.48%
102,2020-05-22,1240.59,1233.27,1244.51,1232.81,52.07K,+0.60%
103,2020-05-25,1240.45,1240.56,1244.89,1237.61,30.87K,-0.01%
104,2020-05-26,1230.9,1240.95,1242.7,1230.11,57.29K,-0.77%
105,2020-05-27,1238.19,1230.99,1239.51,1230.43,58.11K,+0.59%
106,2020-05-28,1237.97,1238.26,1242.59,1233.71,51.60K,-0.02%
107,2020-05-29,1231.49,1238.03,1240.7,1230.18,52.52K,-0.52%
108,2020-06-01,1222.92,1231.47,1232.19,1221.74,47.88K,-0.70%
109,2020-06-02,1219.62,1223.05,1227.33,1216.33,49.13K,-0.27%
110,2020-06-03,1215.79,1220.12,1220.67,1214.12,50.24K,-0.31%
111,2020-06-04,1216.39,1215.95,1220.2,1212.94,44.71K,+0.05%
112,2020-06-05,1202.02,1216.54,1218.76,1200.35,54.70K,-1.18%
113,2020-06-08,1195.35,1201.85,1205.88,1193.92,49.93K,-0.55%
114,2020-06-09,1198.4,1195.9,1202.93,1194.99,49.07K,+0.26%
115,2020-06-10,1190.67,1198.52,1200.79,1184.24,53.90K,-0.65%
116,2020-06-11,1206.1,1190.79,1208.4,1188.11,59.84K,+1.30%
117,2020-06-12,1203.66,1206.2,1210.48,1200.61,54.12K,-0.20%
118,2020-06-15,1208.55,1203.61,1217.13,1203.16,59.18K,+0.41%
119,2020-06-16,1211.79,1208.65,1215.22,1204.09,58.12K,+0.27%
120,2020-06-17,1215.41,1212.29,1219.26,1210.35,74.25K,+0.30%
121,2020-06-18,1212.5,1215.53,1218.09,1207.76,78.66K,-0.24%
122,2020-06-19,1211.83,1212.6,1214.16,1205.62,65.86K,-0.06%
123,2020-06-22,1209.41,1211.89,1216.35,1208.77,70.16K,-0.20%
124,2020-06-23,1207.46,1209.53,1216.4,1205.47,75.08K,-0.16%
125,2020-06-24,1206.08,1208.45,1208.87,1198.71,76.02K,-0.11%
126,2020-06-25,1202.21,1206.2,1209.08,1200.91,71.68K,-0.32%
127,2020-06-26,1203.8,1202.36,1204.83,1197.0,65.77K,+0.13%
128,2020-06-29,1199.16,1203.63,1205.96,1197.46,72.88K,-0.39%
129,2020-06-30,1199.28,1199.66,1204.68,1195.09,85.06K,+0.01%
130,2020-07-01,1201.51,1199.44,1205.05,1197.92,60.02K,+0.19%
131,2020-07-02,1198.75,1201.67,1204.15,1196.68,79.44K,-0.23%
132,2020-07-03,1198.93,1199.25,1202.47,1197.77,64.02K,+0.02%
133,2020-07-06,1191.92,1199.66,1200.1,1191.11,75.28K,-0.58%
134,2020-07-07,1196.75,1192.04,1197.78,1189.23,81.97K,+0.41%
135,2020-07-08,1192.05,1196.84,1199.53,1192.08,78.51K,-0.39%
136,2020-07-09,1196.98,1192.68,1199.13,1191.04,86.07K,+0.41%
137,2020-07-10,1200.42,1197.06,1206.03,1196.18,59.25K,+0.29%
138,2020-07-13,1203.37,1200.52,1204.48,1198.69,50.82K,+0.25%
139,2020-07-14,1204.89,1203.87,1208.74,1203.07,63.68K,+0.13%
140,2020-07-15,1200.5,1205.01,1205.49,1198.81,44.81K,-0.36%
141,2020-07-16,1205.11,1201.0,1207.6,1200.08,36.42K,+0.38%
142,2020-07-17,1203.44,1205.23,1207.35,1202.92,36.08K,-0.14%
143,2020-07-20,1200.9,1203.53,1206.93,1200.46,42.13K,-0.21%
144,2020-07-21,1193.92,1201.02,1202.02,1192.34,48.13K,-0.58%
145,2020-07-22,1197.22,1194.03,1199.91,1192.29,43.86K,+0.28%
146,2020-07-23,1201.45,1197.38,1203.85,1195.58,42.83K,+0.35%
147,2020-07-24,1201.5,1201.95,1204.59,1198.71,42.86K,0.00%
148,2020-07-27,1195.57,1201.49,1202.32,1194.12,44.04K,-0.49%
149,2020-07-28,1199.46,1196.07,1202.16,1190.1,53.23K,+0.33%
150,2020-07-29,1189.79,1199.54,1200.05,1189.76,39.49K,-0.81%
151,2020-07-30,1189.62,1190.04,1198.22,1187.59,32.73K,-0.01%
152,2020-07-31,1193.59,1189.73,1196.11,1186.27,49.12K,+0.33%
153,2020-08-03,1192.59,1194.1,1196.79,1191.31,41.04K,-0.08%
154,2020-08-04,1193.2,1192.7,1197.12,1191.18,37.52K,+0.05%
155,2020-08-05,1186.05,1193.32,1193.81,1183.31,55.22K,-0.60%
156,2020-08-06,1183.5,1186.24,1187.47,1182.51,76.29K,-0.22%
157,2020-08-07,1188.68,1184.0,1191.28,1183.07,70.30K,+0.44%
158,2020-08-10,1185.58,1189.19,1189.64,1183.9,57.16K,-0.26%
159,2020-08-11,1185.62,1186.08,1187.97,1181.69,59.85K,0.00%
160,2020-08-12,1183.23,1186.12,1187.77,1182.33,61.41K,-0.20%
161,2020-08-13,1184.92,1183.74,1186.32,1181.24,52.16K,+0.14%
162,2020-08-14,1186.94,1185.15,1188.06,1183.92,52.38K,+0.17%
163,2020-08-17,1183.19,1185.9,1187.27,1183.63,121.83K,-0.32%
164,2020-08-18,1182.7,1184.14,1186.7,1182.89,576.60K,-0.04%
165,2020-08-19,1181.74,1183.79,1184.57,1176.04,294.28K,-0.08%
166,2020-08-20,1185.24,1182.24,1190.91,1181.53,65.38K,+0.30%
167,2020-08-21,1191.72,1185.36,1193.51,1183.1,64.56K,+0.55%
168,2020-08-24,1188.66,1192.12,1193.03,1186.47,60.74K,-0.26%
169,2020-08-25,1187.35,1189.04,1190.22,1184.7,65.13K,-0.11%
170,2020-08-26,1184.39,1187.48,1188.94,1184.16,74.94K,-0.25%
171,2020-08-27,1187.44,1184.79,1188.51,1182.82,64.71K,+0.26%
172,2020-08-28,1180.48,1187.56,1188.29,1180.03,75.99K,-0.59%
173,2020-08-31,1187.94,1180.51,1188.87,1178.91,58.42K,+0.63%
174,2020-09-01,1185.45,1188.07,1188.69,1181.68,75.92K,-0.21%
175,2020-09-02,1189.13,1185.58,1191.71,1184.18,74.76K,+0.31%
176,2020-09-03,1191.48,1189.63,1192.56,1185.47,68.83K,+0.20%
177,2020-09-04,1187.3,1191.73,1193.21,1186.94,74.82K,-0.35%
178,2020-09-07,1187.27,1187.33,1189.67,1185.85,60.57K,0.00%
179,2020-09-08,1190.1,1187.77,1190.87,1185.8,72.11K,+0.24%
180,2020-09-09,1184.79,1190.23,1191.79,1184.05,72.06K,-0.45%
181,2020-09-10,1188.11,1184.92,1188.73,1183.88,75.54K,+0.28%
182,2020-09-11,1187.89,1188.21,1190.27,1185.6,65.53K,-0.02%
183,2020-09-14,1181.51,1187.99,1188.86,1180.21,49.04K,-0.54%
184,2020-09-15,1179.76,1181.89,1183.53,1176.74,60.73K,-0.15%
185,2020-09-16,1172.88,1180.26,1181.93,1169.9,64.89K,-0.58%
186,2020-09-17,1169.2,1172.97,1178.18,1168.43,65.50K,-0.31%
187,2020-09-18,1164.81,1169.7,1170.78,1159.4,70.09K,-0.38%
188,2020-09-21,1163.61,1165.0,1168.31,1156.46,78.70K,-0.10%
189,2020-09-22,1163.61,1164.84,1166.03,1158.93,81.39K,0.00%
190,2020-09-23,1170.65,1163.65,1172.46,1160.69,83.26K,+0.61%
191,2020-09-24,1169.1,1170.78,1176.31,1167.08,83.16K,-0.13%
192,2020-09-25,1174.32,1169.6,1178.03,1168.35,80.69K,+0.45%
193,2020-09-28,1166.85,1174.44,1175.23,1166.81,70.88K,-0.64%
194,2020-09-29,1168.73,1167.35,1171.6,1166.38,74.57K,+0.16%
195,2020-09-30,1164.65,1168.82,1171.58,1163.73,76.91K,-0.35%
196,2020-10-01,1162.83,1164.75,1165.84,1160.7,79.02K,-0.16%
197,2020-10-02,1166.26,1162.93,1168.28,1162.18,79.70K,+0.29%
198,2020-10-05,1157.12,1166.35,1167.33,1156.59,66.37K,-0.78%
199,2020-10-06,1164.37,1157.29,1166.07,1156.42,80.64K,+0.63%
200,2020-10-07,1157.26,1164.87,1166.56,1156.14,79.12K,-0.61%
201,2020-10-08,1151.11,1157.38,1159.31,1150.43,72.65K,-0.53%
202,2020-10-09,1143.52,1151.22,1151.87,1141.86,68.47K,-0.66%
203,2020-10-12,1147.79,1143.65,1152.14,1143.11,70.78K,+0.37%
204,2020-10-13,1148.3,1148.29,1151.93,1144.46,73.53K,+0.04%
205,2020-10-14,1147.14,1148.8,1150.0,1142.28,79.49K,-0.10%
206,2020-10-15,1145.14,1147.2,1149.46,1141.53,76.66K,-0.17%
207,2020-10-16,1142.13,1145.23,1148.14,1140.73,76.61K,-0.26%
208,2020-10-19,1140.06,1142.21,1143.96,1137.26,74.91K,-0.18%
209,2020-10-20,1138.39,1140.63,1141.88,1137.25,73.77K,-0.15%
210,2020-10-21,1132.54,1138.77,1140.1,1130.61,79.61K,-0.51%
211,2020-10-22,1134.74,1133.07,1137.55,1131.96,74.96K,+0.19%
212,2020-10-23,1127.95,1135.14,1136.94,1126.23,71.12K,-0.60%
213,2020-10-26,1132.44,1128.45,1134.16,1127.06,76.52K,+0.40%
214,2020-10-27,1129.21,1132.51,1133.43,1124.69,80.59K,-0.29%
215,2020-10-28,1134.93,1129.28,1138.97,1126.57,92.39K,+0.51%
216,2020-10-29,1130.06,1135.14,1136.08,1130.19,84.95K,-0.43%
217,2020-10-30,1136.49,1130.56,1139.16,1126.23,98.58K,+0.57%
218,2020-11-02,1132.95,1136.6,1137.6,1132.59,79.99K,-0.31%
219,2020-11-03,1131.32,1133.1,1137.16,1129.79,82.69K,-0.14%
220,2020-11-04,1127.65,1131.39,1147.82,1125.47,128.26K,-0.32%
221,2020-11-05,1122.88,1129.66,1134.41,1121.6,109.83K,-0.42%
222,2020-11-06,1121.4,1123.38,1127.18,1118.45,95.05K,-0.13%
223,2020-11-09,1119.06,1121.91,1122.35,1110.42,94.67K,-0.21%
224,2020-11-10,1117.07,1119.45,1120.29,1113.6,97.55K,-0.18%
225,2020-11-11,1112.39,1117.2,1118.13,1108.93,83.44K,-0.42%
226,2020-11-12,1114.86,1112.49,1116.31,1110.46,87.36K,+0.22%
227,2020-11-13,1107.62,1115.03,1117.12,1107.03,81.50K,-0.65%
228,2020-11-16,1107.04,1108.25,1110.56,1105.09,85.38K,-0.05%
229,2020-11-17,1105.38,1107.16,1108.39,1103.98,92.28K,-0.15%
230,2020-11-18,1106.17,1105.79,1107.84,1101.61,97.12K,+0.07%
231,2020-11-19,1113.59,1106.67,1119.09,1106.08,109.04K,+0.67%
232,2020-11-20,1114.95,1114.09,1117.87,1112.31,89.05K,+0.12%
233,2020-11-23,1113.51,1115.08,1116.82,1109.91,94.07K,-0.13%
234,2020-11-24,1110.24,1114.01,1114.68,1108.08,100.43K,-0.29%
235,2020-11-25,1106.21,1110.64,1111.51,1104.69,92.51K,-0.36%
236,2020-11-26,1105.57,1106.33,1108.77,1103.13,83.01K,-0.06%
237,2020-11-27,1104.43,1106.07,1107.47,1102.43,60.06K,-0.10%
238,2020-11-30,1109.32,1105.02,1110.34,1103.2,74.11K,+0.44%
239,2020-12-01,1105.73,1109.82,1110.35,1105.2,72.74K,-0.32%
240,2020-12-02,1100.02,1106.23,1107.01,1099.22,71.21K,-0.52%
241,2020-12-03,1092.08,1100.16,1101.91,1089.7,55.40K,-0.72%
242,2020-12-04,1083.77,1092.2,1093.71,1080.57,56.77K,-0.76%
243,2020-12-07,1083.53,1083.87,1088.35,1080.39,47.91K,-0.02%
244,2020-12-08,1084.86,1084.53,1087.79,1082.49,45.58K,+0.12%
245,2020-12-09,1086.48,1085.79,1088.97,1080.82,38.25K,+0.15%
246,2020-12-10,1085.55,1087.38,1091.93,1084.12,45.52K,-0.09%
247,2020-12-11,1091.67,1087.34,1094.56,1085.27,41.88K,+0.56%
248,2020-12-14,1093.07,1091.8,1094.91,1088.85,39.13K,+0.13%
249,2020-12-15,1089.43,1093.32,1096.14,1088.49,41.19K,-0.33%
250,2020-12-16,1092.36,1089.56,1096.55,1088.05,42.75K,+0.27%
251,2020-12-17,1093.01,1094.12,1095.43,1090.27,42.17K,+0.06%
252,2020-12-18,1099.39,1094.01,1100.78,1092.34,41.62K,+0.58%
253,2020-12-21,1102.55,1099.48,1112.74,1097.94,41.69K,+0.29%
254,2020-12-22,1109.72,1104.31,1111.05,1102.46,41.15K,+0.65%
255,2020-12-23,1106.65,1109.94,1111.05,1104.68,38.41K,-0.28%
256,2020-12-24,1101.59,1106.87,1107.47,1100.48,37.85K,-0.46%
257,2020-12-25,1099.07,1102.66,1102.81,1100.03,1.78K,-0.23%
258,2020-12-28,1095.6,1100.08,1103.55,1093.51,35.22K,-0.32%
259,2020-12-29,1090.97,1097.3,1098.57,1090.63,50.19K,-0.42%
260,2020-12-30,1087.62,1091.97,1093.92,1084.52,50.79K,-0.31%
261,2020-12-31,1084.47,1088.43,1090.35,1082.97,43.33K,-0.29%
262,2021-01-01,1084.73,1085.69,1086.1,1085.25,0.54K,+0.02%
263,2021-01-04,1086.48,1085.73,1088.3,1080.02,53.91K,+0.16%
264,2021-01-05,1086.42,1086.69,1090.33,1082.04,58.45K,-0.01%
265,2021-01-06,1087.93,1087.4,1089.79,1083.91,58.89K,+0.14%
266,2021-01-07,1094.28,1088.03,1096.78,1085.42,60.58K,+0.58%
267,2021-01-08,1092.93,1094.35,1099.21,1088.79,57.97K,-0.12%
268,2021-01-11,1097.23,1093.01,1101.05,1092.73,62.91K,+0.39%
269,2021-01-12,1094.48,1097.38,1103.46,1092.97,55.70K,-0.25%
270,2021-01-13,1097.12,1094.6,1099.33,1092.37,53.68K,+0.24%
271,2021-01-14,1095.88,1098.11,1103.42,1093.93,54.58K,-0.11%
272,2021-01-15,1103.27,1096.04,1105.33,1094.93,52.65K,+0.67%
273,2021-01-18,1102.52,1104.26,1108.42,1102.28,48.18K,-0.07%
274,2021-01-19,1101.44,1104.18,1106.17,1100.2,53.74K,-0.10%
275,2021-01-20,1096.35,1102.44,1103.39,1096.88,59.66K,-0.46%
276,2021-01-21,1099.88,1097.35,1102.67,1096.59,54.88K,+0.32%
277,2021-01-22,1105.41,1099.97,1107.29,1098.95,56.72K,+0.50%
278,2021-01-25,1102.58,1105.54,1105.92,1100.05,56.70K,-0.26%
279,2021-01-26,1101.02,1102.69,1108.24,1100.47,57.11K,-0.14%
280,2021-01-27,1108.38,1102.01,1109.9,1100.87,62.11K,+0.67%
281,2021-01-28,1112.52,1108.42,1121.36,1107.49,66.31K,+0.37%
282,2021-01-29,1117.64,1113.24,1121.76,1112.15,57.51K,+0.46%
283,2021-02-01,1116.51,1118.43,1120.98,1115.55,57.96K,-0.10%
284,2021-02-02,1115.37,1117.44,1119.7,1113.65,61.25K,-0.10%
285,2021-02-03,1113.46,1115.51,1117.25,1111.8,59.24K,-0.17%
286,2021-02-04,1120.0,1113.58,1122.74,1112.48,56.78K,+0.59%
287,2021-02-05,1116.77,1120.11,1127.85,1116.22,58.57K,-0.29%
288,2021-02-08,1115.61,1117.76,1122.17,1116.05,50.18K,-0.10%
289,2021-02-09,1110.88,1117.31,1118.75,1110.08,54.42K,-0.42%
290,2021-02-10,1105.48,1111.01,1114.16,1103.59,53.00K,-0.49%
291,2021-02-11,1102.12,1106.48,1108.02,1102.05,39.08K,-0.30%
292,2021-02-12,1102.59,1103.12,1107.59,1101.73,40.86K,+0.04%
293,2021-02-15,1101.31,1104.37,1106.0,1100.7,41.88K,-0.12%
294,2021-02-16,1106.58,1102.31,1109.55,1096.91,52.74K,+0.48%
295,2021-02-17,1105.61,1107.58,1110.81,1104.49,52.35K,-0.09%
296,2021-02-18,1106.96,1106.5,1110.15,1103.19,54.07K,+0.12%
297,2021-02-19,1104.27,1107.08,1111.28,1102.22,54.68K,-0.24%
298,2021-02-22,1111.59,1106.02,1116.1,1102.83,49.38K,+0.66%
299,2021-02-23,1110.13,1112.58,1114.81,1108.24,51.32K,-0.13%
300,2021-02-24,1107.27,1110.22,1113.75,1106.08,49.03K,-0.26%
301,2021-02-25,1118.77,1107.54,1121.61,1105.7,59.47K,+1.04%
302,2021-02-26,1123.89,1119.47,1130.33,1118.41,76.86K,+0.46%
303,2021-03-01,1113.33,1124.89,1125.15,1113.09,73.33K,-0.94%
304,2021-03-02,1125.01,1113.53,1128.28,1102.06,109.04K,+1.05%
305,2021-03-03,1126.05,1125.29,1128.05,1116.95,91.30K,+0.09%
306,2021-03-04,1130.87,1127.05,1133.06,1123.36,132.73K,+0.43%
307,2021-03-05,1128.0,1131.03,1137.27,1124.04,134.10K,-0.25%
308,2021-03-08,1140.83,1128.85,1144.07,1127.06,92.65K,+1.14%
309,2021-03-09,1134.91,1141.83,1144.85,1133.38,80.30K,-0.52%
310,2021-03-10,1135.91,1135.91,1145.6,1135.31,98.21K,+0.09%
311,2021-03-11,1130.35,1136.91,1140.99,1128.9,136.12K,-0.49%
312,2021-03-12,1136.0,1130.85,1139.35,1127.27,136.55K,+0.50%
313,2021-03-15,1132.35,1136.5,1138.78,1130.92,93.04K,-0.32%
314,2021-03-16,1129.0,1132.85,1135.91,1128.14,135.35K,-0.30%
315,2021-03-17,1121.21,1129.93,1134.31,1120.65,128.86K,-0.69%
316,2021-03-18,1127.75,1121.91,1131.3,1120.04,117.52K,+0.58%
317,2021-03-19,1129.12,1128.25,1134.8,1125.31,122.84K,+0.12%
318,2021-03-22,1126.0,1129.47,1134.01,1125.61,92.00K,-0.28%
319,2021-03-23,1132.9,1126.49,1134.48,1125.02,132.82K,+0.61%
320,2021-03-24,1134.9,1133.4,1135.96,1130.24,137.01K,+0.18%
321,2021-03-25,1135.12,1135.4,1138.02,1131.93,116.32K,+0.02%
322,2021-03-26,1128.52,1135.24,1136.09,1128.07,84.85K,-0.58%
323,2021-03-29,1131.56,1128.95,1136.41,1128.77,45.49K,+0.27%
324,2021-03-30,1132.59,1132.56,1136.29,1131.42,74.84K,+0.09%
325,2021-03-31,1127.17,1133.54,1134.68,1125.32,68.41K,-0.48%
326,2021-04-01,1128.72,1127.96,1133.82,1125.31,86.56K,+0.14%
327,2021-04-02,1128.64,1128.86,1130.38,1126.29,46.05K,-0.01%
328,2021-04-05,1124.18,1129.69,1130.03,1122.45,45.92K,-0.40%
329,2021-04-06,1119.17,1125.04,1125.68,1116.57,70.17K,-0.45%
330,2021-04-07,1119.03,1119.29,1120.36,1114.67,99.24K,-0.01%
331,2021-04-08,1115.83,1119.2,1121.56,1114.59,88.21K,-0.29%
332,2021-04-09,1120.98,1116.75,1122.58,1113.15,52.40K,+0.46%
333,2021-04-12,1124.32,1121.77,1127.28,1120.29,81.94K,+0.30%
334,2021-04-13,1121.37,1125.23,1128.42,1120.38,54.31K,-0.26%
335,2021-04-14,1116.08,1121.55,1123.91,1112.09,84.33K,-0.47%
336,2021-04-15,1116.68,1116.26,1119.82,1113.01,132.52K,+0.05%
337,2021-04-16,1116.5,1116.85,1121.57,1113.06,122.82K,-0.02%
338,2021-04-19,1115.33,1117.05,1120.26,1112.94,89.16K,-0.10%
339,2021-04-20,1117.28,1115.51,1119.74,1110.29,128.75K,+0.17%
340,2021-04-21,1116.35,1117.45,1121.61,1114.78,130.14K,-0.08%
341,2021-04-22,1118.79,1116.7,1121.69,1114.13,131.76K,+0.22%
342,2021-04-23,1114.72,1120.18,1121.54,1113.94,111.77K,-0.36%
343,2021-04-26,1110.27,1115.85,1116.95,1108.96,92.33K,-0.40%
344,2021-04-27,1113.33,1110.44,1114.55,1108.27,134.14K,+0.28%
345,2021-04-28,1109.88,1113.43,1115.52,1108.31,129.95K,-0.31%
346,2021-04-29,1107.63,1110.06,1111.17,1105.3,134.00K,-0.20%
347,2021-04-30,1117.16,1107.81,1119.45,1106.52,123.24K,+0.86%
348,2021-05-03,1120.34,1117.76,1124.94,1115.51,56.77K,+0.28%
349,2021-05-04,1125.77,1120.5,1128.92,1118.84,94.61K,+0.48%
350,2021-05-05,1124.72,1125.94,1128.3,1122.18,150.21K,-0.09%
351,2021-05-06,1120.28,1125.02,1127.02,1119.63,136.37K,-0.39%
352,2021-05-07,1111.23,1120.45,1123.67,1109.48,111.58K,-0.81%
353,2021-05-10,1116.68,1112.97,1118.1,1110.49,97.85K,+0.49%
354,2021-05-11,1119.58,1116.83,1122.39,1114.95,160.76K,+0.26%
355,2021-05-12,1132.73,1119.67,1133.94,1118.74,161.18K,+1.17%
356,2021-05-13,1126.73,1132.92,1136.13,1126.17,131.24K,-0.53%
357,2021-05-14,1125.79,1126.89,1131.31,1125.23,111.28K,-0.08%
358,2021-05-17,1136.73,1126.52,1139.74,1125.95,83.99K,+0.97%
359,2021-05-18,1126.93,1136.91,1139.74,1125.64,127.43K,-0.86%
360,2021-05-19,1131.18,1127.07,1133.31,1124.6,128.79K,+0.38%
361,2021-05-20,1127.66,1131.35,1134.41,1127.17,143.54K,-0.31%
362,2021-05-21,1127.63,1127.99,1129.36,1122.24,114.54K,0.00%
363,2021-05-24,1123.48,1127.86,1129.6,1122.8,87.74K,-0.37%
364,2021-05-25,1122.36,1123.6,1126.55,1120.35,132.62K,-0.10%
365,2021-05-26,1116.61,1122.54,1123.49,1114.67,124.93K,-0.51%
366,2021-05-27,1118.55,1116.79,1120.32,1115.07,130.32K,+0.17%
367,2021-05-28,1113.08,1118.72,1119.35,1112.86,124.90K,-0.49%
368,2021-05-31,1106.58,1113.83,1117.42,1106.5,43.95K,-0.58%
369,2021-06-01,1108.38,1108.08,1110.59,1104.69,93.06K,+0.16%
370,2021-06-02,1110.92,1108.49,1114.81,1106.78,121.50K,+0.23%
371,2021-06-03,1116.46,1111.1,1118.82,1108.86,126.41K,+0.50%
372,2021-06-04,1110.52,1116.64,1119.51,1108.77,113.46K,-0.53%
373,2021-06-07,1110.62,1110.68,1114.53,1109.07,84.68K,+0.01%
374,2021-06-08,1117.72,1110.8,1118.81,1108.99,120.10K,+0.64%
375,2021-06-09,1115.61,1117.72,1119.02,1112.3,122.92K,-0.19%
376,2021-06-10,1112.32,1117.03,1119.26,1111.93,127.52K,-0.29%
377,2021-06-11,1116.4,1112.56,1118.54,1109.25,111.57K,+0.37%
378,2021-06-14,1116.33,1116.55,1120.05,1114.45,86.52K,-0.01%
379,2021-06-15,1117.09,1117.33,1119.39,1116.14,115.09K,+0.07%
380,2021-06-16,1132.68,1118.09,1137.17,1115.74,124.24K,+1.40%
381,2021-06-17,1134.3,1132.84,1137.0,1127.35,123.77K,+0.14%
382,2021-06-18,1134.94,1134.47,1138.14,1128.06,111.31K,+0.06%
383,2021-06-21,1131.4,1135.24,1139.47,1130.91,98.67K,-0.31%
384,2021-06-22,1133.57,1131.57,1138.81,1130.35,126.13K,+0.19%
385,2021-06-23,1135.85,1133.73,1138.63,1131.17,128.47K,+0.20%
386,2021-06-24,1130.78,1136.03,1138.69,1129.97,117.45K,-0.45%
387,2021-06-25,1127.12,1131.87,1133.1,1124.1,84.64K,-0.32%
388,2021-06-28,1130.04,1127.34,1132.68,1126.58,89.06K,+0.26%
389,2021-06-29,1131.62,1130.21,1134.77,1127.65,124.76K,+0.14%
390,2021-06-30,1130.48,1131.8,1132.89,1125.59,129.33K,-0.10%
391,2021-07-01,1134.33,1130.63,1135.98,1128.28,129.06K,+0.34%
392,2021-07-02,1130.53,1134.51,1138.6,1129.6,119.87K,-0.33%
393,2021-07-05,1130.42,1130.77,1132.72,1128.13,63.74K,-0.01%
394,2021-07-06,1136.75,1130.59,1139.97,1129.03,152.78K,+0.56%
395,2021-07-07,1141.5,1136.93,1144.27,1135.03,174.38K,+0.42%
396,2021-07-08,1146.59,1141.65,1151.69,1139.55,128.90K,+0.45%
397,2021-07-09,1143.73,1146.81,1150.52,1143.18,119.85K,-0.25%
398,2021-07-12,1146.85,1145.31,1150.06,1144.18,114.97K,+0.27%
399,2021-07-13,1149.94,1147.18,1152.9,1141.21,131.89K,+0.27%
400,2021-07-14,1144.22,1150.11,1152.27,1142.63,120.81K,-0.50%
401,2021-07-15,1141.59,1144.36,1148.31,1138.93,75.44K,-0.23%
402,2021-07-16,1141.51,1141.77,1144.28,1137.99,110.90K,-0.01%
403,2021-07-19,1150.83,1142.5,1155.59,1141.85,94.13K,+0.82%
404,2021-07-20,1147.47,1151.92,1153.07,1146.55,112.50K,-0.29%
405,2021-07-21,1149.31,1148.46,1156.44,1147.07,88.90K,+0.16%
406,2021-07-22,1150.55,1149.48,1153.12,1146.85,123.59K,+0.11%
407,2021-07-23,1151.52,1150.86,1155.41,1147.15,117.74K,+0.08%
408,2021-07-26,1152.54,1152.12,1157.24,1151.26,92.84K,+0.09%
409,2021-07-27,1154.25,1152.71,1158.65,1148.86,135.54K,+0.15%
410,2021-07-28,1150.27,1154.44,1159.96,1149.24,134.10K,-0.34%
411,2021-07-29,1143.12,1150.44,1152.12,1140.48,133.40K,-0.62%
412,2021-07-30,1151.41,1143.3,1154.78,1142.04,184.82K,+0.73%
413,2021-08-02,1150.18,1151.9,1154.6,1148.52,84.13K,-0.11%
414,2021-08-03,1148.44,1150.35,1153.91,1146.59,120.40K,-0.15%
415,2021-08-04,1144.76,1148.63,1149.72,1140.02,131.77K,-0.32%
416,2021-08-05,1142.59,1144.94,1146.84,1140.62,127.03K,-0.19%
417,2021-08-06,1144.93,1142.94,1148.29,1140.15,116.83K,+0.20%
418,2021-08-09,1146.89,1145.93,1148.86,1142.35,90.38K,+0.17%
419,2021-08-10,1152.7,1147.07,1154.29,1145.78,127.44K,+0.51%
420,2021-08-11,1153.98,1152.9,1159.69,1151.89,122.70K,+0.11%
421,2021-08-12,1162.98,1154.16,1166.15,1152.96,122.07K,+0.78%
422,2021-08-13,1161.37,1163.16,1171.15,1160.38,104.31K,-0.14%
423,2021-08-16,1165.28,1162.37,1168.81,1161.46,83.64K,+0.34%
424,2021-08-17,1177.3,1165.45,1179.8,1164.6,116.70K,+1.03%
425,2021-08-18,1170.03,1177.44,1179.94,1166.89,100.71K,-0.62%
426,2021-08-19,1176.28,1170.28,1178.4,1169.66,130.71K,+0.53%
427,2021-08-20,1175.15,1176.46,1184.85,1171.21,114.56K,-0.10%
428,2021-08-23,1169.36,1175.24,1177.56,1167.43,91.97K,-0.49%
429,2021-08-24,1163.65,1169.06,1171.57,1163.1,126.95K,-0.49%
430,2021-08-25,1163.87,1164.02,1169.37,1162.92,126.44K,+0.02%
431,2021-08-26,1170.53,1164.05,1172.01,1162.97,128.30K,+0.57%
432,2021-08-27,1161.23,1170.71,1174.77,1160.89,111.35K,-0.79%
433,2021-08-30,1164.34,1162.33,1167.71,1161.88,51.82K,+0.27%
434,2021-08-31,1158.73,1166.07,1167.43,1155.18,100.65K,-0.48%
435,2021-09-01,1155.47,1158.95,1160.64,1154.54,135.98K,-0.28%
436,2021-09-02,1158.05,1156.08,1162.44,1155.05,144.87K,+0.22%
437,2021-09-03,1154.28,1158.23,1159.71,1152.54,177.64K,-0.33%
438,2021-09-06,1157.04,1155.75,1159.97,1154.53,81.29K,+0.24%
439,2021-09-07,1161.98,1157.33,1166.02,1155.0,127.83K,+0.43%
440,2021-09-08,1166.54,1162.16,1168.83,1161.15,128.98K,+0.39%
441,2021-09-09,1169.64,1167.14,1172.21,1166.05,124.70K,+0.27%
442,2021-09-10,1170.23,1169.81,1174.13,1164.83,116.40K,+0.05%
443,2021-09-13,1172.83,1170.38,1177.53,1170.02,89.77K,+0.22%
444,2021-09-14,1172.23,1173.44,1175.2,1166.38,129.79K,-0.05%
445,2021-09-15,1166.23,1172.41,1174.7,1164.77,140.77K,-0.51%
446,2021-09-16,1175.19,1166.39,1176.94,1165.2,127.96K,+0.77%
447,2021-09-17,1180.69,1175.36,1182.81,1174.23,51.52K,+0.47%
448,2021-09-20,1185.67,1181.56,1192.41,1181.47,7.78K,+0.42%
449,2021-09-21,1183.96,1187.39,1188.61,1182.66,2.93K,-0.14%
450,2021-09-22,1181.75,1184.41,1185.53,1178.25,2.31K,-0.19%
451,2021-09-23,1174.63,1181.99,1186.62,1170.36,5.24K,-0.60%
452,2021-09-24,1179.68,1174.83,1182.05,1171.81,13.32K,+0.43%
453,2021-09-27,1177.94,1179.95,1182.46,1173.98,9.05K,-0.15%
454,2021-09-28,1187.16,1177.09,1188.67,1176.37,21.90K,+0.78%
455,2021-09-29,1187.11,1188.04,1189.26,1181.2,25.24K,0.00%
456,2021-09-30,1184.23,1187.93,1189.38,1180.22,25.17K,-0.24%
457,2021-10-01,1180.35,1184.78,1189.05,1179.2,5.63K,-0.33%
458,2021-10-04,1184.12,1179.9,1185.97,1178.41,4.28K,+0.32%
459,2021-10-05,1186.48,1184.45,1189.12,1183.83,9.19K,+0.20%
460,2021-10-06,1190.21,1186.69,1197.94,1185.9,8.56K,+0.31%
461,2021-10-07,1190.88,1190.74,1192.08,1188.15,6.34K,+0.06%
462,2021-10-08,1196.79,1191.33,1197.61,1190.35,8.86K,+0.50%
463,2021-10-11,1195.3,1196.54,1196.99,1191.89,3.30K,-0.12%
464,2021-10-12,1197.29,1195.75,1200.9,1195.38,7.82K,+0.17%
465,2021-10-13,1186.18,1197.92,1199.49,1186.3,8.62K,-0.93%
466,2021-10-14,1181.69,1186.87,1190.94,1181.76,8.97K,-0.38%
467,2021-10-15,1182.07,1182.23,1185.31,1180.87,11.25K,+0.03%
468,2021-10-18,1185.47,1182.49,1188.85,1182.39,10.10K,+0.29%
469,2021-10-19,1175.13,1185.89,1186.04,1173.73,10.13K,-0.87%
470,2021-10-20,1175.63,1175.61,1179.26,1172.01,69.39K,+0.04%
471,2021-10-21,1177.78,1175.81,1180.03,1172.98,165.63K,+0.18%
472,2021-10-22,1177.48,1177.86,1181.7,1173.64,188.94K,-0.03%
473,2021-10-25,1168.02,1177.44,1178.96,1166.96,85.38K,-0.80%
474,2021-10-26,1167.95,1168.13,1170.47,1163.75,89.73K,-0.01%
475,2021-10-27,1172.05,1168.06,1174.09,1165.45,111.86K,+0.35%
476,2021-10-28,1168.44,1172.17,1174.7,1166.06,107.38K,-0.31%
477,2021-10-29,1174.47,1168.45,1177.07,1167.81,116.23K,+0.52%
478,2021-11-01,1177.45,1174.61,1179.89,1173.28,80.65K,+0.25%
479,2021-11-02,1178.48,1177.56,1179.91,1174.03,127.92K,+0.09%
480,2021-11-03,1178.78,1178.59,1185.94,1177.99,85.66K,+0.03%
481,2021-11-04,1185.75,1178.89,1188.81,1176.94,92.41K,+0.59%
482,2021-11-05,1181.05,1185.97,1188.43,1181.21,74.69K,-0.40%
483,2021-11-08,1180.84,1181.51,1186.74,1178.93,58.32K,-0.02%
484,2021-11-09,1178.4,1180.95,1182.1,1173.36,122.51K,-0.21%
485,2021-11-10,1185.04,1178.51,1186.15,1176.82,99.53K,+0.56%
486,2021-11-11,1182.39,1185.15,1187.3,1178.17,88.28K,-0.22%
487,2021-11-12,1179.2,1182.45,1184.1,1176.31,39.63K,-0.27%
488,2021-11-15,1183.42,1179.94,1184.78,1177.17,26.54K,+0.36%
489,2021-11-16,1183.85,1183.56,1185.8,1175.3,46.70K,+0.04%
490,2021-11-17,1180.46,1183.99,1186.96,1179.58,55.84K,-0.29%
491,2021-11-18,1182.37,1180.58,1187.76,1177.92,41.94K,+0.16%
492,2021-11-19,1187.1,1182.99,1187.67,1181.16,13.99K,+0.40%
493,2021-11-22,1190.08,1188.77,1191.36,1184.81,22.65K,+0.25%
494,2021-11-23,1189.08,1190.57,1192.47,1187.06,24.46K,-0.08%
495,2021-11-24,1188.77,1190.07,1190.79,1185.02,24.54K,-0.03%
496,2021-11-25,1190.16,1188.81,1192.28,1187.82,18.98K,+0.12%
497,2021-11-26,1194.43,1190.24,1196.26,1189.74,10.99K,+0.36%
498,2021-11-29,1190.69,1195.8,1196.0,1189.9,23.78K,-0.31%
499,2021-11-30,1182.71,1190.96,1191.73,1182.26,23.65K,-0.67%
500,2021-12-01,1176.93,1182.84,1185.49,1173.33,7.27K,-0.49%
501,2021-12-02,1176.74,1177.06,1179.35,1173.32,26.56K,-0.02%
502,2021-12-03,1180.0,1176.85,1183.63,1175.83,6.21K,+0.28%
503,2021-12-06,1180.54,1184.85,1186.49,1179.7,21.15K,+0.05%
504,2021-12-07,1176.73,1180.66,1184.03,1176.56,22.36K,-0.32%
505,2021-12-08,1175.19,1176.85,1179.31,1175.12,7.03K,-0.13%
506,2021-12-09,1178.15,1173.42,1179.37,1172.62,6.40K,+0.25%
507,2021-12-10,1180.86,1178.27,1182.82,1176.4,22.21K,+0.23%
508,2021-12-13,1184.91,1180.96,1186.16,1177.03,24.42K,+0.34%
509,2021-12-14,1185.19,1185.1,1186.38,1180.97,25.16K,+0.02%
510,2021-12-15,1184.57,1185.24,1190.22,1183.93,15.27K,-0.05%
511,2021-12-16,1186.29,1185.41,1188.86,1181.63,25.88K,+0.15%
512,2021-12-17,1187.7,1186.39,1188.63,1180.03,25.78K,+0.12%
513,2021-12-20,1189.53,1188.1,1192.67,1186.79,4.11K,+0.15%
514,2021-12-21,1190.67,1189.95,1193.81,1189.0,2.52K,+0.10%
515,2021-12-22,1190.21,1190.43,1192.98,1189.5,2.42K,-0.04%
516,2021-12-23,1185.55,1187.94,1190.76,1184.89,15.88K,-0.39%
517,2021-12-24,1185.99,1185.64,1188.4,1184.69,16.81K,+0.04%
518,2021-12-27,1185.61,1187.1,1188.63,1185.02,17.11K,-0.03%
519,2021-12-28,1188.09,1186.59,1189.39,1185.31,14.25K,+0.21%
520,2021-12-29,1184.7,1188.14,1188.59,1184.06,23.93K,-0.29%
521,2021-12-30,1189.36,1184.79,1190.72,1182.75,9.76K,+0.39%
522,2021-12-31,1187.96,1190.22,1191.31,1186.67,1.68K,-0.12%
523,2022-01-03,1193.0,1189.8,1193.86,1187.55,2.28K,+0.42%
524,2022-01-04,1197.49,1194.77,1199.49,1192.75,2.59K,+0.38%
525,2022-01-05,1198.2,1197.54,1200.18,1195.91,2.66K,+0.06%
526,2022-01-06,1204.95,1200.65,1207.11,1197.2,,+0.56%
527,2022-01-07,1197.63,1205.03,1205.78,1197.32,,-0.61%
528,2022-01-10,1198.04,1198.2,1201.81,1195.95,,+0.03%
529,2022-01-11,1192.31,1198.14,1198.6,1192.3,,-0.48%
530,2022-01-12,1185.87,1190.55,1193.2,1185.11,,-0.54%
531,2022-01-13,1186.11,1185.96,1189.94,1184.04,,+0.02%
532,2022-01-14,1190.07,1186.77,1192.42,1185.67,,+0.33%
533,2022-01-17,1189.99,1190.55,1194.13,1189.49,,-0.01%
534,2022-01-18,1192.69,1190.98,1194.33,1185.93,,+0.23%
535,2022-01-19,1188.13,1193.03,1193.94,1186.66,,-0.38%
536,2022-01-20,1192.42,1188.21,1193.88,1187.19,,+0.36%
537,2022-01-21,1192.51,1192.49,1195.05,1190.14,,+0.01%
538,2022-01-24,1195.59,1193.3,1197.9,1192.49,,+0.26%
539,2022-01-25,1196.35,1195.69,1199.93,1195.17,,+0.06%
540,2022-01-26,1197.03,1196.35,1198.51,1194.29,,+0.06%
541,2022-01-27,1203.77,1200.75,1205.79,1200.15,,+0.56%
542,2022-01-28,1209.56,1203.82,1213.86,1203.65,,+0.48%
543,2022-01-31,1204.63,1209.71,1212.92,1204.2,,-0.41%
544,2022-02-01,1202.31,1204.75,1208.01,1201.61,,-0.19%
545,2022-02-02,1199.46,1202.47,1204.41,1198.82,,-0.24%
546,2022-02-03,1199.47,1200.36,1207.19,1198.68,,0.00%
547,2022-02-04,1198.25,1200.65,1202.05,1196.81,,-0.10%
548,2022-02-07,1196.87,1199.0,1201.09,1196.72,,-0.12%
549,2022-02-08,1196.35,1196.92,1200.38,1196.21,,-0.04%
550,2022-02-09,1194.05,1196.4,1197.47,1193.02,,-0.19%
551,2022-02-10,1199.83,1194.17,1200.65,1193.42,,+0.48%
552,2022-02-11,1199.48,1200.1,1201.87,1193.23,,-0.03%
553,2022-02-14,1197.32,1200.1,1200.17,1193.93,,-0.18%
554,2022-02-15,1196.76,1197.44,1200.59,1195.29,,-0.05%
555,2022-02-16,1196.53,1196.86,1199.57,1195.22,,-0.02%
556,2022-02-17,1198.63,1196.69,1200.06,1194.44,,+0.18%
557,2022-02-18,1195.59,1198.76,1199.55,1192.95,,-0.25%
558,2022-02-21,1193.68,1198.3,1199.72,1189.73,,-0.16%
559,2022-02-22,1191.9,1194.6,1196.6,1190.74,,-0.15%
560,2022-02-23,1192.44,1193.03,1194.34,1189.64,,+0.05%
561,2022-02-24,1206.05,1192.6,1211.47,1191.93,,+1.14%
562,2022-02-25,1197.57,1206.11,1206.9,1197.73,,-0.70%
563,2022-02-28,1200.12,1207.65,1208.97,1200.76,,+0.21%
564,2022-03-01,1205.32,1201.18,1206.37,1197.68,,+0.43%
565,2022-03-02,1203.16,1205.42,1208.99,1201.98,,-0.18%
566,2022-03-03,1205.54,1203.26,1209.29,1202.18,,+0.20%
567,2022-03-04,1217.45,1206.93,1219.78,1206.35,,+0.99%
568,2022-03-07,1232.14,1221.65,1233.47,1220.05,,+1.21%
569,2022-03-08,1233.53,1232.26,1238.83,1227.97,,+0.11%
570,2022-03-09,1223.13,1233.64,1235.94,1222.75,,-0.84%
571,2022-03-10,1228.83,1223.24,1231.74,1223.13,,+0.47%
572,2022-03-11,1237.08,1228.77,1237.91,1228.23,,+0.67%
573,2022-03-14,1240.64,1237.1,1242.82,1234.68,,+0.29%
574,2022-03-15,1240.62,1242.01,1247.35,1239.3,,0.00%
575,2022-03-16,1225.35,1241.66,1244.06,1225.32,,-1.23%
576,2022-03-17,1209.89,1224.95,1227.7,1207.83,,-1.26%
577,2022-03-18,1211.15,1210.58,1217.27,1207.01,,+0.10%
578,2022-03-21,1217.55,1211.55,1219.23,1210.39,,+0.53%
579,2022-03-22,1215.07,1218.82,1223.92,1214.51,,-0.20%
580,2022-03-23,1218.62,1215.19,1219.8,1210.91,,+0.29%
581,2022-03-24,1219.58,1219.02,1225.05,1217.1,,+0.08%
582,2022-03-25,1225.08,1221.0,1226.31,1216.35,,+0.45%
583,2022-03-28,1223.65,1224.4,1227.86,1222.27,,-0.12%
584,2022-03-29,1207.35,1223.82,1225.12,1207.27,,-1.33%
585,2022-03-30,1210.31,1208.19,1213.22,1207.06,,+0.25%
586,2022-03-31,1214.17,1210.51,1215.47,1208.16,,+0.32%
587,2022-04-01,1219.73,1215.13,1220.27,1214.39,,+0.46%
588,2022-04-04,1213.75,1219.8,1220.26,1213.54,,-0.49%
589,2022-04-05,1218.22,1214.49,1220.31,1210.31,,+0.37%
590,2022-04-06,1217.48,1218.82,1221.95,1215.85,,-0.06%
591,2022-04-07,1222.55,1217.6,1223.95,1216.37,,+0.42%
592,2022-04-08,1229.19,1222.76,1230.86,1221.29,,+0.54%
593,2022-04-11,1234.32,1228.95,1236.81,1228.94,,+0.42%
594,2022-04-12,1228.08,1234.9,1238.63,1224.52,,-0.51%
595,2022-04-13,1223.23,1228.15,1231.69,1221.71,,-0.39%
596,2022-04-14,1230.15,1223.36,1231.57,1222.61,,+0.57%
597,2022-04-15,1228.19,1230.26,1232.11,1227.01,,-0.16%
598,2022-04-18,1235.22,1229.08,1235.81,1228.88,,+0.57%
599,2022-04-19,1239.53,1235.45,1242.67,1233.17,,+0.35%
600,2022-04-20,1233.66,1239.81,1241.04,1232.37,,-0.47%
601,2022-04-21,1242.81,1233.98,1244.95,1233.85,,+0.74%
602,2022-04-22,1244.11,1242.34,1247.45,1238.45,,+0.10%
603,2022-04-25,1250.1,1244.4,1253.77,1243.63,,+0.48%
604,2022-04-26,1260.67,1250.22,1261.43,1245.14,,+0.85%
605,2022-04-27,1266.27,1260.98,1270.72,1260.89,,+0.44%
606,2022-04-28,1272.11,1266.4,1276.56,1264.27,,+0.46%
607,2022-04-29,1263.03,1272.38,1273.06,1254.87,,-0.71%
608,2022-05-02,1267.51,1264.65,1270.75,1262.88,,+0.35%
609,2022-05-03,1260.35,1267.64,1268.77,1260.11,,-0.56%
610,2022-05-04,1251.51,1260.95,1267.49,1250.61,,-0.70%
611,2022-05-05,1269.2,1251.53,1274.36,1250.42,,+1.41%
612,2022-05-06,1269.99,1269.56,1276.46,1266.98,,+0.06%
613,2022-05-09,1274.28,1270.41,1278.35,1270.29,,+0.34%
614,2022-05-10,1276.48,1275.01,1278.94,1271.37,,+0.17%
615,2022-05-11,1279.03,1276.63,1280.55,1272.35,,+0.20%
616,2022-05-12,1290.72,1279.14,1293.14,1278.47,,+0.91%
617,2022-05-13,1278.45,1290.87,1291.74,1278.22,,-0.95%
618,2022-05-16,1280.38,1278.56,1286.56,1276.16,,+0.15%
619,2022-05-17,1266.5,1280.64,1281.44,1264.02,,-1.08%
620,2022-05-18,1275.33,1266.8,1276.98,1263.93,,+0.70%
621,2022-05-19,1262.61,1276.0,1280.63,1261.35,,-1.00%
622,2022-05-20,1273.59,1263.99,1277.18,1263.05,,+0.87%
623,2022-05-23,1257.88,1270.41,1272.97,1258.36,,-1.23%
624,2022-05-24,1261.03,1258.87,1266.72,1258.21,,+0.25%
625,2022-05-25,1266.41,1261.14,1271.95,1260.06,,+0.43%
626,2022-05-26,1260.02,1266.55,1269.73,1259.34,,-0.50%
627,2022-05-27,1251.99,1260.29,1262.13,1248.85,,-0.64%
628,2022-05-30,1234.85,1251.1,1253.58,1234.55,,-1.37%
629,2022-05-31,1242.26,1235.6,1243.89,1234.72,,+0.60%
630,2022-06-01,1246.89,1242.48,1248.58,1240.29,,+0.37%
631,2022-06-02,1240.32,1247.23,1255.04,1240.67,,-0.53%
632,2022-06-03,1250.58,1241.14,1252.23,1238.47,,+0.83%
633,2022-06-06,1254.45,1251.86,1255.7,1248.23,,+0.31%
634,2022-06-07,1254.36,1254.8,1260.15,1253.06,,-0.01%
635,2022-06-08,1256.81,1254.85,1258.92,1253.17,,+0.20%
636,2022-06-09,1264.04,1257.22,1267.19,1253.34,,+0.58%
637,2022-06-10,1279.32,1264.38,1283.85,1263.14,,+1.21%
638,2022-06-13,1291.68,1279.43,1294.37,1278.88,,+0.97%
639,2022-06-14,1289.57,1291.88,1292.65,1285.25,,-0.16%
640,2022-06-15,1277.9,1289.92,1293.72,1278.02,,-0.90%
641,2022-06-16,1288.23,1278.38,1296.59,1277.06,,+0.81%
642,2022-06-17,1291.26,1288.57,1296.67,1282.29,,+0.24%
643,2022-06-20,1291.54,1291.5,1296.26,1287.91,,+0.02%
644,2022-06-21,1291.72,1292.55,1294.29,1287.34,,+0.01%
645,2022-06-22,1297.58,1292.08,1305.26,1290.69,,+0.45%
646,2022-06-23,1299.81,1297.69,1307.92,1296.32,,+0.17%
647,2022-06-24,1288.89,1300.14,1302.32,1288.11,,-0.84%
648,2022-06-27,1286.31,1289.29,1293.35,1280.58,,-0.20%
649,2022-06-28,1292.06,1286.63,1293.0,1281.46,,+0.45%
650,2022-06-29,1301.9,1292.43,1302.8,1289.34,,+0.76%
651,2022-06-30,1287.51,1301.96,1304.24,1287.35,,-1.11%
652,2022-07-01,1298.67,1288.05,1302.81,1287.8,,+0.87%
653,2022-07-04,1295.87,1298.92,1300.16,1292.05,,-0.22%
654,2022-07-05,1308.95,1296.06,1315.57,1293.68,,+1.01%
655,2022-07-06,1304.79,1309.09,1311.02,1302.81,,-0.32%
656,2022-07-07,1297.62,1305.14,1308.74,1295.9,,-0.55%
657,2022-07-08,1294.68,1297.97,1303.68,1292.29,,-0.23%
658,2022-07-11,1310.81,1294.79,1314.39,1294.62,,+1.25%
659,2022-07-12,1305.21,1311.16,1316.73,1305.01,,-0.43%
660,2022-07-13,1304.73,1306.45,1310.83,1301.75,,-0.04%
661,2022-07-14,1316.41,1305.1,1327.31,1303.55,,+0.90%
662,2022-07-15,1317.74,1317.57,1329.58,1316.6,,+0.10%
663,2022-07-18,1318.3,1319.15,1322.13,1312.97,,+0.04%
664,2022-07-19,1305.12,1319.2,1319.99,1305.38,,-1.00%
665,2022-07-20,1313.1,1304.38,1314.22,1302.35,,+0.61%
666,2022-07-21,1306.16,1313.7,1316.88,1306.55,,-0.53%
667,2022-07-22,1310.01,1306.66,1316.22,1306.22,,+0.29%
668,2022-07-25,1311.12,1310.6,1313.97,1307.33,,+0.08%
669,2022-07-26,1310.1,1311.47,1313.6,1306.75,,-0.08%
670,2022-07-27,1306.08,1311.03,1316.68,1305.74,,-0.31%
671,2022-07-28,1295.47,1306.37,1309.68,1296.07,,-0.81%
672,2022-07-29,1302.97,1296.07,1309.4,1295.55,,+0.58%
673,2022-08-01,1307.33,1303.29,1309.99,1301.09,,+0.33%
674,2022-08-02,1311.82,1307.74,1313.33,1304.2,,+0.34%
675,2022-08-03,1307.82,1315.3,1315.98,1306.4,,-0.30%
676,2022-08-04,1302.41,1308.23,1312.49,1301.85,,-0.41%
677,2022-08-05,1302.24,1302.81,1305.85,1294.54,,-0.01%
678,2022-08-08,1299.1,1303.7,1307.48,1298.7,,-0.24%
679,2022-08-09,1306.14,1300.11,1308.74,1299.39,,+0.54%
680,2022-08-10,1297.33,1307.52,1312.06,1297.49,,-0.67%
681,2022-08-11,1305.14,1297.54,1305.68,1296.48,,+0.60%
682,2022-08-12,1301.31,1307.05,1307.62,1299.34,,-0.29%
683,2022-08-15,1310.52,1302.34,1312.6,1302.16,,+0.71%
684,2022-08-16,1311.04,1313.55,1314.21,1307.77,,+0.04%
685,2022-08-17,1314.88,1311.4,1317.88,1308.2,,+0.29%
686,2022-08-18,1326.84,1315.25,1329.42,1312.55,,+0.91%
687,2022-08-19,1335.61,1327.23,1338.42,1324.15,,+0.66%
688,2022-08-22,1343.43,1335.78,1346.82,1334.29,,+0.59%
689,2022-08-23,1339.17,1343.73,1347.01,1334.64,,-0.32%
690,2022-08-24,1340.6,1339.54,1344.81,1337.75,,+0.11%
691,2022-08-25,1334.32,1340.96,1342.42,1333.36,,-0.47%
692,2022-08-26,1341.81,1334.96,1342.83,1328.26,,+0.56%
693,2022-08-29,1345.62,1342.18,1352.3,1342.03,,+0.28%
694,2022-08-30,1349.77,1345.98,1353.54,1344.46,,+0.31%
695,2022-08-31,1341.19,1350.55,1352.58,1337.6,,-0.64%
696,2022-09-01,1355.82,1341.76,1359.49,1341.1,,+1.09%
697,2022-09-02,1361.15,1356.79,1364.85,1352.23,,+0.39%
698,2022-09-05,1369.39,1363.68,1374.99,1361.31,,+0.61%
699,2022-09-06,1377.07,1370.53,1381.1,1364.35,,+0.56%
700,2022-09-07,1377.11,1378.52,1391.28,1377.12,,0.00%
701,2022-09-08,1384.55,1375.39,1387.74,1374.41,,+0.54%
702,2022-09-09,1379.77,1384.88,1385.6,1374.16,,-0.35%
703,2022-09-12,1374.63,1380.06,1384.24,1373.04,,-0.37%
704,2022-09-13,1394.68,1375.25,1395.26,1371.4,,+1.46%
705,2022-09-14,1391.01,1392.37,1396.25,1388.88,,-0.26%
706,2022-09-15,1398.41,1391.44,1400.38,1389.99,,+0.53%
707,2022-09-16,1384.77,1397.7,1399.31,1383.2,,-0.98%
708,2022-09-19,1390.08,1385.95,1396.46,1384.0,,+0.38%
709,2022-09-20,1392.5,1390.33,1395.27,1387.26,,+0.17%
710,2022-09-21,1397.71,1392.91,1398.85,1388.4,,+0.37%
711,2022-09-22,1404.23,1397.72,1414.85,1396.35,,+0.47%
712,2022-09-23,1421.34,1407.07,1423.8,1404.04,,+1.22%
713,2022-09-26,1430.19,1421.3,1435.2,1419.35,,+0.62%
714,2022-09-27,1426.32,1430.61,1432.1,1419.02,,-0.27%
715,2022-09-28,1424.48,1426.67,1445.64,1424.8,,-0.13%
716,2022-09-29,1429.99,1424.2,1442.17,1422.56,,+0.39%
717,2022-09-30,1439.96,1430.42,1442.33,1427.97,,+0.70%
718,2022-10-03,1433.45,1440.23,1445.78,1433.78,,-0.45%
719,2022-10-04,1415.53,1432.57,1436.61,1416.11,,-1.25%
720,2022-10-05,1415.63,1416.34,1424.23,1410.05,,+0.01%
721,2022-10-06,1408.31,1417.05,1417.62,1397.24,,-0.52%
722,2022-10-07,1424.94,1408.62,1425.56,1402.0,,+1.18%
723,2022-10-10,1427.61,1421.95,1430.77,1421.95,,+0.19%
724,2022-10-11,1431.42,1428.97,1438.69,1427.03,,+0.27%
725,2022-10-12,1424.49,1431.81,1436.55,1422.37,,-0.48%
726,2022-10-13,1430.69,1424.9,1444.09,1423.47,,+0.44%
727,2022-10-14,1440.44,1430.6,1442.39,1424.85,,+0.68%
728,2022-10-17,1430.71,1442.45,1442.7,1429.24,,-0.68%
729,2022-10-18,1425.02,1431.69,1432.51,1418.36,,-0.40%
730,2022-10-19,1434.88,1425.33,1437.07,1413.44,,+0.69%
731,2022-10-20,1430.2,1435.17,1436.85,1422.35,,-0.33%
732,2022-10-21,1428.32,1430.58,1444.59,1428.51,,-0.13%
733,2022-10-24,1444.63,1431.05,1446.62,1428.58,,+1.14%
734,2022-10-25,1426.92,1444.94,1445.36,1424.58,,-1.23%
735,2022-10-26,1412.52,1427.26,1432.6,1410.44,,-1.01%
736,2022-10-27,1421.23,1412.85,1425.51,1411.95,,+0.62%
737,2022-10-28,1421.66,1421.67,1428.1,1414.22,,+0.03%
738,2022-10-31,1425.83,1422.05,1429.69,1418.31,,+0.29%
739,2022-11-01,1416.73,1427.03,1429.59,1411.77,,-0.64%
740,2022-11-02,1412.45,1417.08,1421.4,1409.67,,-0.30%
741,2022-11-03,1423.7,1424.95,1428.78,1417.83,,+0.80%
742,2022-11-04,1403.29,1424.06,1429.45,1401.05,,-1.43%
743,2022-11-07,1392.44,1411.8,1413.26,1390.2,,-0.77%
744,2022-11-08,1375.03,1393.43,1395.3,1370.43,,-1.25%
745,2022-11-09,1371.13,1375.04,1380.48,1357.22,,-0.28%
746,2022-11-10,1349.82,1371.3,1383.94,1349.41,,-1.55%
747,2022-11-11,1313.69,1350.14,1350.69,1313.2,,-2.68%
748,2022-11-14,1323.87,1319.5,1332.06,1309.2,,+0.77%
749,2022-11-15,1316.21,1324.27,1327.51,1308.13,,-0.58%
750,2022-11-16,1336.65,1316.56,1339.09,1315.17,,+1.55%
751,2022-11-17,1342.65,1337.0,1352.56,1330.45,,+0.45%
752,2022-11-18,1339.71,1342.99,1344.94,1335.85,,-0.22%
753,2022-11-21,1359.3,1341.55,1362.64,1341.44,,+1.46%
754,2022-11-22,1352.65,1359.61,1362.97,1351.01,,-0.49%
755,2022-11-23,1336.85,1353.01,1355.86,1335.96,,-1.17%
756,2022-11-24,1326.69,1337.09,1340.75,1324.12,,-0.76%
757,2022-11-25,1334.48,1328.03,1336.78,1319.27,,+0.59%
758,2022-11-28,1339.75,1335.95,1342.87,1332.43,,+0.39%
759,2022-11-29,1325.36,1341.53,1342.89,1322.84,,-1.07%
760,2022-11-30,1301.65,1325.67,1330.01,1300.6,,-1.79%
761,2022-12-01,1304.23,1301.72,1308.23,1295.15,,+0.20%
762,2022-12-02,1297.89,1304.56,1308.34,1295.47,,-0.49%
763,2022-12-05,1305.49,1299.17,1307.05,1289.4,,+0.59%
764,2022-12-06,1319.79,1305.73,1323.12,1301.45,,+1.10%
765,2022-12-07,1314.38,1320.13,1326.55,1312.56,,-0.41%
766,2022-12-08,1315.83,1314.77,1323.95,1314.48,,+0.11%
767,2022-12-09,1303.87,1316.82,1318.23,1298.73,,-0.91%
768,2022-12-12,1306.08,1303.95,1314.15,1303.26,,+0.17%
769,2022-12-13,1289.13,1307.07,1309.66,1288.79,,-1.30%
770,2022-12-14,1295.42,1289.57,1302.55,1288.77,,+0.49%
771,2022-12-15,1318.51,1295.91,1320.61,1293.61,,+1.78%
772,2022-12-16,1309.47,1319.51,1320.05,1304.73,,-0.69%
773,2022-12-19,1301.29,1311.55,1311.58,1296.85,,-0.62%
774,2022-12-20,1283.71,1301.65,1305.45,1281.52,,-1.35%
775,2022-12-21,1279.21,1284.06,1289.91,1279.91,,-0.35%
776,2022-12-22,1291.64,1280.37,1292.51,1272.36,,+0.97%
777,2022-12-23,1279.55,1291.94,1292.57,1278.05,,-0.94%
778,2022-12-26,1273.91,1279.8,1282.2,1273.89,,-0.44%
779,2022-12-27,1271.79,1274.91,1275.63,1264.85,,-0.17%
780,2022-12-28,1274.37,1272.25,1276.66,1265.57,,+0.20%
781,2022-12-29,1260.85,1274.71,1275.32,1259.19,,-1.06%
782,2022-12-30,1260.92,1261.24,1265.34,1253.26,,+0.01%
783,2023-01-02,1269.03,1261.95,1274.86,1260.65,,+0.64%
784,2023-01-03,1279.1,1269.93,1281.23,1264.35,,+0.79%
785,2023-01-04,1270.98,1279.59,1280.77,1269.04,,-0.63%
786,2023-01-05,1274.26,1271.39,1279.14,1267.05,,+0.26%
787,2023-01-06,1253.5,1274.58,1275.33,1251.84,,-1.63%
788,2023-01-08,1253.88,1253.88,1253.88,1253.88,,+0.03%
789,2023-01-09,1239.28,1254.5,1254.7,1234.54,,-1.13%
790,2023-01-10,1240.8,1239.69,1248.82,1235.71,,+0.12%
791,2023-01-11,1242.5,1241.22,1250.48,1238.1,,+0.14%
792,2023-01-12,1239.12,1242.41,1247.73,1234.95,,-0.27%
793,2023-01-13,1237.26,1239.51,1246.42,1233.79,,-0.15%
794,2023-01-16,1241.61,1237.1,1242.73,1231.51,,+0.35%
795,2023-01-17,1237.34,1241.98,1242.59,1235.77,,-0.34%
796,2023-01-18,1237.69,1237.36,1247.12,1225.56,,+0.03%
797,2023-01-19,1232.21,1238.11,1242.45,1231.53,,-0.44%
798,2023-01-20,1228.86,1232.63,1238.44,1229.53,,-0.27%
799,2023-01-23,1229.97,1230.35,1233.78,1224.96,,+0.09%
800,2023-01-24,1232.57,1230.38,1237.99,1228.9,,+0.21%
801,2023-01-25,1232.57,1232.98,1237.88,1230.28,,0.00%
802,2023-01-26,1231.84,1232.97,1235.69,1229.21,,-0.06%
803,2023-01-27,1229.62,1232.26,1236.55,1227.22,,-0.18%
804,2023-01-30,1231.46,1230.2,1232.61,1226.31,,+0.15%
805,2023-01-31,1233.3,1231.88,1239.12,1227.83,,+0.15%
806,2023-02-01,1222.28,1233.72,1234.22,1220.35,,-0.89%
807,2023-02-02,1224.78,1222.26,1226.37,1215.83,,+0.20%
808,2023-02-03,1247.46,1225.19,1250.36,1224.08,,+1.85%
809,2023-02-06,1260.25,1247.35,1263.96,1243.92,,+1.03%
810,2023-02-07,1255.68,1261.47,1264.61,1252.26,,-0.36%
811,2023-02-08,1260.46,1255.81,1262.96,1251.4,,+0.38%
812,2023-02-09,1264.44,1260.87,1266.51,1254.76,,+0.32%
813,2023-02-10,1267.45,1264.87,1269.71,1259.44,,+0.24%
814,2023-02-13,1272.89,1266.25,1280.43,1266.25,,+0.43%
815,2023-02-14,1272.53,1273.31,1275.33,1261.58,,-0.03%
816,2023-02-15,1283.54,1272.59,1289.01,1272.04,,+0.87%
817,2023-02-16,1289.51,1283.97,1295.56,1278.79,,+0.47%
818,2023-02-17,1295.87,1289.94,1303.93,1289.52,,+0.49%
819,2023-02-19,1295.92,1295.84,1295.92,1295.84,,0.00%
820,2023-02-20,1296.04,1297.55,1299.74,1292.94,,+0.01%
821,2023-02-21,1305.75,1296.42,1310.2,1293.26,,+0.75%
822,2023-02-22,1302.65,1306.16,1307.57,1298.52,,-0.24%
823,2023-02-23,1297.89,1303.05,1306.55,1293.32,,-0.37%
824,2023-02-24,1314.45,1298.03,1318.57,1296.29,,+1.28%
825,2023-02-26,1314.8,1314.8,1314.8,1314.8,,+0.03%
826,2023-02-27,1317.4,1314.55,1325.79,1311.97,,+0.22%
827,2023-02-28,1323.02,1318.4,1327.21,1314.42,,+0.43%
828,2023-03-01,1305.41,1323.44,1324.52,1298.59,,-1.33%
829,2023-03-02,1310.97,1305.83,1317.68,1303.84,,+0.43%
830,2023-03-03,1295.73,1311.39,1312.18,1294.13,,-1.16%
831,2023-03-05,1295.78,1295.78,1295.78,1295.78,,0.00%
832,2023-03-06,1296.86,1294.1,1301.71,1293.28,,+0.09%
833,2023-03-07,1318.29,1297.85,1320.19,1296.6,,+1.65%
834,2023-03-08,1316.38,1318.31,1324.56,1312.56,,-0.14%
835,2023-03-09,1325.51,1316.77,1327.76,1314.76,,+0.69%
836,2023-03-10,1320.24,1325.82,1329.78,1309.77,,-0.40%
837,2023-03-13,1296.58,1319.1,1320.64,1296.14,,-1.79%
838,2023-03-14,1304.55,1296.94,1314.24,1296.23,,+0.61%
839,2023-03-15,1313.04,1304.94,1323.29,1295.9,,+0.65%
840,2023-03-16,1300.85,1313.38,1317.07,1301.3,,-0.93%
841,2023-03-17,1308.37,1301.84,1309.71,1298.24,,+0.58%
842,2023-03-20,1304.36,1309.1,1314.03,1299.35,,-0.31%
843,2023-03-21,1303.42,1303.87,1311.59,1301.99,,-0.07%
844,2023-03-22,1297.85,1303.82,1310.36,1288.56,,-0.43%
845,2023-03-23,1286.23,1297.58,1300.3,1275.81,,-0.90%
846,2023-03-24,1294.66,1286.67,1307.96,1283.16,,+0.66%
847,2023-03-26,1295.83,1295.83,1295.83,1295.83,,+0.09%
848,2023-03-27,1297.92,1295.24,1303.91,1294.14,,+0.25%
849,2023-03-28,1297.04,1298.35,1301.38,1293.24,,-0.07%
850,2023-03-29,1305.3,1297.46,1308.45,1294.95,,+0.64%
851,2023-03-30,1296.55,1307.13,1308.17,1296.24,,-0.67%
852,2023-03-31,1306.11,1296.97,1308.53,1288.35,,+0.74%
853,2023-04-02,1306.48,1306.47,1306.48,1306.47,,+0.03%
854,2023-04-03,1308.58,1306.47,1320.92,1305.7,,+0.19%
855,2023-04-04,1310.08,1308.76,1317.58,1304.58,,+0.11%
856,2023-04-05,1317.05,1310.54,1318.41,1308.71,,+0.53%
857,2023-04-06,1318.5,1317.36,1322.65,1314.65,,+0.11%
858,2023-04-07,1316.3,1318.99,1320.22,1314.53,,-0.17%
859,2023-04-09,1316.45,1316.44,1316.45,1316.44,,+0.01%
860,2023-04-10,1320.62,1316.39,1324.02,1315.3,,+0.33%
861,2023-04-11,1322.03,1320.99,1324.81,1316.26,,+0.11%
862,2023-04-12,1322.63,1322.45,1328.49,1319.39,,+0.05%
863,2023-04-13,1301.14,1323.07,1327.66,1299.31,,-1.62%
864,2023-04-14,1304.0,1301.94,1307.83,1294.29,,+0.22%
865,2023-04-16,1304.38,1304.37,1304.38,1304.37,,0.00%
866,2023-04-17,1319.11,1304.38,1322.67,1303.7,,+1.16%
867,2023-04-18,1319.13,1319.51,1321.44,1315.72,,0.00%
868,2023-04-19,1329.71,1319.55,1336.54,1313.69,,+0.80%
869,2023-04-20,1323.61,1330.14,1332.97,1318.97,,-0.46%
870,2023-04-21,1329.36,1324.04,1333.07,1321.24,,+0.43%
871,2023-04-23,1330.38,1330.37,1330.38,1330.37,,+0.08%
872,2023-04-24,1332.51,1330.38,1337.64,1328.48,,+0.24%
873,2023-04-25,1340.89,1332.94,1344.19,1328.19,,+0.63%
874,2023-04-26,1338.01,1341.31,1341.95,1334.47,,-0.21%
875,2023-04-27,1339.17,1338.44,1346.63,1336.69,,+0.09%
876,2023-04-28,1337.78,1339.57,1342.19,1336.21,,-0.10%
877,2023-04-30,1338.17,1338.16,1338.17,1338.16,,+0.03%
878,2023-05-01,1342.18,1338.17,1343.95,1336.43,,+0.33%
879,2023-05-02,1342.21,1343.07,1344.08,1337.36,,0.00%
880,2023-05-03,1334.44,1342.64,1343.21,1329.31,,-0.58%
881,2023-05-04,1322.95,1335.41,1335.99,1320.29,,-0.86%
882,2023-05-05,1317.47,1323.27,1323.74,1315.11,,-0.41%
883,2023-05-07,1317.96,1317.95,1317.96,1317.95,,+0.04%
884,2023-05-08,1321.49,1317.96,1326.23,1317.94,,+0.31%
885,2023-05-09,1325.92,1322.71,1327.36,1319.61,,+0.34%
886,2023-05-10,1317.76,1326.33,1327.13,1316.5,,-0.62%
887,2023-05-11,1330.83,1318.21,1334.74,1315.58,,+0.99%
888,2023-05-12,1342.41,1331.14,1343.35,1329.04,,+0.87%
889,2023-05-14,1342.52,1342.51,1342.52,1342.51,,+0.01%
890,2023-05-15,1335.36,1342.48,1342.85,1333.86,,-0.53%
891,2023-05-16,1342.35,1335.79,1343.63,1332.91,,+0.52%
892,2023-05-17,1334.23,1342.78,1343.91,1332.44,,-0.60%
893,2023-05-18,1334.43,1334.71,1338.79,1329.16,,+0.01%
894,2023-05-19,1325.2,1333.99,1335.94,1323.3,,-0.69%
895,2023-05-21,1325.21,1325.2,1325.21,1325.2,,0.00%
896,2023-05-22,1313.75,1325.21,1326.34,1313.06,,-0.86%
897,2023-05-23,1319.21,1314.17,1322.53,1307.65,,+0.42%
898,2023-05-24,1318.43,1320.26,1322.18,1314.28,,-0.06%
899,2023-05-25,1331.19,1318.77,1332.06,1316.49,,+0.97%
900,2023-05-26,1322.66,1331.2,1331.93,1322.72,,-0.64%
901,2023-05-28,1323.43,1323.43,1323.43,1323.43,,+0.06%
902,2023-05-29,1324.07,1323.43,1326.76,1320.98,,+0.11%
903,2023-05-30,1319.76,1324.96,1327.01,1316.9,,-0.33%
904,2023-05-31,1320.56,1320.16,1328.75,1315.56,,+0.06%
905,2023-06-01,1312.64,1322.33,1325.07,1312.41,,-0.60%
906,2023-06-02,1305.92,1313.18,1314.48,1298.61,,-0.51%
907,2023-06-04,1306.14,1306.15,1306.15,1306.14,,+0.02%
908,2023-06-05,1300.78,1306.06,1311.02,1300.57,,-0.39%
909,2023-06-06,1299.19,1301.08,1304.31,1295.74,,-0.12%
910,2023-06-07,1308.26,1299.61,1309.44,1296.23,,+0.70%
911,2023-06-08,1295.47,1308.66,1309.3,1296.15,,-0.98%
912,2023-06-09,1287.32,1296.59,1298.65,1286.58,,-0.63%
913,2023-06-11,1287.69,1287.68,1287.69,1287.68,,+0.03%
914,2023-06-12,1284.54,1287.69,1294.65,1282.8,,-0.22%
915,2023-06-13,1267.7,1284.86,1285.88,1267.07,,-1.31%
916,2023-06-14,1274.01,1268.02,1280.42,1265.75,,+0.50%
917,2023-06-15,1270.0,1274.39,1286.48,1269.8,,-0.31%
918,2023-06-16,1276.15,1270.4,1280.96,1268.08,,+0.48%
919,2023-06-18,1277.31,1277.3,1277.31,1277.3,,+0.09%
920,2023-06-19,1282.26,1277.24,1284.54,1276.4,,+0.48%
921,2023-06-20,1288.23,1283.26,1290.36,1277.99,,+0.47%
922,2023-06-21,1288.33,1288.74,1296.95,1285.94,,+0.01%
923,2023-06-22,1298.18,1288.74,1303.21,1286.1,,+0.76%
924,2023-06-23,1308.41,1298.59,1311.37,1296.25,,+0.79%
925,2023-06-25,1308.67,1308.67,1308.67,1308.67,,+0.02%
926,2023-06-26,1304.98,1308.74,1309.57,1300.82,,-0.26%
927,2023-06-27,1299.18,1305.42,1308.35,1295.35,,-0.44%
928,2023-06-28,1308.9,1299.48,1313.46,1297.3,,+0.75%
929,2023-06-29,1322.21,1309.31,1323.57,1305.18,,+1.02%
930,2023-06-30,1315.11,1323.18,1324.54,1314.57,,-0.54%
931,2023-07-02,1316.3,1316.3,1316.3,1316.3,,+0.09%
932,2023-07-03,1304.2,1316.97,1317.31,1302.69,,-0.83%
933,2023-07-04,1294.35,1304.66,1308.34,1293.04,,-0.76%
934,2023-07-05,1303.59,1294.81,1306.51,1294.41,,+0.71%
935,2023-07-06,1309.11,1304.0,1314.69,1299.98,,+0.42%
936,2023-07-07,1297.9,1309.46,1310.59,1295.96,,-0.86%
937,2023-07-10,1299.4,1299.1,1307.9,1298.25,,+0.12%
938,2023-07-11,1291.47,1299.8,1302.0,1289.94,,-0.61%
939,2023-07-12,1274.49,1291.87,1296.08,1273.7,,-1.31%
940,2023-07-13,1266.73,1274.8,1280.03,1265.92,,-0.61%
941,2023-07-14,1268.31,1267.16,1271.49,1259.82,,+0.12%
942,2023-07-16,1269.34,1269.33,1269.34,1269.33,,+0.08%
943,2023-07-17,1263.17,1269.32,1271.08,1263.31,,-0.41%
944,2023-07-18,1264.95,1263.72,1267.55,1256.71,,+0.14%
945,2023-07-19,1266.94,1265.31,1269.46,1261.67,,+0.16%
946,2023-07-20,1276.53,1267.94,1280.3,1261.56,,+0.76%
947,2023-07-21,1286.19,1277.13,1290.69,1275.92,,+0.76%
948,2023-07-23,1286.65,1286.65,1286.65,1286.65,,+0.04%
949,2023-07-24,1280.45,1286.65,1288.98,1277.03,,-0.45%
950,2023-07-25,1276.18,1280.88,1285.61,1273.79,,-0.33%
951,2023-07-26,1270.8,1276.58,1282.78,1268.14,,-0.42%
952,2023-07-27,1283.78,1271.42,1284.94,1266.98,,+1.02%
953,2023-07-28,1272.83,1284.17,1284.89,1273.28,,-0.85%
954,2023-07-30,1273.39,1273.38,1273.39,1273.38,,+0.04%
955,2023-07-31,1277.86,1273.33,1279.42,1269.82,,+0.40%
956,2023-08-01,1289.0,1278.28,1291.1,1274.88,,+0.87%
957,2023-08-02,1298.93,1289.4,1303.09,1286.94,,+0.77%
958,2023-08-03,1299.01,1299.47,1304.23,1294.55,,+0.01%
959,2023-08-04,1304.08,1299.93,1312.38,1296.82,,+0.39%
960,2023-08-06,1304.05,1304.04,1304.05,1304.04,,0.00%
961,2023-08-07,1307.3,1304.29,1309.06,1298.8,,+0.25%
962,2023-08-08,1316.72,1307.93,1322.69,1305.2,,+0.72%
963,2023-08-09,1313.08,1317.02,1322.29,1309.7,,-0.28%
964,2023-08-10,1316.9,1313.1,1319.91,1308.18,,+0.29%
965,2023-08-11,1330.3,1318.14,1333.92,1316.17,,+1.02%
966,2023-08-13,1330.61,1330.6,1330.61,1330.6,,+0.02%
967,2023-08-14,1336.8,1330.6,1339.72,1327.69,,+0.49%
968,2023-08-15,1336.42,1337.94,1340.47,1332.55,,-0.03%
969,2023-08-16,1341.22,1336.87,1345.77,1334.01,,+0.36%
970,2023-08-17,1339.27,1341.94,1344.35,1334.99,,-0.15%
971,2023-08-18,1339.17,1339.76,1344.81,1332.44,,-0.01%
972,2023-08-20,1340.17,1340.16,1340.17,1340.16,,+0.07%
973,2023-08-21,1339.15,1340.17,1344.83,1338.05,,0.00%
974,2023-08-22,1339.81,1340.04,1342.58,1334.09,,+0.05%
975,2023-08-23,1326.42,1340.81,1342.31,1326.69,,-1.00%
976,2023-08-24,1327.35,1327.92,1330.24,1317.88,,+0.07%
977,2023-08-25,1323.53,1328.34,1330.61,1319.82,,-0.29%
978,2023-08-27,1324.61,1324.61,1324.61,1324.61,,+0.08%
979,2023-08-28,1323.81,1324.57,1327.77,1319.1,,+0.02%
980,2023-08-29,1318.06,1324.21,1329.14,1318.13,,-0.43%
981,2023-08-30,1323.49,1318.6,1326.22,1318.53,,+0.41%
982,2023-08-31,1325.14,1323.79,1326.86,1320.0,,+0.12%
983,2023-09-01,1317.55,1325.46,1326.37,1311.88,,-0.57%
984,2023-09-03,1318.46,1318.45,1318.46,1318.45,,+0.07%
985,2023-09-04,1317.21,1318.45,1322.0,1315.59,,-0.03%
986,2023-09-05,1329.05,1318.41,1335.68,1316.81,,+0.90%
987,2023-09-06,1333.58,1329.95,1337.99,1328.42,,+0.34%
988,2023-09-07,1333.45,1334.53,1339.07,1330.48,,-0.01%
989,2023-09-08,1334.96,1334.78,1337.75,1331.49,,+0.11%
990,2023-09-10,1336.32,1336.31,1336.32,1336.31,,+0.10%
991,2023-09-11,1325.49,1336.34,1336.44,1325.18,,-0.71%
992,2023-09-12,1326.15,1326.05,1329.44,1323.05,,+0.05%
993,2023-09-13,1326.59,1326.72,1332.05,1323.66,,+0.03%
994,2023-09-14,1329.52,1328.2,1331.11,1323.11,,+0.22%
995,2023-09-15,1328.46,1330.02,1330.83,1324.49,,-0.08%
996,2023-09-17,1329.42,1329.41,1329.42,1329.41,,+0.07%
997,2023-09-18,1323.57,1329.42,1330.06,1322.69,,-0.37%
998,2023-09-19,1328.62,1324.05,1329.47,1319.43,,+0.38%
999,2023-09-20,1332.92,1328.99,1335.94,1323.63,,+0.32%
1000,2023-09-21,1339.0,1333.44,1344.65,1331.67,,+0.46%
1001,2023-09-22,1334.03,1339.57,1341.81,1330.74,,-0.37%
1002,2023-09-24,1335.66,1335.66,1335.66,1335.66,,+0.12%
1003,2023-09-25,1338.01,1335.56,1341.47,1330.14,,+0.30%
1004,2023-09-26,1352.93,1339.69,1354.97,1337.31,,+1.12%
1005,2023-09-27,1354.54,1354.1,1360.16,1347.32,,+0.12%
1006,2023-09-28,1349.56,1355.47,1357.75,1347.39,,-0.37%
1007,2023-09-29,1352.31,1350.56,1353.68,1341.73,,+0.20%
1008,2023-10-02,1355.84,1352.65,1359.72,1349.2,,+0.26%
1009,2023-10-03,1361.08,1357.14,1363.75,1354.97,,+0.39%
1010,2023-10-04,1351.62,1362.05,1364.12,1350.01,,-0.70%
1011,2023-10-05,1345.72,1352.55,1354.43,1344.94,,-0.44%
1012,2023-10-06,1344.61,1346.34,1357.1,1342.78,,-0.08%
1013,2023-10-08,1344.35,1344.35,1344.35,1344.35,,-0.02%
1014,2023-10-09,1346.51,1344.51,1354.99,1344.17,,+0.14%
1015,2023-10-10,1341.33,1347.67,1352.16,1341.92,,-0.38%
1016,2023-10-11,1338.42,1342.62,1343.91,1337.07,,-0.22%
1017,2023-10-12,1348.96,1339.54,1351.63,1335.28,,+0.79%
1018,2023-10-13,1352.21,1349.4,1353.95,1347.19,,+0.24%
1019,2023-10-15,1353.06,1353.06,1353.06,1353.06,,+0.06%
1020,2023-10-16,1347.91,1353.08,1356.62,1347.69,,-0.32%
1021,2023-10-17,1352.98,1348.25,1357.92,1347.13,,+0.38%
1022,2023-10-18,1353.86,1353.55,1358.31,1347.54,,+0.07%
1023,2023-10-19,1356.02,1355.48,1360.86,1352.65,,+0.16%
1024,2023-10-20,1349.08,1357.11,1359.78,1349.18,,-0.51%
1025,2023-10-22,1350.34,1350.33,1350.34,1350.33,,+0.09%
1026,2023-10-23,1342.12,1350.34,1355.31,1342.7,,-0.52%
1027,2023-10-24,1343.88,1343.69,1347.76,1340.23,,+0.13%
1028,2023-10-25,1352.44,1344.34,1354.15,1343.22,,+0.64%
1029,2023-10-26,1352.69,1352.9,1360.72,1351.7,,+0.02%
1030,2023-10-27,1354.91,1353.57,1358.34,1347.76,,+0.16%
1031,2023-10-29,1356.22,1356.22,1356.22,1356.22,,+0.10%
1032,2023-10-30,1345.63,1357.05,1357.45,1345.52,,-0.68%
1033,2023-10-31,1352.15,1346.49,1356.01,1345.26,,+0.48%
1034,2023-11-01,1347.79,1353.15,1359.76,1348.12,,-0.32%
1035,2023-11-02,1333.59,1348.82,1349.38,1328.52,,-1.05%
1036,2023-11-03,1308.23,1334.33,1336.92,1304.21,,-1.90%
1037,2023-11-05,1309.02,1309.02,1309.02,1309.02,,+0.06%
1038,2023-11-06,1298.29,1307.95,1312.9,1291.77,,-0.76%
1039,2023-11-07,1304.49,1299.31,1313.16,1298.6,,+0.48%
1040,2023-11-08,1307.71,1304.95,1315.23,1298.44,,+0.25%
1041,2023-11-09,1317.04,1309.11,1318.7,1302.31,,+0.71%
1042,2023-11-10,1316.51,1318.27,1321.94,1314.06,,-0.04%
1043,2023-11-12,1320.17,1320.17,1320.17,1320.17,,+0.28%
1044,2023-11-13,1319.11,1318.1,1326.35,1317.25,,+0.20%
1045,2023-11-14,1304.65,1319.47,1330.45,1302.83,,-1.10%
1046,2023-11-15,1304.61,1305.1,1308.53,1296.81,,0.00%
1047,2023-11-16,1292.34,1305.11,1310.16,1287.6,,-0.94%
1048,2023-11-17,1294.35,1292.84,1301.06,1289.45,,+0.16%
1049,2023-11-19,1296.38,1296.38,1296.38,1296.38,,+0.16%
1050,2023-11-20,1286.92,1295.75,1299.96,1285.6,,-0.57%
1051,2023-11-21,1294.52,1288.51,1296.63,1283.53,,+0.59%
1052,2023-11-22,1300.9,1296.03,1306.03,1290.8,,+0.49%
1053,2023-11-23,1300.2,1300.78,1303.52,1295.47,,-0.05%
1054,2023-11-24,1302.97,1301.22,1308.83,1296.65,,+0.21%
1055,2023-11-26,1306.61,1306.61,1306.61,1306.61,,+0.28%
1056,2023-11-27,1296.95,1301.95,1308.6,1297.65,,-0.46%
1057,2023-11-28,1287.25,1298.41,1298.91,1285.7,,-0.75%
1058,2023-11-29,1291.17,1288.35,1294.47,1285.14,,+0.30%
1059,2023-11-30,1299.35,1290.66,1301.61,1286.42,,+0.63%
1060,2023-12-01,1293.4,1300.91,1308.78,1293.97,,-0.46%
1061,2023-12-03,1298.33,1298.33,1298.33,1298.33,,+0.38%
1062,2023-12-04,1309.75,1293.95,1313.3,1293.73,,+1.26%
1063,2023-12-05,1313.58,1310.67,1318.74,1307.89,,+0.29%
1064,2023-12-06,1316.15,1313.69,1318.18,1309.91,,+0.20%
1065,2023-12-07,1313.0,1315.44,1327.93,1311.69,,-0.24%
1066,2023-12-08,1307.99,1317.08,1319.91,1304.86,,-0.38%
