,date,spx_f,open,high,low,volume,spx_f_cr
0,2021-12-20,4558.5,4612.0,4621.5,4520.25,2.10M,-1.68
1,2021-12-21,4640.75,4567.75,4643.0,4565.75,1.49M,1.8
2,2021-12-22,4686.0,4641.75,4690.5,4622.25,1.10M,0.98
3,2021-12-23,4715.75,4689.0,4731.25,4684.25,978.02K,0.63
4,2021-12-27,4782.25,4717.0,4784.25,4713.25,898.70K,1.41
5,2021-12-28,4778.5,4780.5,4798.0,4770.5,954.52K,-0.08
6,2021-12-29,4784.5,4781.0,4796.0,4770.0,876.03K,0.13
7,2021-12-30,4772.25,4784.75,4799.75,4767.25,753.94K,-0.26
8,2021-12-31,4758.5,4773.75,4778.5,4750.5,954.08K,-0.29
9,2022-01-03,4786.0,4771.0,4791.25,4747.5,1.32M,0.58
10,2022-01-04,4784.25,4785.25,4808.25,4764.5,1.39M,-0.04
11,2022-01-05,4692.5,4783.5,4788.25,4689.5,1.86M,-1.92
12,2022-01-06,4687.5,4692.0,4715.75,4662.0,1.86M,-0.11
13,2022-01-07,4667.75,4695.0,4705.75,4653.75,1.62M,-0.42
14,2022-01-10,4662.25,4671.25,4681.75,4572.75,2.23M,-0.12
15,2022-01-11,4705.0,4663.5,4707.5,4627.25,1.73M,0.92
16,2022-01-12,4716.25,4704.0,4739.5,4695.0,1.58M,0.24
17,2022-01-13,4652.0,4719.25,4736.25,4642.5,1.82M,-1.36
18,2022-01-14,4654.75,4655.0,4667.0,4606.0,2.01M,0.06
19,2022-01-16,4656.75,4671.25,4671.25,4655.0,17.47K,0.04
20,2022-01-17,4657.0,4660.75,4666.0,4648.75,171.78K,0.01
21,2022-01-18,4571.25,4666.0,4671.75,4560.0,2.27M,-1.84
22,2022-01-19,4524.25,4577.75,4603.0,4517.25,2.00M,-1.03
23,2022-01-20,4474.75,4526.0,4594.25,4437.75,2.04M,-1.09
24,2022-01-21,4390.0,4454.25,4487.0,4381.25,3.01M,-1.89
25,2022-01-24,4403.75,4389.0,4427.5,4212.75,3.85M,0.31
26,2022-01-25,4349.0,4402.75,4406.75,4276.5,2.48M,-1.24
27,2022-01-26,4341.5,4308.75,4446.25,4294.25,2.42M,-0.17
28,2022-01-27,4317.75,4345.25,4422.0,4263.25,2.30M,-0.55
29,2022-01-28,4423.25,4348.0,4426.0,4266.25,2.25M,2.44
30,2022-01-31,4504.25,4423.5,4507.75,4395.5,1.85M,1.83
31,2022-02-01,4535.0,4493.25,4554.75,4474.0,1.62M,0.68
32,2022-02-02,4577.25,4552.0,4586.0,4535.25,1.62M,0.93
33,2022-02-03,4469.0,4545.75,4548.25,4462.0,1.80M,-2.36
34,2022-02-04,4492.5,4518.0,4532.5,4438.5,1.96M,0.53
35,2022-02-07,4475.75,4497.0,4514.5,4462.75,1.50M,-0.37
36,2022-02-08,4512.5,4484.0,4523.75,4456.25,1.46M,0.82
37,2022-02-09,4577.75,4519.0,4585.0,4517.25,1.38M,1.45
38,2022-02-10,4497.5,4582.25,4583.75,4476.0,2.40M,-1.75
39,2022-02-11,4409.5,4494.5,4520.5,4393.25,2.48M,-1.96
40,2022-02-14,4394.0,4411.75,4428.0,4354.0,2.10M,-0.35
41,2022-02-15,4464.5,4393.5,4468.0,4381.75,1.52M,1.6
42,2022-02-16,4470.0,4458.75,4484.5,4422.75,1.43M,0.12
43,2022-02-17,4374.5,4464.25,4474.75,4367.25,1.63M,-2.14
44,2022-02-18,4343.5,4374.75,4411.5,4321.0,1.82M,-0.71
45,2022-02-20,4322.75,4326.0,4332.5,4317.0,21.12K,-0.48
46,2022-02-21,4272.0,4321.75,4390.75,4250.25,479.36K,-1.17
47,2022-02-22,4300.0,4324.25,4391.25,4250.0,2.59M,0.66
48,2022-02-23,4222.0,4310.75,4345.5,4212.5,1.91M,-1.81
49,2022-02-24,4284.0,4215.5,4290.0,4101.75,0.50K,1.47
50,2022-02-25,4380.0,4266.75,4384.25,4227.5,1.95M,2.24
51,2022-02-28,4368.0,4299.5,4385.5,4251.5,2.19M,-0.27
52,2022-03-01,4303.75,4367.5,4399.0,4275.0,1.87M,-1.47
53,2022-03-02,4381.75,4308.75,4399.25,4278.25,1.71M,1.81
54,2022-03-03,4359.25,4373.75,4418.75,4341.0,1.55M,-0.51
55,2022-03-04,4327.25,4366.5,4374.5,4281.25,1.84M,-0.73
56,2022-03-07,4198.5,4308.75,4325.25,4185.25,1.90M,-2.98
57,2022-03-08,4168.75,4186.5,4275.0,4138.75,2.33M,-0.71
58,2022-03-09,4275.25,4153.0,4298.25,4152.0,1.66M,2.55
59,2022-03-10,4257.25,4279.0,4282.25,4207.0,1.75M,-0.42
60,2022-03-11,4201.5,4258.5,4335.5,4198.0,1.65M,-1.31
61,2022-03-14,4172.0,4216.0,4254.5,4160.75,1.44M,-0.7
62,2022-03-15,4262.0,4180.25,4271.5,4138.0,1.09M,2.16
63,2022-03-16,4358.0,4257.5,4376.0,4246.25,722.60K,2.25
64,2022-03-17,4410.25,4370.5,4415.25,4329.0,434.64K,1.2
65,2022-03-18,4409.35,4393.0,4402.75,4373.75,33.54K,-0.02
66,2022-03-21,4452.25,4460.0,4473.0,4415.0,1.38M,0.97
67,2022-03-22,4505.0,4456.75,4514.75,4433.0,1.21M,1.18
68,2022-03-23,4447.5,4504.0,4514.0,4444.75,1.34M,-1.28
69,2022-03-24,4512.5,4449.25,4517.5,4445.75,1.22M,1.46
70,2022-03-25,4536.5,4516.25,4539.0,4493.25,1.25M,0.53
71,2022-03-28,4568.0,4535.25,4572.25,4509.75,1.18M,0.69
72,2022-03-29,4625.5,4570.25,4631.0,4565.25,1.35M,1.26
73,2022-03-30,4596.0,4621.25,4627.5,4574.75,1.21M,-0.64
74,2022-03-31,4530.75,4599.0,4614.25,4526.25,1.65M,-1.42
75,2022-04-01,4539.25,4541.0,4555.5,4501.25,1.44M,0.19
76,2022-04-04,4577.75,4538.25,4580.0,4527.75,1.03M,0.85
77,2022-04-05,4520.25,4576.25,4588.75,4507.75,1.30M,-1.26
78,2022-04-06,4475.75,4526.25,4528.75,4444.5,1.80M,-0.98
79,2022-04-07,4496.25,4471.25,4517.25,4444.5,1.45M,0.46
80,2022-04-08,4483.5,4494.75,4519.75,4468.75,1.36M,-0.28
81,2022-04-11,4409.0,4488.75,4491.25,4403.5,1.43M,-1.66
82,2022-04-12,4393.0,4411.0,4466.75,4375.5,1.74M,-0.36
83,2022-04-13,4442.25,4396.75,4449.5,4384.0,1.25M,1.12
84,2022-04-14,4387.5,4438.5,4455.75,4385.0,1.40M,-1.23
85,2022-04-18,4386.75,4390.0,4406.25,4355.5,1.15M,-0.02
86,2022-04-19,4459.25,4399.0,4467.0,4371.75,1.47M,1.65
87,2022-04-20,4455.5,4441.0,4484.25,4432.75,1.42M,-0.08
88,2022-04-21,4390.5,4468.0,4509.0,4380.0,1.70M,-1.46
89,2022-04-22,4267.25,4385.75,4393.25,4247.5,2.04M,-2.81
90,2022-04-25,4292.75,4259.0,4296.5,4195.25,2.28M,0.6
91,2022-04-26,4170.5,4294.0,4303.5,4136.75,2.02M,-2.85
92,2022-04-27,4180.25,4149.5,4236.25,4149.0,2.04M,0.23
93,2022-04-28,4283.5,4213.0,4303.5,4182.5,1.80M,2.47
94,2022-04-29,4127.5,4244.0,4279.75,4118.75,2.12M,-3.64
95,2022-05-02,4151.0,4144.0,4165.75,4056.0,2.35M,0.57
96,2022-05-03,4169.25,4145.5,4195.75,4129.0,1.68M,0.44
97,2022-05-04,4295.25,4171.25,4303.0,4142.75,1.78M,3.02
98,2022-05-05,4143.25,4289.75,4300.75,4099.25,2.39M,-3.54
99,2022-05-06,4119.5,4146.5,4153.25,4062.0,2.31M,-0.57
100,2022-05-09,3987.5,4087.25,4099.0,3970.0,2.14M,-3.2
101,2022-05-10,3996.75,3993.25,4065.5,3953.0,2.25M,0.23
102,2022-05-11,3930.25,3990.5,4050.5,3923.75,0.16K,-1.66
103,2022-05-12,3927.25,3939.75,3961.75,3855.0,2.38M,-0.08
104,2022-05-13,4019.75,3916.25,4036.0,3915.5,1.86M,2.36
105,2022-05-16,4004.75,4025.0,4043.5,3979.5,1.70M,-0.37
106,2022-05-17,4084.75,4002.0,4091.5,4000.5,1.72M,2.0
107,2022-05-18,3922.75,4091.25,4095.0,3905.5,2.20M,-3.97
108,2022-05-19,3897.75,3916.5,3943.5,3856.0,2.32M,-0.64
109,2022-05-20,3899.5,3900.5,3949.5,3807.5,2.41M,0.04
110,2022-05-23,3971.75,3910.5,3982.25,3906.5,1.74M,1.85
111,2022-05-24,3940.5,3951.75,3954.5,3872.0,2.02M,-0.79
112,2022-05-25,3976.75,3950.0,3997.75,3913.5,1.74M,0.92
113,2022-05-26,4055.75,3972.25,4073.5,3960.5,1.49M,1.99
114,2022-05-27,4155.75,4047.5,4168.25,4041.25,1.55M,2.47
115,2022-05-29,4167.5,4165.75,4173.0,4157.75,13.14K,0.28
116,2022-05-30,4177.75,4167.25,4202.25,4161.5,210.47K,0.25
117,2022-05-31,4131.25,4164.5,4202.25,4102.75,2.22M,-1.11
118,2022-06-01,4099.0,4138.5,4165.0,4071.5,1.91M,-0.78
119,2022-06-02,4175.25,4097.75,4179.0,4072.25,1.51M,1.86
120,2022-06-03,4107.0,4177.75,4189.0,4096.75,1.53M,-1.63
121,2022-06-06,4120.5,4110.5,4168.25,4104.5,1.46M,0.33
122,2022-06-07,4158.75,4122.0,4164.0,4076.0,1.68M,0.93
123,2022-06-08,4114.0,4150.75,4160.0,4105.25,1.71M,-1.08
124,2022-06-09,4016.25,4116.0,4144.25,4014.75,2.02M,-2.38
125,2022-06-10,3899.0,4025.25,4029.5,3895.25,2.12M,-2.92
126,2022-06-13,3750.5,3870.75,3876.5,3732.5,2.16M,-3.81
127,2022-06-14,3736.75,3758.25,3805.0,3705.25,1.34M,-0.37
128,2022-06-15,3789.25,3740.0,3839.0,3720.25,0.17K,1.4
129,2022-06-16,3668.25,3794.25,3828.75,3639.0,544.03K,-3.19
130,2022-06-17,3663.76,3677.5,3710.75,3665.75,40.26K,-0.12
131,2022-06-19,3705.5,3683.75,3707.5,3683.75,17.35K,1.14
132,2022-06-20,3717.0,3705.75,3724.5,3662.25,243.02K,0.31
133,2022-06-21,3767.75,3684.0,3783.75,3661.5,1.57M,1.37
134,2022-06-22,3762.75,3766.25,3805.5,3693.25,1.66M,-0.13
135,2022-06-23,3799.75,3761.25,3805.75,3735.0,1.61M,0.98
136,2022-06-24,3916.25,3785.25,3919.75,3781.25,1.56M,3.07
137,2022-06-27,3903.75,3915.0,3948.0,3892.5,1.50M,-0.32
138,2022-06-28,3825.5,3911.25,3950.0,3821.75,1.79M,-2.0
139,2022-06-29,3821.25,3828.25,3840.0,3801.25,1.72M,-0.11
140,2022-06-30,3789.5,3822.75,3825.0,3741.25,2.39M,-0.83
141,2022-07-01,3827.25,3782.0,3833.5,3744.5,1.75M,1.0
142,2022-07-03,3812.0,3827.75,3827.75,3809.75,12.01K,-0.4
143,2022-07-04,3846.75,3812.0,3855.75,3793.25,169.38K,0.91
144,2022-07-05,3834.0,3828.5,3857.75,3744.0,0.16K,-0.33
145,2022-07-06,3848.25,3838.0,3875.0,3808.75,1.68M,0.37
146,2022-07-07,3905.0,3853.75,3914.25,3832.5,1.31M,1.47
147,2022-07-08,3901.25,3897.0,3922.0,3868.0,1.49M,-0.1
148,2022-07-11,3856.75,3900.0,3900.75,3850.0,1.49M,-1.14
149,2022-07-12,3823.75,3862.0,3876.5,3804.75,1.64M,-0.86
150,2022-07-13,3804.5,3825.0,3873.0,3752.0,2.16M,-0.5
151,2022-07-14,3793.25,3795.75,3806.25,3723.75,1.92M,-0.3
152,2022-07-15,3865.0,3797.75,3868.25,3780.25,1.52M,1.89
153,2022-07-18,3833.75,3878.5,3909.5,3820.25,1.44M,-0.81
154,2022-07-19,3937.5,3838.5,3948.0,3834.0,1.61M,2.71
155,2022-07-20,3962.5,3947.0,3977.25,3922.25,1.73M,0.63
156,2022-07-21,4001.25,3954.0,4004.75,3930.25,1.82M,0.98
157,2022-07-22,3965.0,3988.0,4016.25,3941.5,1.74M,-0.91
158,2022-07-25,3970.0,3967.75,3988.75,3946.0,1.49M,0.13
159,2022-07-26,3923.25,3959.0,3964.5,3913.25,1.59M,-1.18
160,2022-07-27,4024.5,3939.25,4042.75,3938.75,1.74M,2.58
161,2022-07-28,4073.5,4022.0,4111.0,3994.5,2.01M,1.22
162,2022-07-29,4133.5,4105.0,4144.0,4081.0,1.92M,1.47
163,2022-08-01,4120.5,4137.5,4147.25,4097.0,1.78M,-0.31
164,2022-08-02,4093.75,4119.75,4143.0,4080.5,1.89M,-0.65
165,2022-08-03,4156.25,4097.0,4170.0,4084.5,1.70M,1.53
166,2022-08-04,4152.25,4150.25,4173.25,4136.0,1.25M,-0.1
167,2022-08-05,4146.75,4152.0,4166.25,4103.75,1.72M,-0.13
168,2022-08-08,4141.75,4149.75,4188.0,4129.25,1.54M,-0.12
169,2022-08-09,4124.5,4148.5,4155.0,4113.0,1.28M,-0.42
170,2022-08-10,4210.0,4128.75,4213.5,4113.75,1.63M,2.07
171,2022-08-11,4209.75,4210.75,4260.5,4202.75,1.60M,-0.01
172,2022-08-12,4281.0,4219.25,4282.75,4208.25,1.30M,1.69
173,2022-08-15,4298.25,4277.0,4304.75,4249.0,0.14K,0.4
174,2022-08-16,4307.75,4294.5,4327.5,4278.75,0.18K,0.22
175,2022-08-17,4276.75,4309.25,4315.0,4255.0,1.64M,-0.72
176,2022-08-18,4286.5,4279.5,4295.5,4258.0,1.37M,0.23
177,2022-08-19,4231.5,4287.0,4288.0,4220.75,1.70M,-1.28
178,2022-08-22,4141.25,4221.0,4221.5,4131.5,1.72M,-2.13
179,2022-08-23,4130.5,4147.0,4161.75,4118.0,1.58M,-0.26
180,2022-08-24,4142.75,4128.25,4158.5,4110.75,1.35M,0.3
181,2022-08-25,4201.0,4148.75,4202.75,4143.0,1.64M,1.41
182,2022-08-26,4059.5,4198.25,4217.25,4042.75,2.24M,-3.37
183,2022-08-29,4031.25,4024.0,4064.0,4006.75,1.96M,-0.7
184,2022-08-30,3987.5,4035.75,4072.75,3964.5,2.56M,-1.09
185,2022-08-31,3956.5,3987.25,4018.25,3953.0,2.37M,-0.78
186,2022-09-01,3968.75,3958.0,3971.25,3903.5,2.21M,0.31
187,2022-09-02,3924.5,3967.5,4019.25,3906.0,2.51M,-1.11
188,2022-09-04,3933.0,3928.75,3933.75,3915.5,24.15K,0.22
189,2022-09-05,3939.0,3932.75,3946.0,3918.75,231.16K,0.15
190,2022-09-06,3910.5,3929.0,3963.25,3886.75,2.36M,-0.72
191,2022-09-07,3980.0,3907.5,3988.75,3883.5,1.96M,1.78
192,2022-09-08,4005.5,3980.0,4011.5,3942.75,2.36M,0.64
193,2022-09-09,4067.25,4010.25,4077.25,4005.75,1.68M,1.54
194,2022-09-12,4110.75,4077.25,4119.75,4062.25,1.72M,1.07
195,2022-09-13,3931.25,4118.25,4158.0,3919.75,1.42M,-4.37
196,2022-09-14,3947.5,3936.75,3962.75,3911.25,662.60K,0.41
197,2022-09-15,3902.0,3955.0,3959.5,3888.0,438.92K,-1.15
198,2022-09-16,3871.24,3888.5,3888.5,3846.0,44.59K,-0.79
199,2022-09-19,3917.25,3889.5,3927.0,3846.25,2.10M,1.19
200,2022-09-20,3872.75,3923.0,3936.25,3843.25,2.36M,-1.14
201,2022-09-21,3806.25,3878.75,3925.25,3792.0,2.44M,-1.72
202,2022-09-22,3772.0,3794.0,3833.0,3763.5,2.58M,-0.9
203,2022-09-23,3709.0,3777.25,3783.25,3660.25,2.91M,-1.67
204,2022-09-26,3670.0,3705.25,3730.5,3657.5,0.03K,-1.05
205,2022-09-27,3661.0,3668.0,3733.0,3635.25,2.96M,-0.25
206,2022-09-28,3732.0,3668.5,3751.25,3613.0,2.78M,1.94
207,2022-09-29,3654.25,3730.25,3736.0,3622.0,0.40K,-2.08
208,2022-09-30,3601.5,3656.5,3693.75,3595.25,2.98M,-1.44
209,2022-10-03,3690.25,3593.25,3711.75,3571.75,2.32M,2.46
210,2022-10-04,3803.25,3696.5,3808.75,3686.25,2.38M,3.06
211,2022-10-05,3794.0,3801.0,3820.0,3734.0,2.09M,-0.24
212,2022-10-06,3756.75,3795.75,3819.5,3750.0,2.16M,-0.98
213,2022-10-07,3653.25,3745.75,3770.5,3632.5,2.24M,-2.76
214,2022-10-10,3625.25,3638.75,3667.5,3600.0,2.02M,-0.77
215,2022-10-11,3599.25,3624.75,3653.25,3579.0,2.40M,-0.72
216,2022-10-12,3588.5,3607.0,3635.25,3585.5,1.95M,-0.3
217,2022-10-13,3681.75,3596.25,3697.75,3502.0,3.29M,2.6
218,2022-10-14,3597.5,3680.25,3733.75,3591.25,2.73M,-2.29
219,2022-10-17,3689.25,3591.0,3702.5,3590.5,1.95M,2.55
220,2022-10-18,3732.75,3706.25,3777.25,3697.25,2.75M,1.18
221,2022-10-19,3707.25,3759.75,3774.25,3676.75,2.35M,-0.68
222,2022-10-20,3675.25,3708.0,3748.0,3666.25,2.40M,-0.86
223,2022-10-21,3764.0,3677.75,3773.25,3641.5,2.68M,2.41
224,2022-10-24,3809.25,3771.0,3822.0,3736.5,2.11M,1.2
225,2022-10-25,3870.25,3803.25,3874.25,3790.0,1.84M,1.6
226,2022-10-26,3841.0,3841.0,3897.5,3824.25,2.12M,-0.76
227,2022-10-27,3819.5,3844.25,3870.75,3757.5,2.21M,-0.56
228,2022-10-28,3911.25,3798.25,3924.25,3776.75,2.08M,2.4
229,2022-10-31,3883.0,3911.5,3914.75,3872.25,2.00M,-0.72
230,2022-11-01,3866.0,3884.0,3928.0,3852.5,1.90M,-0.44
231,2022-11-02,3768.75,3863.0,3907.0,3760.25,2.21M,-2.52
232,2022-11-03,3727.75,3766.75,3782.5,3704.25,1.89M,-1.09
233,2022-11-04,3779.5,3724.0,3805.5,3711.0,2.49M,1.39
234,2022-11-07,3815.25,3750.0,3821.75,3738.25,1.48M,0.95
235,2022-11-08,3835.25,3812.75,3867.0,3792.75,1.88M,0.52
236,2022-11-09,3755.5,3832.5,3848.75,3750.0,1.89M,-2.08
237,2022-11-10,3961.0,3757.0,3973.5,3751.5,2.41M,5.47
238,2022-11-11,4000.25,3973.0,4009.75,3951.0,1.93M,0.99
239,2022-11-14,3966.0,3984.0,4017.5,3964.0,1.59M,-0.86
240,2022-11-15,3999.5,3974.75,4050.75,3960.0,2.23M,0.84
241,2022-11-16,3968.5,3992.0,4015.75,3962.0,1.50M,-0.78
242,2022-11-17,3955.25,3977.25,3990.25,3912.5,1.56M,-0.33
243,2022-11-18,3974.0,3960.5,3994.0,3942.5,1.53M,0.47
244,2022-11-21,3958.0,3972.5,3982.0,3937.5,1.18M,-0.4
245,2022-11-22,4010.25,3957.75,4012.5,3945.25,1.16M,1.32
246,2022-11-23,4033.0,4010.0,4039.5,4002.0,1.28M,0.57
247,2022-11-24,4044.0,4041.0,4049.0,4037.25,111.62K,0.27
248,2022-11-25,4032.5,4038.75,4049.25,4024.75,608.80K,-0.28
249,2022-11-28,3970.25,4020.25,4024.0,3960.25,1.48M,-1.54
250,2022-11-29,3962.0,3972.0,3990.25,3941.25,1.50M,-0.21
251,2022-11-30,4081.25,3962.25,4093.5,3942.75,2.48M,3.01
252,2022-12-01,4081.75,4094.5,4110.0,4054.5,1.83M,0.01
253,2022-12-02,4075.5,4077.5,4085.5,4006.75,1.85M,-0.15
254,2022-12-05,4003.25,4074.0,4075.75,3987.25,1.50M,-1.77
255,2022-12-06,3945.0,4005.75,4014.75,3921.5,1.87M,-1.46
256,2022-12-07,3936.75,3944.5,3961.5,3914.0,1.76M,-0.21
257,2022-12-08,3965.75,3935.75,3977.25,3916.0,1.71M,0.74
258,2022-12-09,3936.25,3964.75,3990.0,3930.0,1.74M,-0.74
259,2022-12-12,3991.75,3933.0,3992.75,3924.5,1.62M,1.41
260,2022-12-13,4022.25,3989.25,4145.0,3985.0,1.42M,0.76
261,2022-12-14,3998.0,4021.75,4073.0,3965.25,712.44K,-0.6
262,2022-12-15,3897.0,4004.25,4010.25,3878.5,560.67K,-2.53
263,2022-12-16,3871.47,3890.5,3904.25,3842.0,40.98K,-0.66
264,2022-12-19,3845.5,3874.0,3899.0,3827.25,1.41M,-0.67
265,2022-12-20,3849.25,3842.75,3866.5,3803.5,1.54M,0.1
266,2022-12-21,3905.75,3857.25,3918.75,3855.5,1.52M,1.47
267,2022-12-22,3849.25,3915.0,3919.75,3788.5,1.84M,-1.45
268,2022-12-23,3869.75,3850.0,3872.5,3821.25,1.37M,0.53
269,2022-12-27,3855.0,3878.0,3900.5,3837.25,1.01M,-0.38
270,2022-12-28,3807.5,3858.0,3875.0,3804.5,1.28M,-1.23
271,2022-12-29,3871.75,3811.0,3882.75,3806.25,1.15M,1.69
272,2022-12-30,3861.0,3869.75,3871.0,3821.5,1.40M,-0.28
273,2023-01-03,3846.0,3895.0,3906.75,3814.5,1.78M,-0.39
274,2023-01-04,3874.5,3842.75,3896.25,3836.5,1.91M,0.74
275,2023-01-05,3829.0,3871.0,3885.5,3822.5,1.68M,-1.17
276,2023-01-06,3915.5,3833.0,3928.75,3819.0,2.03M,2.26
277,2023-01-09,3913.75,3918.5,3973.25,3909.75,1.70M,-0.04
278,2023-01-10,3940.75,3914.5,3943.75,3891.5,1.52M,0.69
279,2023-01-11,3990.0,3941.0,3992.5,3934.5,1.40M,1.25
280,2023-01-12,4003.5,3991.75,4021.5,3954.0,2.10M,0.34
281,2023-01-13,4018.25,4003.0,4024.25,3961.75,1.46M,0.37
282,2023-01-17,4009.5,4020.0,4035.25,3996.75,1.42M,-0.22
283,2023-01-18,3945.75,4008.5,4033.5,3943.75,0.10K,-1.59
284,2023-01-19,3915.5,3945.25,3948.75,3901.75,1.90M,-0.77
285,2023-01-20,3988.5,3925.0,3990.5,3911.75,1.62M,1.86
286,2023-01-23,4036.5,3987.0,4056.75,3980.25,1.59M,1.2
287,2023-01-24,4032.75,4036.5,4047.5,4005.25,1.47M,-0.09
288,2023-01-25,4032.0,4039.0,4040.5,3963.25,1.76M,-0.02
289,2023-01-26,4075.5,4031.0,4077.0,4027.25,0.16K,1.08
290,2023-01-27,4084.25,4065.0,4109.25,4057.25,1.59M,0.21
291,2023-01-30,4032.5,4077.0,4086.0,4029.5,1.79M,-1.27
292,2023-01-31,4090.0,4039.25,4091.25,4007.5,1.79M,1.43
293,2023-02-01,4132.25,4085.75,4163.25,4048.5,2.00M,1.03
294,2023-02-02,4191.5,4145.5,4208.5,4136.75,0.09K,1.43
295,2023-02-03,4147.75,4176.0,4194.0,4132.5,0.03K,-1.04
296,2023-02-06,4123.5,4134.25,4143.0,4104.0,1.56M,-0.58
297,2023-02-07,4175.75,4123.5,4188.25,4098.25,2.18M,1.27
298,2023-02-08,4130.5,4167.25,4179.25,4121.25,1.80M,-1.08
299,2023-02-09,4091.75,4132.25,4170.25,4078.25,1.83M,-0.94
300,2023-02-10,4099.75,4098.0,4104.25,4060.75,1.74M,0.2
301,2023-02-13,4147.25,4105.0,4150.75,4078.75,1.38M,1.16
302,2023-02-14,4145.5,4149.75,4186.5,4103.75,2.38M,-0.04
303,2023-02-15,4158.25,4141.25,4161.75,4113.0,0.05K,0.31
304,2023-02-16,4099.75,4159.0,4168.5,4095.0,0.02K,-1.41
305,2023-02-17,4087.5,4095.5,4096.0,4055.75,2.01M,-0.3
306,2023-02-21,4005.75,4083.0,4089.25,4002.0,1.88M,-2.0
307,2023-02-22,3999.0,4007.5,4025.0,3983.75,1.93M,-0.17
308,2023-02-23,4018.75,4010.0,4034.25,3974.25,1.96M,0.49
309,2023-02-24,3975.75,4015.25,4023.25,3947.5,2.06M,-1.07
310,2023-02-27,3988.0,3976.5,4024.75,3973.0,1.62M,0.31
311,2023-02-28,3975.5,3991.5,4003.75,3965.0,1.85M,-0.31
312,2023-03-01,3956.5,3968.5,3991.0,3943.0,2.04M,-0.48
313,2023-03-02,3984.75,3959.75,3995.25,3925.0,1.84M,0.71
314,2023-03-03,4049.75,3983.0,4053.0,3974.0,1.67M,1.63
315,2023-03-06,4052.5,4049.25,4082.5,4041.75,1.53M,0.07
316,2023-03-07,3989.75,4053.75,4064.5,3982.5,2.14M,-1.55
317,2023-03-08,3995.0,3990.0,4003.25,3971.5,1.83M,0.13
318,2023-03-09,3920.0,3997.0,4019.75,3909.5,0.04K,-1.88
319,2023-03-10,3862.75,3919.0,3941.75,3846.25,0.06K,-1.46
320,2023-03-13,3856.75,3887.75,3938.75,3808.75,2.75M,-0.16
321,2023-03-14,3920.5,3865.75,3938.0,3855.25,1.61M,1.65
322,2023-03-15,3892.75,3920.5,3931.0,3834.0,833.64K,-0.71
323,2023-03-16,3960.5,3892.75,3966.5,3863.25,466.91K,1.74
324,2023-03-17,3957.05,3962.25,3974.0,3923.0,38.53K,-0.09
325,2023-03-20,3983.0,3963.75,3989.5,3897.25,1.82M,0.66
326,2023-03-21,4035.75,3986.5,4043.25,3981.75,1.53M,1.32
327,2023-03-22,3970.5,4038.75,4073.75,3966.25,1.80M,-1.62
328,2023-03-23,3978.0,3972.75,4039.5,3948.5,2.24M,0.19
329,2023-03-24,4001.25,3988.75,4010.75,3937.0,1.94M,0.58
330,2023-03-27,4007.25,4008.0,4034.25,3997.5,1.30M,0.15
331,2023-03-28,4001.5,4013.5,4023.75,3980.75,1.22M,-0.14
332,2023-03-29,4057.5,4006.5,4061.25,4006.0,1.39M,1.4
333,2023-03-30,4080.0,4058.0,4087.75,4052.5,1.33M,0.55
334,2023-03-31,4137.75,4081.0,4142.5,4078.0,1.70M,1.42
335,2023-04-03,4153.75,4127.0,4157.75,4122.75,0.05K,0.39
336,2023-04-04,4129.0,4152.5,4171.75,4115.25,0.19K,-0.6
337,2023-04-05,4117.25,4134.0,4135.5,4099.0,1.47M,-0.28
338,2023-04-06,4132.0,4113.75,4135.25,4096.5,1.30M,0.36
339,2023-04-07,4132.0,4129.0,4146.75,4121.0,73.01K,0.0
340,2023-04-10,4136.25,4139.0,4143.0,4098.75,1.17M,0.1
341,2023-04-11,4136.5,4138.5,4151.75,4128.75,1.22M,0.01
342,2023-04-12,4119.0,4137.5,4177.75,4113.5,1.85M,-0.42
343,2023-04-13,4172.75,4117.5,4177.0,4110.25,1.46M,1.3
344,2023-04-14,4163.75,4168.75,4189.0,4138.0,1.88M,-0.22
345,2023-04-17,4176.75,4174.25,4180.5,4148.0,1.30M,0.31
346,2023-04-18,4180.0,4177.0,4198.25,4164.5,1.43M,0.08
347,2023-04-19,4178.5,4176.0,4187.5,4150.5,1.29M,-0.04
348,2023-04-20,4152.5,4172.25,4173.5,4137.0,1.77M,-0.62
349,2023-04-21,4156.75,4153.75,4161.0,4135.25,1.65M,0.1
350,2023-04-24,4159.5,4150.0,4164.25,4133.5,1.33M,0.07
351,2023-04-25,4093.25,4157.25,4158.5,4091.5,1.77M,-1.59
352,2023-04-26,4076.0,4110.25,4116.25,4068.75,1.81M,-0.42
353,2023-04-27,4153.75,4085.5,4166.5,4080.75,1.69M,1.91
354,2023-04-28,4188.5,4151.0,4193.75,4131.5,0.05K,0.84
355,2023-05-01,4185.75,4190.0,4206.25,4178.5,1.24M,-0.07
356,2023-05-02,4136.75,4179.5,4191.5,4105.5,2.03M,-1.17
357,2023-05-03,4107.5,4133.25,4167.0,4095.0,1.66M,-0.71
358,2023-05-04,4075.75,4087.0,4118.0,4062.25,0.10K,-0.77
359,2023-05-05,4150.25,4077.25,4163.25,4076.75,1.55M,1.83
360,2023-05-08,4152.75,4151.0,4161.0,4137.5,1.03M,0.06
361,2023-05-09,4134.0,4150.5,4153.0,4131.0,1.00M,-0.45
362,2023-05-10,4152.0,4133.0,4173.25,4112.25,1.89M,0.44
363,2023-05-11,4143.75,4152.75,4168.5,4121.5,1.47M,-0.2
364,2023-05-12,4138.0,4144.5,4164.5,4111.75,1.43M,-0.14
365,2023-05-15,4150.0,4132.25,4156.25,4123.0,1.18M,0.29
366,2023-05-16,4123.0,4148.25,4151.5,4120.0,1.32M,-0.65
367,2023-05-17,4171.5,4126.0,4179.0,4122.0,1.58M,1.18
368,2023-05-18,4212.0,4171.25,4215.75,4161.25,1.76M,0.97
369,2023-05-19,4204.75,4215.5,4227.25,4191.5,1.71M,-0.17
370,2023-05-22,4205.0,4189.0,4221.75,4186.5,1.30M,0.01
371,2023-05-23,4158.75,4207.5,4222.75,4153.0,1.69M,-1.1
372,2023-05-24,4126.0,4158.0,4166.25,4114.0,1.91M,-0.79
373,2023-05-25,4159.75,4157.0,4175.5,4131.5,1.97M,0.82
374,2023-05-26,4213.25,4157.0,4221.25,4146.0,1.74M,1.29
375,2023-05-30,4215.0,4239.75,4243.25,4200.0,1.96M,0.04
376,2023-05-31,4190.5,4213.0,4217.75,4174.0,2.14M,-0.58
377,2023-06-01,4228.0,4188.5,4239.75,4178.0,1.87M,0.89
378,2023-06-02,4288.0,4231.75,4297.75,4229.0,1.96M,1.42
379,2023-06-05,4281.0,4288.0,4305.75,4273.0,1.67M,-0.16
380,2023-06-06,4289.75,4279.75,4294.75,4268.5,1.55M,0.2
381,2023-06-07,4274.25,4292.25,4304.75,4269.25,1.93M,-0.36
382,2023-06-08,4298.25,4273.25,4302.5,4262.75,1.66M,0.56
383,2023-06-09,4304.75,4297.75,4325.5,4284.0,0.18K,0.15
384,2023-06-12,4342.75,4306.5,4346.5,4305.25,1.67M,0.88
385,2023-06-13,4371.75,4345.0,4377.75,4335.75,1.32M,0.67
386,2023-06-14,4374.25,4372.0,4394.75,4339.75,758.32K,0.06
387,2023-06-15,4426.5,4378.75,4441.0,4350.0,486.41K,1.19
388,2023-06-16,4453.35,4424.75,4453.25,4415.25,39.00K,0.61
389,2023-06-20,4434.75,4458.0,4462.0,4410.5,1.54M,-0.42
390,2023-06-21,4409.25,4430.25,4438.5,4403.5,1.47M,-0.58
391,2023-06-22,4423.75,4410.0,4427.0,4393.0,1.38M,0.33
392,2023-06-23,4389.0,4425.75,4426.25,4381.5,1.55M,-0.79
393,2023-06-26,4370.25,4390.0,4403.0,4368.5,1.62M,-0.43
394,2023-06-27,4418.75,4375.75,4424.75,4371.5,1.51M,1.11
395,2023-06-28,4417.5,4414.0,4430.25,4399.25,1.69M,-0.03
396,2023-06-29,4435.75,4423.75,4438.0,4409.75,1.63M,0.41
397,2023-06-30,4488.25,4435.25,4498.0,4433.0,1.77M,1.18
398,2023-07-03,4492.25,4485.5,4494.0,4479.5,0.10K,0.09
399,2023-07-05,4483.75,4492.0,4493.75,4466.25,1.19M,-0.19
400,2023-07-06,4447.0,4481.75,4483.5,4419.5,1.74M,-0.82
401,2023-07-07,4434.0,4441.25,4476.0,4431.5,0.12K,-0.29
402,2023-07-10,4444.25,4437.5,4448.25,4411.25,1.36M,0.23
403,2023-07-11,4473.5,4445.75,4478.5,4439.0,1.34M,0.66
404,2023-07-12,4507.5,4471.0,4523.75,4470.0,1.78M,0.76
405,2023-07-13,4543.5,4510.5,4551.5,4509.25,1.16M,0.8
406,2023-07-14,4536.75,4539.5,4560.5,4531.0,1.38M,-0.15
407,2023-07-17,4553.75,4536.0,4565.75,4528.0,1.06M,0.37
408,2023-07-18,4587.75,4550.25,4594.5,4544.75,1.30M,0.75
409,2023-07-19,4597.0,4582.75,4609.25,4582.25,1.54M,0.2
410,2023-07-20,4565.5,4593.25,4594.25,4557.25,1.53M,-0.69
411,2023-07-21,4564.75,4566.25,4590.0,4561.75,1.43M,-0.02
412,2023-07-24,4583.5,4564.25,4592.5,4560.0,1.20M,0.41
413,2023-07-25,4596.0,4584.5,4608.75,4579.25,1.22M,0.27
414,2023-07-26,4595.25,4604.75,4610.75,4573.75,1.37M,-0.02
415,2023-07-27,4564.25,4594.75,4634.5,4553.75,1.92M,-0.67
416,2023-07-28,4606.5,4566.0,4616.5,4558.0,1.57M,0.93
417,2023-07-31,4614.5,4608.75,4619.25,4595.25,1.30M,0.17
418,2023-08-01,4601.25,4617.75,4621.75,4591.0,1.21M,-0.29
419,2023-08-02,4537.25,4580.0,4593.5,4527.75,1.92M,-1.39
420,2023-08-03,4521.75,4534.25,4547.5,4505.75,1.76M,-0.34
421,2023-08-04,4498.0,4523.5,4560.75,4493.75,2.04M,-0.53
422,2023-08-07,4537.75,4500.5,4541.75,4500.5,1.40M,0.88
423,2023-08-08,4518.5,4539.5,4541.0,4482.0,1.70M,-0.42
424,2023-08-09,4485.75,4516.5,4536.25,4478.25,1.64M,-0.72
425,2023-08-10,4485.75,4493.25,4544.75,4473.5,2.23M,0.0
426,2023-08-11,4480.75,4487.75,4496.25,4459.0,1.51M,-0.11
427,2023-08-14,4506.0,4485.0,4507.75,4465.0,1.28M,0.56
428,2023-08-15,4454.0,4505.75,4517.75,4447.0,1.49M,-1.15
429,2023-08-16,4420.0,4453.25,4467.25,4417.0,1.50M,-0.76
430,2023-08-17,4384.5,4420.5,4436.75,4377.75,1.63M,-0.8
431,2023-08-18,4382.75,4379.25,4396.0,4350.0,1.75M,-0.04
432,2023-08-21,4412.5,4382.5,4421.0,4372.25,0.43K,0.68
433,2023-08-22,4399.25,4410.25,4440.0,4394.25,1.38M,-0.3
434,2023-08-23,4447.0,4400.0,4476.25,4399.5,1.31M,1.09
435,2023-08-24,4386.0,4470.5,4485.5,4378.5,1.78M,-1.37
436,2023-08-25,4414.25,4384.5,4429.0,4365.25,1.85M,0.64
437,2023-08-28,4442.25,4418.0,4449.5,4414.5,1.27M,0.63
438,2023-08-29,4506.75,4444.0,4509.5,4433.5,1.44M,1.45
439,2023-08-30,4524.25,4508.75,4530.75,4496.25,1.40M,0.39
440,2023-08-31,4516.0,4527.0,4541.25,4512.75,1.40M,-0.18
441,2023-09-01,4521.5,4516.75,4547.75,4507.25,0.01K,0.12
442,2023-09-05,4502.5,4521.25,4531.25,4499.25,1.39M,-0.42
443,2023-09-06,4471.5,4500.0,4503.75,4447.0,1.60M,-0.69
444,2023-09-07,4456.25,4469.5,4471.75,4434.25,1.60M,-0.34
445,2023-09-08,4461.75,4458.25,4477.5,4443.0,1.69M,0.12
446,2023-09-11,4490.25,4463.5,4493.5,4459.25,1.71M,0.64
447,2023-09-12,4465.0,4487.75,4491.0,4458.75,1.15M,-0.56
448,2023-09-13,4468.75,4464.5,4481.0,4446.75,690.87K,0.08
449,2023-09-14,4506.0,4471.75,4513.0,4470.25,454.91K,0.83
450,2023-09-15,4491.72,4508.0,4517.75,4480.0,43.85K,-0.32
451,2023-09-18,4501.5,4499.5,4514.5,4487.0,1.16M,0.22
452,2023-09-19,4490.0,4503.25,4509.5,4462.25,1.42M,-0.26
453,2023-09-20,4447.0,4491.25,4508.0,4443.25,1.48M,-0.96
454,2023-09-21,4372.0,4445.0,4447.0,4366.5,2.00M,-1.69
455,2023-09-22,4361.0,4370.25,4399.0,4357.25,1.74M,-0.25
456,2023-09-25,4378.75,4365.0,4383.5,4338.25,1.56M,0.41
457,2023-09-26,4314.75,4382.0,4382.0,4305.5,1.76M,-1.46
458,2023-09-27,4313.5,4320.25,4336.5,4277.0,0.00K,-0.03
459,2023-09-28,4337.5,4323.25,4355.75,4301.0,2.01M,0.56
460,2023-09-29,4325.5,4342.0,4371.25,4311.0,2.11M,-0.28
461,2023-10-02,4324.25,4349.0,4355.5,4295.5,1.95M,-0.03
462,2023-10-03,4264.75,4326.0,4335.75,4251.25,0.11K,-1.38
463,2023-10-04,4297.75,4262.75,4304.0,4235.5,2.17M,0.77
464,2023-10-05,4290.75,4291.5,4302.0,4258.0,0.19K,-0.16
465,2023-10-06,4341.5,4287.5,4358.5,4242.25,2.22M,1.18
466,2023-10-09,4368.75,4315.0,4375.75,4299.5,1.49M,0.63
467,2023-10-10,4391.5,4368.75,4419.0,4366.25,1.61M,0.52
468,2023-10-11,4409.75,4392.0,4419.75,4377.25,1.49M,0.42
469,2023-10-12,4380.5,4417.75,4430.5,4355.5,1.88M,-0.66
470,2023-10-13,4357.25,4380.75,4407.75,4340.75,2.16M,-0.53
471,2023-10-16,4401.0,4356.75,4414.25,4354.5,0.11K,1.0
472,2023-10-17,4401.75,4406.25,4423.25,4365.75,0.34K,0.02
473,2023-10-18,4342.25,4398.0,4399.25,4330.75,0.02K,-1.35
474,2023-10-19,4303.0,4346.5,4366.5,4292.75,0.02K,-0.9
475,2023-10-20,4248.5,4295.0,4304.25,4243.5,0.17K,-1.27
476,2023-10-23,4241.75,4256.25,4280.75,4213.25,0.08K,-0.16
477,2023-10-24,4271.25,4250.25,4290.5,4242.0,0.06K,0.7
478,2023-10-25,4209.75,4269.5,4273.5,4203.75,0.02K,-1.44
479,2023-10-26,4156.5,4202.0,4205.0,4146.25,0.09K,-1.26
480,2023-10-27,4137.75,4167.0,4185.0,4122.25,0.24K,-0.45
481,2023-10-30,4185.75,4148.0,4197.5,4143.5,0.06K,1.16
482,2023-10-31,4212.25,4184.25,4215.0,4166.75,0.15K,0.63
483,2023-11-01,4256.0,4205.0,4264.75,4191.25,0.36K,1.04
484,2023-11-02,4335.75,4258.5,4339.75,4257.75,0.07K,1.87
485,2023-11-03,4376.0,4327.5,4391.75,4325.5,0.12K,0.93
486,2023-11-06,4384.25,4379.25,4389.5,4364.25,0.09K,0.19
487,2023-11-07,4396.0,4380.0,4403.25,4366.0,0.17K,0.27
488,2023-11-08,4399.5,4397.5,4407.75,4375.0,0.07K,0.08
489,2023-11-09,4362.25,4393.25,4413.0,4357.75,0.00K,-0.85
490,2023-11-10,4430.5,4364.5,4435.5,4354.25,0.03K,1.56
491,2023-11-13,4425.25,4425.75,4436.75,4407.25,0.10K,-0.12
492,2023-11-14,4511.0,4427.25,4524.25,4420.25,0.50K,1.94
493,2023-11-15,4519.25,4515.5,4541.25,4510.75,0.21K,0.18
494,2023-11-16,4523.25,4514.25,4529.5,4501.75,0.03K,0.09
495,2023-11-17,4527.5,4527.75,4539.5,4512.75,1.33M,0.09
496,2023-11-20,4562.25,4526.75,4571.0,4520.0,0.01K,0.77
497,2023-11-21,4551.25,4561.75,4567.0,4536.75,0.07K,-0.24
498,2023-11-22,4567.25,4547.75,4580.5,4543.0,0.03K,0.35
499,2023-11-24,4568.25,4564.0,4574.0,4562.0,572.70K,0.02
500,2023-11-27,4561.0,4568.5,4570.0,4552.0,1.12M,-0.16
501,2023-11-28,4563.0,4561.5,4577.25,4547.0,1.44M,0.04
502,2023-11-29,4559.25,4564.0,4597.0,4555.5,0.09K,-0.08
503,2023-11-30,4576.75,4562.25,4579.5,4544.75,0.08K,0.38
504,2023-12-01,4600.75,4571.75,4607.75,4562.5,0.27K,0.52
505,2023-12-04,4576.5,4603.25,4604.5,4553.5,0.09K,-0.53
506,2023-12-05,4575.0,4573.0,4585.5,4555.5,0.03K,-0.03
507,2023-12-06,4556.0,4573.25,4598.5,4552.0,0.01K,-0.42
508,2023-12-07,4589.5,4556.0,4596.0,4548.75,0.03K,0.74
509,2023-12-08,4607.5,4586.5,4613.75,4561.75,0.04K,0.39
510,2023-12-11,4626.0,4607.75,4627.25,4599.5,0.00K,0.4
511,2023-12-12,4645.75,4625.0,4649.75,4610.5,0.01K,0.43
512,2023-12-13,4708.25,4649.0,4711.75,4645.0,0.00K,1.35
513,2023-12-14,4721.75,4708.0,4739.25,4694.25,,0.29
514,2023-12-15,4694.27,4716.0,4736.5,4708.5,0.04K,-0.58
515,2023-12-18,4793.0,4770.5,4802.25,4769.5,0.03K,2.1
516,2023-12-19,4820.25,4790.5,4821.5,4787.75,0.06K,0.57
517,2023-12-20,4749.75,4818.5,4830.75,4743.25,0.17K,-1.46
518,2023-12-21,4796.75,4751.0,4798.25,4751.0,0.03K,0.99
519,2023-12-22,4805.25,4795.75,4821.75,4784.75,,0.18
520,2023-12-26,4825.0,4800.25,4834.5,4800.25,,0.41
521,2023-12-27,4833.5,4827.75,4836.5,4816.5,0.01K,0.18
522,2023-12-28,4832.25,4834.5,4841.5,4828.0,,-0.03
523,2023-12-29,4820.0,4834.75,4841.0,4796.75,,-0.25
524,2024-01-02,4787.25,4818.0,4828.0,4765.5,0.00K,-0.68
525,2024-01-03,4746.5,4790.75,4790.75,4741.0,,-0.85
526,2024-01-04,4729.5,4750.0,4766.5,4727.0,,-0.36
527,2024-01-05,4734.75,4732.75,4760.25,4702.0,0.00K,0.11
528,2024-01-08,4801.25,4735.75,4803.25,4715.25,0.00K,1.4
529,2024-01-09,4792.75,4797.75,4804.0,4767.5,,-0.18
530,2024-01-10,4820.25,4790.75,4828.5,4786.0,0.03K,0.57
531,2024-01-11,4815.5,4820.5,4838.0,4772.75,0.12K,-0.1
532,2024-01-12,4816.5,4811.25,4836.5,4791.5,0.00K,0.02
533,2024-01-16,4798.5,4812.0,4823.0,4779.5,0.00K,-0.37
534,2024-01-17,4771.25,4799.75,4800.75,4746.25,,-0.57
535,2024-01-18,4811.25,4768.0,4817.0,4763.5,,0.84
536,2024-01-19,4869.5,4811.25,4874.25,4808.5,,1.21
537,2024-01-22,4881.0,4872.5,4898.25,4872.5,,0.24
538,2024-01-23,4895.0,4881.75,4902.0,4874.25,0.01K,0.29
539,2024-01-24,4898.0,4900.25,4933.25,4889.0,,0.06
540,2024-01-25,4923.25,4899.5,4926.5,4893.25,0.02K,0.52
541,2024-01-26,4916.25,4919.25,4934.25,4898.5,0.03K,-0.14
542,2024-01-29,4954.5,4908.75,4956.0,4901.75,0.05K,0.78
543,2024-01-30,4951.0,4950.25,4957.25,4933.0,,-0.07
544,2024-01-31,4870.5,4930.25,4938.0,4866.0,,-1.63
545,2024-02-01,4928.5,4874.5,4963.75,4872.5,0.00K,1.19
546,2024-02-02,4980.25,4952.75,4997.75,4925.75,0.01K,1.05
547,2024-02-05,4962.0,4976.0,4980.75,4937.75,0.00K,-0.37
548,2024-02-06,4974.75,4959.5,4978.25,4954.5,,0.26
549,2024-02-07,5015.25,4971.5,5020.0,4970.0,,0.81
550,2024-02-08,5017.75,5015.75,5020.0,5003.75,,0.05
551,2024-02-09,5044.0,5014.5,5048.5,5013.0,,0.52
552,2024-02-12,5041.25,5042.5,5066.5,5031.5,,-0.05
553,2024-02-13,4971.25,5034.0,5040.0,4936.5,,-1.39
554,2024-02-14,5018.0,4974.25,5022.5,4968.75,,0.94
555,2024-02-15,5046.5,5017.5,5051.75,5011.0,0.00K,0.57
556,2024-02-16,5019.75,5049.5,5059.25,5012.75,,-0.53
557,2024-02-20,4991.5,5016.5,5029.5,4968.25,,-0.56
558,2024-02-21,4996.25,4990.0,5020.5,4959.0,,0.1
559,2024-02-22,5097.75,5016.0,5107.75,5015.25,0.02K,2.03
560,2024-02-23,5101.5,5094.25,5123.5,5092.0,,0.07
561,2024-02-26,5080.25,5095.0,5108.0,5076.25,,-0.42
562,2024-02-27,5090.0,5077.5,5093.0,5067.0,,0.19
563,2024-02-28,5081.0,5090.75,5091.25,5063.25,,-0.18
564,2024-02-29,5103.75,5072.0,5114.5,5060.0,,0.45
565,2024-03-01,5146.0,5101.5,5149.25,5089.25,0.00K,0.83
566,2024-03-04,5138.25,5142.0,5157.75,5132.0,0.14K,-0.15
567,2024-03-05,5085.75,5133.75,5135.5,5063.0,0.06K,-1.02
568,2024-03-06,5111.75,5091.0,5134.5,5083.75,,0.51
569,2024-03-07,5161.75,5114.25,5170.5,5086.5,,0.98
570,2024-03-08,5129.0,5159.25,5193.0,5121.75,0.02K,-0.63
571,2024-03-11,5123.0,5132.5,5133.25,5094.75,0.02K,-0.12
572,2024-03-12,5177.25,5129.0,5183.0,5112.75,0.05K,1.06
573,2024-03-13,5168.0,5176.0,5183.75,5153.0,,-0.18
574,2024-03-14,5153.75,5171.5,5189.5,5124.25,,-0.28
575,2024-03-15,5101.67,5152.25,5167.0,5114.0,,-1.01
576,2024-03-18,5214.75,5185.75,5240.25,5181.75,,2.22
577,2024-03-19,5241.75,5215.25,5244.75,5186.0,,0.52
578,2024-03-20,5286.75,5239.75,5297.75,5233.0,,0.86
579,2024-03-21,5302.5,5294.75,5322.75,5293.5,0.00K,0.3
580,2024-03-22,5293.25,5306.75,5311.75,5287.75,,-0.17
581,2024-03-25,5278.25,5290.5,5295.0,5272.5,,-0.28
582,2024-03-26,5265.25,5280.75,5300.5,5263.0,,-0.25
583,2024-03-27,5308.25,5273.25,5313.75,5270.75,,0.82
584,2024-03-28,5308.5,5308.0,5321.0,5301.0,,0.0
585,2024-04-01,5295.25,5314.25,5333.5,5282.25,0.00K,-0.25
586,2024-04-02,5260.5,5294.5,5296.0,5235.0,0.00K,-0.66
587,2024-04-03,5266.5,5262.5,5280.75,5244.5,0.00K,0.11
588,2024-04-04,5197.25,5270.75,5308.5,5192.5,,-1.31
589,2024-04-05,5253.0,5199.75,5272.5,5191.5,,1.07
590,2024-04-08,5253.25,5263.25,5269.25,5236.5,,0.0
591,2024-04-09,5260.25,5258.0,5274.25,5208.25,,0.13
592,2024-04-10,5207.75,5264.25,5285.0,5176.5,0.03K,-1.0
593,2024-04-11,5243.25,5202.0,5257.5,5173.5,0.00K,0.68
594,2024-04-12,5167.5,5244.0,5248.75,5150.0,0.00K,-1.44
595,2024-04-15,5104.0,5166.5,5213.25,5094.0,0.00K,-1.23
596,2024-04-16,5092.5,5101.25,5123.25,5078.75,,-0.23
597,2024-04-17,5062.25,5096.25,5120.5,5047.0,,-0.59
598,2024-04-18,5049.0,5063.0,5095.25,5038.5,,-0.26
599,2024-04-19,5003.75,5047.25,5058.0,4963.5,0.00K,-0.9
600,2024-04-22,5047.5,5014.25,5076.75,5006.0,,0.87
601,2024-04-23,5106.5,5051.0,5113.5,5037.75,0.01K,1.17
602,2024-04-24,5107.5,5115.25,5128.75,5072.25,,0.02
603,2024-04-25,5082.25,5070.0,5132.75,5022.25,,-0.49
604,2024-04-26,5131.5,5132.0,5146.5,5104.5,,0.97
605,2024-04-29,5147.0,5140.25,5154.25,5118.75,,0.3
606,2024-04-30,5067.0,5148.5,5148.5,5051.0,0.00K,-1.55
607,2024-05-01,5046.5,5050.0,5126.75,5037.75,,-0.4
608,2024-05-02,5091.5,5057.0,5113.0,5036.25,,0.89
609,2024-05-03,5154.75,5110.25,5166.75,5099.25,,1.24
610,2024-05-06,5206.5,5166.75,5207.75,5155.75,0.00K,1.0
611,2024-05-07,5213.75,5204.75,5226.75,5202.25,,0.14
612,2024-05-08,5212.75,5211.75,5218.0,5188.75,,-0.02
613,2024-05-09,5239.0,5209.25,5244.75,5195.0,,0.5
614,2024-05-10,5246.25,5240.75,5264.0,5232.75,,0.14
615,2024-05-13,5245.5,5240.5,5264.0,5233.25,0.01K,-0.01
616,2024-05-14,5269.5,5241.75,5274.25,5216.75,0.00K,0.46
617,2024-05-15,5333.0,5268.5,5337.25,5266.25,,1.21
618,2024-05-16,5320.25,5331.5,5349.0,5315.5,,-0.24
619,2024-05-17,5327.25,5318.25,5328.75,5305.75,,0.13
620,2024-05-20,5331.75,5329.25,5348.25,5323.75,0.00K,0.08
621,2024-05-21,5345.25,5331.75,5347.5,5322.5,0.00K,0.25
622,2024-05-22,5328.0,5343.5,5349.25,5306.75,0.00K,-0.32
623,2024-05-23,5285.25,5339.0,5368.25,5273.5,0.25K,-0.8
624,2024-05-24,5321.5,5285.75,5329.25,5285.75,0.00K,0.69
625,2024-05-28,5324.75,5321.75,5339.0,5296.75,0.00K,0.06
626,2024-05-29,5284.0,5323.75,5324.0,5268.25,,-0.77
627,2024-05-30,5253.0,5270.5,5277.0,5238.25,,-0.59
628,2024-05-31,5295.5,5250.5,5307.0,5205.5,,0.81
629,2024-06-03,5297.25,5299.5,5313.25,5246.75,,0.03
630,2024-06-04,5304.0,5300.25,5312.25,5262.0,0.08K,0.13
631,2024-06-05,5366.0,5305.0,5368.25,5302.5,0.01K,1.17
632,2024-06-06,5364.0,5367.75,5373.25,5345.25,,-0.04
633,2024-06-07,5355.75,5362.0,5385.5,5329.0,0.00K,-0.15
634,2024-06-10,5371.25,5351.5,5375.75,5338.25,0.00K,0.29
635,2024-06-11,5384.0,5369.75,5386.25,5334.5,,0.24
636,2024-06-12,5427.5,5384.5,5454.5,5380.0,0.00K,0.81
637,2024-06-13,5438.5,5436.25,5452.75,5408.5,0.17K,0.2
638,2024-06-14,5437.5,5436.0,5443.0,5397.75,0.00K,-0.02
639,2024-06-17,5478.5,5435.5,5494.0,5424.75,,0.75
640,2024-06-18,5491.0,5480.25,5494.0,5473.5,0.01K,0.23
641,2024-06-20,5476.75,5492.75,5518.5,5458.5,0.01K,-0.26
642,2024-06-21,5471.89,5477.0,5483.75,5460.5,0.00K,-0.09
643,2024-06-24,5517.0,5538.5,5558.5,5510.25,0.00K,0.82
644,2024-06-25,5537.0,5516.0,5539.75,5511.0,0.01K,0.36
645,2024-06-26,5543.5,5535.0,5551.75,5516.25,0.01K,0.12
646,2024-06-27,5546.0,5533.0,5555.0,5515.75,,0.05
647,2024-06-28,5521.5,5548.25,5585.0,5510.75,0.00K,-0.44
648,2024-07-01,5533.75,5534.25,5541.0,5504.5,0.01K,0.22
649,2024-07-02,5568.75,5533.5,5569.75,5502.75,0.01K,0.63
650,2024-07-03,5590.25,5563.75,5595.75,5559.75,,0.39
651,2024-07-05,5621.5,5591.0,5626.0,5585.0,0.08K,0.56
652,2024-07-08,5625.25,5612.0,5637.5,5610.75,0.21K,0.07
653,2024-07-09,5631.25,5627.75,5645.75,5626.25,0.05K,0.11
654,2024-07-10,5688.0,5631.75,5690.5,5630.75,0.08K,1.01
655,2024-07-11,5639.75,5684.25,5707.75,5630.0,0.09K,-0.85
656,2024-07-12,5664.75,5638.5,5708.25,5621.25,0.12K,0.44
657,2024-07-13,5667.5,5667.5,5667.5,5667.5,,0.05
658,2024-07-15,5683.0,5681.0,5718.75,5665.5,0.03K,0.27
659,2024-07-16,5717.25,5688.75,5721.25,5673.0,0.19K,0.6
660,2024-07-17,5639.0,5715.0,5717.75,5631.75,0.02K,-1.37
661,2024-07-18,5594.5,5644.0,5664.0,5570.25,0.03K,-0.79
662,2024-07-19,5553.75,5602.5,5607.5,5542.0,0.23K,-0.73
663,2024-07-20,5552.75,5552.75,5552.75,5552.75,,-0.02
664,2024-07-22,5610.75,5564.5,5616.0,5553.5,0.22K,1.04
665,2024-07-23,5599.25,5607.75,5629.75,5587.75,0.09K,-0.2
666,2024-07-24,5472.0,5585.0,5585.0,5462.0,0.07K,-2.27
667,2024-07-25,5441.25,5482.5,5533.25,5432.5,0.39K,-0.56
668,2024-07-26,5499.0,5446.0,5528.25,5445.25,0.04K,1.06
669,2024-07-27,5499.25,5499.25,5499.25,5499.25,,0.0
670,2024-07-29,5503.0,5496.5,5534.5,5481.0,0.11K,0.07
671,2024-07-30,5472.5,5504.5,5527.5,5433.0,0.11K,-0.55
672,2024-07-31,5558.0,5454.75,5588.5,5451.5,0.11K,1.56
673,2024-08-01,5480.25,5574.75,5600.75,5444.75,0.16K,-1.4
674,2024-08-02,5376.0,5464.25,5473.25,5331.75,0.27K,-1.9
675,2024-08-03,5358.0,5358.0,5358.0,5358.0,,-0.33
676,2024-08-05,5217.5,5330.0,5345.5,5120.0,0.63K,-2.62
677,2024-08-06,5266.25,5250.0,5342.0,5221.75,0.93K,0.93
678,2024-08-07,5227.5,5241.5,5359.25,5196.75,0.66K,-0.74
679,2024-08-08,5348.25,5208.25,5361.0,5182.0,0.17K,2.31
680,2024-08-09,5370.25,5348.25,5385.25,5319.5,0.27K,0.41
681,2024-08-12,5369.75,5364.25,5396.75,5347.75,0.63K,-0.01
682,2024-08-13,5459.0,5372.5,5461.25,5367.5,0.09K,1.66
683,2024-08-14,5477.0,5457.5,5487.75,5438.75,0.39K,0.33
684,2024-08-15,5567.5,5481.25,5571.75,5471.75,0.66K,1.65
685,2024-08-16,5578.25,5568.5,5586.25,5536.5,0.34K,0.19
686,2024-08-19,5630.0,5584.0,5631.75,5565.25,0.08K,0.93
687,2024-08-20,5619.75,5629.5,5643.75,5607.75,0.09K,-0.18
688,2024-08-21,5641.5,5619.5,5655.25,5613.5,0.10K,0.39
689,2024-08-22,5594.0,5642.0,5665.25,5582.75,0.09K,-0.84
690,2024-08-23,5652.5,5597.75,5662.25,5597.75,0.10K,1.05
691,2024-08-26,5637.0,5650.5,5669.0,5619.75,0.15K,-0.27
692,2024-08-27,5644.75,5630.0,5649.5,5611.5,0.12K,0.14
693,2024-08-28,5610.25,5643.75,5650.5,5576.0,0.20K,-0.61
694,2024-08-29,5610.0,5580.5,5663.75,5561.25,0.38K,0.0
695,2024-08-30,5661.0,5618.5,5665.0,5594.25,0.24K,0.91
696,2024-09-03,5541.75,5656.25,5669.75,5516.75,0.29K,-2.11
697,2024-09-04,5530.0,5538.5,5565.0,5506.75,0.33K,-0.21
698,2024-09-05,5512.25,5527.5,5557.25,5490.0,0.17K,-0.32
699,2024-09-06,5419.5,5513.0,5532.5,5394.0,0.47K,-1.68
700,2024-09-09,5479.5,5410.0,5493.0,5405.25,0.20K,1.11
701,2024-09-10,5504.0,5488.25,5506.0,5448.25,0.05K,0.45
702,2024-09-11,5561.25,5499.25,5567.5,5412.0,0.28K,1.04
703,2024-09-12,5602.25,5558.0,5607.0,5540.25,1.10K,0.74
704,2024-09-13,5629.75,5598.5,5641.5,5597.25,0.91K,0.49
705,2024-09-16,5638.0,5622.75,5641.5,5609.25,0.58K,0.15
706,2024-09-17,5639.0,5633.25,5675.5,5617.0,0.78K,0.02
707,2024-09-18,5620.75,5639.5,5696.25,5613.75,0.70K,-0.32
708,2024-09-19,5717.75,5631.5,5737.5,5631.5,0.50K,1.73
709,2024-09-20,5699.99,5714.75,5717.25,5699.25,0.75K,-0.31
710,2024-09-23,5776.75,5762.0,5784.5,5745.25,0.64K,1.35
711,2024-09-24,5792.0,5774.0,5794.25,5754.75,1.69K,0.26
712,2024-09-25,5779.0,5792.25,5798.75,5768.0,0.78K,-0.22
713,2024-09-26,5804.5,5783.5,5830.0,5778.25,1.73K,0.44
714,2024-09-27,5791.25,5804.25,5821.5,5782.0,2.10K,-0.23
715,2024-09-30,5814.25,5784.0,5820.25,5756.25,1.45K,0.4
716,2024-10-01,5759.75,5807.0,5822.5,5733.0,1.98K,-0.94
717,2024-10-02,5760.25,5760.25,5773.25,5724.0,2.06K,0.01
718,2024-10-03,5749.5,5769.5,5772.75,5725.75,2.75K,-0.19
719,2024-10-04,5800.0,5745.75,5804.75,5741.0,1.75K,0.88
720,2024-10-07,5744.75,5802.0,5808.0,5734.25,3.89K,-0.95
721,2024-10-08,5800.5,5752.5,5806.75,5725.25,4.70K,0.97
722,2024-10-09,5841.25,5799.25,5846.5,5780.75,2.43K,0.7
723,2024-10-10,5829.0,5836.0,5844.0,5811.5,3.72K,-0.21
724,2024-10-11,5859.75,5831.0,5868.25,5816.0,1.25K,0.53
725,2024-10-14,5908.25,5854.5,5918.5,5850.0,2.23K,0.83
726,2024-10-15,5862.75,5914.25,5915.5,5850.0,5.15K,-0.77
727,2024-10-16,5887.0,5861.0,5892.75,5853.25,1.51K,0.41
728,2024-10-17,5887.0,5882.75,5927.25,5871.25,1.85K,0.0
729,2024-10-18,5906.0,5888.25,5915.5,5876.25,3.76K,0.32
730,2024-10-21,5896.25,5911.5,5915.5,5865.0,1.33K,-0.17
731,2024-10-22,5892.5,5900.75,5904.25,5861.25,1.15K,-0.06
732,2024-10-23,5837.75,5887.25,5893.75,5801.0,1.88K,-0.93
733,2024-10-24,5849.0,5844.0,5870.0,5822.5,2.55K,0.19
734,2024-10-25,5846.0,5853.25,5900.75,5835.0,1.65K,-0.05
735,2024-10-28,5861.5,5857.0,5884.5,5857.0,1.67K,0.27
736,2024-10-29,5871.0,5867.0,5883.75,5837.5,1.30K,0.16
737,2024-10-30,5852.0,5883.0,5893.0,5840.25,3.20K,-0.32
738,2024-10-31,5738.5,5840.0,5844.0,5733.25,2.19K,-1.94
739,2024-11-01,5758.25,5742.0,5803.75,5732.5,1.87K,0.34
740,2024-11-04,5743.25,5741.75,5776.5,5724.25,3.44K,-0.26
741,2024-11-05,5812.25,5752.25,5823.25,5735.0,3.00K,1.2
742,2024-11-06,5958.25,5820.25,5967.0,5814.75,9.24K,2.51
743,2024-11-07,6003.75,5963.5,6013.0,5951.0,7.06K,0.76
744,2024-11-08,6025.25,6007.75,6040.5,5990.25,2.62K,0.36
745,2024-11-11,6031.75,6030.0,6053.25,6013.5,2.90K,0.11
746,2024-11-12,6013.0,6029.25,6036.5,5986.75,3.86K,-0.31
747,2024-11-13,6016.0,6012.25,6035.25,5991.75,4.92K,0.05
748,2024-11-14,5978.25,6017.75,6025.25,5964.25,4.91K,-0.63
749,2024-11-15,5896.5,5972.0,5974.25,5876.75,12.31K,-1.37
750,2024-11-18,5920.0,5899.75,5933.0,5886.5,19.02K,0.4
751,2024-11-19,5938.75,5919.0,5947.5,5855.0,26.57K,0.32
752,2024-11-20,5937.75,5937.75,5957.75,5880.0,9.22K,-0.02
753,2024-11-21,5970.5,5937.25,5985.0,5905.25,16.56K,0.55
754,2024-11-22,5987.0,5967.0,5993.5,5940.75,10.00K,0.28
755,2024-11-25,6006.5,6006.0,6040.0,5982.5,14.30K,0.33
756,2024-11-26,6038.25,6013.25,6044.0,5976.25,14.13K,0.53
757,2024-11-27,6015.0,6041.75,6047.0,6000.25,11.23K,-0.39
758,2024-11-29,6051.5,6015.0,6060.0,6014.75,11.22K,0.61
759,2024-12-02,6061.75,6051.5,6068.5,6036.0,9.99K,0.17
760,2024-12-03,6063.25,6064.0,6070.75,6047.5,8.43K,0.02
761,2024-12-04,6098.5,6067.0,6102.25,6063.0,19.90K,0.58
762,2024-12-05,6088.75,6095.25,6107.25,6081.5,23.48K,-0.16
763,2024-12-06,6099.0,6085.5,6111.0,6076.0,16.82K,0.17
764,2024-12-09,6065.75,6096.25,6105.75,6060.0,40.15K,-0.55
765,2024-12-10,6046.25,6065.25,6075.25,6039.75,45.36K,-0.32
766,2024-12-11,6092.75,6052.75,6102.5,6045.5,69.88K,0.77
767,2024-12-12,6060.75,6087.5,6088.25,6055.5,259.36K,-0.53
768,2024-12-13,6055.5,6065.0,6085.25,6041.25,1.14M,-0.09
769,2024-12-16,6080.5,6055.5,6090.5,6051.5,1.87M,0.41
770,2024-12-17,6053.75,6077.0,6079.25,6040.75,1.87M,-0.44
771,2024-12-18,5872.25,6053.5,6074.5,5840.0,2.60M,-3.0
772,2024-12-19,5868.75,5881.75,5938.0,5865.5,2.39M,-0.06
773,2024-12-20,5840.26,5879.5,5879.5,5800.75,2.34M,-0.49
774,2024-12-23,6036.0,6001.75,6043.0,5965.0,1.41M,3.35
775,2024-12-24,6098.0,6037.75,6099.5,6030.0,634.20K,1.03
776,2024-12-26,6095.25,6099.25,6107.5,6063.25,911.49K,-0.05
777,2024-12-27,6027.0,6092.0,6095.25,5982.75,1.64M,-1.12
778,2024-12-30,5958.75,6028.75,6036.25,5918.25,1.58M,-1.13
779,2024-12-31,5935.75,5955.0,5983.25,5917.25,1.38M,-0.39
780,2025-01-02,5916.5,5949.25,5995.25,5874.75,1.83M,-0.32
781,2025-01-03,5989.5,5921.0,5996.75,5911.25,1.21M,1.23
782,2025-01-06,6020.5,5994.5,6068.25,5980.75,1.55M,0.52
783,2025-01-07,5954.25,6028.0,6045.5,5935.0,1.77M,-1.1
784,2025-01-08,5959.25,5955.5,5975.0,5917.0,1.76M,0.08
785,2025-01-09,5944.75,5955.0,5957.0,5929.25,113.83K,-0.24
786,2025-01-10,5866.25,5943.75,5959.25,5845.25,2.13M,-1.32
787,2025-01-13,5874.5,5864.5,5883.25,5809.0,1.76M,0.14
788,2025-01-14,5882.25,5887.25,5918.5,5842.5,1.84M,0.13
789,2025-01-15,5989.0,5891.5,6001.25,5879.5,1.66M,1.81
790,2025-01-16,5975.5,5988.5,6017.5,5961.75,1.57M,-0.23
791,2025-01-17,6033.5,5970.25,6051.5,5968.0,1.42M,0.97
792,2025-01-21,6084.25,6032.25,6093.25,5994.5,1.73M,0.84
793,2025-01-22,6120.5,6094.0,6135.75,6087.0,1.25M,0.6
794,2025-01-23,6152.0,6120.0,6154.0,6101.5,1.14M,0.51
795,2025-01-24,6133.25,6148.0,6162.25,6122.0,1.25M,-0.3
796,2025-01-27,6046.75,6102.25,6105.25,5948.0,2.39M,-1.41
797,2025-01-28,6097.0,6059.5,6105.5,6023.5,1.59M,0.83
798,2025-01-29,6067.5,6090.75,6111.5,6042.25,1.55M,-0.48
799,2025-01-30,6099.25,6068.5,6116.25,6056.5,1.61M,0.52
800,2025-01-31,6067.25,6106.0,6147.75,6057.75,1.87M,-0.52
801,2025-02-03,6022.25,5982.25,6062.0,5935.5,2.31M,-0.74
802,2025-02-04,6063.0,6069.0,6069.0,5987.0,1.33M,0.68
803,2025-02-05,6086.5,6042.75,6092.0,6020.25,1.22M,0.39
804,2025-02-06,6106.0,6090.25,6108.5,6070.0,1.18M,0.32
805,2025-02-07,6049.5,6089.75,6123.25,6041.25,1.68M,-0.93
806,2025-02-10,6088.75,6016.0,6096.0,6014.0,1.01M,0.65
807,2025-02-11,6092.25,6085.5,6098.75,6057.75,1.02M,0.06
808,2025-02-12,6072.75,6090.75,6098.0,6020.75,1.56M,-0.32
809,2025-02-13,6135.25,6079.75,6138.0,6053.5,1.52M,1.03
810,2025-02-14,6132.0,6131.75,6146.75,6121.25,1.02M,-0.05
811,2025-02-18,6146.75,6138.25,6157.75,6118.25,1.20M,0.24
812,2025-02-19,6163.0,6143.75,6166.5,6129.25,1.08M,0.26
813,2025-02-20,6136.5,6153.75,6159.5,6102.75,1.41M,-0.43
814,2025-02-21,6029.0,6132.5,6142.5,6024.5,1.94M,-1.75
815,2025-02-24,6000.75,6040.75,6067.5,5994.5,1.80M,-0.47
816,2025-02-25,5970.0,6006.5,6016.0,5924.0,2.22M,-0.51
817,2025-02-26,5970.75,5982.0,6023.75,5945.5,1.90M,0.01
818,2025-02-27,5876.25,5980.0,6014.5,5873.0,2.58M,-1.58
819,2025-02-28,5963.25,5883.0,5971.0,5848.0,2.78M,1.48
820,2025-03-03,5860.75,5967.5,6000.5,5821.75,2.61M,-1.72
821,2025-03-04,5789.5,5874.0,5884.0,5744.0,3.35M,-1.22
822,2025-03-05,5851.25,5832.0,5869.5,5750.75,2.28M,1.07
823,2025-03-06,5746.25,5844.75,5853.5,5720.0,2.55M,-1.79
824,2025-03-07,5776.0,5766.0,5791.0,5673.0,2.32M,0.52
825,2025-03-10,5620.75,5753.0,5757.75,5571.5,2.59M,-2.69
826,2025-03-11,5628.0,5674.5,5703.5,5584.75,142.06K,0.13
827,2025-03-12,5656.5,5631.0,5726.75,5601.75,161.74K,0.51
828,2025-03-13,5578.25,5650.5,5674.75,5559.75,354.15K,-1.38
829,2025-03-14,5692.25,5590.25,5700.75,5589.5,796.17K,2.04
830,2025-03-17,5732.25,5678.75,5759.75,5651.5,2.10M,0.7
831,2025-03-18,5669.25,5731.5,5738.25,5650.75,1.87M,-1.1
832,2025-03-19,5729.75,5670.5,5770.5,5657.5,1.75M,1.07
833,2025-03-20,5712.75,5731.75,5765.25,5682.5,1.73M,-0.3
834,2025-03-21,5718.25,5715.25,5723.75,5651.25,1.63M,0.1
835,2025-03-24,5815.5,5740.0,5825.5,5739.0,1.40M,1.7
836,2025-03-25,5826.5,5813.0,5837.25,5802.25,1.08M,0.19
837,2025-03-26,5759.5,5831.0,5836.5,5743.0,1.48M,-1.15
838,2025-03-27,5739.25,5737.25,5779.75,5720.0,1.58M,-0.35
839,2025-03-28,5623.0,5741.75,5747.75,5602.25,1.91M,-2.03
840,2025-03-31,5653.25,5590.0,5672.75,5533.75,2.23M,0.54
841,2025-04-01,5674.5,5644.25,5694.75,5600.25,1.87M,0.38
842,2025-04-02,5712.25,5672.0,5773.25,5566.25,2.06M,0.67
843,2025-04-03,5432.75,5550.5,5564.75,5415.25,2.47M,-4.89
844,2025-04-04,5110.25,5423.0,5435.0,5074.0,3.68M,-5.94
845,2025-04-07,5097.25,5007.0,5286.5,4832.0,3.67M,-0.25
846,2025-04-08,5020.25,5126.5,5305.25,4940.5,2.44M,-1.51
847,2025-04-09,5491.0,5006.25,5520.0,4871.75,3.10M,9.38
848,2025-04-10,5302.0,5502.5,5528.75,5146.75,2.52M,-3.44
849,2025-04-11,5391.25,5299.25,5418.25,5206.0,1.76M,1.68
850,2025-04-14,5440.75,5452.5,5497.75,5391.0,1.30M,0.92
851,2025-04-15,5428.25,5431.75,5485.0,5413.0,1.16M,-0.23
852,2025-04-16,5305.75,5403.75,5425.0,5251.0,1.56M,-2.26
853,2025-04-17,5312.75,5308.0,5371.25,5285.5,1.38M,0.13
854,2025-04-21,5184.75,5283.75,5306.75,5127.25,1.19M,-2.41
855,2025-04-22,5314.75,5182.5,5339.25,5171.75,1.57M,2.51
856,2025-04-23,5401.75,5379.75,5499.75,5377.75,1.85M,1.64
857,2025-04-24,5511.25,5409.0,5541.5,5355.25,1.41M,2.03
858,2025-04-25,5549.75,5529.0,5562.25,5480.25,1.34M,0.7
859,2025-04-28,5553.0,5544.0,5578.75,5492.0,1.20M,0.06
860,2025-04-29,5583.75,5543.0,5597.25,5521.5,1.23M,0.55
861,2025-04-30,5587.0,5579.5,5626.25,5455.5,1.83M,0.06
862,2025-05-01,5623.25,5617.5,5682.5,5601.75,1.39M,0.65
863,2025-05-02,5709.0,5608.5,5724.75,5601.0,1.38M,1.52
864,2025-05-05,5671.75,5705.0,5706.25,5655.25,989.37K,-0.65
865,2025-05-06,5625.75,5666.25,5673.25,5605.0,1.30M,-0.81
866,2025-05-07,5652.0,5608.5,5689.75,5596.0,1.39M,0.47
867,2025-05-08,5684.5,5643.25,5741.0,5636.5,1.43M,0.58
868,2025-05-09,5678.0,5688.5,5715.25,5662.5,1.03M,-0.11
869,2025-05-12,5865.0,5761.0,5876.25,5734.25,1.77M,3.29
870,2025-05-13,5904.5,5868.0,5927.0,5835.75,1.34M,0.67
871,2025-05-14,5908.5,5902.0,5925.0,5890.0,1.21M,0.07
872,2025-05-15,5933.25,5904.0,5944.5,5867.0,1.29M,0.42
873,2025-05-16,5975.5,5935.0,5977.5,5923.0,1.18M,0.71
874,2025-05-19,5982.5,5930.25,5987.5,5892.75,1.25M,0.12
875,2025-05-20,5959.75,5980.0,5993.5,5926.75,1.11M,-0.38
876,2025-05-21,5861.25,5953.5,5958.25,5847.75,1.55M,-1.65
877,2025-05-22,5856.75,5858.0,5895.0,5828.75,1.42M,-0.08
878,2025-05-23,5817.0,5869.25,5872.0,5756.5,1.54M,-0.68
879,2025-05-26,5879.0,5879.0,5895.0,5861.75,150.08K,1.07
880,2025-05-27,5934.25,5820.0,5941.75,5813.0,1.29M,0.94
881,2025-05-28,5902.75,5940.75,5952.5,5890.0,1.18M,-0.53
882,2025-05-29,5922.75,5923.5,6008.0,5884.0,1.41M,0.34
883,2025-05-30,5916.0,5912.25,5932.75,5853.25,1.63M,-0.11
884,2025-06-02,5947.25,5898.75,5955.5,5867.5,1.19M,0.53
885,2025-06-03,5981.5,5949.0,5991.25,5909.25,1.15M,0.58
886,2025-06-04,5981.0,5980.0,5999.0,5974.0,1.10M,-0.01
887,2025-06-05,5946.0,5974.25,6016.5,5928.75,1.58M,-0.59
888,2025-06-06,6006.75,5931.75,6025.0,5930.0,1.28M,1.02
889,2025-06-09,6064.0,6068.0,6081.5,6046.5,47.31K,0.95
890,2025-06-10,6098.75,6066.0,6103.0,6045.25,69.98K,0.57
891,2025-06-11,6082.25,6094.5,6128.75,6059.75,102.13K,-0.27
892,2025-06-12,6103.0,6076.75,6105.25,6040.5,211.44K,0.34
893,2025-06-13,6031.5,6097.75,6097.75,5979.0,919.19K,-1.17
894,2025-06-16,6089.75,6001.0,6109.0,6000.0,1.92M,0.97
895,2025-06-17,6038.5,6093.0,6093.5,6030.25,1.73M,-0.84
896,2025-06-18,6034.25,6030.75,6073.75,6017.75,1.36M,-0.07
897,2025-06-19,6017.25,6017.25,6034.5,5970.5,269.69K,-0.28
898,2025-06-20,6018.0,6038.25,6071.0,5969.5,1.69M,0.01
899,2025-06-23,6077.0,5964.0,6081.5,5959.0,1.36M,0.98
900,2025-06-24,6146.25,6078.0,6155.25,6075.25,1.08M,1.14
901,2025-06-25,6147.0,6144.75,6160.25,6130.75,902.50K,0.01
902,2025-06-26,6195.0,6144.75,6200.0,6141.25,1.04M,0.78
903,2025-06-27,6223.75,6197.5,6239.0,6183.25,1.35M,0.46
904,2025-06-30,6253.75,6223.25,6265.5,6223.25,1.36M,0.48
905,2025-07-01,6248.75,6245.75,6261.5,6227.25,1.32M,-0.08
906,2025-07-02,6275.0,6247.75,6279.5,6235.5,1.04M,0.42
907,2025-07-03,6324.25,6276.5,6333.25,6270.5,751.00K,0.78
908,2025-07-04,6283.5,6315.25,6318.25,6276.75,121.98K,-0.64
909,2025-07-07,6276.0,6307.75,6315.0,6246.25,1.38M,-0.12
910,2025-07-08,6272.0,6262.5,6289.0,6254.5,1.07M,-0.06
911,2025-07-09,6307.25,6272.0,6315.25,6260.0,1.14M,0.56
912,2025-07-10,6324.25,6306.0,6335.5,6287.5,948.39K,0.27
913,2025-07-11,6300.0,6323.0,6330.25,6276.75,1.10M,-0.38
914,2025-07-14,6311.0,6274.0,6315.0,6259.75,909.22K,0.17
915,2025-07-15,6284.0,6309.5,6343.0,6272.5,1.28M,-0.43
916,2025-07-16,6303.25,6273.75,6308.75,6241.0,1.46M,0.31
917,2025-07-17,6340.5,6299.25,6345.5,6288.25,1.05M,0.59
918,2025-07-18,6334.75,6342.5,6357.0,6323.25,1.05M,-0.09
919,2025-07-21,6344.75,6335.75,6374.0,6329.75,934.27K,0.16
920,2025-07-22,6346.75,6347.0,6353.75,6318.75,1.13M,0.03
921,2025-07-23,6396.25,6346.5,6407.25,6342.75,1.20M,0.78
922,2025-07-24,6401.5,6404.0,6418.25,6391.5,1.07M,0.08
923,2025-07-25,6425.0,6406.75,6431.0,6401.0,829.86K,0.37
924,2025-07-28,6422.75,6450.0,6457.75,6408.75,972.65K,-0.04
925,2025-07-29,6406.0,6424.25,6442.5,6396.25,1.12M,-0.26
926,2025-07-30,6396.25,6404.0,6435.25,6366.75,1.30M,-0.15
927,2025-07-31,6374.25,6435.5,6468.5,6357.5,1.86M,-0.34
928,2025-08-01,6264.5,6359.5,6373.5,6239.5,2.29M,-1.72
929,2025-08-04,6356.0,6257.0,6370.0,6251.25,1.30M,1.46
930,2025-08-05,6325.25,6370.0,6377.5,6315.5,1.40M,-0.48
931,2025-08-06,6371.0,6323.0,6379.5,6313.25,1.23M,0.72
932,2025-08-07,6366.5,6371.0,6426.75,6334.5,1.46M,-0.07
933,2025-08-08,6413.5,6372.5,6425.75,6369.25,1.20M,0.74
934,2025-08-11,6399.75,6422.75,6431.5,6387.5,1.07M,-0.21
935,2025-08-12,6468.5,6396.0,6470.0,6391.25,1.27M,1.07
936,2025-08-13,6488.75,6468.0,6502.5,6461.0,1.11M,0.31
937,2025-08-14,6490.5,6485.0,6496.0,6453.25,1.19M,0.03
938,2025-08-15,6471.5,6489.25,6508.75,6461.5,1.12M,-0.29
939,2025-08-18,6469.25,6467.0,6484.25,6456.0,860.45K,-0.03
940,2025-08-19,6432.5,6468.5,6477.5,6419.25,1.22M,-0.57
941,2025-08-20,6413.25,6433.0,6438.0,6362.75,1.61M,-0.3
942,2025-08-21,6388.25,6414.25,6419.0,6370.25,1.20M,-0.39
943,2025-08-22,6483.25,6392.0,6496.25,6364.0,1.42M,1.49
944,2025-08-25,6455.5,6493.0,6494.0,6453.0,932.52K,-0.43
945,2025-08-26,6482.5,6460.25,6487.5,6430.75,1.13M,0.42
946,2025-08-27,6496.0,6486.75,6505.5,6459.25,957.73K,0.21
947,2025-08-28,6517.5,6485.0,6523.0,6471.0,1.17M,0.33
948,2025-08-29,6472.75,6516.0,6518.0,6455.5,1.34M,-0.69
949,2025-09-01,6469.75,6469.75,6491.5,6459.5,129.35K,-0.05
950,2025-09-02,6425.5,6478.75,6491.5,6371.75,1.80M,-0.68
951,2025-09-03,6457.25,6448.0,6464.25,6425.5,1.44M,0.49
952,2025-09-04,6510.75,6460.0,6516.75,6454.5,1.19M,0.83
953,2025-09-05,6489.75,6515.75,6541.75,6452.0,1.71M,-0.32
954,2025-09-08,6560.5,6540.0,6570.75,6536.5,21.69K,1.09
955,2025-09-09,6576.5,6562.25,6591.0,6543.75,32.30K,0.24
956,2025-09-10,6594.5,6586.0,6618.5,6577.25,65.20K,0.27
957,2025-09-11,6647.5,6591.5,6654.75,6590.75,121.86K,0.8
958,2025-09-12,6645.0,6649.5,6662.75,6631.25,679.67K,-0.04
959,2025-09-15,6679.25,6645.0,6681.25,6641.75,1.77M,0.52
960,2025-09-16,6667.5,6673.25,6696.75,6661.25,1.54M,-0.18
961,2025-09-17,6658.75,6669.5,6686.5,6611.0,1.70M,-0.13
962,2025-09-18,6693.5,6664.5,6719.75,6664.0,1.53M,0.52
963,2025-09-19,6722.5,6700.0,6731.5,6679.5,1.37M,0.43
964,2025-09-22,6752.5,6716.0,6756.75,6695.25,1.08M,0.45
965,2025-09-23,6715.0,6749.5,6756.5,6701.75,1.26M,-0.56
966,2025-09-24,6692.25,6717.75,6728.75,6678.0,1.25M,-0.34
967,2025-09-25,6659.75,6697.25,6705.25,6624.25,1.71M,-0.49
968,2025-09-26,6696.5,6662.75,6703.75,6653.25,1.34M,0.55
969,2025-09-29,6713.5,6697.0,6736.0,6696.25,1.21M,0.25
970,2025-09-30,6738.75,6708.0,6743.5,6693.0,1.52M,0.38
971,2025-10-01,6761.5,6725.5,6769.5,6680.0,1.31M,0.34
972,2025-10-02,6766.75,6757.0,6782.25,6741.5,1.18M,0.08
973,2025-10-03,6764.0,6764.75,6800.0,6754.0,1.37M,-0.04
974,2025-10-06,6788.75,6768.0,6797.75,6766.5,1.09M,0.37
975,2025-10-07,6761.5,6789.5,6802.75,6747.25,1.43M,-0.4
976,2025-10-08,6801.25,6766.0,6807.75,6758.25,1.05M,0.59
977,2025-10-09,6779.25,6802.75,6812.25,6760.75,1.37M,-0.32
978,2025-10-10,6595.25,6779.5,6806.5,6540.25,2.57M,-2.71
979,2025-10-13,6694.75,6632.0,6711.5,6632.0,9.86K,1.51
980,2025-10-14,6686.5,6691.0,6722.5,6593.25,2.15M,-0.12
981,2025-10-15,6715.0,6684.25,6766.75,6651.5,2.01M,0.43
982,2025-10-16,6668.75,6715.25,6750.5,6632.0,2.22M,-0.69
983,2025-10-17,6702.5,6659.25,6718.0,6571.25,2.08M,0.51
984,2025-10-20,6773.75,6721.0,6783.0,6694.0,1.21M,1.06
985,2025-10-21,6773.25,6779.5,6789.75,6759.25,1.29M,-0.01
986,2025-10-22,6737.0,6776.0,6788.75,6690.75,1.91M,-0.54
987,2025-10-23,6775.0,6733.5,6785.75,6717.5,1.38M,0.56
988,2025-10-24,6827.0,6778.25,6841.25,6776.5,1.28M,0.77
989,2025-10-27,6908.25,6881.0,6916.25,6865.75,1.19M,1.19
990,2025-10-28,6925.75,6914.0,6944.75,6901.5,1.22M,0.25
991,2025-10-29,6922.75,6929.25,6952.0,6882.25,1.54M,-0.04
992,2025-10-30,6855.5,6906.5,6953.75,6851.0,1.82M,-0.97
993,2025-10-31,6874.0,6897.0,6918.5,6843.5,1.76M,0.27
994,2025-11-03,6882.75,6878.0,6909.5,6849.5,1.31M,0.13
995,2025-11-04,6801.75,6884.0,6884.0,6786.25,1.70M,-1.18
996,2025-11-05,6825.25,6801.0,6857.75,6748.5,1.47M,0.35
997,2025-11-06,6747.5,6828.5,6843.5,6733.5,1.86M,-1.14
998,2025-11-07,6753.75,6763.0,6772.0,6655.5,2.13M,0.09
999,2025-11-10,6856.75,6788.0,6865.75,6772.0,1.60M,1.53
1000,2025-11-11,6871.5,6857.25,6880.0,6830.5,1.35M,0.22
1001,2025-11-12,6875.75,6874.0,6900.5,6852.0,1.40M,0.06
1002,2025-11-13,6760.0,6873.25,6892.5,6746.0,2.09M,-1.68
1003,2025-11-14,6755.25,6762.75,6795.5,6670.5,2.11M,-0.07
1004,2025-11-17,6692.0,6764.75,6801.5,6658.5,1.88M,-0.94
1005,2025-11-18,6639.75,6696.5,6708.75,6594.0,2.51M,-0.78
1006,2025-11-19,6661.5,6630.75,6709.0,6613.25,2.04M,0.33
1007,2025-11-20,6557.5,6697.5,6791.25,6550.5,2.99M,-1.56
1008,2025-11-21,6620.25,6560.0,6677.5,6525.0,2.59M,0.96
1009,2025-11-24,6721.25,6654.75,6731.75,6625.0,1.61M,1.53
1010,2025-11-25,6781.5,6726.25,6792.5,6674.5,1.66M,0.9
1011,2025-11-26,6828.0,6781.0,6846.75,6778.25,1.46M,0.69
1012,2025-11-27,6836.5,6836.5,6836.75,6824.25,86.38K,0.12
1013,2025-11-28,6859.5,6830.25,6863.75,6824.25,460.05K,0.34
1014,2025-12-01,6826.75,6854.75,6864.5,6802.0,1.47M,-0.48
1015,2025-12-02,6840.25,6829.0,6863.5,6812.25,1.46M,0.2
1016,2025-12-03,6862.0,6843.0,6873.25,6817.5,1.31M,0.32
1017,2025-12-04,6866.75,6866.0,6880.75,6836.25,1.32M,0.07
1018,2025-12-05,6878.25,6865.5,6905.0,6856.75,1.34M,0.17
1019,2025-12-08,6855.75,6883.0,6893.75,6835.25,1.26M,-0.33
1020,2025-12-09,6848.25,6865.0,6872.75,6844.0,1.01M,-0.11
1021,2025-12-10,6891.75,6847.25,6908.0,6830.75,1.47M,0.64
1022,2025-12-11,6966.5,6947.0,6988.0,6875.5,304.81K,1.08
1023,2025-12-12,6890.5,6973.75,6975.25,6864.0,899.12K,-1.09
1024,2025-12-15,6881.0,6890.0,6932.25,6864.25,2.10M,-0.14
1025,2025-12-16,6856.25,6882.75,6892.0,6817.5,2.35M,-0.36
1026,2025-12-17,6778.5,6849.25,6882.5,6775.5,1.95M,-1.13
1027,2025-12-18,6830.5,6792.0,6872.0,6771.5,2.17M,0.77
1028,2025-12-19,6887.25,6824.75,6895.25,6820.0,1.40M,0.83
1029,2025-12-22,6930.25,6906.25,6936.25,6900.5,989.31K,0.62
1030,2025-12-23,6961.0,6930.75,6963.75,6913.25,874.60K,0.44
1031,2025-12-24,6982.5,6959.5,6988.0,6952.5,457.06K,0.31
1032,2025-12-25,6984.75,6984.75,6989.5,6980.75,5.50K,0.03
1033,2025-12-26,6979.25,6979.5,6994.0,6969.0,589.80K,-0.08
