,date,spx_f,open,high,low,volume,spx_f_cr
0,2021-12-27,4782.25,4717.0,4784.25,4713.25,898698,nan%
1,2021-12-28,4778.5,4780.5,4798.0,4770.5,954520,-0.08%
2,2021-12-29,4784.5,4781.0,4796.0,4770.0,876030,0.13%
3,2021-12-30,4772.25,4784.75,4799.75,4767.25,753935,-0.26%
4,2021-12-31,4758.5,4773.75,4778.5,4750.5,954083,-0.29%
5,2022-01-03,4786.0,4771.0,4791.25,4747.5,1322362,0.58%
6,2022-01-04,4784.25,4785.25,4808.25,4764.5,1392809,-0.04%
7,2022-01-05,4692.5,4783.5,4788.25,4689.5,1856376,-1.92%
8,2022-01-06,4687.5,4692.0,4715.75,4662.0,1862918,-0.11%
9,2022-01-07,4667.75,4695.0,4705.75,4653.75,1618440,-0.42%
10,2022-01-10,4662.25,4671.25,4681.75,4572.75,2231980,-0.12%
11,2022-01-11,4705.0,4663.5,4707.5,4627.25,1729004,0.92%
12,2022-01-12,4716.25,4704.0,4739.5,4695.0,1583216,0.24%
13,2022-01-13,4652.0,4719.25,4736.25,4642.5,1824612,-1.36%
14,2022-01-14,4654.75,4655.0,4667.0,4606.0,2010610,0.06%
15,2022-01-18,4571.25,4666.0,4671.75,4560.0,2268240,-1.79%
16,2022-01-19,4524.25,4577.75,4603.0,4517.25,2001348,-1.03%
17,2022-01-20,4474.75,4526.0,4594.25,4437.75,2040704,-1.09%
18,2022-01-21,4390.0,4454.25,4487.0,4381.25,3012106,-1.89%
19,2022-01-24,4403.75,4389.0,4427.5,4212.75,3846785,0.31%
20,2022-01-25,4349.0,4402.75,4406.75,4276.5,2483392,-1.24%
21,2022-01-26,4341.5,4308.75,4446.25,4294.25,2423103,-0.17%
22,2022-01-27,4317.75,4345.25,4422.0,4263.25,2295458,-0.55%
23,2022-01-28,4423.25,4348.0,4426.0,4266.25,2251268,2.44%
24,2022-01-31,4504.25,4423.5,4507.75,4395.5,1846145,1.83%
25,2022-02-01,4535.0,4493.25,4554.75,4474.0,1618163,0.68%
26,2022-02-02,4577.25,4552.0,4586.0,4535.25,1624220,0.93%
27,2022-02-03,4469.0,4545.75,4548.25,4462.0,1800714,-2.36%
28,2022-02-04,4492.5,4518.0,4532.5,4438.5,1957881,0.53%
29,2022-02-07,4475.75,4497.0,4514.5,4462.75,1495143,-0.37%
30,2022-02-08,4512.5,4484.0,4523.75,4456.25,1459766,0.82%
31,2022-02-09,4577.75,4519.0,4585.0,4517.25,1383317,1.45%
32,2022-02-10,4497.5,4582.25,4583.75,4476.0,2403026,-1.75%
33,2022-02-11,4409.5,4494.5,4520.5,4393.25,2479025,-1.96%
34,2022-02-14,4394.0,4411.75,4428.0,4354.0,2098618,-0.35%
35,2022-02-15,4464.5,4393.5,4468.0,4381.75,1523305,1.60%
36,2022-02-16,4470.0,4458.75,4484.5,4422.75,1426847,0.12%
37,2022-02-17,4374.5,4464.25,4474.75,4367.25,1629730,-2.14%
38,2022-02-18,4343.5,4374.75,4411.5,4321.0,1824590,-0.71%
39,2022-02-22,4300.0,4324.25,4391.25,4250.0,2589159,-1.00%
40,2022-02-23,4222.0,4310.75,4345.5,4212.5,1914227,-1.81%
41,2022-02-24,4284.0,4215.5,4290.0,4101.75,2945330,1.47%
42,2022-02-25,4380.0,4266.75,4384.25,4227.5,1950397,2.24%
43,2022-02-28,4368.0,4299.5,4385.5,4251.5,2189820,-0.27%
44,2022-03-01,4303.75,4367.5,4399.0,4275.0,1869277,-1.47%
45,2022-03-02,4381.75,4308.75,4399.25,4278.25,1712970,1.81%
46,2022-03-03,4359.25,4373.75,4418.75,4341.0,1547676,-0.51%
47,2022-03-04,4327.25,4366.5,4374.5,4281.25,1842722,-0.73%
48,2022-03-07,4198.5,4308.75,4325.25,4185.25,1902001,-2.98%
49,2022-03-08,4168.75,4186.5,4275.0,4138.75,2333021,-0.71%
50,2022-03-09,4275.25,4153.0,4298.25,4152.0,1659520,2.55%
51,2022-03-10,4257.25,4279.0,4282.25,4207.0,1745090,-0.42%
52,2022-03-11,4201.5,4258.5,4335.5,4198.0,1645055,-1.31%
53,2022-03-14,4172.0,4216.0,4254.5,4160.75,1438651,-0.70%
54,2022-03-15,4262.0,4180.25,4271.5,4138.0,1085846,2.16%
55,2022-03-16,4358.0,4257.5,4376.0,4246.25,722600,2.25%
56,2022-03-17,4410.25,4370.5,4415.25,4329.0,434642,1.20%
57,2022-03-18,4409.35009765625,4393.0,4409.35009765625,4373.75,1405299,-0.02%
58,2022-03-21,4452.25,4460.0,4473.0,4415.0,1375090,0.97%
59,2022-03-22,4505.0,4456.75,4514.75,4433.0,1205860,1.18%
60,2022-03-23,4447.5,4504.0,4514.0,4444.75,1336967,-1.28%
61,2022-03-24,4512.5,4449.25,4517.5,4445.75,1221569,1.46%
62,2022-03-25,4536.5,4516.25,4539.0,4493.25,1251078,0.53%
63,2022-03-28,4568.0,4535.25,4572.25,4509.75,1182527,0.69%
64,2022-03-29,4625.5,4570.25,4631.0,4565.25,1353683,1.26%
65,2022-03-30,4596.0,4621.25,4627.5,4574.75,1206203,-0.64%
66,2022-03-31,4530.75,4599.0,4614.25,4526.25,1650667,-1.42%
67,2022-04-01,4539.25,4541.0,4555.5,4501.25,1441126,0.19%
68,2022-04-04,4577.75,4538.25,4580.0,4527.75,1025558,0.85%
69,2022-04-05,4520.25,4576.25,4588.75,4507.75,1303877,-1.26%
70,2022-04-06,4475.75,4526.25,4528.75,4444.5,1803684,-0.98%
71,2022-04-07,4496.25,4471.25,4517.25,4444.5,1446250,0.46%
72,2022-04-08,4483.5,4494.75,4519.75,4468.75,1358450,-0.28%
73,2022-04-11,4409.0,4488.75,4491.25,4403.5,1431371,-1.66%
74,2022-04-12,4393.0,4411.0,4466.75,4375.5,1739771,-0.36%
75,2022-04-13,4442.25,4396.75,4449.5,4384.0,1254348,1.12%
76,2022-04-14,4387.5,4438.5,4455.75,4385.0,1396074,-1.23%
77,2022-04-18,4386.75,4390.0,4406.25,4355.5,1149765,-0.02%
78,2022-04-19,4459.25,4399.0,4467.0,4371.75,1465764,1.65%
79,2022-04-20,4455.5,4441.0,4484.25,4432.75,1423396,-0.08%
80,2022-04-21,4390.5,4468.0,4509.0,4380.0,1704137,-1.46%
81,2022-04-22,4267.25,4385.75,4393.25,4247.5,2039961,-2.81%
82,2022-04-25,4292.75,4259.0,4296.5,4195.25,2280374,0.60%
83,2022-04-26,4170.5,4294.0,4303.5,4136.75,2018166,-2.85%
84,2022-04-27,4180.25,4149.5,4236.25,4149.0,2035627,0.23%
85,2022-04-28,4283.5,4213.0,4303.5,4182.5,1798644,2.47%
86,2022-04-29,4127.5,4244.0,4279.75,4118.75,2117160,-3.64%
87,2022-05-02,4151.0,4144.0,4165.75,4056.0,2351404,0.57%
88,2022-05-03,4169.25,4145.5,4195.75,4129.0,1678497,0.44%
89,2022-05-04,4295.25,4171.25,4303.0,4142.75,1783477,3.02%
90,2022-05-05,4143.25,4289.75,4300.75,4099.25,2389422,-3.54%
91,2022-05-06,4119.5,4146.5,4153.25,4062.0,2310919,-0.57%
92,2022-05-09,3987.5,4087.25,4099.0,3970.0,2139992,-3.20%
93,2022-05-10,3996.75,3993.25,4065.5,3953.0,2247750,0.23%
94,2022-05-11,3930.25,3990.5,4050.5,3923.75,2157244,-1.66%
95,2022-05-12,3927.25,3939.75,3961.75,3855.0,2380563,-0.08%
96,2022-05-13,4019.75,3916.25,4036.0,3915.5,1859074,2.36%
97,2022-05-16,4004.75,4025.0,4043.5,3979.5,1695198,-0.37%
98,2022-05-17,4084.75,4002.0,4091.5,4000.5,1716498,2.00%
99,2022-05-18,3922.75,4091.25,4095.0,3905.5,2202394,-3.97%
100,2022-05-19,3897.75,3916.5,3943.5,3856.0,2317604,-0.64%
101,2022-05-20,3899.5,3900.5,3949.5,3807.5,2408399,0.04%
102,2022-05-23,3971.75,3910.5,3982.25,3906.5,1736162,1.85%
103,2022-05-24,3940.5,3951.75,3954.5,3872.0,2017453,-0.79%
104,2022-05-25,3976.75,3950.0,3997.75,3913.5,1744116,0.92%
105,2022-05-26,4055.75,3972.25,4073.5,3960.5,1493132,1.99%
106,2022-05-27,4155.75,4047.5,4168.25,4041.25,1547507,2.47%
107,2022-05-31,4131.25,4164.5,4202.25,4102.75,2222573,-0.59%
108,2022-06-01,4099.0,4138.5,4165.0,4071.5,1912031,-0.78%
109,2022-06-02,4175.25,4097.75,4179.0,4072.25,1513748,1.86%
110,2022-06-03,4107.0,4177.75,4189.0,4096.75,1532766,-1.63%
111,2022-06-06,4120.5,4110.5,4168.25,4104.5,1457918,0.33%
112,2022-06-07,4158.75,4122.0,4164.0,4076.0,1677883,0.93%
113,2022-06-08,4114.0,4150.75,4160.0,4105.25,1706628,-1.08%
114,2022-06-09,4016.25,4116.0,4144.25,4014.75,2024783,-2.38%
115,2022-06-10,3899.0,4025.25,4029.5,3895.25,2117225,-2.92%
116,2022-06-13,3750.5,3870.75,3876.5,3732.5,2155159,-3.81%
117,2022-06-14,3736.75,3758.25,3805.0,3705.25,1341257,-0.37%
118,2022-06-15,3789.25,3740.0,3839.0,3720.25,777545,1.40%
119,2022-06-16,3668.25,3794.25,3828.75,3639.0,544027,-3.19%
120,2022-06-17,3663.760009765625,3677.5,3710.75,3663.760009765625,2207570,-0.12%
121,2022-06-20,3716.0,3684.0,3725.0,3661.5,2207570,1.43%
122,2022-06-21,3767.75,3684.0,3783.75,3661.5,1566039,1.39%
123,2022-06-22,3762.75,3766.25,3805.5,3693.25,1660579,-0.13%
124,2022-06-23,3799.75,3761.25,3805.75,3735.0,1607695,0.98%
125,2022-06-24,3916.25,3785.25,3919.75,3781.25,1563128,3.07%
126,2022-06-27,3903.75,3915.0,3948.0,3892.5,1497368,-0.32%
127,2022-06-28,3825.5,3911.25,3950.0,3821.75,1791690,-2.00%
128,2022-06-29,3821.25,3828.25,3840.0,3801.25,1717770,-0.11%
129,2022-06-30,3789.5,3822.75,3825.0,3741.25,2394361,-0.83%
130,2022-07-01,3827.25,3782.0,3833.5,3744.5,1752977,1.00%
131,2022-07-05,3834.0,3828.5,3857.75,3744.0,2031501,0.18%
132,2022-07-06,3848.25,3838.0,3875.0,3808.75,1684324,0.37%
133,2022-07-07,3905.0,3853.75,3914.25,3832.5,1314443,1.47%
134,2022-07-08,3901.25,3897.0,3922.0,3868.0,1485497,-0.10%
135,2022-07-11,3856.75,3900.0,3900.75,3850.0,1486103,-1.14%
136,2022-07-12,3823.75,3862.0,3876.5,3804.75,1640864,-0.86%
137,2022-07-13,3804.5,3825.0,3873.0,3752.0,2157968,-0.50%
138,2022-07-14,3793.25,3795.75,3806.25,3723.75,1916260,-0.30%
139,2022-07-15,3865.0,3797.75,3868.25,3780.25,1523753,1.89%
140,2022-07-18,3833.75,3878.5,3909.5,3820.25,1439590,-0.81%
141,2022-07-19,3937.5,3838.5,3948.0,3834.0,1611604,2.71%
142,2022-07-20,3962.5,3947.0,3977.25,3922.25,1734355,0.63%
143,2022-07-21,4001.25,3954.0,4004.75,3930.25,1821097,0.98%
144,2022-07-22,3965.0,3988.0,4016.25,3941.5,1736592,-0.91%
145,2022-07-25,3970.0,3967.75,3988.75,3946.0,1493471,0.13%
146,2022-07-26,3923.25,3959.0,3964.5,3913.25,1589161,-1.18%
147,2022-07-27,4024.5,3939.25,4042.75,3938.75,1740431,2.58%
148,2022-07-28,4073.5,4022.0,4111.0,3994.5,2014467,1.22%
149,2022-07-29,4133.5,4105.0,4144.0,4081.0,1919598,1.47%
150,2022-08-01,4120.5,4137.5,4147.25,4097.0,1776936,-0.31%
151,2022-08-02,4093.75,4119.75,4143.0,4080.5,1892241,-0.65%
152,2022-08-03,4156.25,4097.0,4170.0,4084.5,1696602,1.53%
153,2022-08-04,4152.25,4150.25,4173.25,4136.0,1245063,-0.10%
154,2022-08-05,4146.75,4152.0,4166.25,4103.75,1722401,-0.13%
155,2022-08-08,4141.75,4149.75,4188.0,4129.25,1536449,-0.12%
156,2022-08-09,4124.5,4148.5,4155.0,4113.0,1280085,-0.42%
157,2022-08-10,4210.0,4128.75,4213.5,4113.75,1627940,2.07%
158,2022-08-11,4209.75,4210.75,4260.5,4202.75,1598130,-0.01%
159,2022-08-12,4281.0,4219.25,4282.75,4208.25,1300170,1.69%
160,2022-08-15,4298.25,4277.0,4304.75,4249.0,1317241,0.40%
161,2022-08-16,4307.75,4294.5,4327.5,4278.75,1363248,0.22%
162,2022-08-17,4276.75,4309.25,4315.0,4255.0,1638797,-0.72%
163,2022-08-18,4286.5,4279.5,4295.5,4258.0,1366220,0.23%
164,2022-08-19,4231.5,4287.0,4288.0,4220.75,1701251,-1.28%
165,2022-08-22,4141.25,4221.0,4221.5,4131.5,1724203,-2.13%
166,2022-08-23,4130.5,4147.0,4161.75,4118.0,1575674,-0.26%
167,2022-08-24,4142.75,4128.25,4158.5,4110.75,1348612,0.30%
168,2022-08-25,4201.0,4148.75,4202.75,4143.0,1635476,1.41%
169,2022-08-26,4059.5,4198.25,4217.25,4042.75,2241117,-3.37%
170,2022-08-29,4031.25,4024.0,4064.0,4006.75,1963446,-0.70%
171,2022-08-30,3987.5,4035.75,4072.75,3964.5,2555455,-1.09%
172,2022-08-31,3956.5,3987.25,4018.25,3953.0,2366488,-0.78%
173,2022-09-01,3968.75,3958.0,3971.25,3903.5,2212034,0.31%
174,2022-09-02,3924.5,3967.5,4019.25,3906.0,2510355,-1.11%
175,2022-09-06,3910.5,3929.0,3963.25,3886.75,2360326,-0.36%
176,2022-09-07,3980.0,3907.5,3988.75,3883.5,1956209,1.78%
177,2022-09-08,4005.5,3980.0,4011.5,3942.75,2356008,0.64%
178,2022-09-09,4067.25,4010.25,4077.25,4005.75,1677890,1.54%
179,2022-09-12,4110.75,4077.25,4119.75,4062.25,1718859,1.07%
180,2022-09-13,3931.25,4118.25,4158.0,3919.75,1418271,-4.37%
181,2022-09-14,3947.5,3936.75,3962.75,3911.25,662596,0.41%
182,2022-09-15,3902.0,3955.0,3959.5,3888.0,438921,-1.15%
183,2022-09-16,3871.239990234375,3888.5,3888.5,3846.0,2688630,-0.79%
184,2022-09-19,3917.25,3889.5,3927.0,3846.25,2100098,1.19%
185,2022-09-20,3872.75,3923.0,3936.25,3843.25,2357296,-1.14%
186,2022-09-21,3806.25,3878.75,3925.25,3792.0,2440206,-1.72%
187,2022-09-22,3772.0,3794.0,3833.0,3763.5,2578314,-0.90%
188,2022-09-23,3709.0,3777.25,3783.25,3660.25,2913560,-1.67%
189,2022-09-26,3670.0,3705.25,3730.5,3657.5,2899415,-1.05%
190,2022-09-27,3661.0,3668.0,3733.0,3635.25,2963065,-0.25%
191,2022-09-28,3732.0,3668.5,3751.25,3613.0,2780935,1.94%
192,2022-09-29,3654.25,3730.25,3736.0,3622.0,2860631,-2.08%
193,2022-09-30,3601.5,3656.5,3693.75,3595.25,2976179,-1.44%
194,2022-10-03,3690.25,3593.25,3711.75,3571.75,2315515,2.46%
195,2022-10-04,3803.25,3696.5,3808.75,3686.25,2381497,3.06%
196,2022-10-05,3794.0,3801.0,3820.0,3734.0,2089198,-0.24%
197,2022-10-06,3756.75,3795.75,3819.5,3750.0,2157569,-0.98%
198,2022-10-07,3653.25,3745.75,3770.5,3632.5,2238683,-2.76%
199,2022-10-10,3625.25,3638.75,3667.5,3600.0,2024447,-0.77%
200,2022-10-11,3599.25,3624.75,3653.25,3579.0,2398140,-0.72%
201,2022-10-12,3588.5,3607.0,3635.25,3585.5,1948173,-0.30%
202,2022-10-13,3681.75,3596.25,3697.75,3502.0,3288646,2.60%
203,2022-10-14,3597.5,3680.25,3733.75,3591.25,2730405,-2.29%
204,2022-10-17,3689.25,3591.0,3702.5,3590.5,1951998,2.55%
205,2022-10-18,3732.75,3706.25,3777.25,3697.25,2746886,1.18%
206,2022-10-19,3707.25,3759.75,3774.25,3676.75,2348844,-0.68%
207,2022-10-20,3675.25,3708.0,3748.0,3666.25,2403705,-0.86%
208,2022-10-21,3764.0,3677.75,3773.25,3641.5,2681019,2.41%
209,2022-10-24,3809.25,3771.0,3822.0,3736.5,2109780,1.20%
210,2022-10-25,3870.25,3803.25,3874.25,3790.0,1836723,1.60%
211,2022-10-26,3841.0,3841.0,3897.5,3824.25,2118534,-0.76%
212,2022-10-27,3819.5,3844.25,3870.75,3757.5,2211786,-0.56%
213,2022-10-28,3911.25,3798.25,3924.25,3776.75,2084386,2.40%
214,2022-10-31,3883.0,3911.5,3914.75,3872.25,2002625,-0.72%
215,2022-11-01,3866.0,3884.0,3928.0,3852.5,1895614,-0.44%
216,2022-11-02,3768.75,3863.0,3907.0,3760.25,2210708,-2.52%
217,2022-11-03,3727.75,3766.75,3782.5,3704.25,1887557,-1.09%
218,2022-11-04,3779.5,3724.0,3805.5,3711.0,2494788,1.39%
219,2022-11-07,3815.25,3750.0,3821.75,3738.25,1483146,0.95%
220,2022-11-08,3835.25,3812.75,3867.0,3792.75,1878046,0.52%
221,2022-11-09,3755.5,3832.5,3848.75,3750.0,1889153,-2.08%
222,2022-11-10,3961.0,3757.0,3973.5,3751.5,2408104,5.47%
223,2022-11-11,4000.25,3973.0,4009.75,3951.0,1927068,0.99%
224,2022-11-14,3966.0,3984.0,4017.5,3964.0,1592615,-0.86%
225,2022-11-15,3999.5,3974.75,4050.75,3960.0,2230543,0.84%
226,2022-11-16,3968.5,3992.0,4015.75,3962.0,1502501,-0.78%
227,2022-11-17,3955.25,3977.25,3990.25,3912.5,1560808,-0.33%
228,2022-11-18,3974.0,3960.5,3994.0,3942.5,1534155,0.47%
229,2022-11-21,3958.0,3972.5,3982.0,3937.5,1178421,-0.40%
230,2022-11-22,4010.25,3957.75,4012.5,3945.25,1161999,1.32%
231,2022-11-23,4033.0,4010.0,4039.5,4002.0,1281153,0.57%
232,2022-11-25,4032.5,4038.75,4049.25,4024.75,608795,-0.01%
233,2022-11-28,3970.25,4020.25,4024.0,3960.25,1481503,-1.54%
234,2022-11-29,3962.0,3972.0,3990.25,3941.25,1500171,-0.21%
235,2022-11-30,4081.25,3962.25,4093.5,3942.75,2479997,3.01%
236,2022-12-01,4081.75,4094.5,4110.0,4054.5,1834073,0.01%
237,2022-12-02,4075.5,4077.5,4085.5,4006.75,1849784,-0.15%
238,2022-12-05,4003.25,4074.0,4075.75,3987.25,1497688,-1.77%
239,2022-12-06,3945.0,4005.75,4014.75,3921.5,1869101,-1.46%
240,2022-12-07,3936.75,3944.5,3961.5,3914.0,1756473,-0.21%
241,2022-12-08,3965.75,3935.75,3977.25,3916.0,1708915,0.74%
242,2022-12-09,3936.25,3964.75,3990.0,3930.0,1739761,-0.74%
243,2022-12-12,3991.75,3933.0,3992.75,3924.5,1619977,1.41%
244,2022-12-13,4022.25,3989.25,4145.0,3985.0,1419560,0.76%
245,2022-12-14,3998.0,4021.75,4073.0,3965.25,712439,-0.60%
246,2022-12-15,3897.0,4004.25,4010.25,3878.5,560669,-2.53%
247,2022-12-16,3871.469970703125,3890.5,3904.25,3842.0,1965701,-0.66%
248,2022-12-19,3845.5,3874.0,3899.0,3827.25,1405774,-0.67%
249,2022-12-20,3849.25,3842.75,3866.5,3803.5,1541868,0.10%
250,2022-12-21,3905.75,3857.25,3918.75,3855.5,1522069,1.47%
251,2022-12-22,3849.25,3915.0,3919.75,3788.5,1842326,-1.45%
252,2022-12-23,3869.75,3850.0,3872.5,3821.25,1374913,0.53%
253,2022-12-27,3855.0,3878.0,3900.5,3837.25,1006414,-0.38%
254,2022-12-28,3807.5,3858.0,3875.0,3804.5,1282810,-1.23%
255,2022-12-29,3871.75,3811.0,3882.75,3806.25,1146984,1.69%
256,2022-12-30,3861.0,3869.75,3871.0,3821.5,1401810,-0.28%
257,2023-01-03,3846.0,3895.0,3906.75,3814.5,1782473,-0.39%
258,2023-01-04,3874.5,3842.75,3896.25,3836.5,1912155,0.74%
259,2023-01-05,3829.0,3871.0,3885.5,3822.5,1679973,-1.17%
260,2023-01-06,3915.5,3833.0,3928.75,3819.0,2026154,2.26%
261,2023-01-09,3913.75,3918.5,3973.25,3909.75,1697887,-0.04%
262,2023-01-10,3940.75,3914.5,3943.75,3891.5,1520955,0.69%
263,2023-01-11,3990.0,3941.0,3992.5,3934.5,1398769,1.25%
264,2023-01-12,4003.5,3991.75,4021.5,3954.0,2102587,0.34%
265,2023-01-13,4018.25,4003.0,4024.25,3961.75,1456784,0.37%
266,2023-01-16,4009.75,4020.0,4028.25,3996.75,1456784,-0.21%
267,2023-01-17,4009.5,4020.0,4035.25,3996.75,1423931,-0.01%
268,2023-01-18,3945.75,4008.5,4033.5,3943.75,1902551,-1.59%
269,2023-01-19,3915.5,3945.25,3948.75,3901.75,1896890,-0.77%
270,2023-01-20,3988.5,3925.0,3990.5,3911.75,1620355,1.86%
271,2023-01-23,4036.5,3987.0,4056.75,3980.25,1594736,1.20%
272,2023-01-24,4032.75,4036.5,4047.5,4005.25,1472856,-0.09%
273,2023-01-25,4032.0,4039.0,4040.5,3963.25,1760515,-0.02%
274,2023-01-26,4075.5,4031.0,4077.0,4027.25,1613804,1.08%
275,2023-01-27,4084.25,4065.0,4109.25,4057.25,1587936,0.21%
276,2023-01-30,4032.5,4077.0,4086.0,4029.5,1786112,-1.27%
277,2023-01-31,4090.0,4039.25,4091.25,4007.5,1790751,1.43%
278,2023-02-01,4132.25,4085.75,4163.25,4048.5,2000400,1.03%
279,2023-02-02,4191.5,4145.5,4208.5,4136.75,2290729,1.43%
280,2023-02-03,4147.75,4176.0,4194.0,4132.5,2354996,-1.04%
281,2023-02-06,4123.5,4134.25,4143.0,4104.0,1560324,-0.58%
282,2023-02-07,4175.75,4123.5,4188.25,4098.25,2180936,1.27%
283,2023-02-08,4130.5,4167.25,4179.25,4121.25,1804101,-1.08%
284,2023-02-09,4091.75,4132.25,4170.25,4078.25,1828571,-0.94%
285,2023-02-10,4099.75,4098.0,4104.25,4060.75,1744956,0.20%
286,2023-02-13,4147.25,4105.0,4150.75,4078.75,1376325,1.16%
287,2023-02-14,4145.5,4149.75,4186.5,4103.75,2379034,-0.04%
288,2023-02-15,4158.25,4141.25,4161.75,4113.0,1611550,0.31%
289,2023-02-16,4099.75,4159.0,4168.5,4095.0,2042993,-1.41%
290,2023-02-17,4087.5,4095.5,4096.0,4055.75,2008448,-0.30%
291,2023-02-21,4005.75,4083.0,4089.25,4002.0,1883040,-2.00%
292,2023-02-22,3999.0,4007.5,4025.0,3983.75,1925300,-0.17%
293,2023-02-23,4018.75,4010.0,4034.25,3974.25,1955820,0.49%
294,2023-02-24,3975.75,4015.25,4023.25,3947.5,2063242,-1.07%
295,2023-02-27,3988.0,3976.5,4024.75,3973.0,1621961,0.31%
296,2023-02-28,3975.5,3991.5,4003.75,3965.0,1847930,-0.31%
297,2023-03-01,3956.5,3968.5,3991.0,3943.0,2042321,-0.48%
298,2023-03-02,3984.75,3959.75,3995.25,3925.0,1836555,0.71%
299,2023-03-03,4049.75,3983.0,4053.0,3974.0,1665102,1.63%
300,2023-03-06,4052.5,4049.25,4082.5,4041.75,1528845,0.07%
301,2023-03-07,3989.75,4053.75,4064.5,3982.5,2141615,-1.55%
302,2023-03-08,3995.0,3990.0,4003.25,3971.5,1831712,0.13%
303,2023-03-09,3920.0,3997.0,4019.75,3909.5,2547423,-1.88%
304,2023-03-10,3862.75,3919.0,3941.75,3846.25,3285811,-1.46%
305,2023-03-13,3856.75,3887.75,3938.75,3808.75,2750477,-0.16%
306,2023-03-14,3920.5,3865.75,3938.0,3855.25,1606509,1.65%
307,2023-03-15,3892.75,3920.5,3931.0,3834.0,833643,-0.71%
308,2023-03-16,3960.5,3892.75,3966.5,3863.25,466914,1.74%
309,2023-03-17,3957.050048828125,3962.25,3974.0,3923.0,2224268,-0.09%
310,2023-03-20,3983.0,3963.75,3989.5,3897.25,1818807,0.66%
311,2023-03-21,4035.75,3986.5,4043.25,3981.75,1531670,1.32%
312,2023-03-22,3970.5,4038.75,4073.75,3966.25,1802929,-1.62%
313,2023-03-23,3978.0,3972.75,4039.5,3948.5,2236954,0.19%
314,2023-03-24,4001.25,3988.75,4010.75,3937.0,1944981,0.58%
315,2023-03-27,4007.25,4008.0,4034.25,3997.5,1304572,0.15%
316,2023-03-28,4001.5,4013.5,4023.75,3980.75,1224495,-0.14%
317,2023-03-29,4057.5,4006.5,4061.25,4006.0,1389352,1.40%
318,2023-03-30,4080.0,4058.0,4087.75,4052.5,1328529,0.55%
319,2023-03-31,4137.75,4081.0,4142.5,4078.0,1695840,1.42%
320,2023-04-03,4153.75,4127.0,4157.75,4122.75,1380286,0.39%
321,2023-04-04,4129.0,4152.5,4171.75,4115.25,1582414,-0.60%
322,2023-04-05,4117.25,4134.0,4135.5,4099.0,1470176,-0.28%
323,2023-04-06,4132.0,4113.75,4135.25,4096.5,73009,0.36%
324,2023-04-10,4136.25,4139.0,4143.0,4098.75,1167715,0.10%
325,2023-04-11,4136.5,4138.5,4151.75,4128.75,1221824,0.01%
326,2023-04-12,4119.0,4137.5,4177.75,4113.5,1853671,-0.42%
327,2023-04-13,4172.75,4117.5,4177.0,4110.25,1458785,1.30%
328,2023-04-14,4163.75,4168.75,4189.0,4138.0,1882896,-0.22%
329,2023-04-17,4176.75,4174.25,4180.5,4148.0,1298123,0.31%
330,2023-04-18,4180.0,4177.0,4198.25,4164.5,1427797,0.08%
331,2023-04-19,4178.5,4176.0,4187.5,4150.5,1292622,-0.04%
332,2023-04-20,4152.5,4172.25,4173.5,4137.0,1768379,-0.62%
333,2023-04-21,4156.75,4153.75,4161.0,4135.25,1645161,0.10%
334,2023-04-24,4159.5,4150.0,4164.25,4133.5,1328041,0.07%
335,2023-04-25,4093.25,4157.25,4158.5,4091.5,1770908,-1.59%
336,2023-04-26,4076.0,4110.25,4116.25,4068.75,1814741,-0.42%
337,2023-04-27,4153.75,4085.5,4166.5,4080.75,1686692,1.91%
338,2023-04-28,4188.5,4151.0,4193.75,4131.5,1753803,0.84%
339,2023-05-01,4185.75,4190.0,4206.25,4178.5,1240490,-0.07%
340,2023-05-02,4136.75,4179.5,4191.5,4105.5,2034176,-1.17%
341,2023-05-03,4107.5,4133.25,4167.0,4095.0,1658392,-0.71%
342,2023-05-04,4075.75,4087.0,4118.0,4062.25,1994772,-0.77%
343,2023-05-05,4150.25,4077.25,4163.25,4076.75,1545895,1.83%
344,2023-05-08,4152.75,4151.0,4161.0,4137.5,1026014,0.06%
345,2023-05-09,4134.0,4150.5,4153.0,4131.0,1000924,-0.45%
346,2023-05-10,4152.0,4133.0,4173.25,4112.25,1887587,0.44%
347,2023-05-11,4143.75,4152.75,4168.5,4121.5,1473383,-0.20%
348,2023-05-12,4138.0,4144.5,4164.5,4111.75,1434601,-0.14%
349,2023-05-15,4150.0,4132.25,4156.25,4123.0,1179165,0.29%
350,2023-05-16,4123.0,4148.25,4151.5,4120.0,1316691,-0.65%
351,2023-05-17,4171.5,4126.0,4179.0,4122.0,1584910,1.18%
352,2023-05-18,4212.0,4171.25,4215.75,4161.25,1760668,0.97%
353,2023-05-19,4204.75,4215.5,4227.25,4191.5,1713351,-0.17%
354,2023-05-22,4205.0,4189.0,4221.75,4186.5,1302845,0.01%
355,2023-05-23,4158.75,4207.5,4222.75,4153.0,1685056,-1.10%
356,2023-05-24,4126.0,4158.0,4166.25,4114.0,1911903,-0.79%
357,2023-05-25,4159.75,4157.0,4175.5,4131.5,1966626,0.82%
358,2023-05-26,4213.25,4157.0,4221.25,4146.0,1744425,1.29%
359,2023-05-30,4215.0,4239.75,4243.25,4200.0,1957579,0.04%
360,2023-05-31,4190.5,4213.0,4217.75,4174.0,2138566,-0.58%
361,2023-06-01,4228.0,4188.5,4239.75,4178.0,1868363,0.89%
362,2023-06-02,4288.0,4231.75,4297.75,4229.0,1955603,1.42%
363,2023-06-05,4281.0,4288.0,4305.75,4273.0,1668759,-0.16%
364,2023-06-06,4289.75,4279.75,4294.75,4268.5,1548125,0.20%
365,2023-06-07,4274.25,4292.25,4304.75,4269.25,1925195,-0.36%
366,2023-06-08,4298.25,4273.25,4302.5,4262.75,1664333,0.56%
367,2023-06-09,4304.75,4297.75,4325.5,4284.0,2176645,0.15%
368,2023-06-12,4342.75,4306.5,4346.5,4305.25,2176645,0.88%
369,2023-06-13,4372.5,4372.0,4374.0,4369.5,3353,0.69%
