,date,splrct,open,high,low,volume,splrct_cr
0,2021-12-27,3107.4599609375,3041.1201171875,3107.6298828125,3041.1201171875,355845000,nan%
1,2021-12-28,3089.10009765625,3107.4599609375,3113.219970703125,3082.3701171875,349206400,-0.59%
2,2021-12-29,3091.360107421875,3089.10009765625,3103.610107421875,3075.389892578125,327899700,0.07%
3,2021-12-30,3070.419921875,3091.360107421875,3104.169921875,3067.56005859375,293510200,-0.68%
4,2021-12-31,3055.449951171875,3070.419921875,3075.800048828125,3054.919921875,287238200,-0.49%
5,2022-01-03,3086.75,3055.449951171875,3089.199951171875,3048.949951171875,452336500,1.02%
6,2022-01-04,3051.47998046875,3086.75,3094.43994140625,3028.10009765625,560248200,-1.14%
7,2022-01-05,2955.97998046875,3051.47998046875,3051.47998046875,2955.43994140625,594367700,-3.13%
8,2022-01-06,2941.72998046875,2955.97998046875,2971.889892578125,2923.199951171875,518103600,-0.48%
9,2022-01-07,2912.02001953125,2941.72998046875,2954.659912109375,2894.97998046875,465284500,-1.01%
10,2022-01-10,2915.0,2912.02001953125,2918.39990234375,2831.35009765625,604674900,0.10%
11,2022-01-11,2950.300048828125,2915.0,2953.929931640625,2886.429931640625,486070900,1.21%
12,2022-01-12,2963.14990234375,2950.300048828125,2992.60009765625,2949.570068359375,424188700,0.44%
13,2022-01-13,2884.60009765625,2963.14990234375,2987.949951171875,2878.340087890625,507255000,-2.65%
14,2022-01-14,2910.169921875,2884.60009765625,2911.860107421875,2867.780029296875,475631800,0.89%
15,2022-01-18,2837.840087890625,2910.169921875,2910.169921875,2832.610107421875,521184600,-2.49%
16,2022-01-19,2798.8798828125,2837.840087890625,2884.7900390625,2796.4599609375,528407800,-1.37%
17,2022-01-20,2761.64990234375,2798.8798828125,2855.820068359375,2759.0,536868600,-1.33%
18,2022-01-21,2708.300048828125,2761.64990234375,2787.39990234375,2708.18994140625,706182600,-1.93%
19,2022-01-24,2717.300048828125,2708.300048828125,2721.64990234375,2563.199951171875,895203300,0.33%
20,2022-01-25,2653.820068359375,2717.300048828125,2717.300048828125,2627.330078125,666140900,-2.34%
21,2022-01-26,2672.9599609375,2653.820068359375,2760.56005859375,2643.72998046875,753309700,0.72%
22,2022-01-27,2654.5,2672.9599609375,2731.14990234375,2645.31005859375,788170300,-0.69%
23,2022-01-28,2769.570068359375,2654.5,2770.030029296875,2646.8701171875,765319500,4.33%
24,2022-01-31,2843.8798828125,2769.570068359375,2844.489990234375,2759.18994140625,679874500,2.68%
25,2022-02-01,2850.669921875,2843.8798828125,2853.22998046875,2807.110107421875,565071700,0.24%
26,2022-02-02,2873.8701171875,2850.669921875,2877.14990234375,2835.699951171875,774136100,0.81%
27,2022-02-03,2785.75,2873.8701171875,2873.8701171875,2780.449951171875,641698500,-3.07%
28,2022-02-04,2798.949951171875,2785.75,2873.8701171875,2760.830078125,543968100,0.47%
29,2022-02-07,2780.550048828125,2798.949951171875,2818.070068359375,2770.72998046875,465701700,-0.66%
30,2022-02-08,2816.010009765625,2780.550048828125,2823.409912109375,2765.4599609375,478599200,1.28%
31,2022-02-09,2880.989990234375,2816.010009765625,2881.0,2816.010009765625,552059000,2.31%
32,2022-02-10,2801.7099609375,2880.989990234375,2880.989990234375,2790.219970703125,607754900,-2.75%
33,2022-02-11,2717.489990234375,2801.7099609375,2819.6298828125,2706.2900390625,691755100,-3.01%
34,2022-02-14,2716.60009765625,2717.489990234375,2738.47998046875,2684.780029296875,568110200,-0.03%
35,2022-02-15,2790.89990234375,2716.60009765625,2792.090087890625,2716.60009765625,589431500,2.74%
36,2022-02-16,2786.050048828125,2790.89990234375,2795.949951171875,2740.52001953125,525210900,-0.17%
37,2022-02-17,2700.64990234375,2786.050048828125,2786.050048828125,2695.989990234375,574778400,-3.07%
38,2022-02-18,2670.93994140625,2700.669921875,2715.02001953125,2651.7099609375,656189200,-1.10%
39,2022-02-22,2647.39990234375,2670.93994140625,2689.280029296875,2618.43994140625,649542700,-0.88%
40,2022-02-23,2579.56005859375,2647.39990234375,2682.550048828125,2577.72998046875,581635900,-2.56%
41,2022-02-24,2668.969970703125,2579.56005859375,2671.090087890625,2483.219970703125,835272800,3.47%
42,2022-02-25,2705.5,2668.969970703125,2706.2900390625,2641.320068359375,594570100,1.37%
43,2022-02-28,2701.14990234375,2705.5,2712.699951171875,2655.5,629893100,-0.16%
44,2022-03-01,2647.280029296875,2701.14990234375,2704.820068359375,2626.6298828125,615619200,-1.99%
45,2022-03-02,2705.22998046875,2647.280029296875,2715.699951171875,2646.159912109375,592590100,2.19%
46,2022-03-03,2671.60009765625,2705.22998046875,2726.219970703125,2659.090087890625,546212500,-1.24%
47,2022-03-04,2623.9599609375,2671.60009765625,2671.60009765625,2603.659912109375,549235500,-1.78%
48,2022-03-07,2526.919921875,2623.9599609375,2633.090087890625,2525.5400390625,615307200,-3.70%
49,2022-03-08,2516.1201171875,2526.919921875,2593.409912109375,2478.580078125,733120300,-0.43%
50,2022-03-09,2616.320068359375,2516.1201171875,2627.510009765625,2516.1201171875,568887600,3.98%
51,2022-03-10,2570.3798828125,2616.320068359375,2616.320068359375,2530.840087890625,544817700,-1.76%
52,2022-03-11,2524.090087890625,2570.3798828125,2594.68994140625,2521.080078125,509467400,-1.80%
53,2022-03-14,2476.219970703125,2524.090087890625,2540.0,2469.780029296875,566894700,-1.90%
54,2022-03-15,2561.10009765625,2476.219970703125,2566.4599609375,2476.219970703125,582457100,3.43%
55,2022-03-16,2646.169921875,2561.10009765625,2646.780029296875,2554.030029296875,671601500,3.32%
56,2022-03-17,2664.419921875,2646.169921875,2664.429931640625,2617.81005859375,535618200,0.69%
57,2022-03-18,2722.7099609375,2664.419921875,2726.989990234375,2644.219970703125,906444500,2.19%
58,2022-03-21,2717.89990234375,2722.7099609375,2732.139892578125,2681.56005859375,565781500,-0.18%
59,2022-03-22,2756.550048828125,2717.89990234375,2771.280029296875,2716.52001953125,526709300,1.42%
60,2022-03-23,2715.110107421875,2756.550048828125,2757.469970703125,2712.77001953125,524036600,-1.50%
61,2022-03-24,2788.6298828125,2715.110107421875,2788.889892578125,2715.110107421875,589759300,2.71%
62,2022-03-25,2786.10009765625,2788.6298828125,2796.280029296875,2752.0,481429000,-0.09%
63,2022-03-28,2820.35009765625,2786.10009765625,2820.530029296875,2766.800048828125,480906400,1.23%
64,2022-03-29,2878.530029296875,2820.35009765625,2881.43994140625,2820.35009765625,542137300,2.06%
65,2022-03-30,2839.31005859375,2878.530029296875,2878.530029296875,2825.110107421875,540015900,-1.36%
66,2022-03-31,2794.080078125,2839.31005859375,2845.050048828125,2794.050048828125,662906500,-1.59%
67,2022-04-01,2789.449951171875,2794.080078125,2806.2099609375,2757.2099609375,549802900,-0.17%
68,2022-04-04,2842.7900390625,2790.5,2843.31005859375,2790.5,478187200,1.91%
69,2022-04-05,2780.5,2842.7900390625,2842.7900390625,2772.72998046875,469095700,-2.19%
70,2022-04-06,2709.719970703125,2780.5,2780.5,2689.889892578125,604231000,-2.55%
71,2022-04-07,2716.0,2709.719970703125,2735.280029296875,2679.25,585014100,0.23%
72,2022-04-08,2677.0400390625,2716.0,2716.0,2672.419921875,482316400,-1.43%
73,2022-04-11,2607.31005859375,2677.0400390625,2677.0400390625,2604.909912109375,494404900,-2.60%
74,2022-04-12,2598.10009765625,2607.31005859375,2660.5,2587.27001953125,508590600,-0.35%
75,2022-04-13,2639.449951171875,2598.10009765625,2647.909912109375,2590.10009765625,459367200,1.59%
76,2022-04-14,2574.8798828125,2639.449951171875,2647.89990234375,2572.909912109375,478946300,-2.45%
77,2022-04-18,2583.1201171875,2574.8798828125,2599.219970703125,2561.340087890625,435531100,0.32%
78,2022-04-19,2630.639892578125,2583.1201171875,2635.72998046875,2567.139892578125,435172500,1.84%
79,2022-04-20,2627.159912109375,2630.639892578125,2663.340087890625,2619.530029296875,456209100,-0.13%
80,2022-04-21,2581.780029296875,2627.159912109375,2678.080078125,2574.22998046875,508904100,-1.73%
81,2022-04-22,2509.64990234375,2581.780029296875,2594.27001953125,2506.159912109375,499239100,-2.79%
82,2022-04-25,2545.760009765625,2509.64990234375,2548.360107421875,2482.659912109375,562655700,1.44%
83,2022-04-26,2451.280029296875,2545.760009765625,2545.760009765625,2450.89990234375,571961400,-3.71%
84,2022-04-27,2484.580078125,2451.280029296875,2532.9599609375,2451.280029296875,596198400,1.36%
85,2022-04-28,2584.889892578125,2484.580078125,2600.77001953125,2484.580078125,633126700,4.04%
86,2022-04-29,2478.0,2584.889892578125,2588.800048828125,2473.610107421875,632967500,-4.14%
87,2022-05-02,2516.68994140625,2478.0,2518.840087890625,2447.1201171875,612174800,1.56%
88,2022-05-03,2521.22998046875,2516.68994140625,2535.820068359375,2497.429931640625,549456000,0.18%
89,2022-05-04,2609.800048828125,2521.22998046875,2614.5400390625,2488.97998046875,746329700,3.51%
90,2022-05-05,2481.199951171875,2609.800048828125,2609.800048828125,2452.659912109375,728252700,-4.93%
91,2022-05-06,2461.47998046875,2481.199951171875,2501.919921875,2424.6201171875,644879600,-0.79%
92,2022-05-09,2364.580078125,2461.47998046875,2461.47998046875,2354.659912109375,724215100,-3.94%
93,2022-05-10,2401.85009765625,2364.580078125,2435.820068359375,2364.580078125,693698300,1.58%
94,2022-05-11,2322.639892578125,2401.85009765625,2424.419921875,2316.22998046875,683164800,-3.30%
95,2022-05-12,2296.18994140625,2322.639892578125,2330.840087890625,2243.0,772858000,-1.14%
96,2022-05-13,2375.2900390625,2296.18994140625,2386.820068359375,2296.18994140625,620828100,3.44%
97,2022-05-16,2353.699951171875,2375.2900390625,2384.97998046875,2334.0400390625,520587500,-0.91%
98,2022-05-17,2422.22998046875,2353.699951171875,2425.6201171875,2353.699951171875,580855000,2.91%
99,2022-05-18,2307.389892578125,2422.22998046875,2422.22998046875,2300.659912109375,648695700,-4.74%
100,2022-05-19,2282.6201171875,2307.389892578125,2322.300048828125,2273.050048828125,740640200,-1.07%
101,2022-05-20,2285.75,2282.6201171875,2319.7900390625,2215.18994140625,763102900,0.14%
102,2022-05-23,2339.85009765625,2285.75,2343.06005859375,2285.75,589079600,2.37%
103,2022-05-24,2303.18994140625,2339.85009765625,2339.85009765625,2263.889892578125,579968200,-1.57%
104,2022-05-25,2331.050048828125,2303.18994140625,2348.639892578125,2288.030029296875,548082400,1.21%
105,2022-05-26,2388.14990234375,2331.050048828125,2397.919921875,2310.1201171875,612149600,2.45%
106,2022-05-27,2470.27001953125,2388.14990234375,2470.469970703125,2388.14990234375,553804600,3.44%
107,2022-05-31,2452.889892578125,2470.27001953125,2477.0,2428.409912109375,777788100,-0.70%
108,2022-06-01,2444.75,2452.889892578125,2495.469970703125,2426.739990234375,521716400,-0.33%
109,2022-06-02,2504.389892578125,2444.75,2504.68994140625,2417.93994140625,559592000,2.44%
110,2022-06-03,2442.3798828125,2504.389892578125,2504.389892578125,2431.219970703125,515457900,-2.48%
111,2022-06-06,2443.409912109375,2442.3798828125,2488.97998046875,2430.949951171875,415491800,0.04%
112,2022-06-07,2473.110107421875,2443.409912109375,2477.330078125,2411.9599609375,392355300,1.22%
113,2022-06-08,2445.6298828125,2473.110107421875,2478.14990234375,2438.699951171875,434589500,-1.11%
114,2022-06-09,2379.0,2445.6298828125,2450.419921875,2378.510009765625,462280200,-2.72%
115,2022-06-10,2286.43994140625,2379.0,2379.0,2286.06005859375,551954000,-3.89%
116,2022-06-13,2184.2900390625,2286.43994140625,2286.43994140625,2176.830078125,674154500,-4.47%
117,2022-06-14,2197.85009765625,2184.2900390625,2213.110107421875,2177.75,528307800,0.62%
118,2022-06-15,2245.56005859375,2197.85009765625,2278.239990234375,2196.590087890625,556599400,2.17%
119,2022-06-16,2153.199951171875,2245.56005859375,2245.56005859375,2136.25,638654900,-4.11%
120,2022-06-17,2174.43994140625,2153.199951171875,2194.300048828125,2139.3798828125,854979100,0.99%
121,2022-06-21,2229.580078125,2174.43994140625,2244.89990234375,2174.43994140625,528083700,2.54%
122,2022-06-22,2220.429931640625,2229.580078125,2250.39990234375,2200.449951171875,480169200,-0.41%
123,2022-06-23,2252.330078125,2220.429931640625,2257.0,2218.139892578125,505558800,1.44%
124,2022-06-24,2332.7900390625,2252.330078125,2334.080078125,2252.330078125,637873000,3.57%
125,2022-06-27,2317.97998046875,2332.7900390625,2348.14990234375,2308.280029296875,442375100,-0.63%
126,2022-06-28,2248.2900390625,2317.97998046875,2342.949951171875,2247.3701171875,502652700,-3.01%
127,2022-06-29,2252.8701171875,2248.2900390625,2266.080078125,2228.31005859375,454924800,0.20%
128,2022-06-30,2222.9599609375,2252.8701171875,2252.8701171875,2188.18994140625,601036500,-1.33%
129,2022-07-01,2228.5,2222.9599609375,2230.159912109375,2190.699951171875,537334000,0.25%
130,2022-07-05,2256.14990234375,2228.5,2256.75,2186.139892578125,544053100,1.24%
131,2022-07-06,2276.110107421875,2256.14990234375,2294.050048828125,2250.610107421875,462854600,0.88%
132,2022-07-07,2323.080078125,2276.110107421875,2328.050048828125,2276.110107421875,472000300,2.06%
133,2022-07-08,2324.75,2323.080078125,2331.570068359375,2292.02001953125,404511600,0.07%
134,2022-07-11,2291.68994140625,2324.75,2324.75,2276.409912109375,393527900,-1.42%
135,2022-07-12,2261.050048828125,2291.68994140625,2313.800048828125,2248.610107421875,476806400,-1.34%
136,2022-07-13,2256.10009765625,2260.449951171875,2269.27001953125,2210.77001953125,447064400,-0.22%
137,2022-07-14,2276.989990234375,2256.10009765625,2284.47998046875,2209.260009765625,465592800,0.93%
138,2022-07-15,2317.030029296875,2276.989990234375,2317.409912109375,2276.989990234375,473736600,1.76%
139,2022-07-18,2293.22998046875,2319.760009765625,2347.300048828125,2285.840087890625,473771400,-1.03%
140,2022-07-19,2363.75,2293.22998046875,2365.679931640625,2293.22998046875,560673400,3.08%
141,2022-07-20,2400.580078125,2363.75,2410.18994140625,2358.4599609375,497905500,1.56%
142,2022-07-21,2434.35009765625,2400.580078125,2434.610107421875,2378.760009765625,463664700,1.41%
143,2022-07-22,2400.75,2434.35009765625,2442.199951171875,2387.1298828125,464351100,-1.38%
144,2022-07-25,2386.0400390625,2400.75,2400.75,2368.919921875,402735500,-0.61%
145,2022-07-26,2348.25,2386.0400390625,2386.0400390625,2338.929931640625,437825900,-1.58%
146,2022-07-27,2449.090087890625,2348.25,2459.2900390625,2348.25,589985300,4.29%
147,2022-07-28,2484.179931640625,2449.090087890625,2490.2099609375,2428.89990234375,498408600,1.43%
148,2022-07-29,2522.610107421875,2484.179931640625,2529.56005859375,2482.610107421875,614457000,1.55%
149,2022-08-01,2517.47998046875,2522.610107421875,2543.090087890625,2495.5,483346000,-0.20%
150,2022-08-02,2500.010009765625,2517.47998046875,2528.5400390625,2479.159912109375,492435800,-0.69%
151,2022-08-03,2567.280029296875,2500.010009765625,2573.919921875,2500.010009765625,601105200,2.69%
152,2022-08-04,2577.93994140625,2567.280029296875,2578.929931640625,2549.39990234375,519615400,0.42%
153,2022-08-05,2571.77001953125,2577.93994140625,2578.0,2536.93994140625,451545100,-0.24%
154,2022-08-08,2549.159912109375,2571.77001953125,2588.81005859375,2535.800048828125,494411200,-0.88%
155,2022-08-09,2523.610107421875,2549.159912109375,2549.159912109375,2510.719970703125,517135900,-1.00%
156,2022-08-10,2593.60009765625,2523.610107421875,2594.570068359375,2523.610107421875,494443900,2.77%
157,2022-08-11,2581.050048828125,2593.60009765625,2624.02001953125,2578.1298828125,436170100,-0.48%
158,2022-08-12,2634.590087890625,2581.050048828125,2634.60009765625,2581.050048828125,440842900,2.07%
159,2022-08-15,2651.080078125,2634.590087890625,2654.3798828125,2623.6298828125,363467600,0.63%
160,2022-08-16,2643.489990234375,2651.080078125,2656.219970703125,2619.449951171875,377869400,-0.29%
161,2022-08-17,2624.8701171875,2643.489990234375,2644.550048828125,2605.860107421875,437971200,-0.70%
162,2022-08-18,2637.800048828125,2624.8701171875,2648.06005859375,2617.199951171875,437928200,0.49%
163,2022-08-19,2589.56005859375,2637.800048828125,2637.800048828125,2584.449951171875,434288400,-1.83%
164,2022-08-22,2517.5400390625,2589.56005859375,2589.56005859375,2511.97998046875,440984900,-2.78%
165,2022-08-23,2511.159912109375,2517.5400390625,2537.830078125,2507.97998046875,353680800,-0.25%
166,2022-08-24,2512.159912109375,2511.159912109375,2523.06005859375,2499.320068359375,367869400,0.04%
167,2022-08-25,2554.27001953125,2512.159912109375,2555.110107421875,2512.159912109375,438040000,1.68%
168,2022-08-26,2444.949951171875,2554.27001953125,2559.81005859375,2444.860107421875,526159500,-4.28%
169,2022-08-29,2413.739990234375,2444.949951171875,2444.949951171875,2404.6298828125,425752900,-1.28%
170,2022-08-30,2387.699951171875,2413.739990234375,2430.35009765625,2367.43994140625,464215600,-1.08%
171,2022-08-31,2364.719970703125,2387.699951171875,2409.949951171875,2364.340087890625,559729400,-0.96%
172,2022-09-01,2353.43994140625,2364.719970703125,2364.719970703125,2304.77001953125,598750000,-0.48%
173,2022-09-02,2323.070068359375,2353.43994140625,2391.510009765625,2311.27001953125,506014000,-1.29%
174,2022-09-06,2307.300048828125,2323.070068359375,2336.080078125,2293.3798828125,473697300,-0.68%
175,2022-09-07,2344.0400390625,2307.300048828125,2353.840087890625,2305.199951171875,469155600,1.59%
176,2022-09-08,2351.969970703125,2344.0400390625,2363.699951171875,2317.219970703125,515345100,0.34%
177,2022-09-09,2398.389892578125,2351.969970703125,2404.070068359375,2351.969970703125,451888400,1.97%
178,2022-09-12,2437.60009765625,2398.389892578125,2439.110107421875,2398.389892578125,489868400,1.63%
179,2022-09-13,2307.27001953125,2437.60009765625,2437.60009765625,2301.639892578125,671746900,-5.35%
180,2022-09-14,2317.3798828125,2307.27001953125,2332.860107421875,2294.43994140625,537715400,0.44%
181,2022-09-15,2262.39990234375,2317.3798828125,2317.3798828125,2249.760009765625,568050800,-2.37%
182,2022-09-16,2251.6201171875,2262.39990234375,2262.39990234375,2218.35009765625,868527200,-0.48%
183,2022-09-19,2270.06005859375,2251.6201171875,2271.7099609375,2228.669921875,470426200,0.82%
184,2022-09-20,2258.580078125,2270.06005859375,2272.800048828125,2239.090087890625,483771400,-0.51%
185,2022-09-21,2222.3798828125,2258.580078125,2301.429931640625,2222.14990234375,579564500,-1.60%
186,2022-09-22,2200.510009765625,2222.3798828125,2223.81005859375,2187.3701171875,581522500,-0.98%
187,2022-09-23,2170.760009765625,2200.510009765625,2200.510009765625,2143.070068359375,595561600,-1.35%
188,2022-09-26,2156.27001953125,2170.760009765625,2201.219970703125,2150.739990234375,545377500,-0.67%
189,2022-09-27,2161.0,2156.27001953125,2205.510009765625,2140.3798828125,527645000,0.22%
190,2022-09-28,2180.89990234375,2161.0,2191.449951171875,2127.030029296875,587176800,0.92%
191,2022-09-29,2121.090087890625,2180.89990234375,2180.89990234375,2097.179931640625,618519100,-2.74%
192,2022-09-30,2079.85009765625,2121.090087890625,2144.300048828125,2079.360107421875,619487400,-1.94%
193,2022-10-03,2145.31005859375,2079.85009765625,2157.35009765625,2079.85009765625,587738500,3.15%
194,2022-10-04,2216.139892578125,2145.31005859375,2217.969970703125,2145.31005859375,564102200,3.30%
195,2022-10-05,2224.090087890625,2216.139892578125,2238.800048828125,2173.760009765625,489854000,0.36%
196,2022-10-06,2205.1298828125,2224.090087890625,2240.659912109375,2202.8798828125,498059700,-0.85%
197,2022-10-07,2113.919921875,2205.1298828125,2205.1298828125,2103.510009765625,663628400,-4.14%
198,2022-10-10,2080.9599609375,2113.919921875,2117.0400390625,2060.06005859375,567380800,-1.56%
199,2022-10-11,2049.3798828125,2080.9599609375,2082.9599609375,2034.1199951171875,618149000,-1.52%
200,2022-10-12,2042.3800048828125,2049.3798828125,2062.989990234375,2039.7900390625,486571000,-0.34%
201,2022-10-13,2106.030029296875,2042.3800048828125,2116.43994140625,1980.530029296875,753088100,3.12%
202,2022-10-14,2045.5899658203125,2106.030029296875,2127.10009765625,2043.3199462890625,583264900,-2.87%
203,2022-10-17,2108.81005859375,2045.5899658203125,2118.52001953125,2045.5899658203125,561779200,3.09%
204,2022-10-18,2126.340087890625,2108.81005859375,2169.639892578125,2099.949951171875,580809900,0.83%
205,2022-10-19,2120.820068359375,2126.340087890625,2141.3701171875,2099.719970703125,439592800,-0.26%
206,2022-10-20,2122.2099609375,2120.820068359375,2167.050048828125,2111.389892578125,512120300,0.07%
207,2022-10-21,2178.39990234375,2122.2099609375,2183.0,2110.929931640625,614741500,2.65%
208,2022-10-24,2208.419921875,2178.39990234375,2216.820068359375,2161.06005859375,511626000,1.38%
209,2022-10-25,2251.110107421875,2208.419921875,2252.6298828125,2208.419921875,542653200,1.93%
210,2022-10-26,2200.830078125,2251.110107421875,2251.110107421875,2192.639892578125,639621700,-2.23%
211,2022-10-27,2173.330078125,2200.830078125,2221.050048828125,2169.510009765625,594772400,-1.25%
212,2022-10-28,2271.6298828125,2173.330078125,2276.159912109375,2173.330078125,682397500,4.52%
213,2022-10-31,2241.1298828125,2271.6298828125,2271.6298828125,2228.1298828125,564742800,-1.34%
214,2022-11-01,2221.760009765625,2241.1298828125,2272.0400390625,2211.929931640625,495868700,-0.86%
215,2022-11-02,2144.6298828125,2221.760009765625,2246.669921875,2144.14990234375,661949700,-3.47%
216,2022-11-03,2080.35009765625,2144.6298828125,2144.6298828125,2079.1201171875,618683800,-3.00%
217,2022-11-04,2115.169921875,2080.35009765625,2126.179931640625,2066.719970703125,705974100,1.67%
218,2022-11-07,2149.860107421875,2115.25,2153.3798828125,2103.64990234375,507749100,1.64%
219,2022-11-08,2169.590087890625,2149.860107421875,2195.8798828125,2138.56005859375,542435100,0.92%
220,2022-11-09,2112.06005859375,2169.590087890625,2169.590087890625,2109.610107421875,483588200,-2.65%
221,2022-11-10,2287.949951171875,2137.27001953125,2289.070068359375,2137.27001953125,735959100,8.33%
222,2022-11-11,2327.39990234375,2287.949951171875,2333.489990234375,2272.7900390625,638972600,1.72%
223,2022-11-14,2304.919921875,2327.39990234375,2334.860107421875,2295.169921875,538614900,-0.97%
224,2022-11-15,2333.419921875,2304.919921875,2368.889892578125,2304.919921875,574840200,1.24%
225,2022-11-16,2299.68994140625,2333.419921875,2333.419921875,2291.679931640625,521256600,-1.45%
226,2022-11-17,2304.6201171875,2299.68994140625,2315.530029296875,2264.77001953125,526935000,0.21%
227,2022-11-18,2307.60009765625,2304.6201171875,2330.300048828125,2289.22998046875,483827900,0.13%
228,2022-11-21,2281.530029296875,2307.60009765625,2307.60009765625,2277.7099609375,427738800,-1.13%
229,2022-11-22,2325.530029296875,2281.530029296875,2327.169921875,2275.6201171875,423763000,1.93%
230,2022-11-23,2345.860107421875,2325.530029296875,2353.27001953125,2319.300048828125,406323900,0.87%
231,2022-11-25,2330.18994140625,2345.860107421875,2345.860107421875,2324.469970703125,188013700,-0.67%
232,2022-11-28,2280.52001953125,2330.18994140625,2330.18994140625,2272.070068359375,409680900,-2.13%
233,2022-11-29,2258.280029296875,2280.52001953125,2284.6298828125,2249.280029296875,395884300,-0.98%
234,2022-11-30,2371.97998046875,2258.280029296875,2371.97998046875,2255.469970703125,767385800,5.03%
235,2022-12-01,2373.659912109375,2371.97998046875,2384.699951171875,2345.139892578125,507910400,0.07%
236,2022-12-02,2360.6201171875,2373.659912109375,2373.659912109375,2325.68994140625,431026600,-0.55%
237,2022-12-05,2321.5400390625,2360.6201171875,2360.6201171875,2307.1201171875,417737200,-1.66%
238,2022-12-06,2271.919921875,2321.5400390625,2322.820068359375,2257.239990234375,431335900,-2.14%
239,2022-12-07,2260.22998046875,2271.919921875,2276.760009765625,2244.25,419882500,-0.51%
240,2022-12-08,2296.22998046875,2260.22998046875,2302.639892578125,2258.8798828125,425170800,1.59%
241,2022-12-09,2281.800048828125,2296.22998046875,2314.77001953125,2274.419921875,426500300,-0.63%
242,2022-12-12,2331.3798828125,2281.679931640625,2331.590087890625,2281.679931640625,467972000,2.17%
243,2022-12-13,2357.989990234375,2331.3798828125,2427.780029296875,2331.3798828125,628470400,1.14%
244,2022-12-14,2337.75,2357.989990234375,2383.14990234375,2312.260009765625,506568100,-0.86%
245,2022-12-15,2249.4599609375,2337.75,2337.75,2241.85009765625,575654100,-3.78%
246,2022-12-16,2220.929931640625,2249.4599609375,2254.830078125,2208.93994140625,943200600,-1.27%
247,2022-12-19,2189.5,2220.929931640625,2223.06005859375,2175.27001953125,454460000,-1.42%
248,2022-12-20,2192.929931640625,2189.5,2203.89990234375,2167.489990234375,425113200,0.16%
249,2022-12-21,2229.679931640625,2192.929931640625,2239.510009765625,2192.929931640625,419305600,1.68%
250,2022-12-22,2173.0400390625,2229.679931640625,2229.679931640625,2136.860107421875,556729200,-2.54%
251,2022-12-23,2175.5400390625,2173.0400390625,2177.3798828125,2142.25,327810900,0.12%
252,2022-12-27,2154.3798828125,2175.5400390625,2175.5400390625,2142.320068359375,351833800,-0.97%
253,2022-12-28,2118.969970703125,2154.3798828125,2168.6201171875,2117.179931640625,345843500,-1.64%
254,2022-12-29,2174.89990234375,2118.969970703125,2181.610107421875,2118.969970703125,368686600,2.64%
255,2022-12-30,2172.169921875,2174.89990234375,2174.89990234375,2139.419921875,343907300,-0.13%
256,2023-01-03,2150.31005859375,2172.169921875,2209.320068359375,2135.550048828125,480557000,-1.01%
257,2023-01-04,2155.820068359375,2150.31005859375,2169.93994140625,2131.89990234375,514102300,0.26%
258,2023-01-05,2113.6298828125,2155.820068359375,2155.820068359375,2110.39990234375,462509400,-1.96%
259,2023-01-06,2176.860107421875,2113.6298828125,2185.860107421875,2108.949951171875,520596500,2.99%
260,2023-01-09,2200.610107421875,2176.860107421875,2241.429931640625,2176.860107421875,499691900,1.09%
261,2023-01-10,2214.1298828125,2200.610107421875,2217.389892578125,2184.1201171875,390404100,0.61%
262,2023-01-11,2252.97998046875,2214.1298828125,2253.080078125,2214.1298828125,417291800,1.75%
263,2023-01-12,2269.260009765625,2252.97998046875,2279.56005859375,2229.610107421875,475648200,0.72%
264,2023-01-13,2276.97998046875,2269.260009765625,2279.2099609375,2242.75,390159000,0.34%
265,2023-01-17,2286.93994140625,2276.97998046875,2300.239990234375,2270.75,442456700,0.44%
266,2023-01-18,2257.6201171875,2286.93994140625,2312.39990234375,2256.219970703125,444970300,-1.28%
267,2023-01-19,2231.840087890625,2257.6201171875,2257.6201171875,2223.469970703125,433519000,-1.14%
268,2023-01-20,2292.5400390625,2231.840087890625,2292.97998046875,2231.840087890625,495209200,2.72%
269,2023-01-23,2344.75,2292.5400390625,2357.530029296875,2292.5400390625,556924200,2.28%
270,2023-01-24,2343.860107421875,2344.75,2351.110107421875,2326.68994140625,410715700,-0.04%
271,2023-01-25,2337.669921875,2343.860107421875,2344.179931640625,2282.800048828125,460176400,-0.26%
272,2023-01-26,2375.39990234375,2337.669921875,2376.489990234375,2337.64990234375,474897100,1.61%
273,2023-01-27,2385.89990234375,2375.39990234375,2402.840087890625,2361.080078125,577582700,0.44%
274,2023-01-30,2339.639892578125,2385.89990234375,2385.89990234375,2338.2900390625,462870400,-1.94%
275,2023-01-31,2373.2900390625,2339.639892578125,2373.43994140625,2339.14990234375,536636800,1.44%
276,2023-02-01,2427.669921875,2373.2900390625,2446.530029296875,2360.530029296875,677882400,2.29%
277,2023-02-02,2495.25,2427.669921875,2508.14990234375,2427.669921875,664363700,2.78%
278,2023-02-03,2475.27001953125,2495.25,2515.429931640625,2450.419921875,585487600,-0.80%
279,2023-02-06,2445.0,2475.27001953125,2475.27001953125,2436.169921875,458488200,-1.22%
280,2023-02-07,2505.260009765625,2445.0,2514.4599609375,2445.0,560359300,2.46%
281,2023-02-08,2473.93994140625,2505.260009765625,2523.360107421875,2469.8701171875,506698700,-1.25%
282,2023-02-09,2461.489990234375,2473.93994140625,2516.280029296875,2451.360107421875,488346400,-0.50%
283,2023-02-10,2448.02001953125,2461.489990234375,2461.489990234375,2425.889892578125,457832600,-0.55%
284,2023-02-13,2491.469970703125,2448.02001953125,2496.449951171875,2448.02001953125,452864300,1.77%
285,2023-02-14,2502.340087890625,2491.469970703125,2514.8701171875,2464.4599609375,471536300,0.44%
286,2023-02-15,2511.93994140625,2502.340087890625,2512.409912109375,2480.25,412516900,0.38%
287,2023-02-16,2467.89990234375,2511.93994140625,2511.93994140625,2467.080078125,458711600,-1.75%
288,2023-02-17,2438.43994140625,2467.89990234375,2467.89990234375,2416.72998046875,426364700,-1.19%
289,2023-02-21,2379.85009765625,2438.43994140625,2438.43994140625,2378.070068359375,461777400,-2.40%
290,2023-02-22,2376.4599609375,2379.85009765625,2395.360107421875,2365.580078125,454632800,-0.14%
291,2023-02-23,2415.18994140625,2376.4599609375,2423.909912109375,2376.4599609375,537867800,1.63%
292,2023-02-24,2372.3701171875,2415.18994140625,2415.18994140625,2358.889892578125,442388800,-1.77%
293,2023-02-27,2384.72998046875,2372.3701171875,2407.72998046875,2372.3701171875,374959900,0.52%
294,2023-02-28,2380.260009765625,2384.72998046875,2402.64990234375,2373.6298828125,443467500,-0.19%
295,2023-03-01,2360.8701171875,2380.260009765625,2383.64990234375,2355.080078125,426444600,-0.81%
296,2023-03-02,2390.699951171875,2360.8701171875,2398.010009765625,2351.419921875,463556400,1.26%
297,2023-03-03,2441.830078125,2390.699951171875,2442.56005859375,2390.699951171875,447351100,2.14%
298,2023-03-06,2454.860107421875,2441.830078125,2487.989990234375,2441.830078125,455256600,0.53%
299,2023-03-07,2423.820068359375,2454.860107421875,2461.7900390625,2418.239990234375,446131100,-1.26%
300,2023-03-08,2444.239990234375,2423.820068359375,2447.239990234375,2419.949951171875,408816500,0.84%
301,2023-03-09,2408.919921875,2444.239990234375,2475.030029296875,2404.949951171875,482546500,-1.45%
302,2023-03-10,2366.989990234375,2408.919921875,2411.239990234375,2357.68994140625,546215300,-1.74%
303,2023-03-13,2380.0,2366.989990234375,2412.280029296875,2338.010009765625,562333800,0.55%
304,2023-03-14,2434.580078125,2380.0,2443.0400390625,2380.0,531791200,2.29%
305,2023-03-15,2435.239990234375,2434.580078125,2438.39990234375,2396.389892578125,571930200,0.03%
306,2023-03-16,2503.800048828125,2434.780029296875,2506.97998046875,2419.639892578125,658017300,2.82%
307,2023-03-17,2500.9599609375,2503.800048828125,2529.639892578125,2485.9599609375,941029800,-0.11%
308,2023-03-20,2506.739990234375,2500.9599609375,2510.070068359375,2476.199951171875,481184200,0.23%
309,2023-03-21,2527.6201171875,2506.739990234375,2531.6298828125,2493.409912109375,491965700,0.83%
310,2023-03-22,2504.43994140625,2527.6201171875,2580.669921875,2504.22998046875,521735800,-0.92%
311,2023-03-23,2545.760009765625,2504.43994140625,2579.429931640625,2504.43994140625,489092500,1.65%
312,2023-03-24,2552.0400390625,2545.760009765625,2552.639892578125,2520.510009765625,431557200,0.25%
313,2023-03-27,2530.320068359375,2552.0400390625,2563.6298828125,2524.570068359375,391401500,-0.85%
314,2023-03-28,2518.77001953125,2530.320068359375,2530.320068359375,2495.360107421875,359952300,-0.46%
315,2023-03-29,2571.52001953125,2518.77001953125,2576.489990234375,2518.77001953125,472750700,2.09%
316,2023-03-30,2600.860107421875,2571.52001953125,2604.2900390625,2571.52001953125,405199100,1.14%
317,2023-03-31,2638.97998046875,2600.860107421875,2640.909912109375,2594.510009765625,467230600,1.47%
318,2023-04-03,2637.780029296875,2638.97998046875,2639.580078125,2610.9599609375,407665000,-0.05%
319,2023-04-04,2622.429931640625,2637.780029296875,2648.81005859375,2612.199951171875,374762700,-0.58%
320,2023-04-05,2591.169921875,2614.989990234375,2614.989990234375,2571.3798828125,391337200,-1.19%
321,2023-04-06,2608.75,2591.169921875,2611.60009765625,2561.8798828125,346268300,0.68%
322,2023-04-10,2604.909912109375,2608.75,2608.75,2565.110107421875,367919800,-0.15%
323,2023-04-11,2578.0,2604.909912109375,2604.909912109375,2574.239990234375,329247200,-1.03%
324,2023-04-12,2562.260009765625,2578.0,2602.5400390625,2558.570068359375,364910900,-0.61%
325,2023-04-13,2612.330078125,2562.260009765625,2616.27001953125,2562.260009765625,367334900,1.95%
326,2023-04-14,2599.1201171875,2612.330078125,2619.4599609375,2576.43994140625,316858700,-0.51%
327,2023-04-17,2609.330078125,2599.1201171875,2613.85009765625,2588.3701171875,326042900,0.39%
328,2023-04-18,2619.949951171875,2609.330078125,2638.52001953125,2608.39990234375,346299700,0.41%
329,2023-04-19,2616.530029296875,2619.949951171875,2620.27001953125,2594.5400390625,339119200,-0.13%
330,2023-04-20,2596.699951171875,2616.530029296875,2622.9599609375,2584.89990234375,409419000,-0.76%
331,2023-04-21,2587.050048828125,2596.699951171875,2596.699951171875,2570.39990234375,370950700,-0.37%
332,2023-04-24,2576.080078125,2587.050048828125,2590.030029296875,2556.139892578125,321691900,-0.42%
333,2023-04-25,2522.360107421875,2576.080078125,2576.080078125,2522.360107421875,404554200,-2.09%
334,2023-04-26,2566.050048828125,2522.360107421875,2592.070068359375,2522.360107421875,462290900,1.73%
335,2023-04-27,2621.780029296875,2566.050048828125,2623.429931640625,2566.050048828125,473222900,2.17%
336,2023-04-28,2649.949951171875,2622.159912109375,2650.3701171875,2618.830078125,463456700,1.07%
337,2023-05-01,2654.81005859375,2649.949951171875,2667.0400390625,2645.489990234375,388980600,0.18%
338,2023-05-02,2630.1201171875,2654.81005859375,2660.840087890625,2617.2099609375,411980100,-0.93%
339,2023-05-03,2608.260009765625,2630.1201171875,2650.489990234375,2607.6298828125,456606400,-0.83%
340,2023-05-04,2595.469970703125,2608.260009765625,2612.090087890625,2585.429931640625,492100500,-0.49%
341,2023-05-05,2665.8798828125,2595.469970703125,2674.3701171875,2595.469970703125,472622600,2.71%
342,2023-05-08,2665.409912109375,2665.8798828125,2667.47998046875,2647.330078125,373497500,-0.02%
343,2023-05-09,2642.6201171875,2665.409912109375,2665.409912109375,2640.5,367805500,-0.86%
344,2023-05-10,2674.989990234375,2642.6201171875,2681.179931640625,2642.6201171875,424035200,1.22%
345,2023-05-11,2662.97998046875,2676.280029296875,2676.280029296875,2644.93994140625,376600700,-0.45%
346,2023-05-12,2657.030029296875,2662.97998046875,2669.89990234375,2636.469970703125,352112300,-0.22%
347,2023-05-15,2676.64990234375,2657.030029296875,2677.2900390625,2648.820068359375,342340000,0.74%
348,2023-05-16,2680.97998046875,2676.64990234375,2696.169921875,2674.530029296875,397621600,0.16%
349,2023-05-17,2715.3798828125,2680.97998046875,2718.7900390625,2678.419921875,442510300,1.28%
350,2023-05-18,2771.429931640625,2715.3798828125,2774.77001953125,2715.3798828125,515525300,2.06%
351,2023-05-19,2768.340087890625,2771.429931640625,2776.10009765625,2759.6298828125,443510200,-0.11%
352,2023-05-22,2771.97998046875,2768.340087890625,2779.81005859375,2755.43994140625,386689900,0.13%
353,2023-05-23,2730.43994140625,2771.97998046875,2771.97998046875,2729.8798828125,403046500,-1.50%
354,2023-05-24,2713.419921875,2730.43994140625,2730.43994140625,2697.179931640625,422145100,-0.62%
355,2023-05-25,2834.06005859375,2713.419921875,2845.760009765625,2713.419921875,713613400,4.45%
356,2023-05-26,2909.9599609375,2834.06005859375,2914.10009765625,2834.06005859375,610793000,2.68%
357,2023-05-30,2928.2099609375,2909.9599609375,2970.159912109375,2909.9599609375,588600700,0.63%
358,2023-05-31,2896.25,2928.2099609375,2939.3701171875,2896.25,902310700,-1.09%
359,2023-06-01,2934.830078125,2896.25,2945.4599609375,2883.639892578125,511389900,1.33%
360,2023-06-02,2949.820068359375,2934.830078125,2963.800048828125,2929.47998046875,425635400,0.51%
361,2023-06-05,2933.300048828125,2949.820068359375,2970.280029296875,2926.580078125,463865300,-0.56%
362,2023-06-06,2929.659912109375,2933.300048828125,2935.52001953125,2911.090087890625,406303600,-0.12%
363,2023-06-07,2882.2900390625,2929.659912109375,2948.02001953125,2876.909912109375,476156500,-1.62%
364,2023-06-08,2916.830078125,2882.2900390625,2921.06005859375,2882.2900390625,383223000,1.20%
365,2023-06-09,2930.3798828125,2916.830078125,2960.18994140625,2916.830078125,404312700,0.46%
366,2023-06-12,2991.179931640625,2930.3798828125,2992.22998046875,2930.3798828125,490415200,2.07%
367,2023-06-13,3012.510009765625,2991.179931640625,3023.199951171875,2986.080078125,569403600,0.71%
368,2023-06-14,3046.949951171875,3012.510009765625,3047.22998046875,3001.090087890625,537276200,1.14%
369,2023-06-15,3085.830078125,3046.949951171875,3100.090087890625,3035.300048828125,550449500,1.28%
370,2023-06-16,3060.3701171875,3085.830078125,3110.590087890625,3058.64990234375,802767800,-0.83%
371,2023-06-20,3046.8701171875,3053.840087890625,3065.25,3028.489990234375,463008200,-0.44%
372,2023-06-21,3003.820068359375,3046.8701171875,3046.8701171875,2990.9599609375,480681600,-1.41%
373,2023-06-22,3031.52001953125,3003.820068359375,3031.77001953125,2989.89990234375,410774500,0.92%
374,2023-06-23,2998.10009765625,3031.52001953125,3031.52001953125,2985.320068359375,522760000,-1.10%
375,2023-06-26,2967.110107421875,2998.10009765625,3025.5400390625,2966.780029296875,399788600,-1.03%
376,2023-06-27,3027.699951171875,2967.110107421875,3033.989990234375,2967.110107421875,389259300,2.04%
377,2023-06-28,3026.93994140625,3027.699951171875,3045.60009765625,3007.219970703125,397885600,-0.03%
378,2023-06-29,3030.780029296875,3026.93994140625,3037.820068359375,3014.760009765625,380684700,0.13%
379,2023-06-30,3085.840087890625,3030.780029296875,3091.5400390625,3030.780029296875,453197700,1.82%
380,2023-07-03,3076.340087890625,3085.840087890625,3087.25,3064.18994140625,200767600,-0.31%
381,2023-07-05,3059.10009765625,3076.340087890625,3084.570068359375,3055.0400390625,341878500,-0.56%
382,2023-07-06,3054.179931640625,3059.10009765625,3059.10009765625,3021.320068359375,344533500,-0.16%
383,2023-07-07,3040.8701171875,3054.179931640625,3078.739990234375,3039.830078125,326251800,-0.44%
384,2023-07-10,3040.340087890625,3040.8701171875,3040.93994140625,3011.989990234375,385375500,-0.02%
385,2023-07-11,3046.219970703125,3040.340087890625,3048.820068359375,3017.97998046875,350843500,0.19%
386,2023-07-12,3084.389892578125,3046.219970703125,3100.10009765625,3046.219970703125,435660700,1.25%
387,2023-07-13,3130.5,3084.389892578125,3136.89990234375,3084.389892578125,360764000,1.49%
388,2023-07-14,3125.780029296875,3130.5,3170.31005859375,3116.419921875,438981300,-0.15%
389,2023-07-17,3167.429931640625,3125.780029296875,3174.64990234375,3125.780029296875,387479600,1.33%
390,2023-07-18,3207.2900390625,3167.429931640625,3224.1298828125,3142.830078125,427879100,1.26%
391,2023-07-19,3198.510009765625,3207.2900390625,3230.580078125,3185.4599609375,430771600,-0.27%
392,2023-07-20,3133.22998046875,3198.510009765625,3198.510009765625,3123.1298828125,468149700,-2.04%
393,2023-07-21,3123.419921875,3133.22998046875,3166.300048828125,3120.409912109375,716760100,-0.31%
394,2023-07-24,3131.469970703125,3123.419921875,3146.85009765625,3118.7900390625,334907100,0.26%
395,2023-07-25,3168.669921875,3131.469970703125,3180.219970703125,3131.469970703125,351001800,1.19%
396,2023-07-26,3127.590087890625,3168.669921875,3168.669921875,3105.090087890625,407090900,-1.30%
397,2023-07-27,3117.010009765625,3127.590087890625,3180.159912109375,3104.5400390625,485318600,-0.34%
398,2023-07-28,3163.090087890625,3117.010009765625,3172.489990234375,3117.010009765625,493057600,1.48%
399,2023-07-31,3167.139892578125,3163.090087890625,3172.47998046875,3150.1298828125,385986800,0.13%
400,2023-08-01,3169.89990234375,3167.139892578125,3177.300048828125,3147.300048828125,368178700,0.09%
401,2023-08-02,3087.760009765625,3169.89990234375,3169.89990234375,3075.06005859375,559645100,-2.59%
402,2023-08-03,3078.0,3087.760009765625,3096.5,3063.110107421875,448072000,-0.32%
403,2023-08-04,3032.02001953125,3078.0,3084.2099609375,3028.889892578125,511664600,-1.49%
404,2023-08-07,3040.070068359375,3032.02001953125,3056.080078125,3016.6298828125,407219900,0.27%
405,2023-08-08,3016.47998046875,3040.070068359375,3040.070068359375,2987.090087890625,409163000,-0.78%
406,2023-08-09,2970.919921875,3016.47998046875,3019.77001953125,2960.2099609375,406372600,-1.51%
407,2023-08-10,2971.239990234375,2970.919921875,3020.6201171875,2957.239990234375,384100900,0.01%
408,2023-08-11,2944.97998046875,2971.239990234375,2971.239990234375,2934.570068359375,365134800,-0.88%
409,2023-08-14,2999.570068359375,2944.97998046875,2999.7099609375,2934.35009765625,403347300,1.85%
410,2023-08-15,2972.159912109375,2999.570068359375,3007.43994140625,2966.85009765625,371401400,-0.91%
411,2023-08-16,2945.889892578125,2972.159912109375,2984.179931640625,2945.39990234375,373998600,-0.88%
412,2023-08-17,2917.47998046875,2945.889892578125,2963.75,2911.610107421875,423604400,-0.96%
413,2023-08-18,2920.739990234375,2917.47998046875,2932.64990234375,2880.39990234375,415329000,0.11%
414,2023-08-21,2986.820068359375,2920.739990234375,2991.300048828125,2920.739990234375,403054500,2.26%
415,2023-08-22,2979.60009765625,2986.820068359375,3016.639892578125,2972.469970703125,347555800,-0.24%
416,2023-08-23,3036.800048828125,2979.60009765625,3045.030029296875,2979.60009765625,397351600,1.92%
417,2023-08-24,2971.449951171875,3036.800048828125,3079.97998046875,2969.7900390625,522187400,-2.15%
418,2023-08-25,2995.81005859375,2971.449951171875,3016.22998046875,2950.510009765625,411750200,0.82%
419,2023-08-28,3020.199951171875,2995.81005859375,3024.18994140625,2991.0400390625,332470900,0.81%
420,2023-08-29,3083.9599609375,3020.199951171875,3088.219970703125,3008.639892578125,384768700,2.11%
421,2023-08-30,3109.669921875,3083.9599609375,3115.31005859375,3076.9599609375,401241600,0.83%
422,2023-08-31,3121.179931640625,3109.669921875,3134.830078125,3109.669921875,478574000,0.37%
423,2023-09-01,3128.2099609375,3121.179931640625,3146.639892578125,3114.22998046875,361631800,0.23%
424,2023-09-05,3140.429931640625,3128.2099609375,3149.679931640625,3110.3798828125,366866400,0.39%
425,2023-09-06,3097.260009765625,3140.429931640625,3140.429931640625,3079.719970703125,381529900,-1.37%
426,2023-09-07,3048.6201171875,3097.260009765625,3097.260009765625,3021.989990234375,498432500,-1.57%
427,2023-09-08,3054.919921875,3048.6201171875,3076.080078125,3047.25,380728500,0.21%
428,2023-09-11,3068.780029296875,3054.919921875,3084.260009765625,3040.830078125,376132500,0.45%
429,2023-09-12,3015.199951171875,3068.780029296875,3068.780029296875,3010.219970703125,461078300,-1.75%
430,2023-09-13,3024.550048828125,3015.199951171875,3040.949951171875,3005.93994140625,402305800,0.31%
431,2023-09-14,3045.820068359375,3024.550048828125,3052.889892578125,3024.070068359375,376912500,0.70%
432,2023-09-15,2986.56005859375,3045.820068359375,3045.820068359375,2978.669921875,683249000,-1.95%
433,2023-09-18,3000.659912109375,2986.56005859375,3010.43994140625,2972.780029296875,364882400,0.47%
434,2023-09-19,2998.35009765625,3000.659912109375,3006.219970703125,2970.77001953125,350062400,-0.08%
435,2023-09-20,2945.199951171875,2998.35009765625,3008.830078125,2944.949951171875,386687300,-1.77%
436,2023-09-21,2900.47998046875,2945.199951171875,2945.199951171875,2899.9599609375,450001200,-1.52%
437,2023-09-22,2908.0400390625,2900.47998046875,2936.169921875,2900.47998046875,364106700,0.26%
438,2023-09-25,2921.6298828125,2908.0400390625,2925.639892578125,2893.840087890625,315229800,0.47%
439,2023-09-26,2869.639892578125,2921.6298828125,2921.6298828125,2859.6298828125,380518100,-1.78%
440,2023-09-27,2874.4599609375,2869.639892578125,2889.31005859375,2844.669921875,395099200,0.17%
441,2023-09-28,2894.199951171875,2874.4599609375,2912.97998046875,2847.469970703125,426245300,0.69%
442,2023-09-29,2905.56005859375,2894.199951171875,2939.77001953125,2894.199951171875,373546200,0.39%
443,2023-10-02,2944.159912109375,2905.56005859375,2951.89990234375,2905.56005859375,384129700,1.33%
444,2023-10-03,2890.6298828125,2944.159912109375,2946.10009765625,2875.929931640625,379156100,-1.82%
445,2023-10-04,2926.800048828125,2890.6298828125,2933.81005859375,2890.6298828125,360024500,1.25%
446,2023-10-05,2934.139892578125,2926.800048828125,2939.280029296875,2898.719970703125,334345100,0.25%
447,2023-10-06,2991.10009765625,2934.139892578125,3002.429931640625,2906.280029296875,390963600,1.94%
448,2023-10-09,3003.97998046875,2991.10009765625,3008.949951171875,2955.550048828125,282341700,0.43%
449,2023-10-10,3008.590087890625,3003.97998046875,3032.639892578125,2997.7099609375,334587300,0.15%
450,2023-10-11,3038.919921875,3008.590087890625,3040.14990234375,3008.590087890625,325940600,1.01%
451,2023-10-12,3042.10009765625,3038.919921875,3072.3701171875,3018.60009765625,374078000,0.10%
452,2023-10-13,2995.7900390625,3042.10009765625,3053.75,2986.760009765625,364255900,-1.52%
453,2023-10-16,3025.030029296875,2995.7900390625,3037.39990234375,2995.7900390625,339546600,0.98%
454,2023-10-17,3001.6298828125,3025.030029296875,3025.030029296875,2953.340087890625,395626900,-0.77%
455,2023-10-18,2964.72998046875,3001.6298828125,3001.6298828125,2952.1201171875,368404000,-1.23%
456,2023-10-19,2951.7900390625,2964.72998046875,3000.52001953125,2946.570068359375,402540100,-0.44%
457,2023-10-20,2901.989990234375,2951.7900390625,2952.699951171875,2898.330078125,481141900,-1.69%
458,2023-10-23,2914.169921875,2901.989990234375,2939.93994140625,2869.800048828125,397262800,0.42%
459,2023-10-24,2934.840087890625,2914.169921875,2938.909912109375,2901.75,382903300,0.71%
460,2023-10-25,2900.010009765625,2934.840087890625,2954.070068359375,2892.0,443679800,-1.19%
461,2023-10-26,2837.050048828125,2899.81005859375,2915.3798828125,2824.840087890625,491191300,-2.17%
462,2023-10-27,2853.47998046875,2859.6298828125,2883.110107421875,2841.35009765625,452013600,0.58%
463,2023-10-30,2887.419921875,2872.550048828125,2899.929931640625,2862.909912109375,417943100,1.19%
464,2023-10-31,2903.5400390625,2885.320068359375,2905.590087890625,2858.909912109375,440137800,0.56%
465,2023-11-01,2963.949951171875,2911.050048828125,2967.22998046875,2911.050048828125,542674000,2.08%
466,2023-11-02,3014.77001953125,2995.090087890625,3018.1201171875,2987.68994140625,476060100,1.71%
467,2023-11-03,3048.659912109375,3011.080078125,3060.219970703125,3003.989990234375,475176500,1.12%
468,2023-11-06,3072.5400390625,3052.780029296875,3073.590087890625,3045.820068359375,380672600,0.78%
469,2023-11-07,3105.820068359375,3082.22998046875,3115.659912109375,3075.6201171875,394877400,1.08%
470,2023-11-08,3125.6298828125,3115.14990234375,3130.010009765625,3104.469970703125,359422000,0.64%
471,2023-11-09,3113.0,3132.929931640625,3156.7900390625,3108.820068359375,435221100,-0.40%
472,2023-11-10,3193.75,3134.02001953125,3195.139892578125,3128.320068359375,432121000,2.59%
473,2023-11-13,3176.590087890625,3180.489990234375,3185.590087890625,3163.419921875,326184900,-0.54%
474,2023-11-14,3237.4599609375,3225.56005859375,3245.64990234375,3215.1298828125,442654200,1.92%
475,2023-11-15,3234.9599609375,3248.320068359375,3253.1298828125,3222.2099609375,434356300,-0.08%
476,2023-11-16,3256.889892578125,3233.090087890625,3258.77001953125,3226.909912109375,518139000,0.68%
477,2023-11-17,3247.719970703125,3247.6201171875,3260.669921875,3234.080078125,405250500,-0.28%
478,2023-11-20,3296.489990234375,3252.1201171875,3304.72998046875,3252.1201171875,401348400,1.50%
479,2023-11-21,3268.989990234375,3282.610107421875,3287.239990234375,3256.570068359375,379902900,-0.83%
480,2023-11-22,3278.090087890625,3289.610107421875,3309.580078125,3266.159912109375,397451600,0.28%
481,2023-11-24,3267.659912109375,3271.93994140625,3275.580078125,3256.590087890625,165932000,-0.32%
482,2023-11-27,3269.10009765625,3264.47998046875,3287.75,3258.330078125,331311200,0.04%
483,2023-11-28,3275.35009765625,3261.6201171875,3284.260009765625,3259.68994140625,329462300,0.19%
484,2023-11-29,3275.699951171875,3300.469970703125,3310.9599609375,3273.14990234375,395429400,0.01%
485,2023-11-30,3273.080078125,3284.739990234375,3290.179931640625,3246.969970703125,581158400,-0.08%
486,2023-12-01,3278.6201171875,3266.800048828125,3285.889892578125,3248.090087890625,388620200,0.17%
487,2023-12-04,3235.7099609375,3243.179931640625,3243.780029296875,3200.22998046875,392441400,-1.31%
488,2023-12-05,3262.110107421875,3224.090087890625,3266.110107421875,3223.139892578125,366925700,0.82%
489,2023-12-06,3231.75,3287.389892578125,3287.389892578125,3229.4599609375,355989700,-0.93%
490,2023-12-07,3273.199951171875,3246.830078125,3276.510009765625,3241.97998046875,444650600,1.28%
491,2023-12-08,3302.739990234375,3266.340087890625,3304.77001953125,3265.330078125,417383600,0.90%
492,2023-12-11,3316.60009765625,3285.85009765625,3317.97998046875,3281.429931640625,527857800,0.42%
493,2023-12-12,3344.070068359375,3305.6298828125,3344.070068359375,3302.669921875,498633700,0.83%
494,2023-12-13,3373.840087890625,3350.909912109375,3381.389892578125,3345.429931640625,478887100,0.89%
495,2023-12-14,3362.3701171875,3374.050048828125,3387.7900390625,3336.27001953125,618635500,-0.34%
496,2023-12-15,3386.070068359375,3364.449951171875,3399.389892578125,3364.02001953125,900869200,0.70%
497,2023-12-18,3395.139892578125,3380.169921875,3402.27001953125,3367.25,405253100,0.27%
498,2023-12-19,3403.300048828125,3390.679931640625,3403.409912109375,3385.389892578125,387124700,0.24%
499,2023-12-20,3350.760009765625,3398.6298828125,3412.830078125,3350.75,404438100,-1.54%
500,2023-12-21,3386.800048828125,3383.4599609375,3395.820068359375,3358.14990234375,372025800,1.08%
501,2023-12-22,3388.110107421875,3395.110107421875,3400.02001953125,3372.590087890625,279934800,0.04%
502,2023-12-26,3401.610107421875,3394.300048828125,3409.14990234375,3393.0,275128300,0.40%
503,2023-12-27,3402.419921875,3402.239990234375,3407.989990234375,3386.360107421875,294787600,0.02%
504,2023-12-28,3406.639892578125,3415.4599609375,3418.4599609375,3404.8701171875,267126500,0.12%
505,2023-12-29,3397.159912109375,3412.050048828125,3417.179931640625,3378.97998046875,303824800,-0.28%
506,2024-01-02,3309.489990234375,3349.139892578125,3356.8798828125,3287.56005859375,453242300,-2.58%
507,2024-01-03,3275.72998046875,3278.739990234375,3298.659912109375,3271.60009765625,393619400,-1.02%
508,2024-01-04,3254.639892578125,3257.659912109375,3281.159912109375,3252.469970703125,417574700,-0.64%
509,2024-01-05,3259.47998046875,3260.860107421875,3287.179931640625,3246.18994140625,393173700,0.15%
510,2024-01-08,3348.97998046875,3276.969970703125,3349.72998046875,3274.35009765625,444198100,2.75%
511,2024-01-09,3357.510009765625,3325.340087890625,3367.27001953125,3315.760009765625,457807700,0.25%
512,2024-01-10,3391.169921875,3362.530029296875,3396.77001953125,3355.800048828125,434185600,1.00%
513,2024-01-11,3406.050048828125,3409.8701171875,3426.330078125,3358.97998046875,417428000,0.44%
514,2024-01-12,3417.85009765625,3413.050048828125,3423.9599609375,3400.360107421875,340127400,0.35%
515,2024-01-16,3431.179931640625,3414.81005859375,3444.590087890625,3398.25,502983000,0.39%
516,2024-01-17,3414.110107421875,3407.449951171875,3417.14990234375,3374.409912109375,433884900,-0.50%
517,2024-01-18,3483.4599609375,3460.469970703125,3486.02001953125,3445.639892578125,538828500,2.03%
518,2024-01-19,3565.2099609375,3507.889892578125,3565.2099609375,3498.22998046875,602378700,2.35%
519,2024-01-22,3578.969970703125,3586.050048828125,3600.510009765625,3566.179931640625,505614300,0.39%
520,2024-01-23,3595.1298828125,3580.389892578125,3596.949951171875,3560.2900390625,393211500,0.45%
521,2024-01-24,3622.840087890625,3620.110107421875,3662.110107421875,3609.6201171875,542912800,0.77%
522,2024-01-25,3636.5400390625,3658.18994140625,3673.75,3618.840087890625,580615500,0.38%
523,2024-01-26,3598.2900390625,3612.510009765625,3630.699951171875,3589.929931640625,530687600,-1.05%
524,2024-01-29,3633.139892578125,3601.9599609375,3634.2099609375,3597.159912109375,426516100,0.97%
525,2024-01-30,3606.159912109375,3633.780029296875,3641.030029296875,3593.919921875,480992400,-0.74%
526,2024-01-31,3529.919921875,3569.6298828125,3587.010009765625,3529.919921875,585071000,-2.11%
527,2024-02-01,3578.75,3546.820068359375,3583.260009765625,3543.68994140625,460548000,1.38%
528,2024-02-02,3625.919921875,3557.10009765625,3637.14990234375,3555.489990234375,519228300,1.32%
529,2024-02-05,3647.110107421875,3649.6298828125,3655.659912109375,3608.1201171875,468969600,0.58%
530,2024-02-06,3629.60009765625,3652.02001953125,3656.31005859375,3601.0400390625,430608700,-0.48%
531,2024-02-07,3681.639892578125,3653.239990234375,3681.919921875,3640.780029296875,432161500,1.43%
532,2024-02-08,3686.89990234375,3685.949951171875,3698.969970703125,3680.320068359375,357894000,0.14%
533,2024-02-09,3742.199951171875,3704.330078125,3744.179931640625,3699.159912109375,403436200,1.50%
534,2024-02-12,3713.25,3743.3798828125,3759.840087890625,3706.7099609375,419202500,-0.77%
535,2024-02-13,3655.3701171875,3634.93994140625,3684.43994140625,3624.719970703125,475141600,-1.56%
536,2024-02-14,3695.39990234375,3682.75,3696.81005859375,3653.2900390625,410728500,1.10%
537,2024-02-15,3679.31005859375,3699.070068359375,3699.070068359375,3661.280029296875,427550400,-0.44%
538,2024-02-16,3650.2099609375,3694.449951171875,3702.2900390625,3645.340087890625,398146500,-0.79%
539,2024-02-20,3603.9599609375,3627.8798828125,3638.909912109375,3565.93994140625,481675500,-1.27%
540,2024-02-21,3576.43994140625,3563.89990234375,3576.820068359375,3539.610107421875,452883100,-0.76%
541,2024-02-22,3731.97998046875,3700.52001953125,3736.659912109375,3685.4599609375,562979000,4.35%
542,2024-02-23,3721.989990234375,3763.419921875,3776.610107421875,3708.469970703125,406039300,-0.27%
543,2024-02-26,3723.2099609375,3738.9599609375,3751.260009765625,3718.81005859375,383812800,0.03%
544,2024-02-27,3725.610107421875,3730.340087890625,3732.570068359375,3698.800048828125,352115900,0.06%
545,2024-02-28,3705.10009765625,3708.989990234375,3718.070068359375,3691.820068359375,328478700,-0.55%
546,2024-02-29,3748.570068359375,3727.7099609375,3756.580078125,3704.409912109375,667973600,1.17%
547,2024-03-01,3815.25,3757.030029296875,3819.0400390625,3757.030029296875,550364500,1.78%
548,2024-03-04,3823.110107421875,3812.5,3851.699951171875,3806.330078125,552316000,0.21%
549,2024-03-05,3739.56005859375,3783.669921875,3790.489990234375,3714.35009765625,537491500,-2.19%
550,2024-03-06,3773.639892578125,3782.280029296875,3802.550048828125,3746.830078125,553951200,0.91%
551,2024-03-07,3844.989990234375,3810.070068359375,3852.85009765625,3790.219970703125,511913900,1.89%
552,2024-03-08,3774.22998046875,3858.56005859375,3896.35009765625,3770.72998046875,593223400,-1.84%
553,2024-03-11,3760.030029296875,3755.0400390625,3779.39990234375,3733.260009765625,442259400,-0.38%
554,2024-03-12,3855.47998046875,3803.090087890625,3856.14990234375,3762.14990234375,501398300,2.54%
555,2024-03-13,3813.85009765625,3843.080078125,3843.080078125,3792.639892578125,453812600,-1.08%
556,2024-03-14,3809.47998046875,3825.800048828125,3843.64990234375,3786.8798828125,491396400,-0.11%
557,2024-03-15,3760.2900390625,3763.830078125,3782.300048828125,3744.9599609375,847673300,-1.29%
558,2024-03-18,3779.31005859375,3803.2900390625,3836.639892578125,3774.110107421875,474258000,0.51%
559,2024-03-19,3803.419921875,3752.949951171875,3809.0,3730.43994140625,464060200,0.64%
560,2024-03-20,3847.260009765625,3808.27001953125,3847.260009765625,3788.68994140625,482116100,1.15%
561,2024-03-21,3852.510009765625,3891.550048828125,3891.550048828125,3845.830078125,613459400,0.14%
562,2024-03-22,3869.949951171875,3850.56005859375,3884.659912109375,3841.389892578125,415646000,0.45%
563,2024-03-25,3849.919921875,3834.1298828125,3871.25,3824.60009765625,460634400,-0.52%
564,2024-03-26,3820.60009765625,3865.0,3870.610107421875,3820.4599609375,441538600,-0.76%
565,2024-03-27,3825.31005859375,3844.52001953125,3846.139892578125,3797.800048828125,426364500,0.12%
566,2024-03-28,3821.050048828125,3815.18994140625,3831.10009765625,3805.6201171875,435043700,-0.11%
567,2024-04-01,3829.659912109375,3826.14990234375,3855.159912109375,3810.949951171875,395868900,0.23%
568,2024-04-02,3792.669921875,3781.050048828125,3798.179931640625,3756.6298828125,379513000,-0.97%
569,2024-04-03,3796.719970703125,3772.510009765625,3822.330078125,3771.419921875,454111500,0.11%
570,2024-04-04,3731.27001953125,3837.22998046875,3848.969970703125,3731.1201171875,492568700,-1.72%
571,2024-04-05,3782.909912109375,3750.14990234375,3800.169921875,3738.889892578125,417906300,1.38%
572,2024-04-08,3770.93994140625,3788.39990234375,3793.840087890625,3760.570068359375,358719200,-0.32%
573,2024-04-09,3776.800048828125,3789.8798828125,3794.02001953125,3724.409912109375,406914400,0.16%
574,2024-04-10,3748.77001953125,3733.080078125,3759.510009765625,3728.81005859375,408732700,-0.74%
575,2024-04-11,3837.389892578125,3767.340087890625,3842.219970703125,3750.260009765625,415589100,2.36%
576,2024-04-12,3774.449951171875,3794.199951171875,3811.3798828125,3761.6201171875,505041000,-1.64%
577,2024-04-15,3699.340087890625,3799.18994140625,3809.22998046875,3695.719970703125,449017400,-1.99%
578,2024-04-16,3707.669921875,3703.320068359375,3731.39990234375,3693.97998046875,383188600,0.23%
579,2024-04-17,3644.27001953125,3723.85009765625,3733.050048828125,3643.780029296875,424031900,-1.71%
580,2024-04-18,3611.669921875,3648.800048828125,3660.47998046875,3606.97998046875,404496800,-0.89%
581,2024-04-19,3500.43994140625,3589.889892578125,3605.47998046875,3489.679931640625,569003800,-3.08%
582,2024-04-22,3545.110107421875,3533.10009765625,3566.010009765625,3496.77001953125,413154400,1.28%
583,2024-04-23,3605.800048828125,3567.219970703125,3611.239990234375,3559.93994140625,396455600,1.71%
584,2024-04-24,3606.929931640625,3640.68994140625,3648.199951171875,3592.699951171875,450377900,0.03%
585,2024-04-25,3612.389892578125,3555.81005859375,3622.280029296875,3542.93994140625,461865800,0.15%
586,2024-04-26,3679.3798828125,3650.219970703125,3702.679931640625,3635.949951171875,502499400,1.85%
587,2024-04-29,3692.530029296875,3696.340087890625,3699.969970703125,3667.97998046875,403514100,0.36%
588,2024-04-30,3612.610107421875,3681.969970703125,3700.3701171875,3612.179931640625,457516900,-2.16%
589,2024-05-01,3567.1298828125,3590.360107421875,3647.719970703125,3557.75,508136900,-1.26%
590,2024-05-02,3625.659912109375,3616.85009765625,3632.169921875,3569.6201171875,435194500,1.64%
591,2024-05-03,3734.81005859375,3723.02001953125,3749.830078125,3714.360107421875,503626000,3.01%
592,2024-05-06,3790.219970703125,3748.60009765625,3790.219970703125,3744.389892578125,399776500,1.48%
593,2024-05-07,3770.159912109375,3792.590087890625,3799.06005859375,3767.89990234375,396469800,-0.53%
594,2024-05-08,3778.97998046875,3753.02001953125,3785.889892578125,3752.1201171875,338308000,0.23%
595,2024-05-09,3769.39990234375,3774.610107421875,3777.330078125,3750.889892578125,335660600,-0.25%
596,2024-05-10,3787.389892578125,3791.409912109375,3812.679931640625,3772.75,335723600,0.48%
597,2024-05-13,3805.5400390625,3814.820068359375,3819.3701171875,3785.56005859375,352624900,0.48%
598,2024-05-14,3841.1201171875,3800.52001953125,3846.1298828125,3795.320068359375,364898600,0.93%
599,2024-05-15,3929.18994140625,3866.090087890625,3931.330078125,3861.18994140625,440257700,2.29%
600,2024-05-16,3915.929931640625,3934.610107421875,3947.199951171875,3914.5400390625,442519700,-0.34%
601,2024-05-17,3897.199951171875,3922.610107421875,3926.6201171875,3876.6298828125,373561700,-0.48%
602,2024-05-20,3948.820068359375,3905.469970703125,3957.550048828125,3904.030029296875,353436000,1.32%
603,2024-05-21,3961.0,3932.22998046875,3965.97998046875,3924.860107421875,367963700,0.31%
604,2024-05-22,3963.7900390625,3973.6201171875,3979.64990234375,3935.739990234375,394967100,0.07%
605,2024-05-23,3986.10009765625,4039.989990234375,4043.6298828125,3967.27001953125,530451100,0.56%
606,2024-05-24,4031.14990234375,3997.0,4034.2099609375,3979.919921875,372119700,1.13%
607,2024-05-28,4086.659912109375,4071.570068359375,4097.64990234375,4051.18994140625,445877100,1.38%
608,2024-05-29,4072.06005859375,4050.14990234375,4089.580078125,4045.81005859375,417927600,-0.36%
609,2024-05-30,3972.260009765625,4040.2900390625,4045.4599609375,3960.56005859375,537133900,-2.45%
610,2024-05-31,3972.2099609375,3990.8701171875,3994.419921875,3887.669921875,771561800,-0.00%
611,2024-06-03,4011.239990234375,4020.5,4022.469970703125,3959.820068359375,437003100,0.98%
612,2024-06-04,4027.75,4013.409912109375,4032.35009765625,3988.06005859375,409770800,0.41%
613,2024-06-05,4135.56005859375,4065.10009765625,4135.56005859375,4058.919921875,532153900,2.68%
614,2024-06-06,4116.18994140625,4146.43994140625,4157.7001953125,4097.91015625,404138800,-0.47%
615,2024-06-07,4124.3701171875,4107.41015625,4142.10009765625,4092.8701171875,349446500,0.20%
616,2024-06-10,4136.259765625,4113.8798828125,4151.3701171875,4097.58984375,715677000,0.29%
617,2024-06-11,4204.759765625,4130.52001953125,4204.81982421875,4127.10009765625,668226500,1.66%
618,2024-06-12,4308.33984375,4249.0400390625,4351.97021484375,4243.5498046875,879162500,2.46%
619,2024-06-13,4367.0,4371.4501953125,4380.89013671875,4331.85009765625,681634300,1.36%
620,2024-06-14,4389.31982421875,4364.14013671875,4395.14013671875,4349.97021484375,651794900,0.51%
621,2024-06-17,4441.2900390625,4409.14990234375,4465.14990234375,4383.72998046875,723602500,1.18%
622,2024-06-18,4468.39990234375,4451.64990234375,4477.97998046875,4438.18994140625,771531000,0.61%
623,2024-06-20,4397.080078125,4507.43994140625,4507.43994140625,4378.919921875,1091450700,-1.60%
624,2024-06-21,4360.22021484375,4371.490234375,4411.64013671875,4341.509765625,1596882500,-0.84%
625,2024-06-24,4269.919921875,4327.06982421875,4348.1298828125,4269.919921875,894781400,-2.07%
626,2024-06-25,4346.4599609375,4300.31982421875,4351.97998046875,4286.6201171875,782953800,1.79%
627,2024-06-26,4362.60986328125,4349.68994140625,4374.9599609375,4329.60009765625,744970700,0.37%
628,2024-06-27,4359.81005859375,4354.97998046875,4385.93994140625,4343.3701171875,633363300,-0.06%
629,2024-06-28,4341.08984375,4376.8798828125,4429.169921875,4338.7998046875,904396700,-0.43%
630,2024-07-01,4397.509765625,4351.60986328125,4401.7900390625,4298.7998046875,628430200,1.30%
631,2024-07-02,4421.0498046875,4362.5,4421.72021484375,4360.919921875,554490300,0.54%
632,2024-07-03,4486.31005859375,4413.419921875,4486.31005859375,4410.93017578125,435222200,1.48%
633,2024-07-05,4508.1298828125,4485.16015625,4523.14013671875,4476.83984375,571129700,0.49%
634,2024-07-08,4540.77978515625,4521.2099609375,4543.93017578125,4509.47021484375,658331000,0.72%
635,2024-07-09,4542.490234375,4560.740234375,4578.68994140625,4517.89990234375,691739800,0.04%
636,2024-07-10,4616.31982421875,4572.93994140625,4617.669921875,4555.2900390625,665786200,1.63%
637,2024-07-11,4489.81982421875,4614.43017578125,4614.43017578125,4476.5,784380400,-2.74%
638,2024-07-12,4531.2099609375,4503.2001953125,4578.16015625,4493.7900390625,621906200,0.92%
639,2024-07-15,4549.64013671875,4571.39013671875,4593.66015625,4523.0400390625,580152200,0.41%
640,2024-07-16,4532.2001953125,4556.3798828125,4563.68017578125,4499.39990234375,530695800,-0.38%
641,2024-07-17,4363.6201171875,4420.6201171875,4432.1298828125,4355.60009765625,974127300,-3.72%
642,2024-07-18,4353.77978515625,4411.509765625,4411.509765625,4296.2900390625,827371800,-0.23%
643,2024-07-19,4298.43994140625,4337.16015625,4365.93017578125,4289.419921875,660818000,-1.27%
644,2024-07-22,4382.83984375,4356.77978515625,4393.669921875,4331.14990234375,686089700,1.96%
645,2024-07-23,4377.25,4373.2099609375,4414.580078125,4366.2998046875,513670600,-0.13%
646,2024-07-24,4196.08984375,4321.68994140625,4334.31982421875,4187.02978515625,846075900,-4.14%
647,2024-07-25,4148.14013671875,4194.64013671875,4246.7001953125,4086.89990234375,977211200,-1.14%
648,2024-07-26,4193.419921875,4196.7001953125,4227.06982421875,4160.16015625,670590100,1.09%
649,2024-07-29,4179.3798828125,4217.240234375,4242.56982421875,4163.47998046875,583715000,-0.33%
650,2024-07-30,4087.489990234375,4192.85986328125,4199.3798828125,4052.139892578125,967666200,-2.20%
651,2024-07-31,4249.08984375,4209.10986328125,4266.3701171875,4179.47998046875,1056642700,3.95%
652,2024-08-01,4106.25,4251.39990234375,4292.68017578125,4064.969970703125,1136003500,-3.36%
653,2024-08-02,4024.5,4020.43994140625,4064.43994140625,3964.419921875,1330257500,-1.99%
654,2024-08-05,3872.22998046875,3717.14990234375,3944.81005859375,3709.340087890625,1280108400,-3.78%
655,2024-08-06,3915.239990234375,3902.300048828125,3987.25,3852.0,937232100,1.11%
656,2024-08-07,3861.919921875,3986.52001953125,4022.469970703125,3856.419921875,932080200,-1.36%
657,2024-08-08,3989.580078125,3925.18994140625,4001.8798828125,3867.43994140625,850392300,3.31%
658,2024-08-09,4015.159912109375,3987.77001953125,4036.31005859375,3966.429931640625,657754700,0.64%
659,2024-08-12,4052.27001953125,4028.820068359375,4085.659912109375,4017.179931640625,665220300,0.92%
660,2024-08-13,4173.7099609375,4101.990234375,4174.9501953125,4101.60986328125,710693900,3.00%
661,2024-08-14,4199.10009765625,4196.5,4218.56982421875,4144.72021484375,687244800,0.61%
662,2024-08-15,4305.68994140625,4244.22998046875,4307.97021484375,4234.97021484375,777422400,2.54%
663,2024-08-16,4316.77001953125,4284.64990234375,4324.97998046875,4274.2099609375,642038800,0.26%
