,date,splrcd,open,high,low,volume,splrcd_cr
0,2021-12-27,1617.449951171875,1607.6300048828125,1623.0400390625,1605.6500244140625,2419300,nan%
1,2021-12-28,1619.3399658203125,1621.280029296875,1627.3699951171875,1615.5400390625,2288900,0.12%
2,2021-12-29,1621.56005859375,1622.5999755859375,1626.280029296875,1611.8599853515625,1940100,0.14%
3,2021-12-30,1615.4200439453125,1617.27001953125,1630.030029296875,1614.3399658203125,2425400,-0.38%
4,2021-12-31,1610.760009765625,1615.77001953125,1622.1800537109375,1610.0400390625,2079200,-0.29%
5,2022-01-03,1655.1700439453125,1639.5899658203125,1655.2900390625,1630.0999755859375,3527900,2.76%
6,2022-01-04,1644.0699462890625,1656.7099609375,1666.030029296875,1634.8499755859375,5900700,-0.67%
7,2022-01-05,1600.6099853515625,1643.02001953125,1645.550048828125,1600.469970703125,5144600,-2.64%
8,2022-01-06,1595.3599853515625,1596.3399658203125,1606.43994140625,1572.030029296875,3831200,-0.33%
9,2022-01-07,1569.02001953125,1597.8299560546875,1601.6600341796875,1564.4100341796875,3747200,-1.65%
10,2022-01-10,1559.6800537109375,1551.4000244140625,1560.239990234375,1515.010009765625,3962900,-0.60%
11,2022-01-11,1575.8199462890625,1557.9300537109375,1579.9599609375,1546.8800048828125,3414000,1.03%
12,2022-01-12,1585.81005859375,1586.02001953125,1595.06005859375,1573.219970703125,3329700,0.63%
13,2022-01-13,1552.8599853515625,1591.81005859375,1597.7900390625,1550.2099609375,4384200,-2.08%
14,2022-01-14,1545.9000244140625,1545.6600341796875,1552.72998046875,1524.93994140625,4385300,-0.45%
15,2022-01-18,1516.219970703125,1526.0699462890625,1529.699951171875,1510.3199462890625,3850600,-1.92%
16,2022-01-19,1488.8399658203125,1520.8399658203125,1527.1500244140625,1488.2900390625,4020200,-1.81%
17,2022-01-20,1459.9200439453125,1495.97998046875,1514.5699462890625,1457.7099609375,4149800,-1.94%
18,2022-01-21,1414.6700439453125,1454.699951171875,1459.5999755859375,1413.0,480045600,-3.10%
19,2022-01-24,1431.8299560546875,1383.2900390625,1433.6500244140625,1349.739990234375,6004700,1.21%
20,2022-01-25,1405.9000244140625,1414.5799560546875,1427.760009765625,1389.0400390625,4054000,-1.81%
21,2022-01-26,1401.3499755859375,1436.719970703125,1448.510009765625,1383.4000244140625,4365100,-0.32%
22,2022-01-27,1369.52001953125,1410.219970703125,1416.5,1367.27001953125,4042800,-2.27%
23,2022-01-28,1401.0699462890625,1370.93994140625,1401.0699462890625,1348.93994140625,3959400,2.30%
24,2022-01-31,1454.449951171875,1405.8699951171875,1454.81005859375,1403.449951171875,3843400,3.81%
25,2022-02-01,1463.56005859375,1457.77001953125,1465.6199951171875,1434.030029296875,3711100,0.63%
26,2022-02-02,1455.8699951171875,1473.449951171875,1473.449951171875,1441.6500244140625,4269400,-0.53%
27,2022-02-03,1403.8900146484375,1419.3299560546875,1437.1300048828125,1401.9000244140625,355390900,-3.57%
28,2022-02-04,1456.3299560546875,1447.3499755859375,1474.550048828125,1401.9000244140625,4794300,3.74%
29,2022-02-07,1453.1700439453125,1461.1099853515625,1479.1800537109375,1447.8399658203125,3267200,-0.22%
30,2022-02-08,1474.97998046875,1451.81005859375,1477.8900146484375,1441.22998046875,3986200,1.50%
31,2022-02-09,1491.3800048828125,1486.3900146484375,1502.06005859375,1485.31005859375,3262900,1.11%
32,2022-02-10,1464.9000244140625,1478.8199462890625,1493.2900390625,1456.31005859375,3547300,-1.78%
33,2022-02-11,1423.52001953125,1464.699951171875,1470.9300537109375,1416.72998046875,4009300,-2.82%
34,2022-02-14,1431.8199462890625,1423.780029296875,1451.0799560546875,1416.18994140625,3329200,0.58%
35,2022-02-15,1461.56005859375,1443.1300048828125,1463.6300048828125,1443.1300048828125,3021900,2.08%
36,2022-02-16,1465.449951171875,1454.5899658203125,1469.8699951171875,1446.43994140625,2819300,0.27%
37,2022-02-17,1427.7900390625,1458.2900390625,1465.489990234375,1426.3499755859375,2752700,-2.57%
38,2022-02-18,1417.739990234375,1430.0999755859375,1435.510009765625,1403.949951171875,3444100,-0.70%
39,2022-02-22,1374.6199951171875,1405.3399658203125,1408.97998046875,1357.97998046875,3898500,-3.04%
40,2022-02-23,1327.6300048828125,1382.6500244140625,1388.260009765625,1325.510009765625,3857300,-3.42%
41,2022-02-24,1361.3900146484375,1280.93994140625,1363.5999755859375,1273.219970703125,5046600,2.54%
42,2022-02-25,1387.0799560546875,1366.1400146484375,1387.1300048828125,1346.4599609375,3478300,1.89%
43,2022-02-28,1395.4599609375,1380.6700439453125,1401.6500244140625,1371.1700439453125,3789300,0.60%
44,2022-03-01,1376.75,1391.18994140625,1398.8900146484375,1367.1300048828125,4192200,-1.34%
45,2022-03-02,1403.510009765625,1382.4599609375,1408.9300537109375,1376.3599853515625,4357000,1.94%
46,2022-03-03,1371.3299560546875,1404.7099609375,1413.25,1364.4300537109375,3709400,-2.29%
47,2022-03-04,1350.5999755859375,1367.469970703125,1367.469970703125,1336.3800048828125,4135500,-1.51%
48,2022-03-07,1285.7900390625,1354.9100341796875,1356.2900390625,1285.719970703125,4971700,-4.80%
49,2022-03-08,1286.510009765625,1284.280029296875,1326.4100341796875,1273.1300048828125,4757000,0.06%
50,2022-03-09,1324.22998046875,1314.219970703125,1331.7099609375,1311.3299560546875,3683200,2.93%
51,2022-03-10,1339.5899658203125,1329.989990234375,1344.22998046875,1318.5999755859375,3410100,1.16%
52,2022-03-11,1315.5799560546875,1352.5999755859375,1352.969970703125,1314.4200439453125,2856900,-1.79%
53,2022-03-14,1292.550048828125,1314.0999755859375,1323.93994140625,1285.3299560546875,3488100,-1.75%
54,2022-03-15,1336.3399658203125,1297.6800537109375,1340.81005859375,1297.6800537109375,3288900,3.39%
55,2022-03-16,1381.1199951171875,1349.6300048828125,1381.25,1338.5400390625,3966500,3.35%
56,2022-03-17,1406.8599853515625,1374.050048828125,1406.8800048828125,1367.6099853515625,2985500,1.86%
57,2022-03-18,1437.52001953125,1403.6700439453125,1438.530029296875,1397.280029296875,4555400,2.18%
58,2022-03-21,1426.6199951171875,1438.260009765625,1447.0899658203125,1413.56005859375,3172300,-0.76%
59,2022-03-22,1461.510009765625,1433.2900390625,1466.489990234375,1433.2900390625,3449100,2.45%
60,2022-03-23,1443.52001953125,1450.6199951171875,1468.4000244140625,1441.8900146484375,2938900,-1.23%
61,2022-03-24,1454.0999755859375,1449.5999755859375,1455.4100341796875,1432.8499755859375,2611800,0.73%
62,2022-03-25,1452.8499755859375,1454.719970703125,1459.989990234375,1439.27001953125,2651200,-0.09%
63,2022-03-28,1491.6700439453125,1467.949951171875,1491.8399658203125,1465.5,2742200,2.67%
64,2022-03-29,1514.6700439453125,1509.6600341796875,1520.72998046875,1496.97998046875,3375100,1.54%
65,2022-03-30,1491.739990234375,1508.2900390625,1510.1199951171875,1484.449951171875,2584500,-1.51%
66,2022-03-31,1462.68994140625,1489.550048828125,1490.6199951171875,1462.68994140625,3344700,-1.95%
67,2022-04-01,1465.81005859375,1469.6300048828125,1475.6500244140625,1457.6199951171875,2748200,0.21%
68,2022-04-04,1499.9300537109375,1465.1600341796875,1500.06005859375,1457.27001953125,2629200,2.33%
69,2022-04-05,1464.6600341796875,1492.969970703125,1499.6099853515625,1460.6500244140625,3790500,-2.35%
70,2022-04-06,1426.1099853515625,1444.4200439453125,1444.4200439453125,1414.1600341796875,4040000,-2.63%
71,2022-04-07,1431.6700439453125,1423.6099853515625,1439.8699951171875,1403.06005859375,3829000,0.39%
72,2022-04-08,1417.7900390625,1426.9599609375,1435.22998046875,1414.239990234375,2954100,-0.97%
73,2022-04-11,1390.9300537109375,1396.4599609375,1417.3900146484375,1389.7099609375,2856900,-1.89%
74,2022-04-12,1393.72998046875,1407.6800537109375,1424.2099609375,1388.3699951171875,2671300,0.20%
75,2022-04-13,1428.72998046875,1392.0799560546875,1431.449951171875,1388.7900390625,2576800,2.51%
76,2022-04-14,1406.280029296875,1424.0,1433.4599609375,1405.800048828125,2452500,-1.57%
77,2022-04-18,1411.010009765625,1403.27001953125,1418.8299560546875,1396.18994140625,212855300,0.34%
78,2022-04-19,1452.0899658203125,1409.969970703125,1454.510009765625,1409.969970703125,2671100,2.91%
79,2022-04-20,1432.4000244140625,1455.469970703125,1457.2099609375,1430.3599853515625,2383800,-1.36%
80,2022-04-21,1414.75,1468.5,1477.5899658203125,1410.1700439453125,2875400,-1.23%
81,2022-04-22,1381.1600341796875,1412.5699462890625,1416.93994140625,1379.780029296875,2696300,-2.37%
82,2022-04-25,1391.8800048828125,1370.18994140625,1392.8499755859375,1361.239990234375,2853800,0.78%
83,2022-04-26,1322.469970703125,1386.219970703125,1386.219970703125,1322.3499755859375,3307200,-4.99%
84,2022-04-27,1321.530029296875,1331.8199462890625,1349.969970703125,1313.18994140625,3004700,-0.07%
85,2022-04-28,1352.1800537109375,1340.739990234375,1366.0899658203125,1311.3199462890625,3806600,2.32%
86,2022-04-29,1272.1500244140625,1312.3199462890625,1323.56005859375,1268.5899658203125,326769900,-5.92%
87,2022-05-02,1289.4599609375,1271.0999755859375,1289.989990234375,1249.1400146484375,3206800,1.36%
88,2022-05-03,1285.7099609375,1288.489990234375,1294.3800048828125,1275.4300537109375,3222900,-0.29%
89,2022-05-04,1322.3900146484375,1283.6300048828125,1323.510009765625,1260.800048828125,3650700,2.85%
90,2022-05-05,1245.489990234375,1312.6199951171875,1312.6199951171875,1230.9100341796875,3744500,-5.82%
91,2022-05-06,1229.219970703125,1238.77001953125,1252.280029296875,1208.5,3900600,-1.31%
92,2022-05-09,1176.9000244140625,1204.3699951171875,1219.4200439453125,1170.9100341796875,4223800,-4.26%
93,2022-05-10,1173.4000244140625,1202.469970703125,1209.1800537109375,1157.5999755859375,4063900,-0.30%
94,2022-05-11,1131.550048828125,1170.050048828125,1182.22998046875,1128.9300537109375,3781400,-3.57%
95,2022-05-12,1140.550048828125,1111.260009765625,1167.949951171875,1104.010009765625,5119100,0.80%
96,2022-05-13,1187.300048828125,1165.949951171875,1191.68994140625,1156.8599853515625,3876000,4.10%
97,2022-05-16,1162.1700439453125,1183.8199462890625,1183.8199462890625,1159.47998046875,3144000,-2.12%
98,2022-05-17,1193.300048828125,1184.699951171875,1194.3699951171875,1161.8599853515625,3377700,2.68%
99,2022-05-18,1114.5699462890625,1161.72998046875,1162.9599609375,1106.4300537109375,465608600,-6.60%
100,2022-05-19,1116.010009765625,1110.6600341796875,1134.75,1102.6300048828125,4394400,0.13%
101,2022-05-20,1098.9100341796875,1125.550048828125,1127.5799560546875,1067.7900390625,4891300,-1.53%
102,2022-05-23,1105.9100341796875,1102.52001953125,1109.1700439453125,1078.050048828125,3499700,0.64%
103,2022-05-24,1077.3900146484375,1085.6400146484375,1089.699951171875,1062.0899658203125,3978300,-2.58%
104,2022-05-25,1107.3699951171875,1070.4100341796875,1117.3299560546875,1070.4100341796875,3303200,2.78%
105,2022-05-26,1160.27001953125,1118.97998046875,1169.3399658203125,1118.97998046875,3671900,4.78%
106,2022-05-27,1200.5,1175.56005859375,1200.6199951171875,1175.56005859375,2997400,3.47%
107,2022-05-31,1209.6800537109375,1204.47998046875,1222.300048828125,1185.239990234375,4307800,0.76%
108,2022-06-01,1199.489990234375,1218.1300048828125,1226.4200439453125,1191.68994140625,2892000,-0.84%
109,2022-06-02,1235.7900390625,1199.8599853515625,1236.8399658203125,1195.4599609375,2717000,3.03%
110,2022-06-03,1200.56005859375,1211.3499755859375,1219.25,1195.5,2555700,-2.85%
111,2022-06-06,1212.9000244140625,1221.219970703125,1231.0699462890625,1206.239990234375,3676700,1.03%
112,2022-06-07,1208.4000244140625,1191.260009765625,1211.7900390625,1180.81005859375,3500900,-0.37%
113,2022-06-08,1200.1800537109375,1204.4200439453125,1218.030029296875,1197.3499755859375,3048200,-0.68%
114,2022-06-09,1176.699951171875,1199.4300537109375,1212.8499755859375,1176.6199951171875,3653300,-1.96%
115,2022-06-10,1127.719970703125,1152.3699951171875,1157.800048828125,1124.2900390625,4438200,-4.16%
116,2022-06-13,1075.199951171875,1089.0400390625,1100.1600341796875,1067.0,5413300,-4.66%
117,2022-06-14,1072.550048828125,1080.5699462890625,1087.489990234375,1063.6099853515625,4492800,-0.25%
118,2022-06-15,1104.969970703125,1081.1400146484375,1117.010009765625,1080.280029296875,4788700,3.02%
119,2022-06-16,1052.3800048828125,1075.5999755859375,1075.5999755859375,1039.989990234375,5311000,-4.76%
120,2022-06-17,1065.2099609375,1050.2099609375,1074.280029296875,1050.2099609375,7077900,1.22%
121,2022-06-21,1095.27001953125,1084.3399658203125,1107.4599609375,1084.3399658203125,4162200,2.82%
122,2022-06-22,1093.760009765625,1082.9200439453125,1115.93994140625,1081.800048828125,3554700,-0.14%
123,2022-06-23,1111.47998046875,1101.72998046875,1114.6400146484375,1086.0400390625,3796100,1.62%
124,2022-06-24,1153.0400390625,1117.8299560546875,1153.6300048828125,1114.3499755859375,5395100,3.74%
125,2022-06-27,1140.530029296875,1159.47998046875,1165.010009765625,1137.050048828125,3374100,-1.08%
126,2022-06-28,1094.5799560546875,1142.8299560546875,1156.0799560546875,1094.02001953125,3886300,-4.03%
127,2022-06-29,1094.6500244140625,1093.3499755859375,1102.5,1082.9200439453125,4126300,0.01%
128,2022-06-30,1077.780029296875,1082.3399658203125,1090.989990234375,1056.1400146484375,4710600,-1.54%
129,2022-07-01,1098.9599609375,1080.800048828125,1099.6099853515625,1076.31005859375,3764700,1.97%
130,2022-07-05,1124.0,1081.7900390625,1125.010009765625,1075.239990234375,4633800,2.28%
131,2022-07-06,1121.300048828125,1122.5400390625,1131.699951171875,1108.5400390625,3802500,-0.24%
132,2022-07-07,1149.1600341796875,1124.22998046875,1151.68994140625,1123.469970703125,3495300,2.48%
133,2022-07-08,1148.969970703125,1140.1800537109375,1157.3800048828125,1134.050048828125,3032500,-0.02%
134,2022-07-11,1117.22998046875,1142.02001953125,1143.77001953125,1114.4599609375,3233900,-2.76%
135,2022-07-12,1109.0799560546875,1121.3299560546875,1133.9300537109375,1102.1099853515625,3637500,-0.73%
136,2022-07-13,1118.6199951171875,1088.030029296875,1128.219970703125,1083.0999755859375,3271500,0.86%
137,2022-07-14,1117.9000244140625,1109.2900390625,1119.72998046875,1093.0400390625,3146700,-0.06%
138,2022-07-15,1136.969970703125,1132.5799560546875,1142.25,1125.6199951171875,3550500,1.71%
139,2022-07-18,1139.449951171875,1151.75,1166.02001953125,1135.5899658203125,3560800,0.22%
140,2022-07-19,1174.6199951171875,1156.3800048828125,1176.75,1146.5999755859375,3668400,3.09%
141,2022-07-20,1195.3499755859375,1176.9100341796875,1197.8699951171875,1175.239990234375,3856500,1.76%
142,2022-07-21,1222.2099609375,1201.7900390625,1222.8499755859375,1192.3900146484375,4877500,2.25%
143,2022-07-22,1214.1800537109375,1229.27001953125,1238.010009765625,1206.5400390625,3768700,-0.66%
144,2022-07-25,1203.8800048828125,1215.72998046875,1216.219970703125,1195.989990234375,2898800,-0.85%
145,2022-07-26,1164.0899658203125,1177.260009765625,1180.8599853515625,1161.77001953125,3635000,-3.31%
146,2022-07-27,1208.9100341796875,1179.9000244140625,1214.780029296875,1177.27001953125,3832400,3.85%
147,2022-07-28,1229.0699462890625,1216.06005859375,1231.22998046875,1196.1800537109375,4755400,1.67%
148,2022-07-29,1281.510009765625,1264.4300537109375,1286.9599609375,1254.510009765625,4868400,4.27%
149,2022-08-01,1288.0699462890625,1282.0999755859375,1307.2099609375,1275.510009765625,4458000,0.51%
150,2022-08-02,1279.010009765625,1280.800048828125,1301.8699951171875,1275.8499755859375,3911600,-0.70%
151,2022-08-03,1311.18994140625,1292.719970703125,1317.27001953125,1289.1600341796875,4115400,2.52%
152,2022-08-04,1318.300048828125,1315.8199462890625,1322.0699462890625,1307.4599609375,3710300,0.54%
153,2022-08-05,1296.449951171875,1300.6300048828125,1315.199951171875,1289.5899658203125,3254000,-1.66%
154,2022-08-08,1300.2900390625,1309.280029296875,1328.3299560546875,1295.1700439453125,3769300,0.30%
155,2022-08-09,1280.3199462890625,1293.25,1296.56005859375,1272.949951171875,3451400,-1.54%
156,2022-08-10,1317.1099853515625,1318.5,1322.43994140625,1302.06005859375,3979200,2.87%
157,2022-08-11,1308.4100341796875,1329.7099609375,1333.6099853515625,1304.300048828125,3205400,-0.66%
158,2022-08-12,1338.449951171875,1317.8599853515625,1338.449951171875,1307.010009765625,2808600,2.30%
159,2022-08-15,1346.5999755859375,1333.219970703125,1350.5400390625,1332.969970703125,2729100,0.61%
160,2022-08-16,1361.280029296875,1348.760009765625,1375.1300048828125,1344.0,3664000,1.09%
161,2022-08-17,1346.02001953125,1346.260009765625,1359.7099609375,1336.7900390625,3386400,-1.12%
162,2022-08-18,1345.5,1343.949951171875,1348.68994140625,1336.530029296875,2508100,-0.04%
163,2022-08-19,1317.25,1332.5400390625,1335.0699462890625,1313.1500244140625,3142500,-2.10%
164,2022-08-22,1279.800048828125,1294.8699951171875,1296.1800537109375,1277.4200439453125,3238000,-2.84%
165,2022-08-23,1283.9100341796875,1282.1099853515625,1293.4000244140625,1276.97998046875,2639900,0.32%
166,2022-08-24,1288.68994140625,1279.3800048828125,1301.969970703125,1277.949951171875,2677100,0.37%
167,2022-08-25,1305.3399658203125,1297.0,1306.5899658203125,1287.8599853515625,3340700,1.29%
168,2022-08-26,1254.7099609375,1306.56005859375,1310.969970703125,1254.5999755859375,3558100,-3.88%
169,2022-08-29,1247.9100341796875,1242.6199951171875,1258.31005859375,1240.489990234375,2968200,-0.54%
170,2022-08-30,1234.06005859375,1259.5400390625,1261.72998046875,1221.739990234375,3557400,-1.11%
171,2022-08-31,1221.06005859375,1238.8900146484375,1243.97998046875,1220.9000244140625,3723400,-1.05%
172,2022-09-01,1231.6300048828125,1212.5999755859375,1232.6099853515625,1200.1500244140625,3708700,0.87%
173,2022-09-02,1221.300048828125,1246.9100341796875,1250.300048828125,1213.800048828125,3538600,-0.84%
174,2022-09-06,1217.260009765625,1225.9200439453125,1228.5400390625,1200.1199951171875,3642200,-0.33%
175,2022-09-07,1254.699951171875,1217.72998046875,1256.280029296875,1217.6400146484375,3541600,3.08%
176,2022-09-08,1265.8499755859375,1242.0799560546875,1266.6500244140625,1237.8900146484375,3424300,0.89%
177,2022-09-09,1289.969970703125,1272.8599853515625,1292.27001953125,1272.260009765625,3505300,1.91%
178,2022-09-12,1307.3299560546875,1297.7099609375,1311.719970703125,1297.7099609375,3356900,1.35%
179,2022-09-13,1239.1400146484375,1265.5699462890625,1271.530029296875,1235.5699462890625,4436200,-5.22%
180,2022-09-14,1255.199951171875,1244.3900146484375,1259.3699951171875,1237.199951171875,4014300,1.30%
181,2022-09-15,1246.8399658203125,1250.739990234375,1272.969970703125,1241.030029296875,4104200,-0.67%
182,2022-09-16,1236.4000244140625,1226.9100341796875,1238.1300048828125,1218.1400146484375,6198000,-0.84%
183,2022-09-19,1253.010009765625,1226.06005859375,1253.300048828125,1224.449951171875,3325200,1.34%
184,2022-09-20,1231.8599853515625,1240.8299560546875,1245.300048828125,1221.6700439453125,5380300,-1.69%
185,2022-09-21,1202.6400146484375,1234.5699462890625,1246.760009765625,1202.5400390625,4564300,-2.37%
186,2022-09-22,1176.6300048828125,1196.010009765625,1199.9300537109375,1170.47998046875,4545600,-2.16%
187,2022-09-23,1149.6400146484375,1161.7900390625,1162.8299560546875,1134.9100341796875,5002000,-2.29%
188,2022-09-26,1147.5699462890625,1144.760009765625,1172.5899658203125,1144.760009765625,4605900,-0.18%
189,2022-09-27,1150.9200439453125,1167.5400390625,1176.5899658203125,1139.1400146484375,4457400,0.29%
190,2022-09-28,1183.2099609375,1154.81005859375,1189.1400146484375,1150.3599853515625,4199000,2.81%
191,2022-09-29,1143.25,1164.6199951171875,1165.31005859375,1132.06005859375,4592800,-3.38%
192,2022-09-30,1122.31005859375,1130.9100341796875,1154.56005859375,1119.27001953125,7039900,-1.83%
193,2022-10-03,1125.0400390625,1121.2900390625,1135.8299560546875,1107.199951171875,5237600,0.24%
194,2022-10-04,1165.0400390625,1154.449951171875,1176.8299560546875,1151.2900390625,5982800,3.56%
195,2022-10-05,1158.7099609375,1146.02001953125,1165.8499755859375,1134.8199462890625,4820500,-0.54%
196,2022-10-06,1150.469970703125,1158.1800537109375,1166.3800048828125,1145.6099853515625,4196600,-0.71%
197,2022-10-07,1109.72998046875,1133.3699951171875,1134.9200439453125,1103.5999755859375,4322400,-3.54%
198,2022-10-10,1102.949951171875,1111.300048828125,1115.0899658203125,1092.530029296875,4757700,-0.61%
199,2022-10-11,1093.989990234375,1098.6500244140625,1116.31005859375,1086.8699951171875,4584800,-0.81%
200,2022-10-12,1096.5400390625,1094.75,1104.800048828125,1085.7099609375,4440700,0.23%
201,2022-10-13,1107.27001953125,1062.6500244140625,1113.1600341796875,1051.3499755859375,5346700,0.98%
202,2022-10-14,1064.3499755859375,1119.27001953125,1124.1600341796875,1063.18994140625,4423600,-3.88%
203,2022-10-17,1109.3699951171875,1085.8800048828125,1112.6400146484375,1085.8800048828125,4065100,4.23%
204,2022-10-18,1125.0999755859375,1146.77001953125,1146.97998046875,1114.56005859375,4796900,1.42%
205,2022-10-19,1111.8699951171875,1115.0699462890625,1123.52001953125,1100.989990234375,3840600,-1.18%
206,2022-10-20,1092.489990234375,1097.4100341796875,1119.219970703125,1088.7099609375,4482500,-1.74%
207,2022-10-21,1124.4200439453125,1089.81005859375,1125.43994140625,1085.239990234375,4229600,2.92%
208,2022-10-24,1129.800048828125,1119.4100341796875,1134.7900390625,1100.3900146484375,4595200,0.48%
209,2022-10-25,1156.260009765625,1131.1300048828125,1159.6300048828125,1131.1300048828125,4565100,2.34%
210,2022-10-26,1144.030029296875,1141.6199951171875,1167.68994140625,1137.25,4764500,-1.06%
211,2022-10-27,1135.780029296875,1149.31005859375,1154.2099609375,1132.43994140625,4635900,-0.72%
212,2022-10-28,1132.3699951171875,1099.510009765625,1133.8199462890625,1092.1500244140625,5537200,-0.30%
213,2022-10-31,1124.52001953125,1127.56005859375,1133.8199462890625,1114.4300537109375,4762900,-0.69%
214,2022-11-01,1109.3399658203125,1144.3299560546875,1146.4000244140625,1106.489990234375,4802200,-1.35%
215,2022-11-02,1067.260009765625,1107.5699462890625,1114.2099609375,1066.8699951171875,5117400,-3.79%
216,2022-11-03,1057.8399658203125,1059.0699462890625,1071.5699462890625,1052.81005859375,5197800,-0.88%
217,2022-11-04,1066.9599609375,1083.97998046875,1092.6500244140625,1045.989990234375,5446300,0.86%
218,2022-11-07,1060.3900146484375,1073.6199951171875,1074.02001953125,1049.760009765625,4236100,-0.62%
219,2022-11-08,1057.1800537109375,1062.27001953125,1069.9599609375,1042.97998046875,4970500,-0.30%
220,2022-11-09,1024.239990234375,1049.1500244140625,1055.47998046875,1023.2999877929688,4885300,-3.12%
221,2022-11-10,1103.0699462890625,1073.1600341796875,1104.8900146484375,1066.47998046875,6823300,7.70%
222,2022-11-11,1130.22998046875,1106.1199951171875,1135.989990234375,1101.199951171875,5522600,2.46%
223,2022-11-14,1110.9300537109375,1118.530029296875,1128.5400390625,1109.5899658203125,4958600,-1.71%
224,2022-11-15,1124.68994140625,1135.9200439453125,1143.260009765625,1111.9300537109375,5353500,1.24%
225,2022-11-16,1108.27001953125,1103.4300537109375,1117.969970703125,1099.2900390625,5281800,-1.46%
226,2022-11-17,1094.219970703125,1092.5400390625,1099.469970703125,1084.5799560546875,4339600,-1.27%
227,2022-11-18,1094.6500244140625,1107.3599853515625,1107.3599853515625,1081.949951171875,3819100,0.04%
228,2022-11-21,1079.2099609375,1089.22998046875,1093.3599853515625,1072.739990234375,3826800,-1.41%
229,2022-11-22,1091.8900146484375,1083.7099609375,1092.5,1076.1500244140625,3539000,1.17%
230,2022-11-23,1106.3699951171875,1096.5999755859375,1108.989990234375,1093.3499755859375,3587500,1.33%
231,2022-11-25,1107.0400390625,1106.3299560546875,1111.010009765625,1101.9000244140625,1858400,0.06%
232,2022-11-28,1100.3800048828125,1101.8299560546875,1114.5400390625,1098.1500244140625,3851100,-0.60%
233,2022-11-29,1095.489990234375,1101.75,1104.510009765625,1091.6700439453125,3565700,-0.44%
234,2022-11-30,1133.6500244140625,1096.0999755859375,1133.6600341796875,1087.9300537109375,5705600,3.48%
235,2022-12-01,1132.4200439453125,1139.780029296875,1140.8900146484375,1124.4599609375,4042100,-0.11%
236,2022-12-02,1130.2900390625,1117.010009765625,1133.0799560546875,1117.010009765625,3591000,-0.19%
237,2022-12-05,1096.9200439453125,1115.6500244140625,1118.7099609375,1094.3399658203125,4038600,-2.95%
238,2022-12-06,1079.1199951171875,1094.8599853515625,1098.0400390625,1070.3699951171875,4126200,-1.62%
239,2022-12-07,1073.97998046875,1071.469970703125,1085.280029296875,1069.3299560546875,373011100,-0.48%
240,2022-12-08,1085.239990234375,1076.6099853515625,1088.8800048828125,1070.2099609375,370251100,1.05%
241,2022-12-09,1079.6199951171875,1078.2900390625,1090.27001953125,1076.7900390625,379900100,-0.52%
242,2022-12-12,1083.7900390625,1077.0,1083.81005859375,1070.739990234375,385856000,0.39%
243,2022-12-13,1085.9300537109375,1119.6700439453125,1128.280029296875,1073.8499755859375,572105800,0.20%
244,2022-12-14,1078.0400390625,1084.719970703125,1092.5899658203125,1066.1600341796875,476048700,-0.73%
245,2022-12-15,1058.81005859375,1062.9100341796875,1065.239990234375,1050.8399658203125,479526700,-1.78%
246,2022-12-16,1040.4000244140625,1053.75,1056.8299560546875,1034.1400146484375,738279300,-1.74%
247,2022-12-19,1023.1400146484375,1041.219970703125,1041.449951171875,1019.2899780273438,507432500,-1.66%
248,2022-12-20,1011.5700073242188,1017.6500244140625,1025.510009765625,1010.2999877929688,495671700,-1.13%
249,2022-12-21,1027.5799560546875,1024.8699951171875,1032.9000244140625,1019.989990234375,492476200,1.58%
250,2022-12-22,1000.969970703125,1016.530029296875,1016.530029296875,986.4000244140625,595522800,-2.59%
251,2022-12-23,1008.0999755859375,998.9000244140625,1010.7000122070312,991.9199829101562,398929100,0.71%
252,2022-12-27,991.5499877929688,1003.9500122070312,1004.510009765625,990.8900146484375,459438900,-1.64%
253,2022-12-28,983.0599975585938,992.0399780273438,1001.3599853515625,981.1699829101562,467370100,-0.86%
254,2022-12-29,1008.3200073242188,997.2100219726562,1010.47998046875,993.6900024414062,475812200,2.57%
255,2022-12-30,1005.47998046875,998.2100219726562,1005.530029296875,994.0599975585938,392478000,-0.28%
256,2023-01-03,999.5399780273438,1010.7100219726562,1014.0900268554688,987.4600219726562,531475700,-0.59%
257,2023-01-04,1013.6699829101562,1010.9400024414062,1021.0599975585938,996.489990234375,510937300,1.41%
258,2023-01-05,1004.030029296875,1007.6500244140625,1010.469970703125,997.780029296875,443715500,-0.95%
259,2023-01-06,1028.0999755859375,1001.0900268554688,1031.699951171875,994.3200073242188,542172500,2.40%
260,2023-01-09,1033.9300537109375,1039.8299560546875,1050.5400390625,1033.280029296875,501713400,0.57%
261,2023-01-10,1046.969970703125,1036.0699462890625,1047.0,1029.3499755859375,439697800,1.26%
262,2023-01-11,1075.02001953125,1056.1199951171875,1075.1400146484375,1056.1199951171875,519965900,2.68%
263,2023-01-12,1076.8599853515625,1081.97998046875,1082.949951171875,1059.72998046875,512460600,0.17%
264,2023-01-13,1087.3499755859375,1062.719970703125,1087.989990234375,1061.5999755859375,543992900,0.97%
265,2023-01-17,1088.1099853515625,1091.75,1096.6800537109375,1084.969970703125,513074200,0.07%
266,2023-01-18,1073.989990234375,1100.0,1105.25,1073.3800048828125,513111400,-1.30%
267,2023-01-19,1055.81005859375,1066.06005859375,1068.9599609375,1050.699951171875,478810800,-1.69%
268,2023-01-20,1081.81005859375,1058.1199951171875,1082.219970703125,1053.4100341796875,441436800,2.46%
269,2023-01-23,1098.7900390625,1085.3499755859375,1102.52001953125,1078.550048828125,500487700,1.57%
270,2023-01-24,1096.9000244140625,1086.75,1102.0400390625,1086.3699951171875,415366800,-0.17%
271,2023-01-25,1102.8299560546875,1078.5699462890625,1103.989990234375,1072.260009765625,468145700,0.54%
272,2023-01-26,1125.239990234375,1122.989990234375,1127.800048828125,1111.030029296875,530362300,2.03%
273,2023-01-27,1150.81005859375,1127.1600341796875,1159.3900146484375,1126.4100341796875,647450900,2.27%
274,2023-01-30,1131.0899658203125,1142.8199462890625,1149.25,1129.97998046875,546298400,-1.71%
275,2023-01-31,1156.219970703125,1132.0400390625,1156.3299560546875,1131.719970703125,574044600,2.22%
276,2023-02-01,1178.0999755859375,1154.260009765625,1187.010009765625,1141.5699462890625,571341100,1.89%
277,2023-02-02,1214.4200439453125,1203.510009765625,1228.489990234375,1198.22998046875,722937900,3.08%
278,2023-02-03,1176.6700439453125,1176.239990234375,1204.75,1171.4200439453125,725699600,-3.11%
279,2023-02-06,1175.1199951171875,1173.030029296875,1182.260009765625,1165.530029296875,506322800,-0.13%
280,2023-02-07,1177.699951171875,1169.0799560546875,1180.719970703125,1148.22998046875,603322400,0.22%
281,2023-02-08,1167.1700439453125,1172.9300537109375,1176.510009765625,1159.6199951171875,503661900,-0.89%
282,2023-02-09,1164.75,1182.949951171875,1190.31005859375,1159.199951171875,570252500,-0.21%
283,2023-02-10,1150.550048828125,1153.9000244140625,1159.3699951171875,1141.199951171875,516382100,-1.22%
284,2023-02-13,1167.3699951171875,1150.0699462890625,1167.6600341796875,1143.030029296875,459994500,1.46%
285,2023-02-14,1181.1099853515625,1158.6400146484375,1183.6199951171875,1151.97998046875,510872600,1.18%
286,2023-02-15,1194.8499755859375,1178.5899658203125,1194.9000244140625,1173.4200439453125,449215400,1.16%
287,2023-02-16,1168.989990234375,1178.9100341796875,1193.1400146484375,1168.8199462890625,509348000,-2.16%
288,2023-02-17,1169.449951171875,1163.4000244140625,1169.6800537109375,1149.6300048828125,504557600,0.04%
289,2023-02-21,1130.3800048828125,1147.8900146484375,1154.739990234375,1130.18994140625,484993100,-3.34%
290,2023-02-22,1136.2099609375,1133.0,1143.52001953125,1128.1600341796875,480704500,0.52%
291,2023-02-23,1135.2099609375,1139.81005859375,1140.3499755859375,1116.1700439453125,451488000,-0.09%
292,2023-02-24,1117.469970703125,1114.469970703125,1119.22998046875,1108.1300048828125,419109200,-1.56%
293,2023-02-27,1130.6300048828125,1130.5999755859375,1139.1199951171875,1126.3599853515625,435749900,1.18%
294,2023-02-28,1130.010009765625,1131.239990234375,1138.1400146484375,1125.4300537109375,570430700,-0.05%
295,2023-03-01,1115.489990234375,1127.47998046875,1129.4599609375,1109.3299560546875,483868000,-1.28%
296,2023-03-02,1111.949951171875,1095.800048828125,1113.489990234375,1094.9599609375,489167900,-0.32%
297,2023-03-03,1135.5,1121.449951171875,1137.5,1119.06005859375,454523300,2.12%
298,2023-03-06,1127.449951171875,1137.3399658203125,1142.4300537109375,1127.18994140625,403764000,-0.71%
299,2023-03-07,1112.050048828125,1127.3299560546875,1131.1500244140625,1111.5899658203125,404663900,-1.37%
300,2023-03-08,1109.18994140625,1108.9100341796875,1110.1700439453125,1098.469970703125,400947400,-0.26%
301,2023-03-09,1083.030029296875,1108.969970703125,1118.77001953125,1081.949951171875,486712100,-2.36%
302,2023-03-10,1072.4300537109375,1086.9300537109375,1097.8199462890625,1068.9200439453125,547276800,-0.98%
303,2023-03-13,1074.9000244140625,1058.699951171875,1088.22998046875,1053.27001953125,599859300,0.23%
304,2023-03-14,1093.239990234375,1088.010009765625,1096.02001953125,1079.510009765625,512782000,1.71%
305,2023-03-15,1090.93994140625,1078.75,1091.9599609375,1071.31005859375,565312300,-0.21%
306,2023-03-16,1111.47998046875,1086.449951171875,1116.0899658203125,1084.31005859375,510588900,1.88%
307,2023-03-17,1097.6600341796875,1110.1199951171875,1112.3299560546875,1088.5699462890625,794193200,-1.24%
308,2023-03-20,1101.949951171875,1094.68994140625,1107.8800048828125,1088.1300048828125,455836300,0.39%
309,2023-03-21,1131.8399658203125,1114.699951171875,1133.3699951171875,1114.0999755859375,477575900,2.71%
310,2023-03-22,1106.93994140625,1133.75,1140.780029296875,1106.7900390625,474063800,-2.20%
311,2023-03-23,1106.3900146484375,1119.6700439453125,1128.3800048828125,1095.449951171875,475469500,-0.05%
312,2023-03-24,1102.469970703125,1101.77001953125,1104.2900390625,1088.7900390625,425678100,-0.35%
313,2023-03-27,1104.43994140625,1112.56005859375,1116.719970703125,1099.93994140625,450890800,0.18%
314,2023-03-28,1103.199951171875,1105.3900146484375,1107.0899658203125,1095.6600341796875,362332600,-0.11%
315,2023-03-29,1124.219970703125,1115.0799560546875,1124.780029296875,1111.6800537109375,404162200,1.91%
316,2023-03-30,1134.300048828125,1134.5899658203125,1140.1600341796875,1129.800048828125,373828700,0.90%
317,2023-03-31,1163.97998046875,1140.010009765625,1164.489990234375,1140.010009765625,464824400,2.62%
318,2023-04-03,1153.3499755859375,1153.0899658203125,1158.530029296875,1145.530029296875,425524200,-0.91%
319,2023-04-04,1152.52001953125,1157.5799560546875,1159.68994140625,1142.3199462890625,383137400,-0.07%
320,2023-04-05,1129.030029296875,1148.780029296875,1148.780029296875,1126.7099609375,373252000,-2.04%
321,2023-04-06,1129.5899658203125,1124.010009765625,1131.1300048828125,1113.52001953125,338390600,0.05%
322,2023-04-10,1134.3900146484375,1118.5899658203125,1134.4100341796875,1111.1500244140625,378196800,0.42%
323,2023-04-11,1134.5699462890625,1134.719970703125,1141.0899658203125,1129.800048828125,391019000,0.02%
324,2023-04-12,1117.0899658203125,1142.9000244140625,1143.760009765625,1115.969970703125,423245400,-1.54%
325,2023-04-13,1142.9300537109375,1125.7099609375,1144.030029296875,1122.27001953125,404531600,2.31%
326,2023-04-14,1144.4000244140625,1140.5899658203125,1151.1199951171875,1134.8599853515625,320014700,0.13%
327,2023-04-17,1152.1500244140625,1148.97998046875,1154.8599853515625,1141.449951171875,328618600,0.68%
328,2023-04-18,1153.5899658203125,1158.31005859375,1160.5799560546875,1148.9300537109375,304743500,0.12%
329,2023-04-19,1153.8499755859375,1143.52001953125,1160.3599853515625,1142.739990234375,379921500,0.02%
330,2023-04-20,1136.780029296875,1135.469970703125,1146.449951171875,1130.510009765625,530689300,-1.48%
331,2023-04-21,1150.469970703125,1146.5999755859375,1155.3299560546875,1138.0899658203125,398792500,1.20%
332,2023-04-24,1149.6400146484375,1152.7900390625,1159.489990234375,1139.300048828125,409926000,-0.07%
333,2023-04-25,1126.0999755859375,1141.780029296875,1143.6400146484375,1125.9000244140625,428072400,-2.05%
334,2023-04-26,1121.81005859375,1132.1800537109375,1136.7900390625,1119.6400146484375,458864600,-0.38%
335,2023-04-27,1152.8499755859375,1132.3800048828125,1154.1700439453125,1129.530029296875,499102800,2.77%
336,2023-04-28,1152.4200439453125,1148.6400146484375,1154.75,1134.4100341796875,484655700,-0.04%
337,2023-05-01,1140.1500244140625,1150.0699462890625,1151.56005859375,1138.5799560546875,457951700,-1.06%
338,2023-05-02,1141.93994140625,1137.8699951171875,1144.300048828125,1128.719970703125,480025200,0.16%
339,2023-05-03,1133.7900390625,1139.0799560546875,1152.5999755859375,1132.7900390625,469259100,-0.71%
340,2023-05-04,1125.9000244140625,1135.68994140625,1139.1199951171875,1124.219970703125,436724100,-0.70%
341,2023-05-05,1148.4000244140625,1134.489990234375,1150.010009765625,1133.9599609375,430867900,2.00%
342,2023-05-08,1151.9000244140625,1151.5400390625,1152.31005859375,1144.3199462890625,374110900,0.30%
343,2023-05-09,1152.0999755859375,1146.5400390625,1152.7900390625,1143.97998046875,318003800,0.02%
344,2023-05-10,1159.3399658203125,1162.8399658203125,1168.949951171875,1146.27001953125,416534100,0.63%
345,2023-05-11,1165.72998046875,1161.43994140625,1167.1300048828125,1156.1800537109375,367168500,0.55%
346,2023-05-12,1155.3599853515625,1170.219970703125,1172.0,1148.3699951171875,406090700,-0.89%
347,2023-05-15,1156.97998046875,1156.6700439453125,1159.800048828125,1146.780029296875,371918400,0.14%
348,2023-05-16,1154.050048828125,1150.1199951171875,1164.489990234375,1148.489990234375,403652800,-0.25%
349,2023-05-17,1177.5899658203125,1162.449951171875,1178.7099609375,1161.31005859375,459451100,2.04%
350,2023-05-18,1195.75,1181.31005859375,1196.3199462890625,1180.530029296875,385499700,1.54%
351,2023-05-19,1185.72998046875,1192.8399658203125,1193.5400390625,1180.4300537109375,416353500,-0.84%
352,2023-05-22,1181.3699951171875,1187.6600341796875,1189.300048828125,1177.3900146484375,421605700,-0.37%
353,2023-05-23,1171.0899658203125,1171.449951171875,1187.3299560546875,1169.2099609375,479909400,-0.87%
354,2023-05-24,1168.3800048828125,1169.4000244140625,1174.4200439453125,1159.1700439453125,450275100,-0.23%
355,2023-05-25,1162.3399658203125,1172.0999755859375,1172.0999755859375,1158.780029296875,400128200,-0.52%
356,2023-05-26,1190.010009765625,1166.5799560546875,1199.68994140625,1166.5799560546875,550132400,2.38%
357,2023-05-30,1199.02001953125,1204.1500244140625,1208.27001953125,1191.6800537109375,457283400,0.76%
358,2023-05-31,1188.0400390625,1190.8299560546875,1193.6099853515625,1171.969970703125,633997200,-0.92%
359,2023-06-01,1202.5,1187.3800048828125,1208.0799560546875,1179.43994140625,475276600,1.22%
360,2023-06-02,1228.9200439453125,1216.52001953125,1233.8599853515625,1215.6199951171875,504859700,2.20%
361,2023-06-05,1233.18994140625,1229.050048828125,1237.0799560546875,1226.030029296875,404049700,0.35%
362,2023-06-06,1245.43994140625,1231.6500244140625,1246.8599853515625,1230.3599853515625,440637400,0.99%
363,2023-06-07,1234.1400146484375,1253.719970703125,1257.199951171875,1231.8699951171875,586192800,-0.91%
364,2023-06-08,1253.449951171875,1237.530029296875,1256.199951171875,1235.8499755859375,459777400,1.56%
365,2023-06-09,1258.93994140625,1267.75,1276.0899658203125,1256.3699951171875,499413600,0.44%
366,2023-06-12,1280.7900390625,1267.530029296875,1282.989990234375,1263.1500244140625,535114300,1.74%
367,2023-06-13,1293.6500244140625,1292.280029296875,1294.550048828125,1280.3900146484375,494163200,1.00%
368,2023-06-14,1292.22998046875,1295.8599853515625,1299.4100341796875,1275.4599609375,508152400,-0.11%
369,2023-06-15,1301.0400390625,1281.800048828125,1305.699951171875,1278.469970703125,494538800,0.68%
370,2023-06-16,1298.6500244140625,1309.449951171875,1310.06005859375,1297.9599609375,610126300,-0.18%
371,2023-06-20,1308.3900146484375,1295.3199462890625,1309.8499755859375,1292.3699951171875,453559700,0.75%
372,2023-06-21,1293.0699462890625,1308.7099609375,1311.949951171875,1290.6400146484375,473580900,-1.17%
373,2023-06-22,1312.9100341796875,1286.9000244140625,1312.9100341796875,1285.18994140625,444160300,1.53%
374,2023-06-23,1298.4000244140625,1299.3900146484375,1310.3599853515625,1293.0,556790400,-1.11%
375,2023-06-26,1282.199951171875,1291.5999755859375,1309.97998046875,1281.8800048828125,523905700,-1.25%
376,2023-06-27,1308.5799560546875,1290.4200439453125,1311.3900146484375,1288.3599853515625,454548300,2.06%
377,2023-06-28,1311.8399658203125,1306.0,1323.3199462890625,1306.0,515314000,0.25%
378,2023-06-29,1312.5799560546875,1313.449951171875,1317.02001953125,1305.030029296875,415191600,0.06%
379,2023-06-30,1330.5400390625,1322.4599609375,1334.1400146484375,1321.300048828125,491796200,1.37%
380,2023-07-03,1344.8399658203125,1344.72998046875,1352.68994140625,1343.3599853515625,296735600,1.07%
381,2023-07-05,1345.969970703125,1344.18994140625,1348.4200439453125,1338.1600341796875,426016600,0.08%
382,2023-07-06,1323.8199462890625,1329.3800048828125,1330.5999755859375,1318.27001953125,434780200,-1.65%
383,2023-07-07,1326.1700439453125,1325.050048828125,1339.239990234375,1322.2099609375,385348000,0.18%
384,2023-07-10,1327.5999755859375,1325.8800048828125,1328.7900390625,1316.050048828125,399423400,0.11%
385,2023-07-11,1338.989990234375,1330.6500244140625,1340.9000244140625,1330.239990234375,361872200,0.86%
386,2023-07-12,1351.81005859375,1356.800048828125,1358.8900146484375,1347.9200439453125,396517500,0.96%
387,2023-07-13,1366.4100341796875,1366.8699951171875,1369.5,1355.8800048828125,402724400,1.08%
388,2023-07-14,1370.0999755859375,1365.5699462890625,1376.6800537109375,1365.4200439453125,384674600,0.27%
389,2023-07-17,1374.4599609375,1373.030029296875,1377.9200439453125,1369.1199951171875,439746100,0.32%
390,2023-07-18,1378.25,1368.72998046875,1381.9300537109375,1364.1300048828125,409532000,0.28%
391,2023-07-19,1385.449951171875,1382.8900146484375,1391.3199462890625,1380.969970703125,412013900,0.52%
392,2023-07-20,1338.3399658203125,1371.3699951171875,1371.3699951171875,1336.5799560546875,444861400,-3.40%
393,2023-07-21,1338.8299560546875,1349.2900390625,1349.2900390625,1332.25,536236700,0.04%
394,2023-07-24,1345.8399658203125,1337.5,1348.260009765625,1331.239990234375,378790600,0.52%
395,2023-07-25,1342.800048828125,1347.93994140625,1348.1700439453125,1339.6300048828125,381342900,-0.23%
396,2023-07-26,1341.9599609375,1332.3499755859375,1347.989990234375,1332.1800537109375,342444200,-0.06%
397,2023-07-27,1330.3399658203125,1354.9000244140625,1360.8699951171875,1327.969970703125,440674100,-0.87%
398,2023-07-28,1354.989990234375,1342.22998046875,1358.3900146484375,1341.02001953125,428327500,1.85%
399,2023-07-31,1362.52001953125,1358.8499755859375,1362.8499755859375,1354.02001953125,369200600,0.56%
400,2023-08-01,1346.8800048828125,1358.9100341796875,1358.9100341796875,1346.22998046875,392557300,-1.15%
401,2023-08-02,1322.050048828125,1332.0699462890625,1335.6199951171875,1318.31005859375,397895900,-1.84%
402,2023-08-03,1326.5899658203125,1315.0,1330.0999755859375,1311.030029296875,423821500,0.34%
403,2023-08-04,1351.9000244140625,1370.4000244140625,1376.9300537109375,1350.8499755859375,456148600,1.91%
404,2023-08-07,1366.760009765625,1357.239990234375,1366.81005859375,1345.9300537109375,369231000,1.10%
405,2023-08-08,1354.9000244140625,1353.5999755859375,1356.68994140625,1342.1600341796875,320974000,-0.87%
406,2023-08-09,1338.6400146484375,1356.0899658203125,1356.2099609375,1336.5,325549000,-1.20%
407,2023-08-10,1342.3199462890625,1349.0400390625,1361.8800048828125,1335.9300537109375,461403600,0.27%
408,2023-08-11,1338.530029296875,1335.68994140625,1342.6199951171875,1328.43994140625,368645800,-0.28%
409,2023-08-14,1343.800048828125,1331.27001953125,1343.8699951171875,1328.93994140625,334340300,0.39%
410,2023-08-15,1325.4100341796875,1339.72998046875,1346.6400146484375,1323.52001953125,315200800,-1.37%
411,2023-08-16,1308.550048828125,1316.27001953125,1328.239990234375,1308.260009765625,353639700,-1.27%
412,2023-08-17,1287.8299560546875,1312.1300048828125,1312.969970703125,1286.6700439453125,363627600,-1.58%
413,2023-08-18,1283.6700439453125,1270.5400390625,1287.68994140625,1270.5400390625,381534900,-0.32%
414,2023-08-21,1298.4000244140625,1290.22998046875,1300.5699462890625,1283.699951171875,348538800,1.15%
415,2023-08-22,1299.5799560546875,1308.93994140625,1310.02001953125,1295.5,345872300,0.09%
416,2023-08-23,1310.3699951171875,1294.5999755859375,1313.7099609375,1292.7099609375,348733700,0.83%
417,2023-08-24,1284.0699462890625,1312.5400390625,1313.1099853515625,1284.050048828125,335966500,-2.01%
418,2023-08-25,1298.2099609375,1290.760009765625,1302.06005859375,1278.219970703125,342098200,1.10%
419,2023-08-28,1302.97998046875,1305.199951171875,1308.1600341796875,1295.030029296875,294597100,0.37%
420,2023-08-29,1333.6400146484375,1305.31005859375,1334.1600341796875,1304.5,330904500,2.35%
421,2023-08-30,1338.0400390625,1331.219970703125,1343.260009765625,1327.3699951171875,310718400,0.33%
422,2023-08-31,1344.81005859375,1338.6500244140625,1351.4200439453125,1337.760009765625,357989000,0.51%
423,2023-09-01,1337.52001953125,1352.3900146484375,1355.8800048828125,1329.22998046875,324488900,-0.54%
424,2023-09-05,1336.3599853515625,1333.8199462890625,1339.6600341796875,1325.7900390625,368000100,-0.09%
425,2023-09-06,1323.3800048828125,1329.6500244140625,1331.8299560546875,1315.1700439453125,338786900,-0.97%
426,2023-09-07,1330.02001953125,1310.280029296875,1331.760009765625,1307.030029296875,366026600,0.50%
427,2023-09-08,1330.4599609375,1327.3599853515625,1339.1400146484375,1326.5799560546875,336835300,0.03%
428,2023-09-11,1367.31005859375,1349.4000244140625,1369.47998046875,1348.5400390625,408879500,2.77%
429,2023-09-12,1355.0699462890625,1361.3699951171875,1370.02001953125,1354.5,361799700,-0.90%
430,2023-09-13,1367.219970703125,1357.6300048828125,1370.219970703125,1354.760009765625,386411700,0.90%
431,2023-09-14,1379.2099609375,1371.3599853515625,1383.6500244140625,1364.8499755859375,378980800,0.88%
432,2023-09-15,1353.31005859375,1373.4000244140625,1374.4100341796875,1350.8399658203125,650156100,-1.88%
433,2023-09-18,1339.6800537109375,1350.8499755859375,1352.239990234375,1337.27001953125,335441400,-1.01%
434,2023-09-19,1331.010009765625,1331.239990234375,1333.5799560546875,1318.1400146484375,363650300,-0.65%
435,2023-09-20,1316.469970703125,1336.56005859375,1341.3900146484375,1316.3499755859375,343357700,-1.09%
436,2023-09-21,1278.5699462890625,1296.449951171875,1297.969970703125,1278.3399658203125,403895500,-2.88%
437,2023-09-22,1267.4000244140625,1287.699951171875,1290.449951171875,1266.02001953125,416636600,-0.87%
438,2023-09-25,1275.8399658203125,1262.68994140625,1278.8599853515625,1259.56005859375,337157400,0.67%
439,2023-09-26,1249.97998046875,1264.8199462890625,1271.510009765625,1246.8299560546875,366925000,-2.03%
440,2023-09-27,1245.239990234375,1252.02001953125,1257.47998046875,1232.8299560546875,400988700,-0.38%
441,2023-09-28,1257.300048828125,1239.25,1261.3199462890625,1235.9599609375,412006600,0.97%
442,2023-09-29,1264.0,1275.0799560546875,1280.300048828125,1257.260009765625,524488800,0.53%
443,2023-10-02,1267.5999755859375,1257.6800537109375,1277.4200439453125,1254.56005859375,397641100,0.28%
444,2023-10-03,1234.719970703125,1256.56005859375,1258.77001953125,1230.300048828125,416758700,-2.59%
445,2023-10-04,1259.0999755859375,1241.47998046875,1261.0899658203125,1241.199951171875,388187400,1.97%
446,2023-10-05,1251.949951171875,1255.969970703125,1258.9300537109375,1241.6199951171875,369517600,-0.57%
447,2023-10-06,1260.719970703125,1237.68994140625,1265.6400146484375,1231.989990234375,392849900,0.70%
448,2023-10-09,1262.97998046875,1245.1500244140625,1265.56005859375,1238.0799560546875,332330000,0.18%
449,2023-10-10,1276.75,1264.8299560546875,1288.5899658203125,1264.6300048828125,368518400,1.09%
450,2023-10-11,1282.9000244140625,1282.1300048828125,1288.199951171875,1271.1199951171875,331580300,0.48%
451,2023-10-12,1270.6600341796875,1283.3199462890625,1287.550048828125,1262.0799560546875,381323700,-0.95%
452,2023-10-13,1252.1600341796875,1271.9100341796875,1274.280029296875,1248.4300537109375,352644800,-1.46%
453,2023-10-16,1272.81005859375,1259.219970703125,1276.8900146484375,1257.7900390625,314555000,1.65%
454,2023-10-17,1273.5899658203125,1260.449951171875,1280.5,1256.68994140625,348197600,0.06%
455,2023-10-18,1243.9300537109375,1263.280029296875,1265.6500244140625,1241.3499755859375,385253100,-2.33%
456,2023-10-19,1216.550048828125,1235.5999755859375,1242.800048828125,1210.3199462890625,474210300,-2.20%
457,2023-10-20,1196.3900146484375,1211.699951171875,1213.27001953125,1195.8399658203125,433991000,-1.66%
458,2023-10-23,1198.949951171875,1190.9200439453125,1213.1800537109375,1179.530029296875,432290200,0.21%
459,2023-10-24,1211.3900146484375,1208.5899658203125,1218.449951171875,1201.3499755859375,378456800,1.04%
460,2023-10-25,1182.2900390625,1200.719970703125,1200.719970703125,1180.6400146484375,421060900,-2.40%
461,2023-10-26,1163.81005859375,1178.4200439453125,1186.3800048828125,1162.18994140625,503799300,-1.56%
462,2023-10-27,1183.5699462890625,1190.5999755859375,1201.68994140625,1179.43994140625,590210600,1.70%
463,2023-10-30,1198.530029296875,1197.9599609375,1204.0699462890625,1186.4599609375,505116400,1.26%
464,2023-10-31,1207.030029296875,1199.1700439453125,1210.4200439453125,1194.31005859375,460067100,0.71%
465,2023-11-01,1224.3499755859375,1213.9300537109375,1225.3399658203125,1206.1700439453125,489599100,1.43%
466,2023-11-02,1253.699951171875,1245.0400390625,1254.3900146484375,1239.8800048828125,499009000,2.40%
467,2023-11-03,1268.8599853515625,1264.2900390625,1275.550048828125,1264.2900390625,460990400,1.21%
468,2023-11-06,1271.199951171875,1274.010009765625,1278.010009765625,1262.989990234375,388642400,0.18%
469,2023-11-07,1286.300048828125,1275.010009765625,1288.1700439453125,1272.6300048828125,387866300,1.19%
470,2023-11-08,1283.0400390625,1288.1300048828125,1289.1400146484375,1275.489990234375,376664700,-0.25%
471,2023-11-09,1259.719970703125,1280.949951171875,1281.6400146484375,1254.780029296875,415633100,-1.82%
472,2023-11-10,1280.5899658203125,1260.3599853515625,1281.0999755859375,1254.6700439453125,401643800,1.66%
473,2023-11-13,1284.31005859375,1273.4599609375,1288.489990234375,1267.5799560546875,361793100,0.29%
474,2023-11-14,1326.9100341796875,1313.68994140625,1331.27001953125,1313.68994140625,521468800,3.32%
475,2023-11-15,1326.3900146484375,1333.77001953125,1336.550048828125,1321.81005859375,495584700,-0.04%
476,2023-11-16,1314.3199462890625,1313.1099853515625,1323.550048828125,1307.9300537109375,421962500,-0.91%
477,2023-11-17,1323.9300537109375,1317.280029296875,1326.739990234375,1310.22998046875,404953100,0.73%
478,2023-11-20,1330.780029296875,1323.4200439453125,1333.8599853515625,1319.949951171875,369251600,0.52%
479,2023-11-21,1325.780029296875,1320.9000244140625,1326.77001953125,1315.3199462890625,407097800,-0.38%
480,2023-11-22,1332.3599853515625,1333.27001953125,1341.969970703125,1327.739990234375,343938400,0.50%
481,2023-11-24,1334.1400146484375,1330.469970703125,1336.25,1329.02001953125,171675100,0.13%
482,2023-11-27,1336.7099609375,1337.0899658203125,1344.550048828125,1330.1199951171875,353274300,0.19%
483,2023-11-28,1343.9000244140625,1335.989990234375,1344.6500244140625,1327.4100341796875,377316100,0.54%
484,2023-11-29,1339.1400146484375,1353.02001953125,1358.8900146484375,1337.9599609375,513168300,-0.35%
485,2023-11-30,1336.9100341796875,1336.0799560546875,1338.56005859375,1325.75,559100700,-0.17%
486,2023-12-01,1353.93994140625,1331.449951171875,1354.1700439453125,1329.449951171875,447793800,1.27%
487,2023-12-04,1347.6500244140625,1343.1300048828125,1352.1400146484375,1338.9599609375,435612300,-0.46%
488,2023-12-05,1351.9200439453125,1339.06005859375,1364.7099609375,1338.52001953125,409596600,0.32%
489,2023-12-06,1351.43994140625,1362.6300048828125,1366.0,1350.43994140625,411157400,-0.04%
490,2023-12-07,1363.5400390625,1358.8599853515625,1365.6300048828125,1353.0799560546875,378963600,0.90%
491,2023-12-08,1369.4300537109375,1356.3399658203125,1372.0,1354.9000244140625,376662200,0.43%
492,2023-12-11,1371.1300048828125,1365.1199951171875,1372.6099853515625,1361.0899658203125,380750600,0.12%
493,2023-12-12,1376.5999755859375,1368.31005859375,1377.3499755859375,1365.010009765625,338799300,0.40%
494,2023-12-13,1395.219970703125,1378.0799560546875,1396.0799560546875,1366.3399658203125,497721600,1.35%
495,2023-12-14,1410.219970703125,1403.8499755859375,1415.75,1397.8699951171875,630355300,1.08%
496,2023-12-15,1416.9599609375,1410.8499755859375,1419.56005859375,1407.3499755859375,695841700,0.48%
497,2023-12-18,1428.1800537109375,1418.9000244140625,1431.719970703125,1418.06005859375,395724700,0.79%
498,2023-12-19,1438.199951171875,1432.699951171875,1441.6300048828125,1431.81005859375,355906700,0.70%
499,2023-12-20,1413.1099853515625,1433.510009765625,1445.22998046875,1412.68994140625,406995500,-1.74%
500,2023-12-21,1433.5,1426.0400390625,1434.1800537109375,1419.3299560546875,420181300,1.44%
501,2023-12-22,1424.2099609375,1429.22998046875,1434.6199951171875,1418.4000244140625,353198600,-0.65%
502,2023-12-26,1429.18994140625,1426.9300537109375,1431.280029296875,1424.5799560546875,262803900,0.35%
503,2023-12-27,1432.989990234375,1431.2099609375,1438.239990234375,1430.3199462890625,299749600,0.27%
504,2023-12-28,1427.1400146484375,1435.9100341796875,1438.25,1426.1800537109375,272554700,-0.41%
505,2023-12-29,1418.0899658203125,1427.77001953125,1430.3199462890625,1413.3699951171875,325539800,-0.63%
506,2024-01-02,1405.010009765625,1414.0899658203125,1414.8900146484375,1399.1099853515625,394025400,-0.92%
507,2024-01-03,1378.56005859375,1394.1700439453125,1396.969970703125,1377.7099609375,437451500,-1.88%
508,2024-01-04,1365.239990234375,1368.1199951171875,1383.5799560546875,1365.0699462890625,390976500,-0.97%
509,2024-01-05,1369.1600341796875,1362.8800048828125,1379.4200439453125,1362.25,347338000,0.29%
510,2024-01-08,1393.3599853515625,1372.8699951171875,1394.8199462890625,1370.9300537109375,324459400,1.77%
511,2024-01-09,1391.469970703125,1384.0400390625,1393.3399658203125,1381.2900390625,331708400,-0.14%
512,2024-01-10,1405.1600341796875,1396.010009765625,1408.0899658203125,1395.1099853515625,319374600,0.98%
513,2024-01-11,1404.75,1407.0699462890625,1410.8199462890625,1389.969970703125,351066100,-0.03%
514,2024-01-12,1390.050048828125,1400.6400146484375,1406.1099853515625,1387.1199951171875,361463200,-1.05%
515,2024-01-16,1387.22998046875,1380.9100341796875,1393.219970703125,1378.2099609375,381230600,-0.20%
516,2024-01-17,1374.5899658203125,1373.489990234375,1375.9599609375,1364.4200439453125,340617700,-0.91%
517,2024-01-18,1383.0899658203125,1380.6700439453125,1384.280029296875,1369.18994140625,392577800,0.62%
518,2024-01-19,1397.22998046875,1383.550048828125,1400.1700439453125,1377.4300537109375,377026000,1.02%
519,2024-01-22,1389.989990234375,1400.510009765625,1403.4599609375,1384.949951171875,403116600,-0.52%
520,2024-01-23,1388.010009765625,1392.5899658203125,1395.0699462890625,1380.300048828125,375083100,-0.14%
521,2024-01-24,1384.6500244140625,1398.27001953125,1399.3499755859375,1383.3900146484375,397548500,-0.24%
522,2024-01-25,1370.1300048828125,1372.5899658203125,1373.1500244140625,1360.780029296875,482430100,-1.05%
523,2024-01-26,1377.6700439453125,1377.0699462890625,1385.02001953125,1371.550048828125,378508300,0.55%
524,2024-01-29,1396.5400390625,1379.6800537109375,1396.81005859375,1377.8199462890625,409621900,1.37%
525,2024-01-30,1393.510009765625,1398.239990234375,1401.9200439453125,1390.989990234375,443493800,-0.22%
526,2024-01-31,1367.699951171875,1383.6800537109375,1391.02001953125,1366.0899658203125,464736500,-1.85%
527,2024-02-01,1394.72998046875,1374.1099853515625,1395.949951171875,1371.1500244140625,460895800,1.98%
528,2024-02-02,1429.550048828125,1414.280029296875,1435.4300537109375,1406.22998046875,485824700,2.50%
529,2024-02-05,1410.75,1413.7099609375,1414.43994140625,1394.4200439453125,448385900,-1.32%
530,2024-02-06,1415.989990234375,1406.0,1416.6500244140625,1405.6500244140625,437199900,0.37%
531,2024-02-07,1431.9200439453125,1423.260009765625,1436.6700439453125,1420.6099853515625,488606300,1.13%
532,2024-02-08,1436.1099853515625,1431.1500244140625,1438.010009765625,1428.6199951171875,380864100,0.29%
533,2024-02-09,1450.31005859375,1436.22998046875,1452.97998046875,1434.6500244140625,395630000,0.99%
534,2024-02-12,1446.31005859375,1451.47998046875,1457.3800048828125,1443.6400146484375,387020300,-0.28%
535,2024-02-13,1417.9599609375,1416.5,1426.52001953125,1409.5400390625,411244100,-1.96%
536,2024-02-14,1432.4100341796875,1421.780029296875,1433.2900390625,1415.3900146484375,354134100,1.02%
537,2024-02-15,1445.1099853515625,1433.9300537109375,1445.47998046875,1427.739990234375,392886800,0.89%
538,2024-02-16,1439.1099853515625,1441.5699462890625,1446.6300048828125,1428.56005859375,368463000,-0.42%
539,2024-02-20,1424.6500244140625,1425.010009765625,1430.2099609375,1415.02001953125,367046500,-1.00%
540,2024-02-21,1434.949951171875,1428.72998046875,1441.8699951171875,1425.1800537109375,345531900,0.72%
541,2024-02-22,1466.3199462890625,1452.8900146484375,1467.8599853515625,1448.1300048828125,364040600,2.19%
542,2024-02-23,1461.27001953125,1461.739990234375,1467.3299560546875,1458.1400146484375,328575400,-0.34%
543,2024-02-26,1464.5899658203125,1464.3900146484375,1471.6600341796875,1462.97998046875,356598600,0.23%
544,2024-02-27,1467.3499755859375,1470.3199462890625,1473.9200439453125,1462.1800537109375,407594400,0.19%
545,2024-02-28,1472.0400390625,1463.9000244140625,1479.1500244140625,1463.9000244140625,359057500,0.32%
546,2024-02-29,1485.31005859375,1475.8900146484375,1487.8599853515625,1470.7900390625,440964600,0.90%
547,2024-03-01,1491.02001953125,1482.5899658203125,1492.93994140625,1476.699951171875,333483800,0.38%
548,2024-03-04,1472.030029296875,1484.4000244140625,1490.030029296875,1471.9000244140625,425536600,-1.27%
549,2024-03-05,1452.75,1463.030029296875,1464.25,1447.239990234375,384129900,-1.31%
550,2024-03-06,1447.0799560546875,1459.239990234375,1462.469970703125,1443.4000244140625,346314200,-0.39%
551,2024-03-07,1459.6600341796875,1451.8399658203125,1465.9599609375,1451.3599853515625,337101100,0.87%
552,2024-03-08,1452.3900146484375,1460.3699951171875,1468.219970703125,1447.81005859375,342344800,-0.50%
553,2024-03-11,1445.239990234375,1447.75,1452.1300048828125,1441.760009765625,294100500,-0.49%
554,2024-03-12,1459.5899658203125,1450.3199462890625,1466.0799560546875,1441.510009765625,306751400,0.99%
555,2024-03-13,1458.030029296875,1457.239990234375,1467.530029296875,1456.1300048828125,365448700,-0.11%
556,2024-03-14,1451.68994140625,1460.1700439453125,1461.1500244140625,1444.6700439453125,406413400,-0.43%
557,2024-03-15,1435.0999755859375,1444.0,1451.0,1431.1400146484375,626594800,-1.14%
558,2024-03-18,1443.97998046875,1448.8900146484375,1452.18994140625,1439.9599609375,334247900,0.62%
559,2024-03-19,1456.4200439453125,1443.469970703125,1457.4200439453125,1441.280029296875,281686500,0.86%
560,2024-03-20,1477.5899658203125,1458.3699951171875,1477.989990234375,1456.3900146484375,337612100,1.45%
561,2024-03-21,1484.4300537109375,1487.9100341796875,1493.280029296875,1484.4300537109375,331943200,0.46%
562,2024-03-22,1475.1300048828125,1471.22998046875,1478.5799560546875,1467.8900146484375,314949000,-0.63%
563,2024-03-25,1471.969970703125,1470.0899658203125,1477.3199462890625,1468.300048828125,316118600,-0.21%
564,2024-03-26,1471.2900390625,1480.010009765625,1485.1099853515625,1470.530029296875,404326500,-0.05%
565,2024-03-27,1487.530029296875,1481.5899658203125,1487.81005859375,1474.5799560546875,423115700,1.10%
566,2024-03-28,1485.489990234375,1487.47998046875,1491.8399658203125,1483.8299560546875,371025000,-0.14%
567,2024-04-01,1476.469970703125,1486.9300537109375,1490.9000244140625,1470.8599853515625,297232300,-0.61%
568,2024-04-02,1457.6300048828125,1455.0400390625,1458.3499755859375,1449.8499755859375,434088700,-1.28%
569,2024-04-03,1460.800048828125,1452.4599609375,1465.9200439453125,1451.52001953125,318558400,0.22%
570,2024-04-04,1443.8800048828125,1473.3699951171875,1478.5400390625,1443.8299560546875,417416900,-1.16%
571,2024-04-05,1457.52001953125,1449.3399658203125,1466.3800048828125,1449.1099853515625,370866900,0.94%
572,2024-04-08,1468.4100341796875,1468.5400390625,1474.719970703125,1465.3699951171875,310994500,0.75%
573,2024-04-09,1475.2099609375,1476.219970703125,1477.5400390625,1464.010009765625,313010700,0.46%
574,2024-04-10,1457.6099853515625,1452.6700439453125,1460.93994140625,1449.5799560546875,330454500,-1.19%
575,2024-04-11,1471.25,1462.72998046875,1475.8599853515625,1450.93994140625,332646400,0.94%
576,2024-04-12,1447.5799560546875,1459.489990234375,1460.5699462890625,1442.3499755859375,322929600,-1.61%
577,2024-04-15,1424.1500244140625,1457.8900146484375,1457.8900146484375,1423.2099609375,372772200,-1.62%
578,2024-04-16,1416.780029296875,1416.47998046875,1425.260009765625,1410.6500244140625,342598900,-0.52%
579,2024-04-17,1408.760009765625,1423.6500244140625,1424.3399658203125,1402.0999755859375,306915800,-0.57%
580,2024-04-18,1398.81005859375,1410.719970703125,1417.280029296875,1395.1300048828125,343628100,-0.71%
581,2024-04-19,1382.1400146484375,1397.6800537109375,1400.5999755859375,1376.2900390625,353820000,-1.19%
582,2024-04-22,1391.280029296875,1387.030029296875,1398.1199951171875,1376.780029296875,387244400,0.66%
583,2024-04-23,1407.739990234375,1398.0400390625,1411.52001953125,1391.2099609375,384490900,1.18%
584,2024-04-24,1414.719970703125,1423.3699951171875,1428.030029296875,1405.780029296875,455865900,0.50%
585,2024-04-25,1411.9000244140625,1378.31005859375,1413.8199462890625,1378.31005859375,415626600,-0.20%
586,2024-04-26,1430.489990234375,1421.0899658203125,1439.68994140625,1417.4300537109375,348683300,1.32%
587,2024-04-29,1459.5699462890625,1458.550048828125,1461.5999755859375,1446.0400390625,487256100,2.03%
588,2024-04-30,1420.81005859375,1447.47998046875,1454.530029296875,1420.81005859375,464383000,-2.66%
589,2024-05-01,1420.56005859375,1431.56005859375,1450.9599609375,1411.3499755859375,528330200,-0.02%
590,2024-05-02,1443.050048828125,1435.6800537109375,1445.6700439453125,1423.0400390625,407712500,1.58%
591,2024-05-03,1453.3299560546875,1460.010009765625,1467.4599609375,1450.239990234375,347807700,0.71%
592,2024-05-06,1468.7099609375,1459.6700439453125,1468.7900390625,1456.6400146484375,322524300,1.06%
593,2024-05-07,1460.52001953125,1468.72998046875,1468.9300537109375,1456.3299560546875,321870000,-0.56%
594,2024-05-08,1454.5899658203125,1447.489990234375,1456.7900390625,1447.280029296875,303733400,-0.41%
595,2024-05-09,1464.5799560546875,1456.3199462890625,1470.3900146484375,1452.4000244140625,296361400,0.69%
596,2024-05-10,1455.719970703125,1464.3199462890625,1467.22998046875,1452.6099853515625,293372800,-0.60%
597,2024-05-13,1452.56005859375,1462.1199951171875,1463.280029296875,1447.2900390625,302880600,-0.22%
598,2024-05-14,1458.9300537109375,1447.1199951171875,1461.56005859375,1447.0,336149000,0.44%
599,2024-05-15,1458.8699951171875,1462.3199462890625,1463.31005859375,1447.199951171875,379313000,-0.00%
600,2024-05-16,1447.8699951171875,1457.6099853515625,1461.22998046875,1447.4300537109375,300863300,-0.75%
601,2024-05-17,1454.9200439453125,1448.0699462890625,1455.4000244140625,1445.1700439453125,292140900,0.49%
602,2024-05-20,1444.449951171875,1452.489990234375,1457.52001953125,1441.75,316756300,-0.72%
603,2024-05-21,1451.489990234375,1440.6400146484375,1451.8199462890625,1435.6300048828125,350562900,0.49%
604,2024-05-22,1439.18994140625,1447.760009765625,1451.8399658203125,1433.06005859375,336681700,-0.85%
605,2024-05-23,1417.3399658203125,1443.3699951171875,1443.7900390625,1414.0400390625,328374300,-1.52%
606,2024-05-24,1427.97998046875,1422.6099853515625,1433.75,1421.739990234375,280431900,0.75%
607,2024-05-28,1426.6700439453125,1421.56005859375,1428.800048828125,1418.5899658203125,316319100,-0.09%
608,2024-05-29,1418.699951171875,1417.989990234375,1425.8699951171875,1417.9100341796875,291506100,-0.56%
609,2024-05-30,1421.31005859375,1420.97998046875,1425.6600341796875,1416.6199951171875,313231700,0.18%
610,2024-05-31,1423.510009765625,1419.989990234375,1424.1300048828125,1402.2900390625,489819700,0.15%
611,2024-06-03,1425.530029296875,1425.93994140625,1430.81005859375,1411.6700439453125,351177800,0.14%
612,2024-06-04,1427.989990234375,1419.47998046875,1433.739990234375,1417.8599853515625,321641500,0.17%
613,2024-06-05,1437.510009765625,1430.469970703125,1437.760009765625,1420.2900390625,318205100,0.67%
614,2024-06-06,1451.469970703125,1439.199951171875,1451.5699462890625,1439.199951171875,286909400,0.97%
615,2024-06-07,1445.2900390625,1444.97998046875,1454.8299560546875,1443.47998046875,253970500,-0.43%
616,2024-06-10,1452.6800537109375,1441.989990234375,1454.06005859375,1441.43994140625,284223900,0.51%
617,2024-06-11,1449.5400390625,1450.8199462890625,1452.1600341796875,1436.300048828125,273714100,-0.22%
618,2024-06-12,1461.780029296875,1460.2900390625,1471.52001953125,1455.43994140625,342748500,0.84%
619,2024-06-13,1458.7900390625,1468.199951171875,1472.81005859375,1452.81005859375,345151700,-0.20%
620,2024-06-14,1449.1300048828125,1454.4599609375,1454.9100341796875,1439.81005859375,348140100,-0.66%
621,2024-06-17,1469.9200439453125,1443.1400146484375,1473.949951171875,1443.1400146484375,337692300,1.43%
622,2024-06-18,1463.7099609375,1468.4200439453125,1468.8599853515625,1458.18994140625,296963900,-0.42%
623,2024-06-20,1470.3599853515625,1461.97998046875,1473.760009765625,1460.9599609375,314886500,0.45%
624,2024-06-21,1485.2900390625,1476.3800048828125,1486.699951171875,1470.8499755859375,448559400,1.02%
625,2024-06-24,1474.31005859375,1487.8399658203125,1495.800048828125,1473.8800048828125,373556200,-0.74%
626,2024-06-25,1470.1600341796875,1476.3699951171875,1478.6300048828125,1466.52001953125,413237900,-0.28%
627,2024-06-26,1499.31005859375,1469.0,1502.1600341796875,1467.5,418042900,1.98%
628,2024-06-27,1512.77001953125,1503.300048828125,1516.1600341796875,1498.47998046875,390446400,0.90%
629,2024-06-28,1492.1400146484375,1505.72998046875,1515.8599853515625,1486.1800537109375,648061900,-1.36%
630,2024-07-01,1503.0699462890625,1496.800048828125,1509.72998046875,1493.1500244140625,455156100,0.73%
631,2024-07-02,1530.239990234375,1508.780029296875,1530.3599853515625,1507.43994140625,474131300,1.81%
632,2024-07-03,1535.1099853515625,1533.6700439453125,1540.0400390625,1530.300048828125,330438400,0.32%
633,2024-07-05,1548.1199951171875,1541.5799560546875,1548.969970703125,1537.050048828125,396418500,0.85%
634,2024-07-08,1548.0400390625,1546.9100341796875,1554.0699462890625,1542.8800048828125,430404400,-0.01%
635,2024-07-09,1552.030029296875,1547.25,1560.5699462890625,1546.6700439453125,417752300,0.26%
636,2024-07-10,1562.1800537109375,1556.699951171875,1563.280029296875,1545.239990234375,370447500,0.65%
637,2024-07-11,1539.1500244140625,1567.6700439453125,1575.5,1531.75,514066000,-1.47%
638,2024-07-12,1553.97998046875,1535.6700439453125,1567.47998046875,1533.949951171875,447699800,0.96%
639,2024-07-15,1549.2099609375,1559.7900390625,1572.22998046875,1544.4200439453125,424229800,-0.31%
640,2024-07-16,1572.550048828125,1562.52001953125,1573.719970703125,1555.56005859375,400814800,1.51%
641,2024-07-17,1544.3199462890625,1561.780029296875,1562.18994140625,1539.5,405390600,-1.80%
642,2024-07-18,1524.550048828125,1549.4100341796875,1553.93994140625,1519.97998046875,414908500,-1.28%
643,2024-07-19,1512.3199462890625,1517.0699462890625,1525.3499755859375,1506.6199951171875,389603300,-0.80%
644,2024-07-22,1525.5,1522.8299560546875,1532.760009765625,1517.199951171875,382979700,0.87%
645,2024-07-23,1525.739990234375,1530.1500244140625,1541.260009765625,1524.5799560546875,439740900,0.02%
646,2024-07-24,1466.3299560546875,1492.4200439453125,1494.1700439453125,1466.0,517494400,-3.89%
647,2024-07-25,1460.0999755859375,1467.699951171875,1486.8800048828125,1451.8399658203125,674648400,-0.42%
648,2024-07-26,1477.219970703125,1469.3499755859375,1484.27001953125,1467.030029296875,390192000,1.17%
649,2024-07-29,1498.1600341796875,1487.989990234375,1504.969970703125,1486.739990234375,418651000,1.42%
650,2024-07-30,1489.93994140625,1503.8399658203125,1505.1700439453125,1475.1199951171875,386039600,-0.55%
651,2024-07-31,1516.5799560546875,1509.030029296875,1527.6800537109375,1506.6600341796875,438068200,1.79%
652,2024-08-01,1482.3900146484375,1522.260009765625,1525.2900390625,1468.989990234375,465354100,-2.25%
653,2024-08-02,1414.010009765625,1413.3299560546875,1417.97998046875,1391.1800537109375,596189300,-4.61%
654,2024-08-05,1370.56005859375,1329.4100341796875,1383.030029296875,1328.22998046875,562575200,-3.07%
655,2024-08-06,1384.8699951171875,1374.8199462890625,1404.6700439453125,1362.0899658203125,468738400,1.04%
656,2024-08-07,1364.9100341796875,1396.510009765625,1402.949951171875,1362.3599853515625,406513000,-1.44%
