,date,splrcs,open,high,low,volume,splrcs_cr
0,2021-12-27,793.219970703125,785.8300170898438,793.2999877929688,785.8300170898438,70322600,nan%
1,2021-12-28,798.1799926757812,792.8400268554688,798.780029296875,792.8400268554688,70339100,0.63%
2,2021-12-29,801.5399780273438,799.22998046875,803.6400146484375,797.6400146484375,71052600,0.42%
3,2021-12-30,798.9600219726562,802.8900146484375,804.1500244140625,798.5700073242188,64443600,-0.32%
4,2021-12-31,804.5999755859375,798.8400268554688,805.7899780273438,798.1199951171875,73573200,0.71%
5,2022-01-03,804.5499877929688,799.760009765625,804.9199829101562,793.3400268554688,128896800,-0.01%
6,2022-01-04,808.3300170898438,804.6599731445312,811.7999877929688,804.4099731445312,148161500,0.47%
7,2022-01-05,808.0700073242188,808.0399780273438,815.3800048828125,808.0399780273438,154869900,-0.03%
8,2022-01-06,806.4000244140625,809.1099853515625,813.0700073242188,805.719970703125,142595100,-0.21%
9,2022-01-07,807.6500244140625,805.9400024414062,810.7100219726562,803.2100219726562,119982000,0.16%
10,2022-01-10,801.77001953125,807.3599853515625,807.9600219726562,799.1199951171875,151306100,-0.73%
11,2022-01-11,800.6199951171875,801.0900268554688,801.0900268554688,792.4400024414062,131411100,-0.14%
12,2022-01-12,800.989990234375,799.9400024414062,801.7100219726562,797.3499755859375,108787400,0.05%
13,2022-01-13,802.780029296875,801.8599853515625,804.22998046875,799.1699829101562,118032800,0.22%
14,2022-01-14,804.27001953125,800.3300170898438,805.219970703125,797.3300170898438,128643100,0.19%
15,2022-01-18,792.25,797.9000244140625,798.6400146484375,790.3599853515625,144395800,-1.49%
16,2022-01-19,797.6699829101562,792.6799926757812,803.0,792.6799926757812,129957900,0.68%
17,2022-01-20,791.8900146484375,795.969970703125,803.0399780273438,791.1500244140625,146791500,-0.72%
18,2022-01-21,792.02001953125,794.47998046875,802.1699829101562,790.7899780273438,166475900,0.02%
19,2022-01-24,789.2100219726562,789.719970703125,793.7999877929688,772.6900024414062,188894900,-0.35%
20,2022-01-25,780.260009765625,784.1500244140625,784.9500122070312,771.2999877929688,149365400,-1.13%
21,2022-01-26,775.02001953125,778.52001953125,785.0700073242188,770.2899780273438,167004500,-0.67%
22,2022-01-27,779.489990234375,777.0499877929688,791.8300170898438,776.4600219726562,147826100,0.58%
23,2022-01-28,788.5800170898438,776.8800048828125,789.1300048828125,769.1500244140625,144456300,1.17%
24,2022-01-31,792.3800048828125,785.1699829101562,793.010009765625,782.760009765625,161038200,0.48%
25,2022-02-01,791.8800048828125,791.8599853515625,793.9400024414062,783.5700073242188,123014200,-0.06%
26,2022-02-02,801.25,792.1199951171875,802.280029296875,792.1199951171875,126495600,1.18%
27,2022-02-03,801.3599853515625,798.8800048828125,805.260009765625,796.0700073242188,120816700,0.01%
28,2022-02-04,791.719970703125,799.3900146484375,805.260009765625,787.469970703125,139178700,-1.20%
29,2022-02-07,792.5399780273438,794.7999877929688,796.3699951171875,788.47998046875,118440700,0.10%
30,2022-02-08,795.1500244140625,793.02001953125,797.7000122070312,791.3200073242188,108406600,0.33%
31,2022-02-09,795.2899780273438,796.77001953125,800.760009765625,794.0999755859375,120279600,0.02%
32,2022-02-10,787.0800170898438,791.010009765625,794.5999755859375,784.2100219726562,133942800,-1.03%
33,2022-02-11,784.6599731445312,789.1300048828125,792.4000244140625,781.9500122070312,134944300,-0.31%
34,2022-02-14,782.3900146484375,784.9000244140625,787.22998046875,772.1500244140625,135782800,-0.29%
35,2022-02-15,783.8300170898438,784.7100219726562,791.9099731445312,780.4099731445312,111711800,0.18%
36,2022-02-16,785.3699951171875,783.6599731445312,788.280029296875,777.989990234375,123313900,0.20%
37,2022-02-17,792.510009765625,782.8400268554688,794.6199951171875,782.0499877929688,147794000,0.91%
38,2022-02-18,793.3900146484375,791.6400146484375,796.7100219726562,789.0800170898438,148952500,0.11%
39,2022-02-22,786.77001953125,793.25,794.5399780273438,782.0,149976800,-0.83%
40,2022-02-23,780.2899780273438,789.1400146484375,789.7899780273438,779.4299926757812,125022600,-0.82%
41,2022-02-24,766.9600219726562,774.5800170898438,774.5800170898438,752.969970703125,191006500,-1.71%
42,2022-02-25,790.8900146484375,770.02001953125,791.7100219726562,770.02001953125,140841300,3.12%
43,2022-02-28,780.489990234375,779.760009765625,783.22998046875,771.4299926757812,156188200,-1.31%
44,2022-03-01,775.7899780273438,779.27001953125,784.3800048828125,771.6099853515625,136211500,-0.60%
45,2022-03-02,783.5399780273438,776.5999755859375,787.0800170898438,774.8800048828125,136919500,1.00%
46,2022-03-03,789.1599731445312,785.47998046875,794.0499877929688,785.47998046875,163444800,0.72%
47,2022-03-04,790.2999877929688,783.3300170898438,791.4199829101562,777.6199951171875,165372500,0.14%
48,2022-03-07,775.530029296875,786.260009765625,788.47998046875,774.3900146484375,206743700,-1.87%
49,2022-03-08,755.0700073242188,775.4199829101562,777.9299926757812,754.5900268554688,195880900,-2.64%
50,2022-03-09,760.0700073242188,762.780029296875,766.4199829101562,756.6900024414062,152966500,0.66%
51,2022-03-10,753.27001953125,755.8599853515625,757.75,746.4600219726562,142949400,-0.89%
52,2022-03-11,744.5999755859375,755.2100219726562,760.1599731445312,743.8699951171875,127576000,-1.15%
53,2022-03-14,748.8099975585938,747.6199951171875,756.0,744.4199829101562,144162500,0.57%
54,2022-03-15,765.3900146484375,753.030029296875,766.489990234375,753.030029296875,137533200,2.21%
55,2022-03-16,766.4199829101562,766.0499877929688,770.3099975585938,755.6699829101562,138472400,0.13%
56,2022-03-17,770.97998046875,766.1199951171875,772.469970703125,763.739990234375,111723000,0.59%
57,2022-03-18,773.0399780273438,770.9600219726562,773.8499755859375,766.6599731445312,249376000,0.27%
58,2022-03-21,773.9500122070312,774.469970703125,780.8699951171875,769.719970703125,127955500,0.12%
59,2022-03-22,779.02001953125,776.260009765625,780.4299926757812,772.8300170898438,123607500,0.66%
60,2022-03-23,772.1199951171875,778.9299926757812,780.6900024414062,771.239990234375,121308100,-0.89%
61,2022-03-24,776.8800048828125,773.510009765625,776.9299926757812,771.7899780273438,109030100,0.62%
62,2022-03-25,783.1599731445312,778.47998046875,784.3599853515625,777.5,98615400,0.81%
63,2022-03-28,786.3900146484375,783.3499755859375,786.3900146484375,778.8200073242188,97551000,0.41%
64,2022-03-29,793.6199951171875,789.989990234375,795.02001953125,786.739990234375,122956100,0.92%
65,2022-03-30,794.8499755859375,790.7000122070312,794.8499755859375,787.6099853515625,103302300,0.15%
66,2022-03-31,791.469970703125,793.9000244140625,797.6300048828125,791.4600219726562,148627200,-0.43%
67,2022-04-01,801.3800048828125,793.2999877929688,802.0599975585938,791.77001953125,113999600,1.25%
68,2022-04-04,798.8200073242188,799.3099975585938,799.3099975585938,789.7999877929688,107800700,-0.32%
69,2022-04-05,799.3599853515625,796.5,807.8699951171875,796.5,111300700,0.07%
70,2022-04-06,810.4600219726562,798.9299926757812,811.6300048828125,796.1900024414062,139364000,1.39%
71,2022-04-07,820.0,811.3499755859375,821.9500122070312,811.1500244140625,135632200,1.18%
72,2022-04-08,823.239990234375,822.280029296875,825.969970703125,818.739990234375,124112200,0.40%
73,2022-04-11,819.3800048828125,824.489990234375,827.6199951171875,818.1900024414062,125038300,-0.47%
74,2022-04-12,819.219970703125,819.9199829101562,825.0700073242188,816.530029296875,123855200,-0.02%
75,2022-04-13,824.8599853515625,819.4600219726562,825.9099731445312,819.0599975585938,116908000,0.69%
76,2022-04-14,824.510009765625,826.1900024414062,830.3699951171875,824.219970703125,129982500,-0.04%
77,2022-04-18,817.8099975585938,822.3900146484375,826.010009765625,815.469970703125,91695200,-0.81%
78,2022-04-19,829.8400268554688,818.77001953125,831.1599731445312,817.5499877929688,104384800,1.47%
79,2022-04-20,841.989990234375,832.2000122070312,844.22998046875,832.2000122070312,118486700,1.46%
80,2022-04-21,841.0999755859375,843.8800048828125,849.5499877929688,840.6699829101562,119720000,-0.11%
81,2022-04-22,827.6900024414062,843.1400146484375,843.8699951171875,826.8900146484375,131460400,-1.59%
82,2022-04-25,831.0700073242188,829.469970703125,833.2999877929688,816.4500122070312,140021600,0.41%
83,2022-04-26,818.77001953125,830.2000122070312,833.4099731445312,818.5900268554688,133710200,-1.48%
84,2022-04-27,820.97998046875,821.3300170898438,829.5900268554688,818.3200073242188,127466100,0.27%
85,2022-04-28,832.6900024414062,821.02001953125,833.7999877929688,817.739990234375,127334500,1.43%
86,2022-04-29,810.5,831.1699829101562,831.4000244140625,809.3800048828125,162297200,-2.66%
87,2022-05-02,800.0399780273438,815.5399780273438,816.9299926757812,788.27001953125,156571100,-1.29%
88,2022-05-03,798.1300048828125,799.3400268554688,805.22998046875,792.8300170898438,140725300,-0.24%
89,2022-05-04,815.4099731445312,798.1799926757812,816.4500122070312,795.7000122070312,133442800,2.17%
90,2022-05-05,799.9600219726562,813.25,813.25,794.280029296875,142308500,-1.89%
91,2022-05-06,799.6199951171875,798.239990234375,804.780029296875,792.6099853515625,142111200,-0.04%
92,2022-05-09,800.02001953125,795.1799926757812,807.2000122070312,790.25,170913500,0.05%
93,2022-05-10,793.969970703125,803.3099975585938,806.1900024414062,790.9400024414062,166270600,-0.76%
94,2022-05-11,791.22998046875,794.6599731445312,803.9600219726562,790.52001953125,142865400,-0.35%
95,2022-05-12,790.760009765625,791.780029296875,796.8200073242188,782.3499755859375,141327300,-0.06%
96,2022-05-13,802.0,793.6500244140625,802.739990234375,789.469970703125,115928700,1.42%
97,2022-05-16,805.6400146484375,802.219970703125,809.4299926757812,798.0599975585938,105145000,0.45%
98,2022-05-17,796.3599853515625,800.6699829101562,800.7899780273438,789.780029296875,172916100,-1.15%
99,2022-05-18,745.5499877929688,787.239990234375,787.239990234375,743.4500122070312,221733800,-6.38%
100,2022-05-19,730.8200073242188,740.22998046875,740.22998046875,726.9500122070312,194581300,-1.98%
101,2022-05-20,732.760009765625,734.8699951171875,734.8699951171875,721.0,183779300,0.27%
102,2022-05-23,748.1300048828125,739.1799926757812,750.9099731445312,738.77001953125,131092700,2.10%
103,2022-05-24,760.5599975585938,747.1199951171875,761.7999877929688,746.989990234375,123466700,1.66%
104,2022-05-25,760.8400268554688,760.0900268554688,763.1900024414062,754.6199951171875,119845100,0.04%
105,2022-05-26,769.4500122070312,764.27001953125,773.0999755859375,763.6199951171875,134995200,1.13%
106,2022-05-27,777.8599853515625,769.530029296875,777.8800048828125,768.9500122070312,130082700,1.09%
107,2022-05-31,772.2000122070312,774.8800048828125,777.3200073242188,764.3499755859375,231922400,-0.73%
108,2022-06-01,762.0599975585938,773.75,773.989990234375,757.02001953125,124668800,-1.31%
109,2022-06-02,772.530029296875,763.760009765625,772.7000122070312,751.1099853515625,137394100,1.37%
110,2022-06-03,764.47998046875,770.2999877929688,772.4199829101562,762.97998046875,102868900,-1.04%
111,2022-06-06,764.9000244140625,768.7999877929688,772.1300048828125,762.3599853515625,97804700,0.05%
112,2022-06-07,768.1099853515625,756.6900024414062,769.1500244140625,755.239990234375,109942300,0.42%
113,2022-06-08,758.7100219726562,764.0800170898438,765.47998046875,758.0700073242188,115550700,-1.22%
114,2022-06-09,747.3200073242188,758.3300170898438,765.3400268554688,747.0800170898438,123227200,-1.50%
115,2022-06-10,744.530029296875,739.6900024414062,750.280029296875,734.52001953125,123831400,-0.37%
116,2022-06-13,728.27001953125,732.8499755859375,738.1500244140625,725.5399780273438,146231600,-2.18%
117,2022-06-14,718.8900146484375,728.6500244140625,730.0700073242188,713.6099853515625,138852500,-1.29%
118,2022-06-15,719.47998046875,723.4199829101562,729.3200073242188,711.739990234375,150112900,0.08%
119,2022-06-16,714.75,709.8900146484375,719.97998046875,705.6799926757812,149308300,-0.66%
120,2022-06-17,711.8200073242188,715.4500122070312,719.8300170898438,709.030029296875,268321400,-0.41%
121,2022-06-21,730.9400024414062,716.8400268554688,732.719970703125,716.8400268554688,163684600,2.69%
122,2022-06-22,730.4500122070312,728.1199951171875,735.1400146484375,724.760009765625,171983300,-0.07%
123,2022-06-23,744.75,734.3499755859375,745.3699951171875,734.3499755859375,144598400,1.96%
124,2022-06-24,758.6099853515625,749.4199829101562,758.989990234375,748.3400268554688,209841700,1.86%
125,2022-06-27,756.9099731445312,758.2100219726562,760.6900024414062,754.5900268554688,115285800,-0.22%
126,2022-06-28,746.8200073242188,759.0999755859375,763.6199951171875,746.0700073242188,114293400,-1.33%
127,2022-06-29,750.489990234375,748.27001953125,753.4000244140625,747.6699829101562,119839400,0.49%
128,2022-06-30,750.0499877929688,745.52001953125,753.1599731445312,741.4299926757812,149970600,-0.06%
129,2022-07-01,760.77001953125,750.1799926757812,761.1500244140625,749.219970703125,124758500,1.43%
130,2022-07-05,756.4600219726562,756.9199829101562,758.4600219726562,744.260009765625,128985400,-0.57%
131,2022-07-06,758.0800170898438,758.219970703125,763.6599731445312,755.8099975585938,131017900,0.21%
132,2022-07-07,758.6599731445312,757.3099975585938,759.7100219726562,753.9400024414062,127062100,0.08%
133,2022-07-08,757.22998046875,758.97998046875,763.1799926757812,754.97998046875,102060600,-0.19%
134,2022-07-11,756.1400146484375,756.5499877929688,761.4299926757812,753.6599731445312,106126800,-0.14%
135,2022-07-12,753.7899780273438,757.0599975585938,763.8400268554688,751.260009765625,105428400,-0.31%
136,2022-07-13,753.8599853515625,750.280029296875,760.3300170898438,747.3499755859375,111262200,0.01%
137,2022-07-14,755.0999755859375,746.5700073242188,756.1300048828125,744.22998046875,131604700,0.16%
138,2022-07-15,758.0900268554688,758.7899780273438,762.3699951171875,754.9199829101562,126161600,0.40%
139,2022-07-18,750.6199951171875,758.1900024414062,760.3800048828125,749.5399780273438,106295700,-0.99%
140,2022-07-19,758.75,757.3499755859375,759.72998046875,754.6599731445312,121261800,1.08%
141,2022-07-20,753.219970703125,758.97998046875,759.5499877929688,749.6599731445312,105942600,-0.73%
142,2022-07-21,755.9600219726562,751.6900024414062,757.5499877929688,750.25,104672200,0.36%
143,2022-07-22,761.1500244140625,758.47998046875,763.3400268554688,756.8800048828125,91885100,0.69%
144,2022-07-25,764.6300048828125,762.5499877929688,766.3900146484375,760.530029296875,96688400,0.46%
145,2022-07-26,761.010009765625,754.8800048828125,761.8900146484375,753.0999755859375,143922300,-0.47%
146,2022-07-27,766.9500122070312,759.530029296875,768.9400024414062,754.2999877929688,145011600,0.78%
147,2022-07-28,779.1199951171875,767.0900268554688,780.8300170898438,766.0,115253000,1.59%
148,2022-07-29,773.5,770.6500244140625,774.6300048828125,768.0399780273438,168553500,-0.72%
149,2022-08-01,782.8300170898438,772.5,785.5800170898438,772.5,133781400,1.21%
150,2022-08-02,777.0599975585938,783.4600219726562,783.6799926757812,776.1300048828125,130280100,-0.74%
151,2022-08-03,781.5999755859375,776.489990234375,783.2999877929688,774.3499755859375,109839700,0.58%
152,2022-08-04,775.4400024414062,780.4000244140625,781.6099853515625,772.7899780273438,112170200,-0.79%
153,2022-08-05,774.280029296875,771.5399780273438,774.5599975585938,767.0700073242188,97099300,-0.15%
154,2022-08-08,773.780029296875,777.0700073242188,779.6500244140625,772.2100219726562,95814800,-0.06%
155,2022-08-09,773.1599731445312,776.02001953125,776.1799926757812,771.469970703125,94495700,-0.08%
156,2022-08-10,778.9000244140625,779.2999877929688,780.8800048828125,775.989990234375,102582000,0.74%
157,2022-08-11,776.4000244140625,781.739990234375,784.1599731445312,775.4000244140625,91904100,-0.32%
158,2022-08-12,783.5499877929688,779.1900024414062,783.780029296875,776.3599853515625,96508100,0.92%
159,2022-08-15,791.7999877929688,783.4400024414062,792.3400268554688,782.5599975585938,102079200,1.05%
160,2022-08-16,801.3599853515625,795.8099975585938,804.6699829101562,795.8099975585938,130757600,1.21%
161,2022-08-17,799.489990234375,798.5599975585938,802.510009765625,798.1400146484375,95128300,-0.23%
162,2022-08-18,801.52001953125,799.3200073242188,802.489990234375,797.0399780273438,96285500,0.25%
163,2022-08-19,798.739990234375,800.4000244140625,802.5499877929688,797.3599853515625,111901900,-0.35%
164,2022-08-22,789.9099731445312,795.3200073242188,796.2999877929688,788.8400268554688,95083600,-1.11%
165,2022-08-23,786.3300170898438,786.9500122070312,787.5800170898438,783.0800170898438,87742700,-0.45%
166,2022-08-24,788.2100219726562,787.0499877929688,790.0,785.2000122070312,84222900,0.24%
167,2022-08-25,791.7999877929688,788.3300170898438,791.9199829101562,785.1400146484375,86517100,0.46%
168,2022-08-26,772.1400146484375,792.9199829101562,793.72998046875,771.5800170898438,102125700,-2.48%
169,2022-08-29,771.0399780273438,767.739990234375,775.5999755859375,765.780029296875,88329100,-0.14%
170,2022-08-30,763.4000244140625,772.280029296875,772.3300170898438,761.5499877929688,89913600,-0.99%
171,2022-08-31,758.97998046875,764.9500122070312,767.0700073242188,758.97998046875,129366700,-0.58%
172,2022-09-01,764.3800048828125,756.6799926757812,764.6400146484375,753.52001953125,127785000,0.71%
173,2022-09-02,753.739990234375,768.2000122070312,771.6199951171875,750.5999755859375,112562300,-1.39%
174,2022-09-06,748.9600219726562,754.0399780273438,759.1500244140625,747.8499755859375,136135200,-0.63%
175,2022-09-07,762.219970703125,751.0,763.1900024414062,750.8400268554688,122481200,1.77%
176,2022-09-08,760.9199829101562,758.6699829101562,763.5900268554688,751.969970703125,128066200,-0.17%
177,2022-09-09,768.239990234375,762.780029296875,773.22998046875,760.0,122645500,0.96%
178,2022-09-12,771.4099731445312,770.0999755859375,773.8400268554688,768.1199951171875,121088500,0.41%
179,2022-09-13,745.9000244140625,765.0800170898438,766.1599731445312,743.97998046875,140424400,-3.31%
180,2022-09-14,745.1099853515625,747.1400146484375,748.72998046875,740.719970703125,127630300,-0.11%
181,2022-09-15,738.510009765625,744.489990234375,744.6599731445312,736.3400268554688,121578800,-0.89%
182,2022-09-16,740.3900146484375,737.7100219726562,741.3099975585938,736.030029296875,269418400,0.25%
183,2022-09-19,745.239990234375,738.3300170898438,745.52001953125,737.9600219726562,109574200,0.66%
184,2022-09-20,741.260009765625,741.5,742.8599853515625,735.489990234375,100377500,-0.53%
185,2022-09-21,738.719970703125,746.7000122070312,752.9600219726562,738.7000122070312,130611900,-0.34%
186,2022-09-22,737.2899780273438,738.6799926757812,742.3300170898438,736.1599731445312,111416200,-0.19%
187,2022-09-23,724.5,733.1400146484375,733.1400146484375,716.6500244140625,131378900,-1.73%
188,2022-09-26,724.5499877929688,722.6799926757812,730.9000244140625,721.1799926757812,129086600,0.01%
189,2022-09-27,711.8099975585938,727.239990234375,731.7000122070312,710.6699829101562,141244500,-1.76%
190,2022-09-28,720.27001953125,715.260009765625,723.780029296875,708.5,136632000,1.19%
191,2022-09-29,708.4500122070312,719.010009765625,720.22998046875,704.25,116946200,-1.64%
192,2022-09-30,695.780029296875,710.2999877929688,711.1400146484375,695.6900024414062,152449500,-1.79%
193,2022-10-03,707.8699951171875,699.5900268554688,709.6400146484375,697.3099975585938,144844100,1.74%
194,2022-10-04,718.72998046875,712.97998046875,722.3300170898438,712.3599853515625,137387200,1.53%
195,2022-10-05,714.4000244140625,715.8900146484375,718.030029296875,707.1699829101562,109945400,-0.60%
196,2022-10-06,703.9500122070312,713.6300048828125,715.4400024414062,702.3499755859375,124408200,-1.46%
197,2022-10-07,693.02001953125,702.3800048828125,702.77001953125,690.3099975585938,125740900,-1.55%
198,2022-10-10,695.0399780273438,695.5399780273438,697.8900146484375,689.3900146484375,116383700,0.29%
199,2022-10-11,701.5,695.739990234375,707.6300048828125,694.8499755859375,140572900,0.93%
200,2022-10-12,704.8499755859375,707.1699829101562,713.3400268554688,704.8300170898438,139912000,0.48%
201,2022-10-13,716.1799926757812,696.1799926757812,718.8699951171875,695.2899780273438,174511200,1.61%
202,2022-10-14,703.0499877929688,719.77001953125,721.3699951171875,702.2999877929688,146221500,-1.83%
203,2022-10-17,710.8800048828125,708.8200073242188,714.6099853515625,708.8200073242188,125527700,1.11%
204,2022-10-18,720.2100219726562,719.4299926757812,725.239990234375,716.3499755859375,119986000,1.31%
205,2022-10-19,717.4400024414062,719.72998046875,725.0900268554688,714.5599975585938,110611000,-0.38%
206,2022-10-20,707.219970703125,716.77001953125,718.469970703125,706.5499877929688,121578000,-1.42%
207,2022-10-21,718.2100219726562,707.239990234375,719.9099731445312,704.719970703125,130889000,1.55%
208,2022-10-24,731.0800170898438,723.530029296875,732.72998046875,721.8300170898438,130199100,1.79%
209,2022-10-25,740.3400268554688,732.5399780273438,741.3099975585938,728.7000122070312,139701900,1.27%
210,2022-10-26,745.1500244140625,742.6799926757812,750.5999755859375,739.8499755859375,132399400,0.65%
211,2022-10-27,745.4299926757812,747.02001953125,750.3900146484375,744.5700073242188,133998900,0.04%
212,2022-10-28,761.969970703125,747.5399780273438,763.530029296875,746.8400268554688,122559900,2.22%
213,2022-10-31,757.25,760.0700073242188,761.8300170898438,755.72998046875,142770100,-0.62%
214,2022-11-01,755.1500244140625,759.2899780273438,762.8499755859375,752.5499877929688,119600500,-0.28%
215,2022-11-02,742.0800170898438,755.510009765625,760.9299926757812,741.7899780273438,142634000,-1.73%
216,2022-11-03,739.5999755859375,736.6699829101562,743.030029296875,734.6199951171875,114008100,-0.33%
217,2022-11-04,748.010009765625,747.0800170898438,752.3099975585938,738.3200073242188,119667800,1.14%
218,2022-11-07,754.52001953125,749.2100219726562,756.1799926757812,748.489990234375,108768100,0.87%
219,2022-11-08,757.0999755859375,755.8900146484375,761.6400146484375,749.489990234375,100664900,0.34%
220,2022-11-09,748.5399780273438,756.25,759.8099975585938,748.030029296875,103266500,-1.13%
221,2022-11-10,766.9299926757812,760.25,768.2899780273438,753.9000244140625,153628500,2.46%
222,2022-11-11,765.8499755859375,768.4500122070312,768.8800048828125,754.1099853515625,158309600,-0.14%
223,2022-11-14,758.8900146484375,766.030029296875,771.2899780273438,758.72998046875,141995800,-0.91%
224,2022-11-15,767.1400146484375,769.52001953125,772.8699951171875,761.6900024414062,145751500,1.09%
225,2022-11-16,770.6699829101562,769.4000244140625,774.7100219726562,768.8599853515625,118140600,0.46%
226,2022-11-17,770.7899780273438,766.1599731445312,770.97998046875,764.5700073242188,104980600,0.02%
227,2022-11-18,778.780029296875,776.6500244140625,779.9000244140625,773.8900146484375,116182400,1.04%
228,2022-11-21,786.3900146484375,780.5999755859375,787.5800170898438,779.260009765625,115682000,0.98%
229,2022-11-22,792.030029296875,791.72998046875,792.4299926757812,789.239990234375,101295300,0.72%
230,2022-11-23,794.6799926757812,793.5599975585938,795.989990234375,791.8300170898438,81044000,0.33%
231,2022-11-25,795.1400146484375,794.8200073242188,795.7100219726562,793.72998046875,47775900,0.06%
232,2022-11-28,792.6799926757812,793.6099853515625,796.8900146484375,791.6699829101562,105353000,-0.31%
233,2022-11-29,789.760009765625,790.8499755859375,791.8699951171875,785.5599975585938,96068800,-0.37%
234,2022-11-30,804.1799926757812,787.7899780273438,804.1799926757812,784.1799926757812,212947500,1.83%
235,2022-12-01,800.3800048828125,801.5999755859375,802.3499755859375,796.4400024414062,132324500,-0.47%
236,2022-12-02,803.8900146484375,794.97998046875,804.75,793.6599731445312,108465900,0.44%
237,2022-12-05,794.22998046875,795.9000244140625,796.3800048828125,792.280029296875,115058700,-1.20%
238,2022-12-06,788.8499755859375,796.0,797.719970703125,785.02001953125,111179000,-0.68%
239,2022-12-07,791.8099975585938,790.0800170898438,793.719970703125,788.97998046875,118473600,0.38%
240,2022-12-08,795.260009765625,790.5,795.3800048828125,789.0800170898438,97630200,0.44%
241,2022-12-09,789.1799926757812,792.9199829101562,794.7899780273438,788.9600219726562,117775500,-0.76%
242,2022-12-12,797.3400268554688,791.280029296875,797.5599975585938,788.280029296875,104983800,1.03%
243,2022-12-13,796.010009765625,806.72998046875,806.72998046875,791.5700073242188,144113600,-0.17%
244,2022-12-14,795.4299926757812,797.6699829101562,803.239990234375,791.1500244140625,125807400,-0.07%
245,2022-12-15,782.219970703125,789.5399780273438,790.9199829101562,776.3400268554688,130458400,-1.66%
246,2022-12-16,778.0999755859375,777.6400146484375,780.5800170898438,771.7100219726562,277563300,-0.53%
247,2022-12-19,777.780029296875,778.8599853515625,784.0900268554688,773.02001953125,114403300,-0.04%
248,2022-12-20,777.6400146484375,776.2100219726562,780.3400268554688,772.989990234375,109214500,-0.02%
249,2022-12-21,784.02001953125,779.77001953125,786.7999877929688,779.4099731445312,100955000,0.82%
250,2022-12-22,781.760009765625,781.97998046875,782.1199951171875,773.22998046875,93347400,-0.29%
251,2022-12-23,785.8699951171875,781.5900268554688,786.27001953125,779.510009765625,65881700,0.53%
252,2022-12-27,789.5499877929688,788.3599853515625,790.9600219726562,785.2999877929688,81716700,0.47%
253,2022-12-28,779.6199951171875,791.2999877929688,792.5599975585938,779.4299926757812,73572600,-1.26%
254,2022-12-29,782.780029296875,782.5399780273438,785.3699951171875,781.4500122070312,70792900,0.41%
255,2022-12-30,779.1300048828125,781.1699829101562,781.5499877929688,773.4099731445312,79283600,-0.47%
256,2023-01-03,777.2899780273438,779.969970703125,779.969970703125,768.77001953125,110767300,-0.24%
257,2023-01-04,779.530029296875,778.4199829101562,783.9299926757812,774.6199951171875,124462100,0.29%
258,2023-01-05,771.8499755859375,777.3400268554688,778.4000244140625,770.219970703125,133500200,-0.99%
259,2023-01-06,792.739990234375,779.77001953125,795.6199951171875,779.77001953125,125464600,2.71%
260,2023-01-09,784.5900268554688,791.530029296875,797.27001953125,784.4400024414062,116272700,-1.03%
261,2023-01-10,783.3300170898438,785.1599731445312,786.3200073242188,780.6799926757812,97917900,-0.16%
262,2023-01-11,783.8300170898438,786.239990234375,788.1199951171875,777.1900024414062,118318800,0.06%
263,2023-01-12,777.6199951171875,785.25,785.6900024414062,775.7999877929688,110175500,-0.79%
264,2023-01-13,781.2000122070312,775.760009765625,781.4000244140625,775.4199829101562,99361200,0.46%
265,2023-01-17,781.1699829101562,783.4299926757812,787.8300170898438,780.3900146484375,131064500,-0.00%
266,2023-01-18,760.4500122070312,778.8900146484375,779.260009765625,759.4299926757812,157897600,-2.65%
267,2023-01-19,752.719970703125,760.3800048828125,760.5999755859375,752.5999755859375,132126100,-1.02%
268,2023-01-20,758.8499755859375,753.239990234375,758.9000244140625,748.1699829101562,154760100,0.81%
269,2023-01-23,761.1099853515625,759.8800048828125,765.1799926757812,757.989990234375,111786000,0.30%
270,2023-01-24,764.030029296875,767.0800170898438,768.1599731445312,756.719970703125,104524100,0.38%
271,2023-01-25,766.1900024414062,760.5700073242188,766.2000122070312,756.0700073242188,113128900,0.28%
272,2023-01-26,764.0700073242188,765.9099731445312,765.9099731445312,761.5399780273438,111068200,-0.28%
273,2023-01-27,762.1400146484375,763.7000122070312,765.780029296875,758.5,129777000,-0.25%
274,2023-01-30,762.7100219726562,761.3499755859375,767.969970703125,761.1099853515625,122273600,0.07%
275,2023-01-31,770.9099731445312,764.6099853515625,770.9199829101562,762.1500244140625,149400700,1.08%
276,2023-02-01,776.77001953125,769.9600219726562,780.3499755859375,766.989990234375,129549000,0.76%
277,2023-02-02,770.1099853515625,773.6699829101562,775.22998046875,766.72998046875,144628100,-0.86%
278,2023-02-03,766.8400268554688,771.469970703125,771.760009765625,761.5499877929688,130650300,-0.42%
279,2023-02-06,767.030029296875,766.1900024414062,768.4099731445312,764.3599853515625,123002300,0.02%
280,2023-02-07,764.280029296875,761.0700073242188,765.510009765625,756.3499755859375,125719200,-0.36%
281,2023-02-08,757.9099731445312,760.7000122070312,761.1900024414062,756.989990234375,105709900,-0.83%
282,2023-02-09,755.6699829101562,763.3699951171875,764.9400024414062,754.5900268554688,113095300,-0.30%
283,2023-02-10,762.7000122070312,757.280029296875,763.0900268554688,753.9600219726562,116012500,0.93%
284,2023-02-13,771.6400146484375,764.989990234375,771.77001953125,764.989990234375,105927100,1.17%
285,2023-02-14,764.469970703125,771.0599975585938,771.260009765625,762.0499877929688,112678200,-0.93%
286,2023-02-15,765.8900146484375,762.9400024414062,765.9600219726562,759.6599731445312,100535400,0.19%
287,2023-02-16,759.7999877929688,760.5399780273438,764.5700073242188,755.8400268554688,114767700,-0.80%
288,2023-02-17,769.5999755859375,760.0399780273438,769.9000244140625,759.5900268554688,126658200,1.29%
289,2023-02-21,767.010009765625,765.6900024414062,770.8099975585938,762.6900024414062,141715300,-0.34%
290,2023-02-22,764.9600219726562,767.97998046875,772.4500122070312,762.9600219726562,117052900,-0.27%
291,2023-02-23,763.3099975585938,765.6599731445312,767.2999877929688,758.7999877929688,100592200,-0.22%
292,2023-02-24,758.8099975585938,758.5499877929688,759.8800048828125,753.780029296875,94644700,-0.59%
293,2023-02-27,757.4099731445312,762.22998046875,764.1599731445312,755.9000244140625,103971200,-0.18%
294,2023-02-28,751.72998046875,753.9600219726562,755.8599853515625,751.0900268554688,153512100,-0.75%
295,2023-03-01,746.030029296875,749.1199951171875,750.0,740.3200073242188,120357100,-0.76%
296,2023-03-02,755.0900268554688,745.4600219726562,756.77001953125,744.8599853515625,116296900,1.21%
297,2023-03-03,755.6900024414062,754.6099853515625,756.5,749.1300048828125,110100900,0.08%
298,2023-03-06,758.1699829101562,753.8699951171875,759.030029296875,753.739990234375,113595000,0.33%
299,2023-03-07,750.780029296875,758.9400024414062,760.780029296875,749.3300170898438,121265300,-0.97%
300,2023-03-08,751.6699829101562,750.469970703125,752.3699951171875,747.1199951171875,108134000,0.12%
301,2023-03-09,744.5599975585938,754.760009765625,755.3099975585938,742.5399780273438,111493700,-0.95%
302,2023-03-10,741.1699829101562,746.1400146484375,748.9099731445312,738.22998046875,119123700,-0.46%
303,2023-03-13,744.6799926757812,740.5599975585938,755.6500244140625,740.5599975585938,159935700,0.47%
304,2023-03-14,750.6500244140625,746.7899780273438,751.2899780273438,743.7899780273438,142676300,0.80%
305,2023-03-15,755.75,745.97998046875,756.47998046875,744.5900268554688,156832300,0.68%
306,2023-03-16,755.1900024414062,754.239990234375,756.02001953125,750.0800170898438,142661600,-0.07%
307,2023-03-17,750.6300048828125,754.9099731445312,755.030029296875,746.6500244140625,277877400,-0.60%
308,2023-03-20,760.780029296875,753.7999877929688,761.280029296875,753.7999877929688,148400300,1.35%
309,2023-03-21,759.8400268554688,763.0999755859375,763.4099731445312,754.6300048828125,140404800,-0.12%
310,2023-03-22,752.3800048828125,759.9600219726562,763.7100219726562,752.3099975585938,126338600,-0.98%
311,2023-03-23,749.1300048828125,753.1300048828125,756.3800048828125,746.260009765625,149371800,-0.43%
312,2023-03-24,761.3400268554688,750.9199829101562,761.9600219726562,750.6500244140625,131464800,1.63%
313,2023-03-27,765.47998046875,764.7999877929688,768.97998046875,764.7999877929688,131509700,0.54%
314,2023-03-28,767.1799926757812,766.2000122070312,771.2000122070312,766.010009765625,120808600,0.22%
315,2023-03-29,771.2899780273438,771.4400024414062,771.739990234375,769.3400268554688,115660000,0.54%
316,2023-03-30,773.9299926757812,774.219970703125,775.989990234375,771.469970703125,114300800,0.34%
317,2023-03-31,780.3800048828125,777.719970703125,780.4299926757812,776.75,140006300,0.83%
318,2023-04-03,784.3900146484375,781.0599975585938,785.9299926757812,778.239990234375,134802900,0.51%
319,2023-04-04,782.47998046875,784.6300048828125,787.219970703125,781.030029296875,124072600,-0.24%
320,2023-04-05,786.8200073242188,785.280029296875,789.719970703125,785.280029296875,148120500,0.55%
321,2023-04-06,787.4500122070312,784.8900146484375,788.8900146484375,782.719970703125,119058000,0.08%
322,2023-04-10,787.3400268554688,784.4600219726562,787.3599853515625,780.0399780273438,100824500,-0.01%
323,2023-04-11,789.239990234375,788.4400024414062,791.4500122070312,788.1599731445312,110612000,0.24%
324,2023-04-12,785.7000122070312,788.739990234375,791.9000244140625,784.8300170898438,115804400,-0.45%
325,2023-04-13,790.0599975585938,786.5599975585938,790.6400146484375,782.77001953125,112266900,0.55%
326,2023-04-14,785.469970703125,788.3499755859375,791.4199829101562,783.260009765625,100713800,-0.58%
327,2023-04-17,790.0999755859375,787.6699829101562,790.1400146484375,785.8200073242188,100012700,0.59%
328,2023-04-18,792.6799926757812,790.4400024414062,793.3599853515625,787.8699951171875,96598700,0.33%
329,2023-04-19,792.2899780273438,794.1099853515625,794.6199951171875,790.3599853515625,97659000,-0.05%
330,2023-04-20,792.75,788.8099975585938,794.8099975585938,788.6699829101562,118291100,0.06%
331,2023-04-21,798.6799926757812,799.4199829101562,802.8499755859375,796.9299926757812,139722000,0.75%
332,2023-04-24,801.8699951171875,799.8900146484375,802.510009765625,799.469970703125,110262900,0.40%
333,2023-04-25,800.9400024414062,802.9600219726562,807.1900024414062,800.1900024414062,132248000,-0.12%
334,2023-04-26,795.0499877929688,796.8499755859375,800.219970703125,794.4000244140625,116318000,-0.74%
335,2023-04-27,803.3099975585938,794.1400146484375,803.8800048828125,794.1400146484375,131760100,1.04%
336,2023-04-28,807.2000122070312,804.52001953125,808.530029296875,803.6099853515625,163299200,0.48%
337,2023-05-01,807.9199829101562,806.8499755859375,811.1599731445312,805.739990234375,118634200,0.09%
338,2023-05-02,805.3200073242188,807.0,807.4000244140625,797.1199951171875,144457300,-0.32%
339,2023-05-03,798.97998046875,803.1400146484375,805.8099975585938,798.6500244140625,172357900,-0.79%
340,2023-05-04,796.6300048828125,800.280029296875,800.4099731445312,794.0,137327000,-0.29%
341,2023-05-05,803.739990234375,797.1199951171875,804.5499877929688,796.9099731445312,120456200,0.89%
342,2023-05-08,801.9400024414062,802.1699829101562,802.6799926757812,799.02001953125,130652100,-0.22%
343,2023-05-09,799.5,801.0499877929688,801.969970703125,797.969970703125,116585500,-0.30%
344,2023-05-10,798.3200073242188,800.5800170898438,803.2100219726562,792.7000122070312,127019500,-0.15%
345,2023-05-11,800.8200073242188,798.7899780273438,801.1500244140625,793.75,107415600,0.31%
346,2023-05-12,803.6799926757812,800.8599853515625,803.9000244140625,799.7000122070312,106434800,0.36%
347,2023-05-15,801.489990234375,805.6699829101562,805.9199829101562,798.1099853515625,107382700,-0.27%
348,2023-05-16,794.469970703125,798.97998046875,799.7100219726562,793.22998046875,121077400,-0.88%
349,2023-05-17,793.6599731445312,796.0999755859375,796.530029296875,788.9600219726562,134992700,-0.10%
350,2023-05-18,790.1400146484375,790.7100219726562,792.1199951171875,785.1500244140625,142190900,-0.44%
351,2023-05-19,790.1900024414062,791.760009765625,792.1900024414062,786.97998046875,133463700,0.01%
352,2023-05-22,778.5900268554688,789.7999877929688,789.7999877929688,777.9400024414062,134853500,-1.47%
353,2023-05-23,773.0599975585938,776.5800170898438,776.5800170898438,771.9299926757812,137650500,-0.71%
354,2023-05-24,768.0499877929688,773.4299926757812,773.6799926757812,767.3300170898438,128804700,-0.65%
355,2023-05-25,762.1599731445312,762.0599975585938,764.780029296875,756.9400024414062,165712800,-0.77%
356,2023-05-26,764.8400268554688,761.2899780273438,765.9400024414062,758.9500122070312,147625000,0.35%
357,2023-05-30,756.5499877929688,760.4600219726562,762.27001953125,754.1300048828125,164164200,-1.08%
358,2023-05-31,757.0900268554688,757.3200073242188,761.3599853515625,753.469970703125,363996600,0.07%
359,2023-06-01,756.4400024414062,756.0499877929688,757.8099975585938,752.7000122070312,176818800,-0.09%
360,2023-06-02,766.989990234375,757.22998046875,767.4000244140625,756.8400268554688,153846000,1.39%
361,2023-06-05,764.3099975585938,766.22998046875,771.1300048828125,762.9000244140625,125725800,-0.35%
362,2023-06-06,760.719970703125,765.0700073242188,766.1199951171875,756.27001953125,132034300,-0.47%
363,2023-06-07,758.219970703125,756.9299926757812,760.3300170898438,753.969970703125,172033400,-0.33%
364,2023-06-08,763.8400268554688,758.5,764.030029296875,757.7999877929688,126987400,0.74%
365,2023-06-09,762.9500122070312,762.0399780273438,765.1400146484375,760.0,123543800,-0.12%
366,2023-06-12,763.0,764.010009765625,764.5,759.2000122070312,142537200,0.01%
367,2023-06-13,766.1900024414062,762.1400146484375,767.3200073242188,761.280029296875,137310000,0.42%
368,2023-06-14,770.4600219726562,768.7100219726562,772.969970703125,767.1199951171875,155780100,0.56%
369,2023-06-15,777.6300048828125,772.8099975585938,779.5,771.3499755859375,164589100,0.93%
370,2023-06-16,777.989990234375,779.4400024414062,782.239990234375,777.5,243911500,0.05%
371,2023-06-20,772.1599731445312,778.6599731445312,779.3099975585938,772.1199951171875,142781400,-0.75%
372,2023-06-21,775.1500244140625,771.6799926757812,777.47998046875,769.27001953125,141928700,0.39%
373,2023-06-22,779.1300048828125,779.75,779.969970703125,776.2000122070312,124271600,0.51%
374,2023-06-23,774.52001953125,779.3400268554688,779.469970703125,773.9500122070312,215967500,-0.59%
375,2023-06-26,774.7899780273438,774.0,775.5900268554688,768.9400024414062,127727200,0.03%
376,2023-06-27,777.4099731445312,774.0499877929688,778.1400146484375,773.22998046875,166035700,0.34%
377,2023-06-28,772.8099975585938,775.1300048828125,775.1300048828125,768.8400268554688,157821400,-0.59%
378,2023-06-29,771.6300048828125,769.8900146484375,772.760009765625,766.5499877929688,150696700,-0.15%
379,2023-06-30,778.8200073242188,773.4600219726562,779.9299926757812,773.4600219726562,161522000,0.93%
380,2023-07-03,784.1900024414062,777.1300048828125,784.1900024414062,775.6500244140625,84688400,0.69%
381,2023-07-05,783.4600219726562,781.8800048828125,784.0900268554688,780.6599731445312,145555100,-0.09%
382,2023-07-06,780.760009765625,779.4500122070312,781.6599731445312,777.5,142828000,-0.34%
383,2023-07-07,770.2999877929688,778.0900268554688,778.52001953125,770.030029296875,145533700,-1.34%
384,2023-07-10,770.5599975585938,772.4600219726562,777.8800048828125,769.72998046875,143925500,0.03%
385,2023-07-11,771.6099853515625,771.2100219726562,772.8200073242188,767.010009765625,135690500,0.14%
386,2023-07-12,773.4199829101562,773.8300170898438,775.6300048828125,771.8900146484375,139060800,0.23%
387,2023-07-13,776.8300170898438,774.75,778.1599731445312,771.8099975585938,128939900,0.44%
388,2023-07-14,779.52001953125,776.8099975585938,780.75,774.8400268554688,114323200,0.35%
389,2023-07-17,777.2100219726562,776.9299926757812,779.5499877929688,774.4400024414062,114617700,-0.30%
390,2023-07-18,776.2100219726562,776.7899780273438,782.8800048828125,774.0700073242188,121066100,-0.13%
391,2023-07-19,783.4199829101562,778.0900268554688,784.3400268554688,778.0900268554688,130873400,0.93%
392,2023-07-20,789.6400146484375,784.489990234375,790.77001953125,782.4600219726562,134081000,0.79%
393,2023-07-21,792.3099975585938,791.260009765625,794.5900268554688,790.1199951171875,220473400,0.34%
394,2023-07-24,795.3599853515625,792.8800048828125,796.8099975585938,791.6099853515625,114553300,0.38%
395,2023-07-25,794.9500122070312,795.9000244140625,795.9299926757812,791.4400024414062,128408800,-0.05%
396,2023-07-26,796.6300048828125,793.6699829101562,798.9199829101562,792.3900146484375,131651500,0.21%
397,2023-07-27,790.1599731445312,798.1400146484375,799.8599853515625,790.0900268554688,148008300,-0.81%
398,2023-07-28,797.97998046875,796.3200073242188,801.1599731445312,796.0700073242188,145466900,0.99%
399,2023-07-31,794.3200073242188,797.4600219726562,799.4000244140625,791.489990234375,179506800,-0.46%
400,2023-08-01,790.27001953125,794.2899780273438,796.2899780273438,789.7000122070312,134435400,-0.51%
401,2023-08-02,792.25,787.9600219726562,797.6300048828125,787.9600219726562,146406400,0.25%
402,2023-08-03,790.9000244140625,792.1900024414062,794.0700073242188,790.1199951171875,128408200,-0.17%
403,2023-08-04,782.8200073242188,792.0800170898438,793.6799926757812,782.1199951171875,120235800,-1.02%
404,2023-08-07,789.489990234375,785.3400268554688,790.4400024414062,784.760009765625,113835500,0.85%
405,2023-08-08,784.2899780273438,789.6300048828125,789.8800048828125,782.0999755859375,120879800,-0.66%
406,2023-08-09,785.2999877929688,784.27001953125,789.530029296875,783.6099853515625,107405500,0.13%
407,2023-08-10,783.7000122070312,787.8099975585938,792.530029296875,782.6599731445312,103365500,-0.20%
408,2023-08-11,785.1599731445312,784.1199951171875,786.9500122070312,782.2899780273438,97781400,0.19%
409,2023-08-14,781.0599975585938,787.1400146484375,788.219970703125,779.6699829101562,109582600,-0.52%
410,2023-08-15,773.1199951171875,779.1400146484375,780.1400146484375,772.469970703125,114041100,-1.02%
411,2023-08-16,770.969970703125,776.6400146484375,777.9500122070312,770.0,134772700,-0.28%
412,2023-08-17,763.1500244140625,772.280029296875,773.030029296875,761.6400146484375,147925000,-1.01%
413,2023-08-18,765.97998046875,761.6799926757812,767.52001953125,761.1400146484375,144019900,0.37%
414,2023-08-21,761.0800170898438,764.1500244140625,765.489990234375,758.0499877929688,117084700,-0.64%
415,2023-08-22,757.0499877929688,758.5700073242188,759.489990234375,756.0,120889900,-0.53%
416,2023-08-23,761.7899780273438,759.6300048828125,761.7899780273438,758.4199829101562,114299700,0.63%
417,2023-08-24,755.9199829101562,760.1400146484375,766.27001953125,755.8200073242188,136468800,-0.77%
418,2023-08-25,760.1599731445312,758.280029296875,762.02001953125,755.4600219726562,200550800,0.56%
419,2023-08-28,763.6300048828125,762.8499755859375,764.9299926757812,761.1199951171875,136509700,0.46%
420,2023-08-29,766.77001953125,764.8400268554688,767.0800170898438,759.97998046875,170751500,0.41%
421,2023-08-30,768.1099853515625,768.010009765625,770.1500244140625,765.8499755859375,143732300,0.17%
422,2023-08-31,763.989990234375,764.9099731445312,767.719970703125,763.9099731445312,212825100,-0.54%
423,2023-09-01,757.6500244140625,766.4099731445312,766.989990234375,755.0800170898438,186207800,-0.83%
424,2023-09-05,751.3599853515625,757.2899780273438,759.25,751.25,189349200,-0.83%
425,2023-09-06,749.9099731445312,750.9299926757812,752.260009765625,748.4099731445312,169006500,-0.19%
426,2023-09-07,752.4500122070312,752.5399780273438,754.8099975585938,749.4000244140625,262399900,0.34%
427,2023-09-08,753.6199951171875,752.1599731445312,753.6900024414062,750.719970703125,199393300,0.16%
428,2023-09-11,759.8800048828125,755.6400146484375,760.6500244140625,755.1900024414062,196111900,0.83%
429,2023-09-12,754.5,760.510009765625,760.9099731445312,753.4299926757812,173468600,-0.71%
430,2023-09-13,756.4299926757812,755.2999877929688,758.3599853515625,753.780029296875,168783500,0.26%
431,2023-09-14,762.6099853515625,757.4500122070312,763.3300170898438,757.0700073242188,165453600,0.82%
432,2023-09-15,756.3900146484375,761.4199829101562,763.7999877929688,756.1099853515625,384644300,-0.82%
433,2023-09-18,757.030029296875,759.0399780273438,759.0399780273438,753.52001953125,149701100,0.08%
434,2023-09-19,755.1400146484375,756.3400268554688,756.5499877929688,751.4400024414062,154621700,-0.25%
435,2023-09-20,756.3099975585938,757.2899780273438,761.030029296875,753.9299926757812,138499700,0.15%
436,2023-09-21,746.4099731445312,755.469970703125,756.0900268554688,746.219970703125,172426000,-1.31%
437,2023-09-22,742.8900146484375,746.8300170898438,748.3099975585938,742.239990234375,159516700,-0.47%
438,2023-09-25,739.719970703125,741.22998046875,741.6699829101562,736.2999877929688,132601100,-0.43%
439,2023-09-26,733.0599975585938,736.8599853515625,737.760009765625,732.6699829101562,161004700,-0.90%
440,2023-09-27,727.4199829101562,731.719970703125,734.489990234375,723.75,179435800,-0.77%
441,2023-09-28,729.2100219726562,728.8699951171875,731.22998046875,726.27001953125,169034600,0.25%
442,2023-09-29,727.3599853515625,732.2100219726562,732.9299926757812,723.5,182472000,-0.25%
443,2023-10-02,722.6699829101562,726.3499755859375,726.75,717.77001953125,191412700,-0.64%
444,2023-10-03,717.6199951171875,720.739990234375,724.0900268554688,716.6199951171875,181984500,-0.70%
445,2023-10-04,722.8699951171875,719.3699951171875,723.3200073242188,715.1400146484375,165081800,0.73%
446,2023-10-05,707.9099731445312,721.9099731445312,721.989990234375,707.4500122070312,208080000,-2.07%
447,2023-10-06,704.510009765625,704.2000122070312,706.6900024414062,688.510009765625,263592700,-0.48%
448,2023-10-09,704.97998046875,702.719970703125,704.97998046875,696.469970703125,171815500,0.07%
449,2023-10-10,712.5700073242188,710.02001953125,715.9400024414062,708.8300170898438,192566300,1.08%
450,2023-10-11,708.010009765625,714.6599731445312,716.6099853515625,704.3499755859375,177059500,-0.64%
451,2023-10-12,699.8800048828125,709.47998046875,709.5399780273438,697.5700073242188,235500600,-1.15%
452,2023-10-13,705.780029296875,700.6500244140625,706.9500122070312,700.0599975585938,194375100,0.84%
453,2023-10-16,712.6799926757812,710.0399780273438,715.1599731445312,707.1599731445312,169512100,0.98%
454,2023-10-17,716.2899780273438,710.8900146484375,717.3800048828125,710.7999877929688,170662900,0.51%
455,2023-10-18,719.0900268554688,719.6500244140625,724.1199951171875,717.6400146484375,166311600,0.39%
456,2023-10-19,713.52001953125,719.0,720.4000244140625,712.8499755859375,173876000,-0.77%
457,2023-10-20,710.8200073242188,715.3099975585938,717.8499755859375,710.72998046875,179501300,-0.38%
458,2023-10-23,708.8800048828125,709.3699951171875,714.030029296875,707.2000122070312,176835300,-0.27%
459,2023-10-24,715.6599731445312,710.989990234375,716.8599853515625,710.77001953125,183784100,0.96%
460,2023-10-25,717.989990234375,714.760009765625,721.0,712.6699829101562,182913400,0.33%
461,2023-10-26,713.47998046875,718.7999877929688,720.719970703125,713.27001953125,232650000,-0.63%
462,2023-10-27,703.7999877929688,712.6599731445312,714.489990234375,701.72998046875,202652400,-1.36%
463,2023-10-30,714.72998046875,707.510009765625,716.0800170898438,707.2899780273438,187957500,1.55%
464,2023-10-31,717.3900146484375,716.0,718.0599975585938,712.02001953125,258088600,0.37%
465,2023-11-01,716.97998046875,718.4600219726562,719.5800170898438,713.1400146484375,200211200,-0.06%
466,2023-11-02,725.97998046875,718.3699951171875,726.7999877929688,716.2100219726562,179745900,1.26%
467,2023-11-03,726.6599731445312,731.1400146484375,732.6099853515625,726.3200073242188,167818200,0.09%
468,2023-11-06,727.9299926757812,726.489990234375,730.6099853515625,726.2999877929688,149757000,0.17%
469,2023-11-07,729.4500122070312,728.0700073242188,732.2899780273438,727.010009765625,134367100,0.21%
470,2023-11-08,726.3699951171875,730.6799926757812,731.8599853515625,724.489990234375,156144200,-0.42%
471,2023-11-09,723.4500122070312,727.5999755859375,727.6199951171875,721.72998046875,148869200,-0.40%
472,2023-11-10,728.22998046875,725.5700073242188,729.030029296875,721.0399780273438,157751500,0.66%
473,2023-11-13,730.8900146484375,727.8800048828125,732.6400146484375,727.8599853515625,155354900,0.37%
474,2023-11-14,737.4299926757812,733.9500122070312,739.6099853515625,733.6500244140625,179495600,0.89%
475,2023-11-15,742.5800170898438,741.760009765625,743.7999877929688,740.260009765625,200722200,0.70%
476,2023-11-16,733.6900024414062,735.5,737.969970703125,732.239990234375,215451100,-1.20%
477,2023-11-17,732.3800048828125,734.5599975585938,734.5599975585938,730.2000122070312,177691200,-0.18%
478,2023-11-20,732.3200073242188,731.0399780273438,733.6799926757812,729.3900146484375,154262700,-0.01%
479,2023-11-21,734.9000244140625,733.4099731445312,735.3800048828125,729.4500122070312,159850100,0.35%
480,2023-11-22,740.1099853515625,737.1599731445312,740.5900268554688,736.7100219726562,141872800,0.71%
481,2023-11-24,742.9400024414062,741.5,743.5800170898438,741.1099853515625,68510300,0.38%
482,2023-11-27,741.1599731445312,743.1699829101562,743.739990234375,740.6300048828125,170635400,-0.24%
483,2023-11-28,744.1400146484375,741.0399780273438,746.2999877929688,740.9199829101562,162371200,0.40%
484,2023-11-29,738.1300048828125,744.6199951171875,744.6199951171875,737.3699951171875,164556800,-0.81%
485,2023-11-30,744.260009765625,737.6599731445312,744.52001953125,732.989990234375,299738200,0.83%
486,2023-12-01,747.0499877929688,744.25,747.27001953125,741.5700073242188,167291500,0.37%
487,2023-12-04,747.7899780273438,744.6099853515625,750.3099975585938,744.6099853515625,175275200,0.10%
488,2023-12-05,741.8699951171875,747.3900146484375,748.2999877929688,741.1900024414062,157447100,-0.79%
489,2023-12-06,740.2000122070312,740.760009765625,741.77001953125,736.8900146484375,201749900,-0.23%
490,2023-12-07,742.5900268554688,742.010009765625,744.8699951171875,739.1400146484375,228797300,0.32%
491,2023-12-08,737.75,741.75,741.8099975585938,736.4600219726562,166576900,-0.65%
492,2023-12-11,744.8699951171875,742.2999877929688,745.1400146484375,740.6699829101562,178242400,0.97%
493,2023-12-12,747.1699829101562,746.6300048828125,747.27001953125,743.25,160455200,0.31%
494,2023-12-13,760.760009765625,747.6900024414062,760.760009765625,745.4600219726562,199838000,1.82%
495,2023-12-14,749.4500122070312,760.9299926757812,761.969970703125,748.9400024414062,243729000,-1.49%
496,2023-12-15,749.4299926757812,748.489990234375,751.6799926757812,746.780029296875,440701900,-0.00%
497,2023-12-18,757.52001953125,752.6900024414062,760.3699951171875,751.52001953125,176588800,1.08%
498,2023-12-19,759.219970703125,757.1300048828125,759.6400146484375,755.75,199727800,0.22%
499,2023-12-20,743.8900146484375,753.0700073242188,755.030029296875,743.6300048828125,194922300,-2.02%
500,2023-12-21,749.010009765625,747.0999755859375,749.25,742.8200073242188,145207800,0.69%
501,2023-12-22,754.1599731445312,750.5499877929688,755.8499755859375,749.8699951171875,116963800,0.69%
502,2023-12-26,757.5,753.1900024414062,759.280029296875,753.0800170898438,99899800,0.44%
503,2023-12-27,760.8599853515625,757.1199951171875,761.010009765625,756.969970703125,115532100,0.44%
504,2023-12-28,761.0800170898438,760.0599975585938,762.1699829101562,758.8499755859375,109110300,0.03%
505,2023-12-29,762.3200073242188,760.25,762.9600219726562,759.3499755859375,121767600,0.16%
506,2024-01-02,771.02001953125,760.6599731445312,772.1599731445312,759.8300170898438,210188600,1.14%
507,2024-01-03,765.530029296875,772.260009765625,773.3200073242188,764.3599853515625,191064300,-0.71%
508,2024-01-04,764.4000244140625,764.5999755859375,769.3699951171875,763.25,224513000,-0.15%
509,2024-01-05,762.5499877929688,765.219970703125,767.0499877929688,757.719970703125,169828800,-0.24%
510,2024-01-08,767.989990234375,763.239990234375,768.1799926757812,762.3599853515625,181937400,0.71%
511,2024-01-09,769.8400268554688,764.6900024414062,769.8400268554688,762.6500244140625,171085500,0.24%
512,2024-01-10,768.8699951171875,769.489990234375,773.030029296875,766.6099853515625,168925200,-0.13%
513,2024-01-11,768.719970703125,768.27001953125,769.2999877929688,763.6900024414062,162778300,-0.02%
514,2024-01-12,771.3800048828125,772.4099731445312,772.8800048828125,768.6900024414062,145772100,0.35%
515,2024-01-16,767.6500244140625,771.0700073242188,772.0499877929688,764.4000244140625,166915900,-0.48%
516,2024-01-17,766.7000122070312,765.219970703125,769.3800048828125,764.7100219726562,150709100,-0.12%
517,2024-01-18,765.8699951171875,762.6699829101562,766.2899780273438,759.780029296875,147885800,-0.11%
518,2024-01-19,763.3699951171875,765.77001953125,766.1900024414062,759.5999755859375,171547100,-0.33%
519,2024-01-22,759.8200073242188,760.3200073242188,763.030029296875,758.719970703125,213950100,-0.47%
520,2024-01-23,768.010009765625,763.5700073242188,768.9199829101562,763.5700073242188,210600600,1.08%
521,2024-01-24,758.5599975585938,767.3699951171875,767.3699951171875,758.3300170898438,186217800,-1.23%
522,2024-01-25,765.5700073242188,761.2100219726562,765.6199951171875,758.489990234375,176562700,0.92%
523,2024-01-26,769.719970703125,768.1199951171875,770.5700073242188,767.510009765625,171902100,0.54%
524,2024-01-29,773.75,771.2100219726562,774.239990234375,768.6900024414062,182707500,0.52%
525,2024-01-30,778.0599975585938,773.0,778.6599731445312,770.0499877929688,170907900,0.56%
526,2024-01-31,772.7999877929688,779.4000244140625,780.530029296875,772.0700073242188,269485600,-0.68%
527,2024-02-01,788.0399780273438,773.0800170898438,788.1300048828125,770.8099975585938,185883700,1.97%
528,2024-02-02,786.0900268554688,786.6300048828125,789.469970703125,782.3099975585938,179517700,-0.25%
529,2024-02-05,781.4099731445312,784.4199829101562,786.6599731445312,781.0800170898438,191165800,-0.60%
530,2024-02-06,783.1900024414062,781.2000122070312,783.6799926757812,778.8800048828125,175461200,0.23%
531,2024-02-07,782.5900268554688,786.1599731445312,786.4099731445312,782.0,177004700,-0.08%
532,2024-02-08,782.3099975585938,781.5599975585938,785.4099731445312,778.969970703125,210381900,-0.04%
533,2024-02-09,775.6500244140625,779.8200073242188,779.8200073242188,774.25,177936700,-0.85%
534,2024-02-12,780.5700073242188,775.219970703125,780.7999877929688,772.1900024414062,158435500,0.63%
535,2024-02-13,772.8900146484375,779.9099731445312,782.1400146484375,767.969970703125,195198600,-0.98%
536,2024-02-14,771.4000244140625,771.77001953125,772.1199951171875,767.3699951171875,172206200,-0.19%
537,2024-02-15,775.5700073242188,773.3099975585938,776.739990234375,773.1900024414062,158617800,0.54%
538,2024-02-16,776.8200073242188,774.2000122070312,780.6799926757812,771.8300170898438,172547000,0.16%
539,2024-02-20,785.5900268554688,782.9500122070312,790.6199951171875,782.780029296875,201250600,1.13%
540,2024-02-21,787.8400268554688,788.0399780273438,789.0800170898438,784.2899780273438,164442400,0.29%
541,2024-02-22,790.780029296875,784.9400024414062,791.5999755859375,781.9500122070312,174212900,0.37%
542,2024-02-23,793.1799926757812,792.0599975585938,797.4400024414062,790.1300048828125,202762100,0.30%
543,2024-02-26,790.8800048828125,793.8699951171875,794.1400146484375,789.9099731445312,191933800,-0.29%
544,2024-02-27,790.75,789.97998046875,791.4299926757812,788.7100219726562,152847200,-0.02%
545,2024-02-28,791.4600219726562,790.030029296875,792.4000244140625,788.3499755859375,141649300,0.09%
546,2024-02-29,789.2000122070312,793.2100219726562,793.8499755859375,787.72998046875,261784900,-0.29%
547,2024-03-01,788.9099731445312,786.6500244140625,789.8099975585938,783.8300170898438,213594600,-0.04%
548,2024-03-04,789.8099975585938,787.2100219726562,790.8900146484375,785.9199829101562,213810300,0.11%
549,2024-03-05,792.530029296875,794.4400024414062,797.72998046875,790.7899780273438,211549200,0.34%
550,2024-03-06,798.8900146484375,795.5800170898438,800.3099975585938,795.5800170898438,198524400,0.80%
551,2024-03-07,802.8300170898438,802.7100219726562,803.8599853515625,800.2100219726562,194958100,0.49%
552,2024-03-08,796.1400146484375,796.6500244140625,798.780029296875,793.5999755859375,168747700,-0.83%
553,2024-03-11,800.760009765625,796.1400146484375,801.5399780273438,795.6699829101562,161369400,0.58%
554,2024-03-12,805.8400268554688,802.1599731445312,807.9199829101562,801.8699951171875,166494500,0.63%
555,2024-03-13,806.8800048828125,806.5999755859375,807.989990234375,804.469970703125,213979200,0.13%
556,2024-03-14,800.5999755859375,807.0499877929688,807.6199951171875,798.27001953125,221065400,-0.78%
557,2024-03-15,799.719970703125,796.6400146484375,800.7899780273438,796.6400146484375,504246300,-0.11%
558,2024-03-18,806.260009765625,800.8099975585938,808.780029296875,800.8099975585938,222335800,0.82%
559,2024-03-19,809.0999755859375,807.6500244140625,809.7000122070312,806.9500122070312,200906400,0.35%
560,2024-03-20,810.989990234375,809.2100219726562,811.4199829101562,806.989990234375,176716700,0.23%
561,2024-03-21,811.3099975585938,810.989990234375,814.25,808.469970703125,182554000,0.04%
562,2024-03-22,806.75,811.9600219726562,811.9600219726562,806.75,167555100,-0.56%
563,2024-03-25,804.5800170898438,806.8200073242188,808.5700073242188,803.1699829101562,187310200,-0.27%
564,2024-03-26,805.0700073242188,804.8300170898438,807.1599731445312,804.4099731445312,190187100,0.06%
565,2024-03-27,812.8400268554688,808.4299926757812,812.8400268554688,808.4299926757812,177817500,0.97%
566,2024-03-28,814.22998046875,815.6900024414062,816.469970703125,813.27001953125,210898100,0.17%
567,2024-04-01,807.989990234375,814.1799926757812,815.3099975585938,807.8099975585938,193199300,-0.77%
568,2024-04-02,803.3599853515625,807.3699951171875,808.6500244140625,801.9299926757812,205562600,-0.57%
569,2024-04-03,794.530029296875,802.260009765625,802.72998046875,793.1799926757812,207722900,-1.10%
570,2024-04-04,790.75,798.5700073242188,799.22998046875,790.0700073242188,219747800,-0.48%
571,2024-04-05,792.469970703125,789.7899780273438,794.6400146484375,788.52001953125,165802600,0.22%
572,2024-04-08,791.0399780273438,790.6599731445312,793.8599853515625,790.6599731445312,155930800,-0.18%
573,2024-04-09,795.1099853515625,793.1699829101562,795.260009765625,788.969970703125,143296700,0.51%
574,2024-04-10,792.3699951171875,788.9000244140625,793.2899780273438,786.52001953125,183208700,-0.34%
575,2024-04-11,790.1599731445312,795.6500244140625,796.1599731445312,787.8300170898438,182757100,-0.28%
576,2024-04-12,782.989990234375,787.0900268554688,789.0499877929688,781.8400268554688,166022400,-0.91%
577,2024-04-15,779.4500122070312,787.4600219726562,789.0800170898438,778.25,176705300,-0.45%
578,2024-04-16,780.010009765625,780.8499755859375,782.2899780273438,778.25,178777500,0.07%
579,2024-04-17,783.5599975585938,784.72998046875,785.5700073242188,779.2999877929688,158749000,0.46%
580,2024-04-18,786.7999877929688,785.5700073242188,788.2100219726562,783.6400146484375,159477900,0.41%
581,2024-04-19,794.27001953125,786.4600219726562,794.6400146484375,784.8499755859375,216708500,0.95%
582,2024-04-22,801.7100219726562,796.7999877929688,803.9400024414062,792.3499755859375,177719300,0.94%
583,2024-04-23,802.9500122070312,803.1300048828125,804.0900268554688,799.780029296875,201897300,0.15%
584,2024-04-24,810.3800048828125,798.3800048828125,811.3099975585938,793.7100219726562,221449300,0.93%
585,2024-04-25,808.02001953125,813.4000244140625,816.280029296875,805.5399780273438,194712600,-0.29%
586,2024-04-26,806.489990234375,805.3499755859375,810.8200073242188,805.1300048828125,156781900,-0.19%
587,2024-04-29,808.8800048828125,807.4299926757812,808.9199829101562,803.9600219726562,154043900,0.30%
588,2024-04-30,805.510009765625,807.7999877929688,808.1300048828125,803.3300170898438,218440800,-0.42%
589,2024-05-01,800.5900268554688,803.6099853515625,806.6300048828125,797.219970703125,207548600,-0.61%
590,2024-05-02,806.9600219726562,803.1099853515625,810.010009765625,800.1799926757812,187761900,0.80%
591,2024-05-03,809.6599731445312,807.0700073242188,811.3099975585938,803.0599975585938,174275800,0.33%
592,2024-05-06,810.2999877929688,811.6500244140625,812.010009765625,805.27001953125,177959700,0.08%
593,2024-05-07,819.0999755859375,814.260009765625,819.4600219726562,813.3400268554688,175410100,1.09%
594,2024-05-08,816.8499755859375,819.5399780273438,820.6400146484375,815.719970703125,160055400,-0.27%
595,2024-05-09,823.0599975585938,816.97998046875,823.1699829101562,816.6900024414062,131750200,0.76%
596,2024-05-10,828.2899780273438,823.1300048828125,829.0700073242188,822.5999755859375,135913600,0.64%
597,2024-05-13,826.010009765625,830.219970703125,832.1699829101562,824.5399780273438,169281000,-0.28%
598,2024-05-14,824.1699829101562,826.8499755859375,827.6400146484375,820.030029296875,167795000,-0.22%
599,2024-05-15,824.3499755859375,823.719970703125,825.9299926757812,823.4000244140625,238468500,0.02%
600,2024-05-16,836.5700073242188,832.0900268554688,838.8099975585938,830.6199951171875,263165000,1.48%
601,2024-05-17,834.4299926757812,836.5399780273438,836.5399780273438,832.780029296875,193776400,-0.26%
602,2024-05-20,828.72998046875,833.3800048828125,833.6400146484375,828.02001953125,159056600,-0.68%
603,2024-05-21,833.6799926757812,831.0700073242188,834.0599975585938,829.5700073242188,182575000,0.60%
604,2024-05-22,831.52001953125,829.1799926757812,833.8599853515625,827.219970703125,175474100,-0.26%
605,2024-05-23,821.5499877929688,828.4500122070312,830.0399780273438,821.030029296875,166601900,-1.20%
606,2024-05-24,823.4299926757812,824.4299926757812,826.4299926757812,823.0,144148400,0.23%
607,2024-05-28,816.47998046875,820.4000244140625,822.22998046875,813.2899780273438,188393000,-0.84%
608,2024-05-29,810.3200073242188,812.5999755859375,814.8300170898438,809.97998046875,175691900,-0.75%
609,2024-05-30,812.3900146484375,811.530029296875,814.47998046875,810.6099853515625,181530500,0.26%
610,2024-05-31,824.22998046875,810.280029296875,824.8599853515625,807.6500244140625,339525500,1.46%
611,2024-06-03,824.2000122070312,821.4000244140625,828.0,819.5999755859375,186325100,-0.00%
612,2024-06-04,831.8900146484375,824.3499755859375,833.1599731445312,822.75,196185600,0.93%
613,2024-06-05,830.0700073242188,831.969970703125,832.1599731445312,823.9299926757812,209941500,-0.22%
614,2024-06-06,833.010009765625,830.3499755859375,835.77001953125,828.1900024414062,198979700,0.35%
615,2024-06-07,828.010009765625,831.8900146484375,834.0499877929688,827.0499877929688,156123900,-0.60%
616,2024-06-10,826.2000122070312,828.7100219726562,829.2100219726562,821.3300170898438,189287600,-0.22%
617,2024-06-11,825.3800048828125,824.530029296875,825.3800048828125,819.1799926757812,170372300,-0.10%
618,2024-06-12,817.1300048828125,826.75,826.780029296875,814.9000244140625,184536700,-1.00%
619,2024-06-13,817.989990234375,815.9299926757812,818.4000244140625,812.9199829101562,169359600,0.11%
620,2024-06-14,818.0499877929688,814.969970703125,818.1900024414062,812.530029296875,151145500,0.01%
621,2024-06-17,826.1500244140625,816.2000122070312,827.469970703125,813.9000244140625,178404900,0.99%
622,2024-06-18,826.8699951171875,825.260009765625,828.0999755859375,823.6699829101562,187999600,0.09%
623,2024-06-20,825.1199951171875,825.8699951171875,829.5599975585938,823.3699951171875,200520900,-0.21%
624,2024-06-21,825.3300170898438,826.6400146484375,830.8400268554688,824.5800170898438,401406200,0.03%
625,2024-06-24,833.5700073242188,827.239990234375,835.0900268554688,825.5999755859375,197053000,1.00%
626,2024-06-25,828.1699829101562,831.3499755859375,832.260009765625,825.7999877929688,182551100,-0.65%
627,2024-06-26,827.7999877929688,823.3400268554688,829.3099975585938,821.6699829101562,169026100,-0.04%
628,2024-06-27,823.6699829101562,827.6199951171875,828.0800170898438,820.530029296875,283368400,-0.50%
629,2024-06-28,819.8599853515625,822.4099731445312,824.5,817.8099975585938,381564400,-0.46%
630,2024-07-01,814.3400268554688,823.2000122070312,827.25,813.3099975585938,185758100,-0.67%
631,2024-07-02,819.4000244140625,814.8200073242188,819.6199951171875,812.52001953125,164339300,0.62%
632,2024-07-03,818.4400024414062,817.5900268554688,821.1400146484375,816.02001953125,111746400,-0.12%
633,2024-07-05,828.3400268554688,818.47998046875,828.9000244140625,816.9500122070312,177818700,1.21%
634,2024-07-08,826.5800170898438,828.6300048828125,829.510009765625,824.5800170898438,176439300,-0.21%
635,2024-07-09,824.6300048828125,826.97998046875,828.3200073242188,824.2899780273438,162124800,-0.24%
636,2024-07-10,828.3400268554688,825.02001953125,828.5900268554688,824.1400146484375,184000900,0.45%
637,2024-07-11,825.4600219726562,826.5,828.4199829101562,822.530029296875,218204100,-0.35%
638,2024-07-12,828.9600219726562,829.260009765625,833.77001953125,826.4199829101562,150778700,0.42%
639,2024-07-15,823.9500122070312,829.4299926757812,830.4000244140625,823.5499877929688,168756900,-0.60%
640,2024-07-16,831.75,824.239990234375,831.8800048828125,823.3800048828125,157362900,0.95%
641,2024-07-17,843.6599731445312,834.1799926757812,844.7100219726562,833.72998046875,198854200,1.43%
642,2024-07-18,839.5999755859375,840.1500244140625,847.77001953125,839.3800048828125,165991000,-0.48%
643,2024-07-19,836.4199829101562,841.3599853515625,841.6400146484375,834.4299926757812,219145200,-0.38%
644,2024-07-22,836.1199951171875,838.2899780273438,838.2899780273438,832.2000122070312,161793100,-0.04%
645,2024-07-23,833.469970703125,837.8099975585938,839.4600219726562,832.780029296875,144114000,-0.32%
646,2024-07-24,833.7899780273438,831.9400024414062,834.6599731445312,827.5700073242188,196735500,0.04%
647,2024-07-25,833.5399780273438,836.8699951171875,845.3300170898438,833.510009765625,205339800,-0.03%
648,2024-07-26,840.97998046875,835.5900268554688,842.02001953125,834.3300170898438,168325800,0.89%
649,2024-07-29,841.5700073242188,840.5900268554688,843.25,835.2999877929688,160519700,0.07%
650,2024-07-30,836.010009765625,839.1199951171875,839.1900024414062,828.1900024414062,189661600,-0.66%
651,2024-07-31,834.3599853515625,836.02001953125,839.8800048828125,831.239990234375,274463000,-0.20%
652,2024-08-01,843.4600219726562,835.8599853515625,844.5800170898438,833.6799926757812,193961600,1.09%
653,2024-08-02,850.739990234375,850.0999755859375,855.8499755859375,834.4400024414062,243677400,0.86%
