,date,splrci,open,high,low,volume,splrci_cr
0,2021-12-27,888.530029296875,880.3900146484375,888.8499755859375,879.5900268554688,125784700,nan%
1,2021-12-28,893.0700073242188,888.0599975585938,895.1900024414062,887.5,124644800,0.51%
2,2021-12-29,894.530029296875,892.3800048828125,896.2999877929688,890.8099975585938,116926900,0.16%
3,2021-12-30,891.030029296875,894.97998046875,899.219970703125,890.5599975585938,117410700,-0.39%
4,2021-12-31,894.9600219726562,889.780029296875,898.5,889.0,111647400,0.44%
5,2022-01-03,887.5900268554688,896.0999755859375,898.2999877929688,883.25,192847600,-0.82%
6,2022-01-04,905.6300048828125,893.2899780273438,907.1500244140625,893.1500244140625,195210500,2.03%
7,2022-01-05,896.9500122070312,906.6599731445312,912.4199829101562,893.1500244140625,206105700,-0.96%
8,2022-01-06,901.010009765625,900.3099975585938,904.219970703125,896.7100219726562,149979800,0.45%
9,2022-01-07,900.75,901.7999877929688,906.739990234375,900.6400146484375,201962000,-0.03%
10,2022-01-10,890.3900146484375,898.6799926757812,898.7999877929688,883.8099975585938,199231700,-1.15%
11,2022-01-11,896.030029296875,891.97998046875,897.0499877929688,882.3599853515625,164275800,0.63%
12,2022-01-12,898.6799926757812,899.2999877929688,903.4199829101562,896.280029296875,176667500,0.30%
13,2022-01-13,900.3300170898438,900.8499755859375,908.5599975585938,897.7899780273438,219260800,0.18%
14,2022-01-14,895.1799926757812,894.27001953125,895.97998046875,886.510009765625,207398600,-0.57%
15,2022-01-18,884.5399780273438,889.469970703125,889.469970703125,880.1199951171875,228143300,-1.19%
16,2022-01-19,874.7999877929688,885.8099975585938,888.1400146484375,874.4299926757812,200231400,-1.10%
17,2022-01-20,863.969970703125,875.9500122070312,885.6599731445312,862.760009765625,224398700,-1.24%
18,2022-01-21,855.6300048828125,863.8400268554688,870.3200073242188,852.9199829101562,285480700,-0.97%
19,2022-01-24,860.2000122070312,847.5399780273438,861.9500122070312,829.5800170898438,315138800,0.53%
20,2022-01-25,852.1699829101562,850.02001953125,859.3599853515625,832.2100219726562,260921200,-0.93%
21,2022-01-26,845.1400146484375,856.239990234375,866.5800170898438,836.6300048828125,267864500,-0.82%
22,2022-01-27,837.3099975585938,847.0399780273438,858.530029296875,832.2100219726562,236242100,-0.93%
23,2022-01-28,843.0399780273438,835.8499755859375,843.0399780273438,820.239990234375,257382000,0.68%
24,2022-01-31,852.3400268554688,839.1199951171875,852.6799926757812,836.1799926757812,244477500,1.10%
25,2022-02-01,864.4299926757812,858.739990234375,866.3400268554688,852.280029296875,225387400,1.42%
26,2022-02-02,870.2100219726562,863.8499755859375,871.4099731445312,859.1599731445312,220245600,0.67%
27,2022-02-03,855.6500244140625,866.0599975585938,867.5999755859375,854.6300048828125,212796800,-1.67%
28,2022-02-04,846.52001953125,852.9400024414062,867.5999755859375,839.760009765625,219727100,-1.07%
29,2022-02-07,847.1099853515625,848.4400024414062,853.6199951171875,844.4000244140625,227474300,0.07%
30,2022-02-08,855.6199951171875,849.4400024414062,857.22998046875,846.4299926757812,216177800,1.00%
31,2022-02-09,867.3200073242188,862.77001953125,868.4400024414062,862.77001953125,214454400,1.37%
32,2022-02-10,852.969970703125,860.260009765625,868.6599731445312,848.75,213549000,-1.65%
33,2022-02-11,840.1500244140625,853.1099853515625,856.8200073242188,836.030029296875,258542300,-1.50%
34,2022-02-14,836.780029296875,840.3900146484375,843.27001953125,830.2899780273438,216204200,-0.40%
35,2022-02-15,849.4500122070312,841.3599853515625,852.8400268554688,841.3599853515625,232586900,1.51%
36,2022-02-16,853.8499755859375,847.7899780273438,856.52001953125,845.1300048828125,185107400,0.52%
37,2022-02-17,838.0,850.02001953125,850.02001953125,836.739990234375,189105700,-1.86%
38,2022-02-18,830.3400268554688,837.5,842.1500244140625,828.239990234375,219292000,-0.91%
39,2022-02-22,822.6699829101562,829.9299926757812,834.530029296875,818.3099975585938,226000000,-0.92%
40,2022-02-23,807.22998046875,825.9400024414062,827.2899780273438,806.3099975585938,217113300,-1.88%
41,2022-02-24,817.219970703125,798.97998046875,819.030029296875,788.6400146484375,307463600,1.24%
42,2022-02-25,836.8599853515625,818.489990234375,839.030029296875,818.489990234375,262414000,2.40%
43,2022-02-28,842.72998046875,832.22998046875,844.1900024414062,829.780029296875,295381800,0.70%
44,2022-03-01,829.8499755859375,841.5599975585938,844.8900146484375,825.0700073242188,292938700,-1.53%
45,2022-03-02,848.0599975585938,831.510009765625,851.72998046875,831.510009765625,248720600,2.19%
46,2022-03-03,848.72998046875,849.5599975585938,855.780029296875,845.1699829101562,261355800,0.08%
47,2022-03-04,846.8099975585938,842.8699951171875,847.7000122070312,835.22998046875,337620900,-0.23%
48,2022-03-07,824.02001953125,847.2100219726562,850.1199951171875,823.8300170898438,397023400,-2.69%
49,2022-03-08,818.7899780273438,826.469970703125,840.8099975585938,818.3200073242188,385355400,-0.63%
50,2022-03-09,833.6500244140625,828.8400268554688,839.9199829101562,828.8400268554688,338532300,1.81%
51,2022-03-10,832.6500244140625,825.780029296875,833.989990234375,824.0700073242188,263437000,-0.12%
52,2022-03-11,826.0,837.5599975585938,842.219970703125,825.510009765625,237973300,-0.80%
53,2022-03-14,828.6599731445312,830.1199951171875,837.4199829101562,822.8800048828125,271891900,0.32%
54,2022-03-15,841.52001953125,833.7000122070312,843.3699951171875,831.4099731445312,300862400,1.55%
55,2022-03-16,852.6099853515625,845.260009765625,854.3499755859375,836.1500244140625,306782800,1.32%
56,2022-03-17,864.0499877929688,849.010009765625,864.0499877929688,848.4000244140625,228125800,1.34%
57,2022-03-18,867.469970703125,863.1500244140625,867.8599853515625,856.1799926757812,331025700,0.40%
58,2022-03-21,868.9400024414062,864.8499755859375,872.1099853515625,863.6599731445312,255843600,0.17%
59,2022-03-22,873.5399780273438,871.5,875.7899780273438,869.3499755859375,217103700,0.53%
60,2022-03-23,865.5499877929688,870.6099853515625,871.8200073242188,865.4299926757812,187450200,-0.91%
61,2022-03-24,872.0,868.1400146484375,872.1500244140625,866.02001953125,175634900,0.75%
62,2022-03-25,877.47998046875,873.5900268554688,877.6099853515625,870.0399780273438,176472900,0.63%
63,2022-03-28,877.75,876.1199951171875,877.760009765625,869.6799926757812,175018900,0.03%
64,2022-03-29,885.6300048828125,882.4000244140625,886.1400146484375,877.280029296875,341048000,0.90%
65,2022-03-30,884.3099975585938,884.2000122070312,889.8099975585938,880.739990234375,184411400,-0.15%
66,2022-03-31,870.4600219726562,881.8400268554688,887.52001953125,870.4600219726562,216237100,-1.57%
67,2022-04-01,864.3699951171875,873.739990234375,874.489990234375,857.8099975585938,195430700,-0.70%
68,2022-04-04,862.8599853515625,863.22998046875,863.6099853515625,853.1400146484375,174963000,-0.17%
69,2022-04-05,850.8300170898438,859.780029296875,866.6599731445312,849.2000122070312,217350800,-1.39%
70,2022-04-06,844.3300170898438,844.489990234375,846.47998046875,838.5800170898438,254729500,-0.76%
71,2022-04-07,846.9299926757812,841.9000244140625,849.9500122070312,833.760009765625,233107900,0.31%
72,2022-04-08,841.8099975585938,846.0499877929688,849.7000122070312,840.510009765625,183157800,-0.60%
73,2022-04-11,839.3300170898438,840.4299926757812,849.1500244140625,838.1799926757812,196923500,-0.29%
74,2022-04-12,838.1500244140625,841.3800048828125,850.0900268554688,834.75,196210100,-0.14%
75,2022-04-13,846.25,840.0499877929688,846.9000244140625,840.0499877929688,272070700,0.97%
76,2022-04-14,845.4400024414062,849.1400146484375,853.1400146484375,845.1699829101562,245080100,-0.10%
77,2022-04-18,842.2100219726562,843.4099731445312,850.260009765625,838.8099975585938,166150500,-0.38%
78,2022-04-19,857.4299926757812,845.2100219726562,858.6199951171875,845.2100219726562,194767300,1.81%
79,2022-04-20,862.0900268554688,862.010009765625,867.9600219726562,861.0599975585938,194918800,0.54%
80,2022-04-21,853.4600219726562,870.030029296875,872.4600219726562,851.5599975585938,308920300,-1.00%
81,2022-04-22,832.239990234375,849.27001953125,849.27001953125,831.6400146484375,225605600,-2.49%
82,2022-04-25,832.25,827.510009765625,833.27001953125,813.3599853515625,223199100,0.00%
83,2022-04-26,814.0,827.9500122070312,828.969970703125,813.989990234375,242651600,-2.19%
84,2022-04-27,816.8800048828125,813.530029296875,824.3400268554688,809.989990234375,252795400,0.35%
85,2022-04-28,826.22998046875,820.0399780273438,829.3099975585938,809.5399780273438,235535200,1.14%
86,2022-04-29,804.5599975585938,826.1300048828125,829.010009765625,802.8599853515625,239504500,-2.62%
87,2022-05-02,805.9199829101562,804.010009765625,812.9299926757812,790.5499877929688,239640800,0.17%
88,2022-05-03,811.5599975585938,807.75,816.3800048828125,804.8200073242188,213589000,0.70%
89,2022-05-04,834.8499755859375,812.5700073242188,836.6199951171875,808.9199829101562,240812100,2.87%
90,2022-05-05,812.6199951171875,829.4500122070312,830.9500122070312,806.5999755859375,220611600,-2.66%
91,2022-05-06,807.3699951171875,810.4400024414062,810.4400024414062,794.72998046875,212579400,-0.65%
92,2022-05-09,787.9500122070312,799.4199829101562,800.8499755859375,784.7899780273438,242493100,-2.41%
93,2022-05-10,782.8499755859375,794.4000244140625,798.3499755859375,775.030029296875,244179600,-0.65%
94,2022-05-11,775.5900268554688,782.489990234375,795.47998046875,774.5,222864100,-0.93%
95,2022-05-12,776.6599731445312,772.2999877929688,781.4299926757812,762.030029296875,254743500,0.14%
96,2022-05-13,786.260009765625,781.4400024414062,790.4099731445312,778.239990234375,206960200,1.24%
97,2022-05-16,784.9400024414062,784.0999755859375,791.1300048828125,778.719970703125,178369400,-0.17%
98,2022-05-17,802.8300170898438,796.72998046875,803.9600219726562,791.219970703125,194588200,2.28%
99,2022-05-18,772.7000122070312,797.27001953125,797.27001953125,770.77001953125,210864000,-3.75%
100,2022-05-19,765.4000244140625,765.4600219726562,774.9299926757812,756.7999877929688,213488400,-0.94%
101,2022-05-20,757.2000122070312,769.469970703125,769.469970703125,742.8400268554688,236227000,-1.07%
102,2022-05-23,769.5700073242188,763.469970703125,771.2999877929688,760.7899780273438,173674300,1.63%
103,2022-05-24,768.6300048828125,765.9000244140625,770.6699829101562,752.9400024414062,195109000,-0.12%
104,2022-05-25,773.5399780273438,767.2100219726562,776.3300170898438,764.3099975585938,191748500,0.64%
105,2022-05-26,788.969970703125,779.0800170898438,792.9500122070312,779.0800170898438,193993500,1.99%
106,2022-05-27,805.1199951171875,794.1099853515625,805.1699829101562,794.1099853515625,165968400,2.05%
107,2022-05-31,798.27001953125,798.1099853515625,803.6500244140625,790.6900024414062,314733300,-0.85%
108,2022-06-01,793.3200073242188,802.469970703125,804.4500122070312,786.8800048828125,188683100,-0.62%
109,2022-06-02,808.3400268554688,797.9199829101562,808.6900024414062,791.6599731445312,161025600,1.89%
110,2022-06-03,805.4299926757812,802.3499755859375,807.25,800.3400268554688,187029900,-0.36%
111,2022-06-06,808.6699829101562,810.7000122070312,813.3300170898438,806.9500122070312,152816100,0.40%
112,2022-06-07,819.6400146484375,803.6300048828125,820.1599731445312,798.8200073242188,151237800,1.36%
113,2022-06-08,804.6500244140625,812.4199829101562,815.0,802.8200073242188,148460700,-1.83%
114,2022-06-09,788.8099975585938,801.2000122070312,804.1699829101562,788.75,159562100,-1.97%
115,2022-06-10,765.47998046875,776.8499755859375,776.8499755859375,765.3400268554688,218961900,-2.96%
116,2022-06-13,742.3099975585938,750.280029296875,751.3099975585938,737.9299926757812,259697200,-3.03%
117,2022-06-14,740.4500122070312,746.280029296875,750.97998046875,734.530029296875,237212700,-0.25%
118,2022-06-15,747.9199829101562,746.1300048828125,756.2899780273438,736.719970703125,246278000,1.01%
119,2022-06-16,722.6599731445312,736.2899780273438,736.2899780273438,718.969970703125,267150000,-3.38%
120,2022-06-17,720.9600219726562,721.0999755859375,727.719970703125,712.8200073242188,368037800,-0.24%
121,2022-06-21,733.8200073242188,730.9299926757812,736.6900024414062,727.2899780273438,213127900,1.78%
122,2022-06-22,729.9000244140625,723.4000244140625,735.7000122070312,722.9500122070312,198934800,-0.53%
123,2022-06-23,726.0599975585938,729.6599731445312,731.989990234375,717.5,208818500,-0.53%
124,2022-06-24,751.4199829101562,731.0599975585938,751.6099853515625,731.0599975585938,279120200,3.49%
125,2022-06-27,749.5499877929688,754.4299926757812,754.7999877929688,746.6300048828125,162328800,-0.25%
126,2022-06-28,740.9400024414062,754.3800048828125,762.5800170898438,740.5,185210300,-1.15%
127,2022-06-29,736.3499755859375,741.6900024414062,741.8200073242188,730.739990234375,174174400,-0.62%
128,2022-06-30,738.4099731445312,728.2999877929688,741.5800170898438,724.0999755859375,222025600,0.28%
129,2022-07-01,745.1099853515625,737.97998046875,747.4099731445312,731.6599731445312,178014100,0.91%
130,2022-07-05,733.719970703125,734.7999877929688,734.7999877929688,721.3400268554688,221716600,-1.53%
131,2022-07-06,738.1900024414062,734.5599975585938,742.6099853515625,728.8099975585938,168274700,0.61%
132,2022-07-07,746.9500122070312,743.0999755859375,748.5399780273438,738.6199951171875,178761300,1.19%
133,2022-07-08,743.510009765625,746.8099975585938,747.989990234375,737.9099731445312,147169600,-0.46%
134,2022-07-11,738.5399780273438,738.9299926757812,743.1699829101562,736.9000244140625,147480500,-0.67%
135,2022-07-12,736.1599731445312,736.2000122070312,746.0,733.6500244140625,248666100,-0.32%
136,2022-07-13,727.3200073242188,725.3900146484375,732.9199829101562,722.8300170898438,230777900,-1.20%
137,2022-07-14,723.0800170898438,716.9099731445312,723.780029296875,712.77001953125,191183200,-0.58%
138,2022-07-15,734.530029296875,732.5900268554688,735.489990234375,725.8400268554688,195250300,1.58%
139,2022-07-18,730.1300048828125,740.6500244140625,743.4600219726562,728.030029296875,183521600,-0.60%
140,2022-07-19,756.2899780273438,735.7000122070312,757.0999755859375,735.7000122070312,193742100,3.58%
141,2022-07-20,761.8699951171875,756.0399780273438,763.6500244140625,753.5999755859375,176894300,0.74%
142,2022-07-21,767.0700073242188,759.8200073242188,767.3099975585938,756.719970703125,240434300,0.68%
143,2022-07-22,764.719970703125,770.0900268554688,771.9000244140625,761.280029296875,183599500,-0.31%
144,2022-07-25,768.3099975585938,765.510009765625,770.4400024414062,761.3200073242188,148294000,0.47%
145,2022-07-26,764.25,765.8800048828125,771.1400146484375,762.530029296875,183085400,-0.53%
146,2022-07-27,776.3200073242188,768.489990234375,779.8099975585938,764.5599975585938,210687300,1.58%
147,2022-07-28,792.4000244140625,779.9199829101562,793.010009765625,778.0,225484500,2.07%
148,2022-07-29,808.280029296875,793.1500244140625,810.1900024414062,792.6799926757812,197479100,2.00%
149,2022-08-01,809.2899780273438,804.5800170898438,811.9299926757812,802.7100219726562,194194800,0.12%
150,2022-08-02,800.77001953125,806.47998046875,810.8200073242188,799.510009765625,187419100,-1.05%
151,2022-08-03,808.5800170898438,804.0,810.8800048828125,799.0,174680900,0.98%
152,2022-08-04,811.1099853515625,809.219970703125,813.6900024414062,807.1099853515625,165710300,0.31%
153,2022-08-05,812.8200073242188,805.4500122070312,813.0399780273438,804.9000244140625,139924000,0.21%
154,2022-08-08,812.2000122070312,818.1900024414062,820.7899780273438,810.2899780273438,166906000,-0.08%
155,2022-08-09,809.1900024414062,812.489990234375,813.3900146484375,807.6199951171875,176929200,-0.37%
156,2022-08-10,827.1500244140625,821.5499877929688,829.5700073242188,820.1900024414062,182482800,2.22%
157,2022-08-11,830.989990234375,832.3900146484375,838.3099975585938,829.530029296875,168001200,0.46%
158,2022-08-12,843.1799926757812,833.3099975585938,843.3499755859375,831.9600219726562,139765300,1.47%
159,2022-08-15,845.1599731445312,838.0499877929688,846.27001953125,836.7999877929688,143054100,0.23%
160,2022-08-16,848.9299926757812,841.8499755859375,852.5800170898438,841.8099975585938,151172600,0.45%
161,2022-08-17,842.3400268554688,838.5700073242188,846.0999755859375,838.0700073242188,150311000,-0.78%
162,2022-08-18,845.0800170898438,843.3699951171875,846.4199829101562,840.6500244140625,125970100,0.33%
163,2022-08-19,834.3599853515625,840.5999755859375,840.5999755859375,831.9199829101562,172495800,-1.27%
164,2022-08-22,818.1300048828125,823.3599853515625,824.9400024414062,817.22998046875,184329000,-1.95%
165,2022-08-23,819.6599731445312,817.780029296875,825.0800170898438,817.47998046875,155675800,0.19%
166,2022-08-24,822.3300170898438,820.3499755859375,824.760009765625,819.0499877929688,134574500,0.33%
167,2022-08-25,834.8699951171875,826.0399780273438,835.030029296875,825.6199951171875,166622900,1.52%
168,2022-08-26,805.5800170898438,836.6599731445312,836.969970703125,805.3099975585938,174221000,-3.51%
169,2022-08-29,802.0399780273438,799.0499877929688,808.5499877929688,797.8699951171875,179555900,-0.44%
170,2022-08-30,790.2000122070312,803.5800170898438,804.4400024414062,787.0900268554688,189741600,-1.48%
171,2022-08-31,783.3599853515625,792.4400024414062,794.5399780273438,782.7100219726562,220225400,-0.87%
172,2022-09-01,784.4299926757812,778.77001953125,784.6699829101562,774.8900146484375,206955000,0.14%
173,2022-09-02,776.6699829101562,791.6599731445312,793.7899780273438,773.1699829101562,163300000,-0.99%
174,2022-09-06,777.8900146484375,777.8699951171875,781.530029296875,771.3400268554688,199196200,0.16%
175,2022-09-07,790.5599975585938,776.6500244140625,792.4000244140625,775.27001953125,205195300,1.63%
176,2022-09-08,792.760009765625,785.6099853515625,792.97998046875,781.0999755859375,187030200,0.28%
177,2022-09-09,803.0,798.1900024414062,804.6699829101562,797.5999755859375,180510800,1.29%
178,2022-09-12,807.8599853515625,807.1500244140625,811.9199829101562,803.9600219726562,180160200,0.61%
179,2022-09-13,777.27001953125,793.7000122070312,796.6300048828125,774.5399780273438,184225400,-3.79%
180,2022-09-14,775.8400268554688,777.0399780273438,779.219970703125,766.3800048828125,201353100,-0.18%
181,2022-09-15,767.5599975585938,774.25,780.4000244140625,765.4400024414062,208973000,-1.07%
182,2022-09-16,751.77001953125,751.9600219726562,754.8499755859375,745.219970703125,373455900,-2.06%
183,2022-09-19,761.7899780273438,746.7899780273438,762.739990234375,746.7899780273438,184594000,1.33%
184,2022-09-20,752.3800048828125,756.2899780273438,756.2899780273438,746.219970703125,184482000,-1.24%
185,2022-09-21,742.3200073242188,759.0700073242188,764.52001953125,742.3099975585938,204142800,-1.34%
186,2022-09-22,731.27001953125,740.5499877929688,741.4500122070312,730.3599853515625,210634100,-1.49%
187,2022-09-23,717.5999755859375,724.1799926757812,724.1799926757812,708.760009765625,245348200,-1.87%
188,2022-09-26,709.4600219726562,715.0999755859375,721.0900268554688,706.7899780273438,209762400,-1.13%
189,2022-09-27,707.27001953125,714.3699951171875,718.3499755859375,701.5999755859375,216323900,-0.31%
190,2022-09-28,723.0999755859375,710.8300170898438,726.989990234375,708.4299926757812,210687200,2.24%
191,2022-09-29,709.8699951171875,716.6300048828125,717.1799926757812,703.8900146484375,197179000,-1.83%
192,2022-09-30,700.5999755859375,707.9400024414062,714.3800048828125,700.4000244140625,216809600,-1.31%
193,2022-10-03,722.0,708.6799926757812,727.719970703125,706.47998046875,207261100,3.05%
194,2022-10-04,747.2000122070312,732.989990234375,747.4199829101562,732.989990234375,222645400,3.49%
195,2022-10-05,742.8900146484375,739.0399780273438,749.3900146484375,735.8599853515625,169185700,-0.58%
196,2022-10-06,734.780029296875,740.6099853515625,744.5700073242188,732.969970703125,176733600,-1.09%
197,2022-10-07,720.6599731445312,728.02001953125,728.6699829101562,716.22998046875,199030700,-1.92%
198,2022-10-10,723.010009765625,727.219970703125,730.219970703125,717.1699829101562,171025400,0.33%
199,2022-10-11,723.0999755859375,721.3800048828125,732.5800170898438,718.5,249912600,0.01%
200,2022-10-12,717.219970703125,722.0,725.5700073242188,717.0700073242188,181537700,-0.81%
201,2022-10-13,732.97998046875,704.2000122070312,736.6699829101562,700.260009765625,252359300,2.20%
202,2022-10-14,716.6300048828125,737.5599975585938,739.1500244140625,715.5599975585938,200235200,-2.23%
203,2022-10-17,732.719970703125,726.9500122070312,736.4000244140625,726.9500122070312,204474600,2.25%
204,2022-10-18,750.010009765625,747.5399780273438,752.0900268554688,739.969970703125,199323500,2.36%
205,2022-10-19,744.8400268554688,745.780029296875,751.52001953125,739.260009765625,240757000,-0.69%
206,2022-10-20,730.6099853515625,742.760009765625,746.9400024414062,729.2100219726562,236583000,-1.91%
207,2022-10-21,749.9600219726562,730.27001953125,751.4400024414062,728.8400268554688,246551000,2.65%
208,2022-10-24,760.0900268554688,754.4500122070312,762.9000244140625,753.5800170898438,204212300,1.35%
209,2022-10-25,770.3300170898438,760.3099975585938,770.969970703125,758.6900024414062,213368900,1.35%
210,2022-10-26,772.97998046875,775.3099975585938,783.9299926757812,770.22998046875,245954100,0.34%
211,2022-10-27,781.8200073242188,781.1599731445312,791.1799926757812,780.8400268554688,212098500,1.14%
212,2022-10-28,800.4199829101562,783.760009765625,800.9099731445312,781.969970703125,199690400,2.38%
213,2022-10-31,797.7100219726562,795.1199951171875,802.8200073242188,793.8800048828125,209912600,-0.34%
214,2022-11-01,797.239990234375,803.25,804.3400268554688,792.489990234375,184570000,-0.06%
215,2022-11-02,783.1900024414062,792.8300170898438,809.0900268554688,782.8300170898438,239370500,-1.76%
216,2022-11-03,791.3400268554688,776.9600219726562,798.2100219726562,774.8900146484375,218241100,1.04%
217,2022-11-04,803.9199829101562,801.1500244140625,805.9400024414062,790.9500122070312,196783000,1.59%
218,2022-11-07,812.47998046875,807.3200073242188,813.6500244140625,802.8200073242188,169540300,1.06%
219,2022-11-08,819.4600219726562,814.7999877929688,823.4500122070312,810.0900268554688,181987600,0.86%
220,2022-11-09,807.5999755859375,814.5,819.6500244140625,806.9000244140625,163017300,-1.45%
221,2022-11-10,841.77001953125,827.02001953125,842.3099975585938,826.7999877929688,239140700,4.23%
222,2022-11-11,840.9000244140625,842.3699951171875,846.5599975585938,837.6900024414062,215648200,-0.10%
223,2022-11-14,835.1799926757812,838.8599853515625,846.8400268554688,835.1799926757812,182161000,-0.68%
224,2022-11-15,841.6400146484375,843.1799926757812,845.97998046875,834.469970703125,199909800,0.77%
225,2022-11-16,835.0999755859375,840.5999755859375,841.4099731445312,833.5599975585938,163968800,-0.78%
226,2022-11-17,833.02001953125,825.0499877929688,833.3400268554688,819.760009765625,151433600,-0.25%
227,2022-11-18,838.9400024414062,840.719970703125,842.9400024414062,834.02001953125,164523900,0.71%
228,2022-11-21,842.0599975585938,837.6199951171875,844.47998046875,836.8200073242188,146622800,0.37%
229,2022-11-22,848.4000244140625,845.75,850.260009765625,844.9299926757812,146742600,0.75%
230,2022-11-23,851.7000122070312,849.280029296875,854.72998046875,848.9400024414062,129687900,0.39%
231,2022-11-25,854.8599853515625,853.3300170898438,856.5700073242188,852.6599731445312,65003800,0.37%
232,2022-11-28,839.4199829101562,848.8900146484375,851.72998046875,836.7899780273438,151518500,-1.81%
233,2022-11-29,844.6199951171875,841.27001953125,845.6799926757812,838.5999755859375,134934600,0.62%
234,2022-11-30,858.0599975585938,844.0999755859375,858.0800170898438,834.8900146484375,239726900,1.59%
235,2022-12-01,858.030029296875,861.1699829101562,863.1599731445312,851.8499755859375,156978000,-0.00%
236,2022-12-02,863.3699951171875,849.47998046875,866.0900268554688,849.47998046875,156911600,0.62%
237,2022-12-05,848.6500244140625,855.4199829101562,855.8699951171875,847.3699951171875,175365400,-1.70%
238,2022-12-06,838.9099731445312,850.1799926757812,850.6799926757812,832.3699951171875,163615800,-1.15%
239,2022-12-07,837.760009765625,837.1199951171875,843.260009765625,836.010009765625,168678100,-0.14%
240,2022-12-08,842.5499877929688,842.0399780273438,847.5700073242188,839.5700073242188,151686700,0.57%
241,2022-12-09,835.7000122070312,842.1400146484375,845.27001953125,835.3300170898438,141426300,-0.81%
242,2022-12-12,849.989990234375,837.489990234375,850.0499877929688,836.780029296875,159471800,1.71%
243,2022-12-13,853.02001953125,867.3800048828125,867.3800048828125,846.97998046875,249136600,0.36%
244,2022-12-14,851.4199829101562,854.5,862.4299926757812,847.1500244140625,211271100,-0.19%
245,2022-12-15,830.5499877929688,842.22998046875,842.9199829101562,826.4299926757812,225214500,-2.45%
246,2022-12-16,826.5399780273438,823.4199829101562,828.4000244140625,818.719970703125,392884100,-0.48%
247,2022-12-19,822.280029296875,825.969970703125,831.719970703125,818.3699951171875,156100900,-0.52%
248,2022-12-20,823.4500122070312,821.4400024414062,828.4500122070312,819.8499755859375,157556000,0.14%
249,2022-12-21,838.6500244140625,831.2100219726562,839.9500122070312,830.2999877929688,164108900,1.85%
250,2022-12-22,828.1400146484375,833.780029296875,833.780029296875,815.5499877929688,149830600,-1.25%
251,2022-12-23,832.8599853515625,827.489990234375,834.0399780273438,824.6099853515625,99053100,0.57%
252,2022-12-27,835.5800170898438,834.2899780273438,839.5,831.5800170898438,125257600,0.33%
253,2022-12-28,824.5999755859375,836.8300170898438,839.010009765625,824.530029296875,125317700,-1.31%
254,2022-12-29,834.7000122070312,828.5499877929688,836.9600219726562,827.8800048828125,118614800,1.22%
255,2022-12-30,831.4000244140625,830.780029296875,832.3599853515625,823.5399780273438,114709100,-0.40%
256,2023-01-03,833.1199951171875,834.4000244140625,837.4400024414062,825.530029296875,152864100,0.21%
257,2023-01-04,840.72998046875,835.1799926757812,842.9299926757812,834.030029296875,221395600,0.91%
258,2023-01-05,831.5999755859375,836.3400268554688,836.969970703125,829.1699829101562,173152600,-1.09%
259,2023-01-06,854.0,838.5599975585938,856.3300170898438,838.22998046875,185585000,2.69%
260,2023-01-09,850.4099731445312,855.1400146484375,863.780029296875,849.3400268554688,192922300,-0.42%
261,2023-01-10,855.0,848.1099853515625,855.3900146484375,847.280029296875,166397800,0.54%
262,2023-01-11,863.1900024414062,859.1500244140625,863.2899780273438,855.3200073242188,190066900,0.96%
263,2023-01-12,868.0999755859375,866.0,871.3200073242188,859.5700073242188,262315900,0.57%
264,2023-01-13,867.030029296875,859.8900146484375,867.77001953125,858.9500122070312,206047900,-0.12%
265,2023-01-17,859.72998046875,867.52001953125,867.7000122070312,858.989990234375,205586300,-0.84%
266,2023-01-18,843.8699951171875,862.2000122070312,864.3699951171875,843.3400268554688,237825800,-1.84%
267,2023-01-19,826.2899780273438,839.0399780273438,839.9199829101562,826.1599731445312,210992700,-2.08%
268,2023-01-20,837.8900146484375,828.0700073242188,837.9400024414062,824.0900268554688,205211900,1.40%
269,2023-01-23,847.0499877929688,839.530029296875,851.2100219726562,837.219970703125,181949800,1.09%
270,2023-01-24,852.530029296875,845.3599853515625,854.6300048828125,838.510009765625,180728200,0.65%
271,2023-01-25,848.010009765625,844.1300048828125,849.780029296875,836.1500244140625,203026000,-0.53%
272,2023-01-26,852.72998046875,851.5999755859375,852.8900146484375,842.0399780273438,216501700,0.56%
273,2023-01-27,855.72998046875,851.260009765625,859.75,850.489990234375,172059400,0.35%
274,2023-01-30,847.4400024414062,852.1199951171875,858.530029296875,846.780029296875,164454900,-0.97%
275,2023-01-31,861.9600219726562,849.6400146484375,861.9600219726562,847.3200073242188,210391500,1.71%
276,2023-02-01,868.0999755859375,858.6199951171875,873.97998046875,854.760009765625,226883600,0.71%
277,2023-02-02,874.8200073242188,868.72998046875,879.6099853515625,865.6599731445312,251057500,0.77%
278,2023-02-03,870.280029296875,870.0599975585938,877.280029296875,868.1699829101562,171760000,-0.52%
279,2023-02-06,868.469970703125,867.5800170898438,870.6099853515625,864.5999755859375,148537000,-0.21%
280,2023-02-07,870.6199951171875,865.9099731445312,872.8499755859375,856.8400268554688,159537600,0.25%
281,2023-02-08,865.510009765625,867.3499755859375,870.0399780273438,863.010009765625,151809600,-0.59%
282,2023-02-09,857.8900146484375,870.0700073242188,871.75,855.6199951171875,153751000,-0.88%
283,2023-02-10,864.219970703125,856.780029296875,864.5800170898438,855.1199951171875,142151600,0.74%
284,2023-02-13,871.8300170898438,865.0,872.27001953125,864.5499877929688,151806500,0.88%
285,2023-02-14,869.3599853515625,869.1300048828125,873.239990234375,860.7000122070312,150740500,-0.28%
286,2023-02-15,874.8200073242188,864.7100219726562,874.969970703125,863.280029296875,131834600,0.63%
287,2023-02-16,865.280029296875,865.0900268554688,871.9099731445312,861.9000244140625,141957100,-1.09%
288,2023-02-17,870.739990234375,865.02001953125,871.1400146484375,861.3900146484375,165289600,0.63%
289,2023-02-21,850.77001953125,864.8800048828125,866.780029296875,850.0399780273438,176923700,-2.29%
290,2023-02-22,848.5399780273438,851.5499877929688,855.3200073242188,845.22998046875,174726700,-0.26%
291,2023-02-23,851.9199829101562,852.8900146484375,856.9099731445312,843.0900268554688,175482300,0.40%
292,2023-02-24,846.989990234375,843.4600219726562,848.25,839.760009765625,150485800,-0.58%
293,2023-02-27,854.0399780273438,857.4099731445312,860.6400146484375,852.2999877929688,156716200,0.83%
294,2023-02-28,851.8800048828125,852.77001953125,857.1799926757812,851.2000122070312,187809500,-0.25%
295,2023-03-01,855.0800170898438,851.3099975585938,859.7000122070312,850.6199951171875,147491800,0.38%
296,2023-03-02,865.3400268554688,851.3099975585938,866.9099731445312,850.9600219726562,142199200,1.20%
297,2023-03-03,874.52001953125,868.3200073242188,875.8900146484375,864.02001953125,157519100,1.06%
298,2023-03-06,872.77001953125,874.280029296875,878.6599731445312,871.6900024414062,157954300,-0.20%
299,2023-03-07,861.7000122070312,872.760009765625,874.0700073242188,861.2000122070312,176527900,-1.27%
300,2023-03-08,863.6699829101562,862.6900024414062,865.6199951171875,857.6599731445312,136013600,0.23%
301,2023-03-09,851.0,868.0499877929688,871.260009765625,849.739990234375,191314300,-1.47%
302,2023-03-10,835.47998046875,850.1799926757812,853.5900268554688,832.4099731445312,234908400,-1.82%
303,2023-03-13,830.3800048828125,825.6500244140625,837.72998046875,823.239990234375,226727400,-0.61%
304,2023-03-14,839.1400146484375,841.260009765625,847.3400268554688,829.2999877929688,247268700,1.05%
305,2023-03-15,818.0800170898438,825.4400024414062,825.4500122070312,805.530029296875,269844500,-2.51%
306,2023-03-16,828.47998046875,813.3900146484375,831.1099853515625,811.52001953125,214341800,1.27%
307,2023-03-17,815.0,826.8099975585938,826.9500122070312,811.5700073242188,349914600,-1.63%
308,2023-03-20,826.0599975585938,819.0599975585938,827.719970703125,819.0,183970800,1.36%
309,2023-03-21,835.3800048828125,835.25,838.9000244140625,831.260009765625,171557100,1.13%
310,2023-03-22,819.4600219726562,835.3200073242188,839.239990234375,819.4000244140625,180188400,-1.91%
311,2023-03-23,817.6099853515625,820.6900024414062,830.8300170898438,812.3400268554688,187277300,-0.23%
312,2023-03-24,820.47998046875,812.22998046875,820.9400024414062,806.3300170898438,175955600,0.35%
313,2023-03-27,827.239990234375,826.1199951171875,830.1099853515625,822.1099853515625,151589900,0.82%
314,2023-03-28,831.739990234375,827.5999755859375,834.7999877929688,827.3300170898438,127735100,0.54%
315,2023-03-29,843.5499877929688,838.2999877929688,844.0999755859375,837.7899780273438,150882000,1.42%
316,2023-03-30,845.469970703125,847.75,849.3200073242188,842.7000122070312,142406000,0.23%
317,2023-03-31,856.5900268554688,849.489990234375,856.8200073242188,848.5999755859375,167807400,1.32%
318,2023-04-03,858.2100219726562,854.3900146484375,861.3400268554688,852.0399780273438,151687700,0.19%
319,2023-04-04,838.8800048828125,857.7999877929688,858.1699829101562,835.9299926757812,172600000,-2.25%
320,2023-04-05,827.969970703125,835.8300170898438,838.02001953125,825.4199829101562,200068900,-1.30%
321,2023-04-06,827.760009765625,827.6300048828125,830.9400024414062,824.2000122070312,169062700,-0.03%
322,2023-04-10,835.1900024414062,825.4600219726562,835.2000122070312,824.8900146484375,152819900,0.90%
323,2023-04-11,840.1099853515625,838.030029296875,843.9400024414062,837.22998046875,166118300,0.59%
324,2023-04-12,842.9099731445312,843.9500122070312,847.8599853515625,840.739990234375,277754100,0.33%
325,2023-04-13,846.0900268554688,842.969970703125,847.5700073242188,834.469970703125,236216100,0.38%
326,2023-04-14,845.0700073242188,843.3499755859375,849.4000244140625,840.0599975585938,183594100,-0.12%
327,2023-04-17,851.739990234375,847.3900146484375,851.780029296875,845.97998046875,159982900,0.79%
328,2023-04-18,855.6900024414062,855.3699951171875,860.6900024414062,852.739990234375,186692500,0.46%
329,2023-04-19,855.0900268554688,853.8400268554688,856.3200073242188,851.3800048828125,174370400,-0.07%
330,2023-04-20,853.510009765625,851.1500244140625,856.7000122070312,850.6900024414062,178429000,-0.18%
331,2023-04-21,851.4400024414062,855.530029296875,855.6500244140625,848.3300170898438,186256500,-0.24%
332,2023-04-24,853.3699951171875,852.280029296875,856.2899780273438,850.1799926757812,174097100,0.23%
333,2023-04-25,837.7100219726562,848.1599731445312,848.6300048828125,837.2000122070312,195642600,-1.84%
334,2023-04-26,822.0499877929688,831.8400268554688,834.4199829101562,820.489990234375,223331500,-1.87%
335,2023-04-27,838.3699951171875,825.0900268554688,838.9299926757812,822.9400024414062,253850900,1.99%
336,2023-04-28,846.1099853515625,837.6300048828125,847.4600219726562,837.6300048828125,215399200,0.92%
337,2023-05-01,850.77001953125,846.719970703125,855.4500122070312,846.719970703125,174726300,0.55%
338,2023-05-02,841.8499755859375,848.489990234375,848.489990234375,832.6199951171875,189114300,-1.05%
339,2023-05-03,838.6199951171875,845.530029296875,850.0999755859375,838.1199951171875,178189900,-0.38%
340,2023-05-04,829.4400024414062,838.4000244140625,839.2100219726562,825.0399780273438,194981300,-1.09%
341,2023-05-05,841.9299926757812,836.5900268554688,844.239990234375,835.9500122070312,163894200,1.51%
342,2023-05-08,838.8200073242188,845.1199951171875,846.1099853515625,835.9099731445312,163815500,-0.37%
343,2023-05-09,840.280029296875,837.8900146484375,841.8200073242188,835.469970703125,154648500,0.17%
344,2023-05-10,837.5599975585938,845.4299926757812,846.2000122070312,828.1099853515625,160721300,-0.32%
345,2023-05-11,832.1500244140625,833.2999877929688,833.8300170898438,827.5700073242188,137855900,-0.65%
346,2023-05-12,832.239990234375,835.760009765625,837.6400146484375,826.1099853515625,130970400,0.01%
347,2023-05-15,836.4600219726562,832.6400146484375,838.9199829101562,829.4400024414062,129449900,0.51%
348,2023-05-16,825.0599975585938,832.6699829101562,832.8099975585938,825.0599975585938,147501400,-1.36%
349,2023-05-17,839.0900268554688,829.780029296875,841.6500244140625,829.780029296875,203975200,1.70%
350,2023-05-18,844.6900024414062,837.1500244140625,845.8499755859375,834.9099731445312,163426500,0.67%
351,2023-05-19,842.4199829101562,849.3400268554688,851.260009765625,838.5900268554688,158555800,-0.27%
352,2023-05-22,842.4500122070312,843.3099975585938,847.4400024414062,835.760009765625,159481000,0.00%
353,2023-05-23,832.0700073242188,838.5499877929688,840.969970703125,830.9500122070312,180217300,-1.23%
354,2023-05-24,821.530029296875,829.9199829101562,829.9299926757812,820.4600219726562,174945800,-1.27%
355,2023-05-25,824.030029296875,821.4199829101562,826.0599975585938,817.010009765625,193548900,0.30%
356,2023-05-26,830.3900146484375,826.1699829101562,833.27001953125,825.7999877929688,153779000,0.77%
357,2023-05-30,828.47998046875,831.0700073242188,832.8300170898438,824.6699829101562,156913400,-0.23%
358,2023-05-31,816.8800048828125,825.760009765625,826.0700073242188,814.6199951171875,323509900,-1.40%
359,2023-06-01,827.1900024414062,819.5,829.0900268554688,816.4600219726562,181286400,1.26%
360,2023-06-02,851.6900024414062,834.8200073242188,853.719970703125,834.75,214034500,2.96%
361,2023-06-05,845.6400146484375,852.1599731445312,852.280029296875,844.6799926757812,144136500,-0.71%
362,2023-06-06,850.739990234375,844.1799926757812,852.0900268554688,842.8200073242188,152854700,0.60%
363,2023-06-07,864.239990234375,852.3699951171875,864.9299926757812,848.530029296875,184618300,1.59%
364,2023-06-08,865.780029296875,862.5999755859375,867.739990234375,858.9099731445312,161768400,0.18%
365,2023-06-09,863.47998046875,866.1500244140625,866.219970703125,857.97998046875,150492800,-0.27%
366,2023-06-12,869.47998046875,863.9299926757812,870.9000244140625,861.3900146484375,165170300,0.69%
367,2023-06-13,879.5499877929688,871.0599975585938,880.3400268554688,870.2000122070312,181585500,1.16%
368,2023-06-14,876.989990234375,881.72998046875,884.0599975585938,873.6599731445312,189820800,-0.29%
369,2023-06-15,890.25,876.9400024414062,892.2000122070312,876.9400024414062,175941300,1.51%
370,2023-06-16,888.9099731445312,893.9500122070312,898.3400268554688,887.7999877929688,293875000,-0.15%
371,2023-06-20,882.1699829101562,884.77001953125,885.5999755859375,879.030029296875,168937600,-0.76%
372,2023-06-21,887.1699829101562,878.72998046875,889.6400146484375,876.4400024414062,162221644,0.57%
