,date,splrcl,open,high,low,volume,splrcl_cr
0,2021-12-27,272.05999755859375,269.6099853515625,272.6300048828125,269.6099853515625,171985400,nan%
1,2021-12-28,271.2799987792969,272.05999755859375,273.6499938964844,270.9599914550781,155957900,-0.29%
2,2021-12-29,270.45001220703125,271.2799987792969,272.1199951171875,269.42999267578125,141134400,-0.31%
3,2021-12-30,270.760009765625,270.45001220703125,272.5400085449219,270.42999267578125,152071800,0.11%
4,2021-12-31,267.4800109863281,270.760009765625,271.2300109863281,267.4700012207031,161809600,-1.21%
5,2022-01-03,268.9700012207031,267.4800109863281,269.7200012207031,267.4800109863281,224340500,0.56%
6,2022-01-04,268.0799865722656,268.9700012207031,270.69000244140625,266.9100036621094,254861400,-0.33%
7,2022-01-05,260.20001220703125,268.0799865722656,268.739990234375,260.0899963378906,302828500,-2.94%
8,2022-01-06,261.1199951171875,260.20001220703125,264.2099914550781,259.3699951171875,251811200,0.35%
9,2022-01-07,260.29998779296875,261.1199951171875,262.1700134277344,259.07000732421875,311621400,-0.31%
10,2022-01-10,260.3599853515625,260.29998779296875,260.45001220703125,253.39999389648438,272707700,0.02%
11,2022-01-11,263.0199890136719,260.3599853515625,263.1000061035156,258.3699951171875,203914700,1.02%
12,2022-01-12,263.9599914550781,263.0199890136719,265.4700012207031,262.94000244140625,173271100,0.36%
13,2022-01-13,260.2699890136719,263.9599914550781,265.3999938964844,259.92999267578125,236073400,-1.40%
14,2022-01-14,261.6600036621094,260.2699890136719,261.8999938964844,257.79998779296875,237812400,0.53%
15,2022-01-18,256.45001220703125,261.6600036621094,261.6600036621094,256.07000732421875,372204800,-1.99%
16,2022-01-19,255.9600067138672,256.45001220703125,260.07000732421875,255.82000732421875,244344900,-0.19%
17,2022-01-20,253.0500030517578,255.9600067138672,260.3299865722656,252.72000122070312,239313900,-1.14%
18,2022-01-21,243.22000122070312,253.0500030517578,253.0500030517578,243.1199951171875,370790600,-3.88%
19,2022-01-24,244.27000427246094,243.22000122070312,244.77000427246094,233.22999572753906,408475300,0.43%
20,2022-01-25,238.80999755859375,244.27000427246094,244.27000427246094,237.3300018310547,304221400,-2.24%
21,2022-01-26,236.92999267578125,238.80999755859375,243.74000549316406,234.2899932861328,402189000,-0.79%
22,2022-01-27,237.6199951171875,236.92999267578125,242.7100067138672,236.92999267578125,331848300,0.29%
23,2022-01-28,244.5500030517578,237.6199951171875,244.55999755859375,237.11000061035156,289620000,2.92%
24,2022-01-31,250.41000366210938,244.5500030517578,250.58999633789062,243.36000061035156,304652100,2.40%
25,2022-02-01,253.61000061035156,250.41000366210938,253.8000030517578,249.05999755859375,357519100,1.28%
26,2022-02-02,261.44000244140625,253.61000061035156,264.8699951171875,253.61000061035156,300289700,3.09%
27,2022-02-03,243.5800018310547,261.44000244140625,261.44000244140625,243.08999633789062,448774000,-6.83%
28,2022-02-04,243.92999267578125,243.5800018310547,261.44000244140625,240.02999877929688,303055900,0.14%
29,2022-02-07,238.47000122070312,243.92999267578125,244.77999877929688,237.92999267578125,298982000,-2.24%
30,2022-02-08,238.22999572753906,238.47000122070312,239.02999877929688,236.02999877929688,261995900,-0.10%
31,2022-02-09,244.07000732421875,238.22999572753906,244.0800018310547,238.22999572753906,320661900,2.45%
32,2022-02-10,240.6300048828125,244.07000732421875,245.0500030517578,239.6199951171875,371093000,-1.41%
33,2022-02-11,234.52000427246094,240.6300048828125,241.77999877929688,233.5399932861328,296541000,-2.54%
34,2022-02-14,235.27999877929688,234.52000427246094,236.86000061035156,233.27000427246094,252306800,0.32%
35,2022-02-15,238.24000549316406,235.27999877929688,238.92999267578125,235.27999877929688,232776500,1.26%
36,2022-02-16,237.77000427246094,238.24000549316406,238.3300018310547,234.74000549316406,321270400,-0.20%
37,2022-02-17,230.72999572753906,237.77000427246094,237.77000427246094,230.63999938964844,230984000,-2.96%
38,2022-02-18,228.72000122070312,230.72999572753906,233.0500030517578,228.25,248013700,-0.87%
39,2022-02-22,226.47999572753906,228.72000122070312,230.3000030517578,224.5399932861328,257248100,-0.98%
40,2022-02-23,222.57000732421875,226.47999572753906,229.1699981689453,222.44000244140625,254071400,-1.73%
41,2022-02-24,229.52999877929688,222.57000732421875,229.9499969482422,217.2899932861328,339060900,3.13%
42,2022-02-25,232.92999267578125,229.52999877929688,233.6999969482422,228.4499969482422,259172700,1.48%
43,2022-02-28,232.9199981689453,232.92999267578125,234.25,229.8300018310547,276048100,-0.00%
44,2022-03-01,230.08999633789062,232.9199981689453,233.63999938964844,228.85000610351562,237422400,-1.22%
45,2022-03-02,231.72000122070312,230.08999633789062,232.61000061035156,229.10000610351562,239112200,0.71%
46,2022-03-03,229.9199981689453,231.72000122070312,234.11000061035156,228.75999450683594,227100100,-0.78%
47,2022-03-04,226.7100067138672,229.9199981689453,229.9199981689453,224.9499969482422,245192100,-1.40%
48,2022-03-07,218.22000122070312,226.7100067138672,226.7100067138672,218.1699981689453,273948400,-3.74%
49,2022-03-08,217.97000122070312,218.22000122070312,224.1999969482422,216.44000244140625,307664700,-0.11%
50,2022-03-09,225.49000549316406,217.97000122070312,226.1300048828125,217.97000122070312,240047000,3.45%
51,2022-03-10,223.8000030517578,225.49000549316406,225.49000549316406,221.49000549316406,204760500,-0.75%
52,2022-03-11,219.58999633789062,223.8000030517578,225.6999969482422,219.33999633789062,234274400,-1.88%
53,2022-03-14,215.61000061035156,219.58999633789062,220.9600067138672,215.1300048828125,258810600,-1.81%
54,2022-03-15,220.4499969482422,215.61000061035156,220.8699951171875,215.61000061035156,218906100,2.24%
55,2022-03-16,226.89999389648438,220.4499969482422,226.92999267578125,220.36000061035156,253554300,2.93%
56,2022-03-17,229.02000427246094,226.89999389648438,229.1199951171875,225.4499969482422,210960400,0.93%
57,2022-03-18,232.30999755859375,229.02000427246094,232.58999633789062,227.2100067138672,429495500,1.44%
58,2022-03-21,230.77000427246094,232.30999755859375,232.3800048828125,228.2100067138672,224402800,-0.66%
59,2022-03-22,235.39999389648438,230.77000427246094,237.0500030517578,230.77000427246094,204424800,2.01%
60,2022-03-23,232.47000122070312,235.39999389648438,235.39999389648438,232.4499969482422,181001700,-1.24%
61,2022-03-24,236.38999938964844,232.47000122070312,236.4499969482422,232.47000122070312,175381800,1.69%
62,2022-03-25,237.3000030517578,236.38999938964844,238.0,234.66000366210938,192404500,0.38%
63,2022-03-28,237.94000244140625,237.3000030517578,237.94000244140625,234.6999969482422,196740000,0.27%
64,2022-03-29,241.25,237.94000244140625,242.1300048828125,237.94000244140625,205801100,1.39%
65,2022-03-30,239.9199981689453,241.25,241.49000549316406,239.1699981689453,174058100,-0.55%
66,2022-03-31,235.08999633789062,239.9199981689453,239.9199981689453,235.08999633789062,226071400,-2.01%
67,2022-04-01,237.1699981689453,235.08999633789062,237.30999755859375,234.88999938964844,190957200,0.88%
68,2022-04-04,242.5800018310547,237.1699981689453,242.77999877929688,237.1699981689453,445325600,2.28%
69,2022-04-05,239.22000122070312,242.5800018310547,242.89999389648438,238.80999755859375,391435400,-1.39%
70,2022-04-06,234.1699981689453,239.22000122070312,239.22000122070312,232.8300018310547,369233400,-2.11%
71,2022-04-07,232.4600067138672,234.1699981689453,234.30999755859375,229.57000732421875,323610700,-0.73%
72,2022-04-08,230.72999572753906,232.4600067138672,232.8800048828125,230.1300048828125,286060100,-0.74%
73,2022-04-11,226.86000061035156,233.5,233.5,226.66000366210938,479007500,-1.68%
74,2022-04-12,225.02000427246094,226.86000061035156,230.1199951171875,223.9499969482422,317449100,-0.81%
75,2022-04-13,227.9600067138672,225.02000427246094,228.61000061035156,224.5500030517578,284103400,1.31%
76,2022-04-14,223.80999755859375,227.9600067138672,228.36000061035156,223.6699981689453,445852100,-1.82%
77,2022-04-18,223.4600067138672,223.80999755859375,225.1199951171875,221.66000366210938,339314700,-0.16%
78,2022-04-19,228.0800018310547,223.4600067138672,228.63999938964844,222.86000061035156,338762800,2.07%
79,2022-04-20,218.8000030517578,228.0800018310547,228.0800018310547,217.85000610351562,475658500,-4.07%
80,2022-04-21,213.52000427246094,218.8000030517578,221.5800018310547,213.07000732421875,424307900,-2.41%
81,2022-04-22,206.47999572753906,213.52000427246094,213.75999450683594,206.1300048828125,405022000,-3.30%
82,2022-04-25,209.6300048828125,206.47999572753906,209.6999969482422,204.97000122070312,494331700,1.53%
83,2022-04-26,203.0,209.6300048828125,209.6300048828125,203.0,391387300,-3.16%
84,2022-04-27,197.69000244140625,203.0,203.0,196.27000427246094,379853800,-2.62%
85,2022-04-28,205.3699951171875,197.69000244140625,206.80999755859375,197.69000244140625,417429400,3.88%
86,2022-04-29,198.02999877929688,205.3699951171875,205.57000732421875,197.64999389648438,369694700,-3.57%
87,2022-05-02,202.8300018310547,198.02999877929688,203.10000610351562,197.25999450683594,355906500,2.42%
88,2022-05-03,203.9199981689453,202.8300018310547,205.74000549316406,201.57000732421875,308957300,0.54%
89,2022-05-04,211.4199981689453,203.9199981689453,212.02999877929688,201.02999877929688,312392000,3.68%
90,2022-05-05,202.77999877929688,211.4199981689453,211.4199981689453,200.67999267578125,337425600,-4.09%
91,2022-05-06,200.1300048828125,202.77999877929688,202.89999389648438,197.92999267578125,312371300,-1.31%
92,2022-05-09,195.25,200.1300048828125,200.1300048828125,194.5,327326100,-2.44%
93,2022-05-10,196.88999938964844,195.25,200.24000549316406,194.99000549316406,294713000,0.84%
94,2022-05-11,193.9199981689453,196.88999938964844,199.74000549316406,193.60000610351562,311141000,-1.51%
95,2022-05-12,194.91000366210938,193.9199981689453,197.10000610351562,190.6199951171875,364945400,0.51%
96,2022-05-13,199.80999755859375,194.91000366210938,201.11000061035156,194.91000366210938,319826800,2.51%
97,2022-05-16,198.6300048828125,199.80999755859375,200.6300048828125,197.64999389648438,257085300,-0.59%
98,2022-05-17,202.25,198.6300048828125,202.39999389648438,198.6300048828125,280085500,1.82%
99,2022-05-18,195.36000061035156,202.25,202.25,194.88999938964844,246931000,-3.41%
100,2022-05-19,194.22000122070312,195.36000061035156,196.75,193.7100067138672,250156100,-0.58%
101,2022-05-20,193.7899932861328,194.22000122070312,197.17999267578125,189.16000366210938,288634700,-0.22%
102,2022-05-23,197.3000030517578,193.7899932861328,197.61000061035156,193.2100067138672,219988500,1.81%
103,2022-05-24,189.99000549316406,197.3000030517578,197.3000030517578,185.27999877929688,288934800,-3.71%
104,2022-05-25,191.66000366210938,189.99000549316406,192.57000732421875,188.47000122070312,222240700,0.88%
105,2022-05-26,195.6199951171875,191.66000366210938,196.52000427246094,191.63999938964844,210817700,2.07%
106,2022-05-27,200.75,195.6199951171875,200.75999450683594,195.6199951171875,198201400,2.62%
107,2022-05-31,201.55999755859375,200.75,204.05999755859375,199.25999450683594,312699300,0.40%
108,2022-06-01,200.16000366210938,201.55999755859375,205.35000610351562,199.3800048828125,215948200,-0.69%
109,2022-06-02,205.32000732421875,200.16000366210938,205.5399932861328,199.08999633789062,193548500,2.58%
110,2022-06-03,200.4600067138672,205.32000732421875,205.32000732421875,199.77999877929688,174115100,-2.37%
111,2022-06-06,202.4199981689453,200.4600067138672,205.13999938964844,200.4600067138672,186532500,0.98%
112,2022-06-07,203.4499969482422,202.4199981689453,203.74000549316406,199.9499969482422,161895600,0.51%
113,2022-06-08,203.39999389648438,203.4499969482422,206.02999877929688,202.88999938964844,154818200,-0.02%
114,2022-06-09,197.8000030517578,203.39999389648438,204.00999450683594,197.6999969482422,178976600,-2.75%
115,2022-06-10,192.1699981689453,197.8000030517578,197.8000030517578,191.77000427246094,225861100,-2.85%
116,2022-06-13,183.64999389648438,192.1699981689453,192.1699981689453,183.16000366210938,286227800,-4.43%
117,2022-06-14,183.1300048828125,183.64999389648438,185.16000366210938,181.80999755859375,236675900,-0.28%
118,2022-06-15,187.4600067138672,183.1300048828125,189.97000122070312,183.1300048828125,252886300,2.36%
119,2022-06-16,180.99000549316406,187.4600067138672,187.4600067138672,179.8000030517578,303970600,-3.45%
120,2022-06-17,183.3699951171875,180.99000549316406,184.86000061035156,180.13999938964844,425080900,1.31%
121,2022-06-21,186.33999633789062,183.38999938964844,188.39999389648438,183.38999938964844,299982500,1.62%
122,2022-06-22,186.74000549316406,186.33999633789062,189.49000549316406,184.92999267578125,246500700,0.21%
123,2022-06-23,188.77000427246094,186.74000549316406,189.30999755859375,185.80999755859375,233355200,1.09%
124,2022-06-24,196.1999969482422,188.77000427246094,196.25999450683594,188.77000427246094,341851600,3.94%
125,2022-06-27,194.13999938964844,196.3699951171875,196.9499969482422,193.35000610351562,192094400,-1.05%
126,2022-06-28,188.47000122070312,194.13999938964844,196.19000244140625,188.33999633789062,187534500,-2.92%
127,2022-06-29,188.97000122070312,188.47000122070312,190.08999633789062,187.22000122070312,170155300,0.27%
128,2022-06-30,186.02999877929688,188.97000122070312,188.97000122070312,183.22000122070312,219035400,-1.56%
129,2022-07-01,187.2899932861328,186.02999877929688,187.44000244140625,183.6300048828125,184348000,0.68%
130,2022-07-05,192.27999877929688,187.2899932861328,192.33999633789062,182.9499969482422,198401300,2.66%
131,2022-07-06,193.08999633789062,192.27999877929688,194.58999633789062,190.30999755859375,165984000,0.42%
132,2022-07-07,196.9199981689453,193.08999633789062,197.58999633789062,193.08999633789062,172924300,1.98%
133,2022-07-08,196.5,196.9199981689453,197.55999755859375,194.10000610351562,161913700,-0.21%
134,2022-07-11,191.0,196.5,196.5,190.52999877929688,219613900,-2.80%
135,2022-07-12,190.0800018310547,191.0,192.82000732421875,189.49000549316406,188744500,-0.48%
136,2022-07-13,188.0399932861328,190.0800018310547,190.0800018310547,186.67999267578125,203799700,-1.07%
137,2022-07-14,186.05999755859375,188.0399932861328,188.0399932861328,183.5399932861328,185065300,-1.05%
138,2022-07-15,190.08999633789062,186.05999755859375,190.08999633789062,186.05999755859375,187489600,2.17%
139,2022-07-18,188.00999450683594,190.08999633789062,192.92999267578125,187.36000061035156,264350800,-1.09%
140,2022-07-19,194.83999633789062,188.00999450683594,194.97999572753906,188.00999450683594,288126000,3.63%
141,2022-07-20,196.80999755859375,194.83999633789062,198.35000610351562,194.0,317749200,1.01%
142,2022-07-21,196.39999389648438,196.80999755859375,196.80999755859375,192.0500030517578,367078100,-0.21%
143,2022-07-22,187.8800048828125,196.39999389648438,196.39999389648438,186.5800018310547,401680300,-4.34%
144,2022-07-25,187.35000610351562,187.8800048828125,189.66000366210938,185.8300018310547,257427200,-0.28%
145,2022-07-26,183.50999450683594,187.2899932861328,187.2899932861328,182.8300018310547,272813600,-2.05%
146,2022-07-27,192.88999938964844,183.50999450683594,193.91000366210938,183.50999450683594,321619900,5.11%
147,2022-07-28,191.47000122070312,192.88999938964844,192.88999938964844,187.63999938964844,332908800,-0.74%
148,2022-07-29,192.5500030517578,191.47000122070312,193.0,189.1300048828125,344278000,0.56%
149,2022-08-01,191.74000549316406,192.5500030517578,193.85000610351562,189.77999877929688,266110300,-0.42%
150,2022-08-02,191.39999389648438,191.74000549316406,193.47000122070312,190.1199951171875,239676500,-0.18%
151,2022-08-03,196.14999389648438,191.39999389648438,196.77999877929688,191.39999389648438,290083800,2.48%
152,2022-08-04,196.50999450683594,196.14999389648438,197.4600067138672,194.82000732421875,252560800,0.18%
153,2022-08-05,194.7899932861328,196.50999450683594,196.50999450683594,193.02999877929688,284438000,-0.88%
154,2022-08-08,195.50999450683594,194.7899932861328,199.47999572753906,194.7899932861328,268619600,0.37%
155,2022-08-09,194.11000061035156,195.50999450683594,195.50999450683594,193.0800018310547,239736800,-0.72%
156,2022-08-10,199.47999572753906,194.11000061035156,200.55999755859375,194.11000061035156,290847700,2.77%
157,2022-08-11,199.5,199.47999572753906,203.6999969482422,199.1999969482422,274647100,0.01%
158,2022-08-12,203.52000427246094,199.5,203.52000427246094,199.5,210412100,2.02%
159,2022-08-15,204.5,203.52000427246094,204.8300018310547,202.30999755859375,235468800,0.48%
160,2022-08-16,204.3699951171875,204.5,205.61000061035156,202.52000427246094,234376200,-0.06%
161,2022-08-17,200.58999633789062,204.3699951171875,204.3699951171875,200.32000732421875,202365800,-1.85%
162,2022-08-18,200.50999450683594,200.58999633789062,201.3800048828125,198.58999633789062,223647500,-0.04%
163,2022-08-19,196.85000610351562,200.50999450683594,200.50999450683594,196.08999633789062,225401300,-1.83%
164,2022-08-22,191.60000610351562,196.85000610351562,196.85000610351562,191.1699981689453,244494200,-2.67%
165,2022-08-23,190.24000549316406,191.60000610351562,192.52999877929688,190.00999450683594,208076600,-0.71%
166,2022-08-24,190.9600067138672,190.24000549316406,192.39999389648438,189.47000122070312,219351500,0.38%
167,2022-08-25,194.89999389648438,190.9600067138672,194.92999267578125,190.9600067138672,188275800,2.06%
168,2022-08-26,187.3699951171875,194.89999389648438,194.89999389648438,187.36000061035156,278359000,-3.86%
169,2022-08-29,185.89999389648438,187.3699951171875,187.88999938964844,185.61000061035156,207347400,-0.78%
170,2022-08-30,184.42999267578125,185.89999389648438,187.3800048828125,183.2100067138672,236139100,-0.79%
171,2022-08-31,184.44000244140625,184.42999267578125,188.1999969482422,184.41000366210938,316123800,0.01%
172,2022-09-01,186.3800048828125,184.44000244140625,186.57000732421875,183.0500030517578,255920300,1.05%
173,2022-09-02,182.9199981689453,186.3800048828125,187.69000244140625,182.13999938964844,237509300,-1.86%
174,2022-09-06,180.61000061035156,182.9199981689453,183.05999755859375,179.5500030517578,294182700,-1.26%
175,2022-09-07,184.30999755859375,180.61000061035156,184.8300018310547,180.61000061035156,276253300,2.05%
176,2022-09-08,183.5,184.30999755859375,184.7100067138672,181.35000610351562,287087600,-0.44%
177,2022-09-09,188.13999938964844,183.5,188.41000366210938,183.5,272862400,2.53%
178,2022-09-12,188.97999572753906,188.13999938964844,189.97000122070312,187.47000122070312,238191100,0.45%
179,2022-09-13,178.3300018310547,188.97999572753906,188.97999572753906,177.8800048828125,345097300,-5.64%
180,2022-09-14,178.99000549316406,178.3300018310547,179.4499969482422,176.63999938964844,309328300,0.37%
181,2022-09-15,177.10000610351562,178.99000549316406,180.47999572753906,176.4199981689453,317899500,-1.06%
182,2022-09-16,176.0500030517578,177.10000610351562,177.10000610351562,174.35000610351562,556763900,-0.59%
183,2022-09-19,176.82000732421875,176.0500030517578,176.89999389648438,174.27999877929688,249140500,0.44%
184,2022-09-20,173.97999572753906,176.82000732421875,176.82000732421875,173.22999572753906,268046400,-1.61%
185,2022-09-21,169.99000549316406,173.97999572753906,175.82000732421875,169.97999572753906,312836800,-2.29%
186,2022-09-22,170.08999633789062,169.99000549316406,171.66000366210938,169.25,293181500,0.06%
187,2022-09-23,167.0800018310547,170.08999633789062,170.08999633789062,165.0500030517578,314016900,-1.77%
188,2022-09-26,164.88999938964844,167.02999877929688,168.16000366210938,164.5399932861328,321186800,-1.31%
189,2022-09-27,163.7100067138672,164.88999938964844,167.69000244140625,162.85000610351562,300821500,-0.72%
190,2022-09-28,168.91000366210938,163.7100067138672,169.72000122070312,163.7100067138672,304402500,3.18%
191,2022-09-29,164.75,168.91000366210938,168.91000366210938,162.89999389648438,318041200,-2.46%
192,2022-09-30,162.00999450683594,164.75,166.8800048828125,161.94000244140625,361529000,-1.66%
193,2022-10-03,166.8300018310547,162.00999450683594,167.80999755859375,162.00999450683594,311187900,2.98%
194,2022-10-04,171.3699951171875,166.8300018310547,171.4199981689453,166.8300018310547,348299100,2.72%
195,2022-10-05,170.30999755859375,171.3699951171875,171.3699951171875,166.58999633789062,325377200,-0.62%
196,2022-10-06,169.1999969482422,170.30999755859375,171.6999969482422,168.77999877929688,370173100,-0.65%
197,2022-10-07,164.38999938964844,168.85000610351562,168.85000610351562,163.77999877929688,330366800,-2.84%
198,2022-10-10,163.6300048828125,164.38999938964844,165.10000610351562,162.17999267578125,253025500,-0.46%
199,2022-10-11,160.9499969482422,163.6300048828125,164.00999450683594,159.97000122070312,324570200,-1.64%
200,2022-10-12,160.9499969482422,160.9499969482422,162.27999877929688,160.1199951171875,294491500,0.00%
201,2022-10-13,164.52999877929688,160.9499969482422,165.3800048828125,156.77999877929688,385558000,2.22%
202,2022-10-14,161.33999633789062,164.52999877929688,166.72999572753906,161.17999267578125,288074100,-1.94%
203,2022-10-17,166.72999572753906,161.33999633789062,167.89999389648438,161.33999633789062,332558400,3.34%
204,2022-10-18,167.6199951171875,166.72999572753906,171.11000061035156,166.3800048828125,313587200,0.53%
205,2022-10-19,167.4199981689453,167.6199951171875,169.94000244140625,166.6199951171875,332269500,-0.12%
206,2022-10-20,168.02000427246094,167.4199981689453,171.50999450683594,167.39999389648438,386663400,0.36%
207,2022-10-21,169.4499969482422,168.02000427246094,169.55999755859375,164.6699981689453,447386100,0.85%
208,2022-10-24,170.97999572753906,169.4499969482422,171.5399932861328,167.99000549316406,372103300,0.90%
209,2022-10-25,175.0399932861328,170.97999572753906,175.4199981689453,170.97999572753906,354765800,2.37%
210,2022-10-26,166.72000122070312,175.0399932861328,175.0399932861328,166.57000732421875,470653800,-4.75%
211,2022-10-27,159.85000610351562,166.72000122070312,166.72000122070312,159.63999938964844,702008000,-4.12%
212,2022-10-28,164.6199951171875,159.85000610351562,164.82000732421875,159.85000610351562,405187300,2.98%
213,2022-10-31,161.86000061035156,164.6199951171875,164.6199951171875,161.0399932861328,399714200,-1.68%
214,2022-11-01,158.92999267578125,161.86000061035156,164.49000549316406,158.8699951171875,405094300,-1.81%
215,2022-11-02,154.10000610351562,158.92999267578125,160.22000122070312,154.02999877929688,446549500,-3.04%
216,2022-11-03,149.74000549316406,154.10000610351562,154.10000610351562,149.6699981689453,436122400,-2.83%
217,2022-11-04,152.3800048828125,149.74000549316406,152.85000610351562,149.1699981689453,426688200,1.76%
218,2022-11-07,155.16000366210938,152.3800048828125,155.3800048828125,152.3800048828125,387245600,1.82%
219,2022-11-08,155.72999572753906,155.16000366210938,157.55999755859375,153.6199951171875,366631800,0.37%
220,2022-11-09,152.77000427246094,155.72999572753906,155.72999572753906,152.67999267578125,445476000,-1.90%
221,2022-11-10,162.42999267578125,152.77000427246094,162.6300048828125,152.77000427246094,450163700,6.32%
222,2022-11-11,166.4499969482422,162.42999267578125,167.08999633789062,162.42999267578125,403205700,2.47%
223,2022-11-14,166.00999450683594,166.4499969482422,168.24000549316406,164.82000732421875,330366900,-0.26%
224,2022-11-15,168.9600067138672,166.00999450683594,171.11000061035156,166.00999450683594,391030800,1.78%
225,2022-11-16,168.00999450683594,168.9600067138672,169.07000732421875,167.24000549316406,274161400,-0.56%
226,2022-11-17,166.89999389648438,168.00999450683594,168.05999755859375,164.35000610351562,268253200,-0.66%
227,2022-11-18,166.30999755859375,166.89999389648438,168.1699981689453,165.27999877929688,265169000,-0.35%
228,2022-11-21,164.9600067138672,166.30999755859375,168.22999572753906,164.69000244140625,293012800,-0.81%
229,2022-11-22,167.14999389648438,164.9600067138672,167.27999877929688,163.61000061035156,252491800,1.33%
230,2022-11-23,169.17999267578125,167.11000061035156,169.61000061035156,167.11000061035156,197938900,1.21%
231,2022-11-25,167.99000549316406,169.17999267578125,169.33999633789062,167.99000549316406,115394200,-0.70%
232,2022-11-28,165.38999938964844,167.99000549316406,167.99000549316406,164.94000244140625,245134100,-1.55%
233,2022-11-29,164.83999633789062,165.42999267578125,165.72999572753906,163.32000732421875,227520700,-0.33%
234,2022-11-30,172.94000244140625,164.83999633789062,172.94000244140625,164.24000549316406,448249800,4.91%
235,2022-12-01,173.4499969482422,172.94000244140625,174.97000122070312,172.36000061035156,291342700,0.29%
236,2022-12-02,173.5500030517578,173.4499969482422,174.0,170.66000366210938,262816800,0.06%
237,2022-12-05,170.94000244140625,173.5500030517578,174.16000366210938,170.3699951171875,278768000,-1.50%
238,2022-12-06,166.5399932861328,171.0,171.0,165.77999877929688,316796300,-2.57%
239,2022-12-07,164.99000549316406,166.5399932861328,166.8000030517578,164.5399932861328,287637000,-0.93%
240,2022-12-08,164.16000366210938,164.99000549316406,166.14999389648438,163.75999450683594,290579600,-0.50%
241,2022-12-09,164.19000244140625,164.16000366210938,166.19000244140625,163.50999450683594,263351000,0.02%
242,2022-12-12,165.35000610351562,164.19000244140625,165.36000061035156,162.86000061035156,303955600,0.71%
243,2022-12-13,168.16000366210938,165.35000610351562,173.47999572753906,165.35000610351562,400346500,1.70%
244,2022-12-14,166.72000122070312,168.16000366210938,169.47000122070312,164.7899932861328,323567800,-0.86%
245,2022-12-15,160.30999755859375,166.72000122070312,166.72000122070312,159.35000610351562,375022200,-3.84%
246,2022-12-16,160.13999938964844,160.30999755859375,161.5500030517578,159.0399932861328,790694200,-0.11%
247,2022-12-19,156.63999938964844,160.13999938964844,160.13999938964844,156.24000549316406,328030500,-2.19%
248,2022-12-20,157.77000427246094,156.63999938964844,157.9499969482422,155.27000427246094,295601200,0.72%
249,2022-12-21,159.63999938964844,157.77000427246094,160.5,157.47999572753906,261024700,1.19%
250,2022-12-22,157.8000030517578,159.63999938964844,159.63999938964844,155.0500030517578,278931000,-1.15%
251,2022-12-23,159.5,157.8000030517578,159.6300048828125,156.97999572753906,195104100,1.08%
252,2022-12-27,157.6199951171875,159.5,159.5,156.75,216638800,-1.18%
253,2022-12-28,155.24000549316406,157.6199951171875,158.49000549316406,155.17999267578125,211362200,-1.51%
254,2022-12-29,159.41000366210938,155.24000549316406,160.00999450683594,155.24000549316406,223204300,2.69%
255,2022-12-30,159.3699951171875,159.41000366210938,159.4499969482422,156.77000427246094,255559300,-0.03%
256,2023-01-03,161.58999633789062,159.3699951171875,163.1699981689453,159.3699951171875,292688500,1.39%
257,2023-01-04,163.36000061035156,161.58999633789062,164.4199981689453,161.27000427246094,316713100,1.10%
258,2023-01-05,162.4600067138672,163.36000061035156,163.74000549316406,161.4499969482422,277403000,-0.55%
259,2023-01-06,165.25999450683594,162.4600067138672,165.72000122070312,161.49000549316406,290888000,1.72%
260,2023-01-09,165.27000427246094,165.25999450683594,167.75999450683594,165.16000366210938,289730300,0.01%
261,2023-01-10,167.39999389648438,165.27000427246094,167.42999267578125,163.3800048828125,283150000,1.29%
262,2023-01-11,169.63999938964844,167.39999389648438,169.67999267578125,167.32000732421875,257173700,1.34%
263,2023-01-12,171.0500030517578,169.63999938964844,171.67999267578125,167.92999267578125,276169400,0.83%
264,2023-01-13,171.97999572753906,171.0500030517578,172.22000122070312,169.72000122070312,218550200,0.54%
265,2023-01-17,170.39999389648438,171.97999572753906,171.97999572753906,169.2899932861328,271635000,-0.92%
266,2023-01-18,168.82000732421875,170.39999389648438,171.8699951171875,168.22000122070312,251063800,-0.93%
267,2023-01-19,170.33999633789062,168.82000732421875,171.33999633789062,167.7100067138672,299881300,0.90%
268,2023-01-20,177.08999633789062,170.33999633789062,177.1699981689453,170.33999633789062,364095700,3.96%
269,2023-01-23,180.24000549316406,177.08999633789062,180.75,176.52999877929688,308397000,1.78%
270,2023-01-24,178.99000549316406,180.24000549316406,181.69000244140625,178.47000122070312,254493200,-0.69%
271,2023-01-25,178.35000610351562,178.99000549316406,178.99000549316406,175.86000061035156,359801400,-0.36%
272,2023-01-26,181.3000030517578,178.35000610351562,181.3300018310547,178.30999755859375,291110100,1.65%
273,2023-01-27,182.89999389648438,181.3000030517578,184.02999877929688,180.97000122070312,277831300,0.88%
274,2023-01-30,179.61000061035156,182.89999389648438,182.89999389648438,179.33999633789062,256123200,-1.80%
275,2023-01-31,182.0399932861328,179.5800018310547,182.07000732421875,179.5800018310547,295867400,1.35%
276,2023-02-01,184.49000549316406,182.0399932861328,185.61000061035156,179.92999267578125,335040200,1.35%
277,2023-02-02,196.9199981689453,184.49000549316406,197.83999633789062,184.49000549316406,492394400,6.74%
278,2023-02-03,192.5500030517578,196.9199981689453,197.00999450683594,191.4499969482422,386161000,-2.22%
279,2023-02-06,190.02999877929688,192.5500030517578,192.5500030517578,188.75999450683594,286468400,-1.31%
280,2023-02-07,194.74000549316406,190.02999877929688,195.5500030517578,189.5399932861328,341835600,2.48%
281,2023-02-08,186.69000244140625,194.74000549316406,194.74000549316406,185.05999755859375,519488000,-4.13%
282,2023-02-09,181.47000122070312,186.69000244140625,188.9499969482422,180.58999633789062,510735600,-2.80%
283,2023-02-10,179.86000061035156,181.47000122070312,182.39999389648438,179.4600067138672,319156400,-0.89%
284,2023-02-13,181.83999633789062,179.86000061035156,182.30999755859375,179.86000061035156,292663700,1.10%
285,2023-02-14,181.85000610351562,181.83999633789062,182.19000244140625,178.89999389648438,275411300,0.01%
286,2023-02-15,183.97000122070312,181.85000610351562,183.99000549316406,180.5500030517578,284716600,1.17%
287,2023-02-16,181.1199951171875,183.97000122070312,183.97000122070312,180.3000030517578,299203000,-1.55%
288,2023-02-17,180.27000427246094,181.1199951171875,181.1199951171875,178.27999877929688,254130300,-0.47%
289,2023-02-21,176.13999938964844,180.00999450683594,180.00999450683594,176.07000732421875,280716200,-2.29%
290,2023-02-22,176.0500030517578,176.13999938964844,176.97000122070312,175.1199951171875,249574700,-0.05%
291,2023-02-23,174.88999938964844,176.0500030517578,176.22000122070312,172.91000366210938,280264300,-0.66%
292,2023-02-24,172.38999938964844,174.88999938964844,174.88999938964844,171.1999969482422,275868900,-1.43%
293,2023-02-27,173.11000061035156,172.38999938964844,174.47000122070312,172.38999938964844,247930500,0.42%
294,2023-02-28,173.52999877929688,173.11000061035156,174.8300018310547,172.88999938964844,374967700,0.24%
295,2023-03-01,172.47000122070312,173.52999877929688,174.22000122070312,172.19000244140625,251748100,-0.61%
296,2023-03-02,174.36000061035156,172.47000122070312,174.77000427246094,171.39999389648438,242783800,1.10%
297,2023-03-03,178.02000427246094,174.36000061035156,178.1999969482422,174.36000061035156,273233700,2.10%
298,2023-03-06,178.8300018310547,178.02000427246094,181.0399932861328,178.02000427246094,274854300,0.46%
299,2023-03-07,176.77999877929688,178.8300018310547,179.97999572753906,176.32000732421875,263132700,-1.15%
300,2023-03-08,177.1199951171875,176.77999877929688,178.33999633789062,176.19000244140625,244775000,0.19%
301,2023-03-09,173.17999267578125,177.1199951171875,178.72999572753906,172.55999755859375,271935000,-2.22%
302,2023-03-10,170.7100067138672,173.17999267578125,173.82000732421875,170.00999450683594,310330400,-1.43%
303,2023-03-13,171.1300048828125,170.7100067138672,173.3800048828125,168.17999267578125,336735300,0.25%
304,2023-03-14,175.83999633789062,171.1300048828125,176.08999633789062,171.1300048828125,316167800,2.75%
305,2023-03-15,178.47999572753906,175.83999633789062,179.02999877929688,173.60000610351562,339593200,1.50%
306,2023-03-16,183.42999267578125,178.47999572753906,183.66000366210938,177.60000610351562,386277100,2.77%
307,2023-03-17,182.55999755859375,183.42999267578125,184.7899932861328,181.5399932861328,797624500,-0.47%
308,2023-03-20,183.44000244140625,182.55999755859375,184.0500030517578,181.49000549316406,226368900,0.48%
309,2023-03-21,187.92999267578125,183.44000244140625,188.25,183.44000244140625,248403300,2.45%
310,2023-03-22,184.8800048828125,187.92999267578125,190.39999389648438,184.85000610351562,232919600,-1.62%
311,2023-03-23,188.27000427246094,184.8800048828125,189.85000610351562,184.8800048828125,254018800,1.83%
312,2023-03-24,188.77000427246094,188.27000427246094,188.9600067138672,186.52999877929688,260744800,0.27%
313,2023-03-27,186.74000549316406,188.77000427246094,188.99000549316406,185.9600067138672,207011200,-1.08%
314,2023-03-28,184.83999633789062,186.74000549316406,186.74000549316406,183.74000549316406,199783600,-1.02%
315,2023-03-29,187.02999877929688,184.83999633789062,187.22000122070312,184.83999633789062,194670200,1.18%
316,2023-03-30,187.6300048828125,187.02999877929688,187.82000732421875,186.42999267578125,202529000,0.32%
317,2023-03-31,191.52999877929688,187.6300048828125,191.6699981689453,187.6300048828125,236665800,2.08%
318,2023-04-03,192.5399932861328,191.52999877929688,192.69000244140625,189.6699981689453,215389700,0.53%
319,2023-04-04,193.1300048828125,192.5399932861328,193.86000061035156,191.91000366210938,226819200,0.31%
320,2023-04-05,192.7100067138672,193.1300048828125,194.05999755859375,191.4499969482422,231570000,-0.22%
321,2023-04-06,196.0,192.7100067138672,196.69000244140625,191.27999877929688,266772200,1.71%
322,2023-04-10,194.64999389648438,196.0,196.0,192.6699981689453,180904700,-0.69%
323,2023-04-11,193.82000732421875,194.64999389648438,195.52000427246094,193.60000610351562,195749200,-0.43%
324,2023-04-12,192.08999633789062,193.82000732421875,195.77999877929688,191.88999938964844,217486700,-0.89%
325,2023-04-13,196.57000732421875,192.08999633789062,196.61000061035156,192.08999633789062,223692900,2.33%
326,2023-04-14,197.17999267578125,196.57000732421875,197.25,195.02000427246094,193299700,0.31%
327,2023-04-17,194.67999267578125,197.17999267578125,197.17999267578125,193.1999969482422,205357100,-1.27%
328,2023-04-18,193.4199981689453,194.67999267578125,195.66000366210938,193.1300048828125,200439700,-0.65%
329,2023-04-19,192.02000427246094,193.4199981689453,193.4199981689453,190.8699951171875,214392900,-0.72%
330,2023-04-20,190.5500030517578,192.02000427246094,192.36000061035156,189.8300018310547,325266100,-0.77%
331,2023-04-21,191.16000366210938,190.5500030517578,191.44000244140625,189.6300048828125,266203700,0.32%
332,2023-04-24,191.13999938964844,191.16000366210938,192.32000732421875,190.0500030517578,240712300,-0.01%
333,2023-04-25,188.1199951171875,191.13999938964844,191.13999938964844,188.10000610351562,272478600,-1.58%
334,2023-04-26,186.9499969482422,188.1199951171875,190.3699951171875,186.69000244140625,336059700,-0.62%
335,2023-04-27,197.27999877929688,186.9499969482422,198.02999877929688,186.9499969482422,357683200,5.53%
336,2023-04-28,198.35000610351562,197.27999877929688,198.3699951171875,195.4600067138672,280041100,0.54%
337,2023-05-01,198.1999969482422,198.35000610351562,199.1300048828125,196.97999572753906,225739000,-0.08%
338,2023-05-02,194.6699981689453,198.1999969482422,198.1999969482422,193.2899932861328,243498200,-1.78%
339,2023-05-03,194.33999633789062,194.6699981689453,197.25999450683594,194.1199951171875,234571000,-0.17%
340,2023-05-04,191.89999389648438,194.33999633789062,194.33999633789062,191.64999389648438,301304200,-1.26%
341,2023-05-05,193.80999755859375,191.89999389648438,194.24000549316406,191.1699981689453,294053800,1.00%
342,2023-05-08,196.27999877929688,193.80999755859375,196.6300048828125,193.44000244140625,221504800,1.27%
343,2023-05-09,195.25999450683594,196.27999877929688,197.60000610351562,195.07000732421875,248367100,-0.52%
344,2023-05-10,198.55999755859375,195.25999450683594,199.38999938964844,194.77999877929688,315425700,1.69%
345,2023-05-11,201.83999633789062,200.0500030517578,203.17999267578125,199.38999938964844,369363900,1.65%
346,2023-05-12,202.22000122070312,201.83999633789062,202.7100067138672,201.0,261151000,0.19%
347,2023-05-15,202.16000366210938,202.22000122070312,203.36000061035156,201.60000610351562,253137200,-0.03%
348,2023-05-16,203.36000061035156,202.16000366210938,204.39999389648438,201.3699951171875,259693800,0.59%
349,2023-05-17,205.75999450683594,203.36000061035156,206.72000122070312,203.0800018310547,240546600,1.18%
350,2023-05-18,209.44000244140625,205.75999450683594,209.72000122070312,205.75999450683594,296537700,1.79%
351,2023-05-19,208.41000366210938,209.44000244140625,211.69000244140625,207.61000061035156,270577000,-0.49%
352,2023-05-22,210.85000610351562,208.3699951171875,212.5,208.3699951171875,263667000,1.17%
353,2023-05-23,207.72999572753906,210.85000610351562,210.89999389648438,207.72999572753906,272091700,-1.48%
354,2023-05-24,206.47999572753906,207.13999938964844,207.4499969482422,205.1999969482422,253331100,-0.60%
355,2023-05-25,207.3699951171875,206.47999572753906,209.82000732421875,206.38999938964844,399977700,0.43%
356,2023-05-26,210.9199981689453,207.3699951171875,211.13999938964844,206.52999877929688,307898400,1.71%
357,2023-05-30,210.77000427246094,210.9199981689453,212.63999938964844,209.38999938964844,290422500,-0.07%
358,2023-05-31,210.66000366210938,210.77000427246094,211.3800048828125,209.22000122070312,475180900,-0.05%
359,2023-06-01,213.0800018310547,210.66000366210938,213.35000610351562,210.66000366210938,274034300,1.15%
360,2023-06-02,213.2899932861328,213.0800018310547,214.25,211.63999938964844,426675800,0.10%
361,2023-06-05,214.52000427246094,213.2899932861328,216.49000549316406,212.97000122070312,275562000,0.58%
362,2023-06-06,215.5800018310547,214.52000427246094,216.77000427246094,213.86000061035156,239226900,0.49%
363,2023-06-07,211.5500030517578,215.5800018310547,218.08999633789062,211.22999572753906,357042600,-1.87%
364,2023-06-08,212.11000061035156,211.5500030517578,213.00999450683594,210.30999755859375,253397800,0.26%
365,2023-06-09,212.38999938964844,212.11000061035156,214.1199951171875,211.80999755859375,233042000,0.13%
366,2023-06-12,214.92999267578125,212.38999938964844,215.16000366210938,212.38999938964844,222811100,1.20%
367,2023-06-13,215.52000427246094,214.92999267578125,217.36000061035156,214.6699981689453,234311300,0.27%
368,2023-06-14,215.8000030517578,215.52000427246094,217.02999877929688,213.30999755859375,256554400,0.13%
369,2023-06-15,219.1199951171875,215.8000030517578,219.83999633789062,214.4499969482422,283130000,1.54%
370,2023-06-16,216.9199981689453,219.1199951171875,220.07000732421875,216.66000366210938,515710200,-1.00%
371,2023-06-20,216.2899932861328,216.9199981689453,217.3699951171875,214.44000244140625,235114400,-0.29%
372,2023-06-21,213.36000061035156,216.2899932861328,216.2899932861328,212.67999267578125,250334700,-1.35%
373,2023-06-22,215.80999755859375,213.36000061035156,215.86000061035156,211.3699951171875,199764900,1.15%
374,2023-06-23,215.27999877929688,215.80999755859375,215.94000244140625,213.33999633789062,324621600,-0.25%
375,2023-06-26,211.22999572753906,215.27999877929688,215.64999389648438,211.11000061035156,229908700,-1.88%
376,2023-06-27,213.60000610351562,211.22999572753906,214.6300048828125,210.4499969482422,251393900,1.12%
377,2023-06-28,215.30999755859375,213.60000610351562,215.94000244140625,212.50999450683594,199189300,0.80%
378,2023-06-29,213.9499969482422,215.30999755859375,215.35000610351562,213.4199981689453,183442400,-0.63%
379,2023-06-30,216.0800018310547,213.9499969482422,217.16000366210938,213.9499969482422,228359400,1.00%
380,2023-07-03,216.36000061035156,216.0800018310547,216.42999267578125,214.99000549316406,118395700,0.13%
381,2023-07-05,218.97000122070312,216.36000061035156,219.85000610351562,216.1199951171875,216261000,1.21%
382,2023-07-06,216.63999938964844,218.97000122070312,218.97000122070312,215.00999450683594,225768300,-1.06%
383,2023-07-07,215.38999938964844,216.63999938964844,217.92999267578125,215.27999877929688,200588500,-0.58%
384,2023-07-10,213.41000366210938,215.38999938964844,215.89999389648438,212.27000427246094,280785800,-0.92%
385,2023-07-11,215.66000366210938,213.41000366210938,216.2899932861328,212.75,305755600,1.05%
386,2023-07-12,218.91000366210938,215.66000366210938,219.82000732421875,215.66000366210938,285502900,1.51%
387,2023-07-13,223.99000549316406,218.91000366210938,224.36000061035156,218.91000366210938,292103900,2.32%
388,2023-07-14,222.6300048828125,223.99000549316406,225.07000732421875,222.1999969482422,370130200,-0.61%
389,2023-07-17,221.17999267578125,222.6300048828125,223.72999572753906,220.6199951171875,490732900,-0.65%
390,2023-07-18,222.02999877929688,221.17999267578125,222.61000061035156,220.50999450683594,416575000,0.38%
391,2023-07-19,222.5399932861328,222.47999572753906,224.42999267578125,221.94000244140625,453424000,0.23%
392,2023-07-20,217.00999450683594,222.5399932861328,222.6999969482422,216.35000610351562,328813300,-2.48%
393,2023-07-21,215.9199981689453,217.00999450683594,218.41000366210938,214.82000732421875,464208500,-0.50%
394,2023-07-24,216.9199981689453,215.9199981689453,218.57000732421875,215.9199981689453,262115600,0.46%
395,2023-07-25,217.83999633789062,216.9199981689453,218.86000061035156,216.5500030517578,293217600,0.42%
396,2023-07-26,223.61000061035156,217.83999633789062,225.19000244140625,217.83999633789062,332845400,2.65%
397,2023-07-27,225.52000427246094,223.61000061035156,231.77999877929688,223.61000061035156,362770400,0.85%
398,2023-07-28,230.7100067138672,225.52000427246094,231.92999267578125,225.52000427246094,296047000,2.30%
399,2023-07-31,230.63999938964844,230.7100067138672,231.9199981689453,229.75999450683594,271723800,-0.03%
400,2023-08-01,229.97000122070312,230.63999938964844,230.83999633789062,228.63999938964844,237272300,-0.29%
401,2023-08-02,225.1999969482422,229.97000122070312,229.97000122070312,224.25,246568100,-2.07%
402,2023-08-03,224.82000732421875,225.1999969482422,226.47000122070312,223.86000061035156,232314900,-0.17%
403,2023-08-04,224.1300048828125,224.82000732421875,228.00999450683594,223.8800048828125,242530000,-0.31%
404,2023-08-07,228.35000610351562,224.1300048828125,228.49000549316406,224.1300048828125,234344900,1.88%
405,2023-08-08,227.82000732421875,228.35000610351562,228.35000610351562,225.86000061035156,252576200,-0.23%
406,2023-08-09,224.99000549316406,227.82000732421875,228.52000427246094,224.13999938964844,232087600,-1.24%
407,2023-08-10,225.9499969482422,224.99000549316406,228.97000122070312,224.99000549316406,239934200,0.43%
408,2023-08-11,224.86000061035156,225.9499969482422,225.9499969482422,223.61000061035156,189965800,-0.48%
409,2023-08-14,227.19000244140625,224.86000061035156,227.2100067138672,223.9600067138672,202077100,1.04%
410,2023-08-15,224.88999938964844,227.19000244140625,227.19000244140625,224.27000427246094,174922200,-1.01%
411,2023-08-16,222.17999267578125,224.88999938964844,224.9600067138672,221.9499969482422,184655300,-1.21%
412,2023-08-17,220.8699951171875,222.17999267578125,224.4600067138672,220.6699981689453,229926800,-0.59%
413,2023-08-18,218.6999969482422,220.8699951171875,220.8699951171875,216.50999450683594,231069300,-0.98%
414,2023-08-21,220.4600067138672,218.6999969482422,220.91000366210938,217.88999938964844,212623700,0.80%
415,2023-08-22,220.85000610351562,220.4600067138672,222.3300018310547,220.4600067138672,192301000,0.18%
416,2023-08-23,225.0500030517578,220.85000610351562,226.39999389648438,220.85000610351562,192711900,1.90%
417,2023-08-24,220.47000122070312,225.0500030517578,226.8800048828125,220.41000366210938,211669500,-2.04%
418,2023-08-25,220.83999633789062,220.47000122070312,221.9499969482422,216.8300018310547,196093000,0.17%
419,2023-08-28,223.16000366210938,220.83999633789062,223.86000061035156,220.83999633789062,171513400,1.05%
420,2023-08-29,228.64999389648438,223.16000366210938,229.6699981689453,223.16000366210938,241487100,2.46%
421,2023-08-30,229.4600067138672,228.64999389648438,230.0399932861328,227.91000366210938,181748500,0.35%
422,2023-08-31,229.72000122070312,229.4600067138672,231.55999755859375,229.4600067138672,240600100,0.11%
423,2023-09-01,228.47999572753906,229.72000122070312,230.66000366210938,227.72999572753906,265467300,-0.54%
424,2023-09-05,228.5800018310547,228.47999572753906,229.63999938964844,228.0,209480400,0.04%
425,2023-09-06,227.33999633789062,228.5800018310547,229.39999389648438,226.1199951171875,235971700,-0.54%
426,2023-09-07,227.58999633789062,227.33999633789062,228.94000244140625,225.5,251551000,0.11%
427,2023-09-08,228.38999938964844,227.58999633789062,229.27000427246094,227.52999877929688,219552000,0.35%
428,2023-09-11,231.05999755859375,228.39999389648438,231.5399932861328,228.39999389648438,239336500,1.17%
429,2023-09-12,228.61000061035156,231.05999755859375,231.05999755859375,228.36000061035156,194403600,-1.06%
430,2023-09-13,229.52000427246094,228.57000732421875,229.99000549316406,227.32000732421875,204837400,0.40%
431,2023-09-14,232.22999572753906,229.52000427246094,232.72000122070312,229.49000549316406,266322300,1.18%
432,2023-09-15,229.64999389648438,232.22999572753906,232.52000427246094,228.92999267578125,437319100,-1.11%
433,2023-09-18,230.25999450683594,229.64999389648438,231.13999938964844,229.07000732421875,183921700,0.27%
434,2023-09-19,230.27999877929688,230.25999450683594,230.7899932861328,228.10000610351562,194563600,0.01%
435,2023-09-20,225.92999267578125,230.27999877929688,230.80999755859375,225.8699951171875,222288100,-1.89%
436,2023-09-21,222.44000244140625,225.92999267578125,225.92999267578125,222.3800048828125,227906500,-1.54%
437,2023-09-22,222.24000549316406,222.44000244140625,225.0399932861328,222.16000366210938,242358300,-0.09%
438,2023-09-25,223.08999633789062,222.24000549316406,223.16000366210938,220.4199981689453,195655100,0.38%
439,2023-09-26,220.08999633789062,223.08999633789062,223.08999633789062,219.0800018310547,222747000,-1.34%
440,2023-09-27,221.27000427246094,220.08999633789062,222.25999450683594,217.97000122070312,226263400,0.54%
441,2023-09-28,223.83999633789062,221.27000427246094,225.2100067138672,220.82000732421875,199279900,1.16%
442,2023-09-29,222.2100067138672,223.83999633789062,226.36000061035156,221.4499969482422,221791500,-0.73%
443,2023-10-02,225.47000122070312,222.2100067138672,226.00999450683594,222.2100067138672,211674700,1.47%
444,2023-10-03,222.32000732421875,225.47000122070312,225.77000427246094,221.63999938964844,224449400,-1.40%
445,2023-10-04,225.1699981689453,222.32000732421875,225.64999389648438,221.8000030517578,225656100,1.28%
446,2023-10-05,224.88999938964844,225.1699981689453,225.4499969482422,222.39999389648438,211959800,-0.12%
447,2023-10-06,228.99000549316406,224.88999938964844,229.5,222.99000549316406,269942700,1.82%
448,2023-10-09,231.1699981689453,228.99000549316406,231.8800048828125,226.9600067138672,192073900,0.95%
449,2023-10-10,231.6699981689453,231.1699981689453,233.61000061035156,230.6699981689453,219076100,0.22%
450,2023-10-11,234.14999389648438,231.6699981689453,235.1699981689453,231.6699981689453,212464700,1.07%
451,2023-10-12,231.55999755859375,234.14999389648438,234.5800018310547,230.41000366210938,213769700,-1.11%
452,2023-10-13,228.5,231.55999755859375,232.5800018310547,227.3699951171875,212682600,-1.32%
453,2023-10-16,231.86000061035156,228.5,232.3300018310547,228.5,201908000,1.47%
454,2023-10-17,232.85000610351562,231.86000061035156,233.17999267578125,229.94000244140625,198004700,0.43%
455,2023-10-18,229.16000366210938,232.85000610351562,233.50999450683594,228.49000549316406,199129300,-1.58%
456,2023-10-19,229.91000366210938,229.16000366210938,233.41000366210938,229.16000366210938,311262100,0.33%
457,2023-10-20,227.25999450683594,229.91000366210938,230.75,226.94000244140625,270461500,-1.15%
458,2023-10-23,228.89999389648438,227.25999450683594,230.5500030517578,225.55999755859375,240926200,0.72%
459,2023-10-24,232.07000732421875,228.89999389648438,233.32000732421875,228.89999389648438,309373900,1.38%
460,2023-10-25,218.39999389648438,232.07000732421875,232.07000732421875,218.07000732421875,367437400,-5.89%
461,2023-10-26,212.77000427246094,217.69000244140625,217.69000244140625,211.25999450683594,359806900,-2.58%
462,2023-10-27,212.97000122070312,213.77000427246094,214.35000610351562,211.64999389648438,275775600,0.09%
463,2023-10-30,217.36000061035156,214.8000030517578,218.5500030517578,214.75999450683594,250501000,2.06%
464,2023-10-31,217.75999450683594,218.02000427246094,218.32000732421875,215.8699951171875,231174200,0.18%
465,2023-11-01,221.75999450683594,217.9199981689453,221.85000610351562,217.82000732421875,260797000,1.84%
466,2023-11-02,223.77999877929688,224.63999938964844,225.3300018310547,222.7100067138672,260098200,0.91%
467,2023-11-03,226.88999938964844,225.1999969482422,227.38999938964844,225.10000610351562,263345300,1.39%
468,2023-11-06,227.25999450683594,227.02999877929688,227.85000610351562,226.1199951171875,203216600,0.16%
469,2023-11-07,228.50999450683594,227.77000427246094,229.5500030517578,226.94000244140625,204737900,0.55%
470,2023-11-08,228.77000427246094,228.30999755859375,229.19000244140625,227.39999389648438,283948900,0.11%
471,2023-11-09,228.0800018310547,229.69000244140625,230.89999389648438,227.6699981689453,269709100,-0.30%
472,2023-11-10,231.89999389648438,228.16000366210938,232.00999450683594,227.5800018310547,233054500,1.67%
473,2023-11-13,231.4499969482422,230.91000366210938,232.3300018310547,230.16000366210938,175657400,-0.19%
474,2023-11-14,234.72999572753906,234.8699951171875,236.97999572753906,234.39999389648438,240324500,1.42%
475,2023-11-15,236.1300048828125,236.50999450683594,236.52000427246094,234.66000366210938,208766800,0.60%
476,2023-11-16,238.36000061035156,236.44000244140625,238.42999267578125,235.32000732421875,220927500,0.94%
477,2023-11-17,237.25,236.8000030517578,237.52999877929688,235.5500030517578,208437500,-0.47%
478,2023-11-20,239.74000549316406,236.1199951171875,240.07000732421875,236.0800018310547,212570600,1.05%
479,2023-11-21,239.7100067138672,239.61000061035156,240.2899932861328,238.75,176293700,-0.01%
480,2023-11-22,241.8300018310547,241.02000427246094,242.88999938964844,240.85000610351562,156400100,0.88%
481,2023-11-24,240.22000122070312,241.4499969482422,241.77999877929688,239.4600067138672,79605700,-0.67%
482,2023-11-27,239.0800018310547,239.27999877929688,241.19000244140625,238.85000610351562,187991900,-0.47%
483,2023-11-28,239.86000061035156,238.6699981689453,239.9499969482422,237.8000030517578,188669500,0.33%
484,2023-11-29,237.1699981689453,240.52000427246094,240.75,237.0399932861328,198389300,-1.12%
