,date,spx,open,high,low,volume,spx_cr
0,2020-01-02,3257.85,3244.67,3258.14,3235.53,,+0.84%
1,2020-01-03,3234.85,3226.36,3246.15,3222.34,,-0.71%
2,2020-01-06,3246.28,3217.55,3246.84,3214.64,,+0.35%
3,2020-01-07,3237.18,3241.86,3244.91,3232.43,,-0.28%
4,2020-01-08,3253.05,3238.59,3267.07,3236.67,,+0.49%
5,2020-01-09,3274.7,3266.03,3275.58,3263.67,,+0.67%
6,2020-01-10,3265.35,3281.81,3282.99,3260.86,,-0.29%
7,2020-01-13,3288.13,3271.13,3288.13,3268.43,,+0.70%
8,2020-01-14,3283.15,3285.35,3294.25,3277.19,,-0.15%
9,2020-01-15,3289.29,3282.27,3298.66,3280.69,,+0.19%
10,2020-01-16,3316.81,3302.97,3317.11,3302.82,,+0.84%
11,2020-01-17,3329.62,3323.66,3329.88,3318.86,,+0.39%
12,2020-01-21,3320.79,3321.03,3329.79,3316.61,,-0.27%
13,2020-01-22,3321.75,3330.02,3337.77,3320.04,,+0.03%
14,2020-01-23,3325.54,3315.77,3326.88,3301.87,,+0.11%
15,2020-01-24,3295.47,3333.1,3333.18,3281.53,,-0.90%
16,2020-01-27,3243.63,3247.16,3258.85,3234.5,,-1.57%
17,2020-01-28,3276.24,3255.35,3285.78,3253.22,,+1.01%
18,2020-01-29,3273.4,3289.46,3293.47,3271.89,,-0.09%
19,2020-01-30,3283.66,3256.45,3285.91,3242.8,,+0.31%
20,2020-01-31,3225.52,3282.33,3282.33,3214.68,,-1.77%
21,2020-02-03,3248.92,3235.66,3268.44,3235.66,,+0.73%
22,2020-02-04,3297.59,3280.61,3306.92,3280.61,,+1.50%
23,2020-02-05,3334.69,3324.91,3337.58,3313.75,,+1.13%
24,2020-02-06,3345.78,3344.92,3347.96,3334.39,,+0.33%
25,2020-02-07,3327.71,3335.54,3341.42,3322.12,,-0.54%
26,2020-02-10,3352.09,3318.28,3352.26,3317.77,,+0.73%
27,2020-02-11,3357.75,3365.87,3375.63,3352.72,,+0.17%
28,2020-02-12,3379.45,3370.5,3381.47,3369.72,,+0.65%
29,2020-02-13,3373.94,3365.9,3385.09,3360.52,,-0.16%
30,2020-02-14,3380.16,3378.08,3380.69,3366.15,,+0.18%
31,2020-02-18,3370.29,3369.04,3375.01,3355.61,,-0.29%
32,2020-02-19,3386.15,3380.39,3393.52,3378.83,,+0.47%
33,2020-02-20,3373.23,3380.45,3389.15,3341.02,,-0.38%
34,2020-02-21,3337.75,3360.5,3360.76,3328.45,,-1.05%
35,2020-02-24,3225.89,3257.61,3259.81,3214.65,,-3.35%
36,2020-02-25,3128.21,3238.94,3246.99,3118.77,,-3.03%
37,2020-02-26,3116.39,3139.9,3182.51,3108.99,,-0.38%
38,2020-02-27,2978.76,3062.54,3097.07,2977.39,,-4.42%
39,2020-02-28,2954.22,2916.9,2959.72,2855.84,,-0.82%
40,2020-03-02,3090.23,2974.28,3090.96,2945.19,,+4.60%
41,2020-03-03,3003.37,3096.46,3136.72,2976.63,,-2.81%
42,2020-03-04,3130.12,3045.75,3130.97,3034.38,,+4.22%
43,2020-03-05,3023.94,3075.7,3083.04,2999.83,,-3.39%
44,2020-03-06,2972.37,2954.2,2985.93,2901.54,,-1.71%
45,2020-03-09,2746.56,2863.89,2863.89,2734.43,,-7.60%
46,2020-03-10,2882.23,2813.48,2882.59,2734.0,,+4.94%
47,2020-03-11,2741.38,2825.6,2825.6,2707.22,,-4.89%
48,2020-03-12,2480.64,2630.86,2660.95,2478.86,,-9.51%
49,2020-03-13,2711.02,2569.99,2711.33,2492.37,,+9.29%
50,2020-03-16,2386.13,2508.59,2562.98,2380.94,,-11.98%
51,2020-03-17,2529.19,2425.66,2553.93,2367.04,,+6.00%
52,2020-03-18,2398.1,2436.5,2453.57,2280.52,,-5.18%
53,2020-03-19,2409.39,2393.48,2466.97,2319.78,,+0.47%
54,2020-03-20,2304.92,2431.94,2453.01,2295.56,,-4.34%
55,2020-03-23,2237.4,2290.71,2300.73,2191.86,,-2.93%
56,2020-03-24,2447.33,2344.44,2449.71,2344.44,,+9.38%
57,2020-03-25,2475.56,2457.77,2571.42,2407.53,,+1.15%
58,2020-03-26,2630.07,2501.29,2637.01,2500.72,,+6.24%
59,2020-03-27,2541.47,2555.87,2615.91,2520.02,,-3.37%
60,2020-03-30,2626.65,2558.98,2631.8,2545.28,,+3.35%
61,2020-03-31,2584.59,2614.69,2641.39,2571.15,,-1.60%
62,2020-04-01,2470.5,2498.08,2522.75,2447.49,,-4.41%
63,2020-04-02,2526.9,2458.54,2533.22,2455.79,,+2.28%
64,2020-04-03,2488.65,2514.92,2538.18,2459.96,,-1.51%
65,2020-04-06,2663.68,2578.28,2676.85,2574.57,,+7.03%
66,2020-04-07,2659.41,2738.65,2756.89,2657.67,,-0.16%
67,2020-04-08,2749.98,2685.0,2760.75,2663.3,,+3.41%
68,2020-04-09,2789.82,2776.99,2818.57,2762.36,,+1.45%
69,2020-04-13,2761.63,2782.46,2782.46,2721.17,,-1.01%
70,2020-04-14,2846.06,2805.1,2851.85,2805.1,,+3.06%
71,2020-04-15,2783.36,2795.64,2801.88,2761.54,,-2.20%
72,2020-04-16,2799.55,2799.34,2806.51,2764.32,,+0.58%
73,2020-04-17,2874.56,2842.43,2879.22,2830.88,,+2.68%
74,2020-04-20,2823.16,2845.62,2868.98,2820.43,,-1.79%
75,2020-04-21,2736.56,2784.81,2785.54,2727.1,,-3.07%
76,2020-04-22,2799.31,2787.89,2815.1,2775.95,,+2.29%
77,2020-04-23,2797.8,2810.42,2844.9,2794.26,,-0.05%
78,2020-04-24,2836.74,2812.64,2842.71,2791.76,,+1.39%
79,2020-04-27,2878.48,2854.65,2887.72,2852.89,,+1.47%
80,2020-04-28,2863.39,2909.96,2921.15,2860.71,,-0.52%
81,2020-04-29,2939.51,2918.46,2954.86,2912.16,,+2.66%
82,2020-04-30,2912.43,2930.91,2930.91,2892.47,,-0.92%
83,2020-05-01,2830.71,2869.09,2869.09,2821.61,,-2.81%
84,2020-05-04,2842.74,2815.01,2844.24,2797.85,,+0.42%
85,2020-05-05,2868.44,2868.88,2898.23,2863.55,,+0.90%
86,2020-05-06,2848.42,2883.14,2891.11,2847.65,,-0.70%
87,2020-05-07,2881.19,2878.26,2901.92,2876.48,,+1.15%
88,2020-05-08,2929.8,2908.83,2932.16,2902.88,,+1.69%
89,2020-05-11,2930.32,2915.46,2944.25,2903.44,,+0.02%
90,2020-05-12,2870.12,2939.5,2945.82,2869.59,,-2.05%
91,2020-05-13,2820.0,2865.86,2874.14,2793.15,,-1.75%
92,2020-05-14,2852.5,2794.54,2852.8,2766.64,,+1.15%
93,2020-05-15,2863.7,2829.95,2865.01,2816.78,,+0.39%
94,2020-05-18,2953.91,2913.86,2968.09,2913.86,,+3.15%
95,2020-05-19,2922.94,2948.59,2964.21,2922.35,,-1.05%
96,2020-05-20,2971.61,2953.63,2980.29,2953.63,,+1.67%
97,2020-05-21,2948.51,2969.95,2978.5,2938.57,,-0.78%
98,2020-05-22,2955.45,2948.05,2956.76,2933.59,,+0.24%
99,2020-05-26,2991.77,3004.08,3021.72,2988.17,,+1.23%
100,2020-05-27,3036.13,3015.65,3036.25,2969.75,,+1.48%
101,2020-05-28,3029.73,3046.61,3068.67,3023.4,,-0.21%
102,2020-05-29,3044.31,3025.17,3049.17,2998.61,,+0.48%
103,2020-06-01,3055.73,3038.78,3062.18,3031.54,,+0.38%
104,2020-06-02,3080.82,3064.78,3081.07,3051.64,,+0.82%
105,2020-06-03,3122.87,3098.9,3130.94,3098.9,,+1.36%
106,2020-06-04,3112.35,3111.56,3128.91,3090.41,,-0.34%
107,2020-06-05,3193.93,3163.84,3211.72,3163.84,,+2.62%
108,2020-06-08,3232.39,3199.92,3233.13,3196.0,,+1.20%
109,2020-06-09,3207.18,3213.32,3222.71,3193.11,,-0.78%
110,2020-06-10,3190.14,3213.42,3223.27,3181.49,,-0.53%
111,2020-06-11,3002.1,3123.53,3123.53,2999.49,,-5.89%
112,2020-06-12,3041.31,3071.04,3088.42,2984.47,,+1.31%
113,2020-06-15,3066.59,2993.76,3079.76,2965.66,,+0.83%
114,2020-06-16,3124.74,3131.0,3153.45,3076.06,,+1.90%
115,2020-06-17,3113.49,3136.13,3141.16,3108.03,,-0.36%
116,2020-06-18,3115.34,3101.64,3120.0,3093.51,,+0.06%
117,2020-06-19,3097.74,3140.29,3155.53,3083.11,,-0.56%
118,2020-06-22,3117.86,3094.42,3120.92,3079.39,,+0.65%
119,2020-06-23,3131.29,3138.7,3154.9,3127.12,,+0.43%
120,2020-06-24,3050.33,3114.4,3115.01,3032.13,,-2.59%
121,2020-06-25,3083.76,3046.6,3086.25,3024.01,,+1.10%
122,2020-06-26,3009.05,3073.2,3073.73,3004.63,,-2.42%
123,2020-06-29,3053.24,3018.59,3053.89,2999.74,,+1.47%
124,2020-06-30,3100.29,3050.2,3111.51,3047.83,,+1.54%
125,2020-07-01,3115.86,3105.92,3128.44,3101.17,,+0.50%
126,2020-07-02,3130.01,3143.64,3165.81,3124.52,,+0.45%
127,2020-07-06,3179.72,3155.29,3182.59,3155.29,,+1.59%
128,2020-07-07,3145.32,3166.44,3184.15,3142.93,,-1.08%
129,2020-07-08,3169.94,3153.07,3171.8,3136.53,,+0.78%
130,2020-07-09,3152.05,3176.17,3179.78,3115.7,,-0.56%
131,2020-07-10,3185.04,3152.47,3186.82,3136.22,,+1.05%
132,2020-07-13,3155.22,3205.08,3235.32,3149.43,,-0.94%
133,2020-07-14,3197.52,3141.11,3200.95,3127.66,,+1.34%
134,2020-07-15,3226.56,3225.98,3238.28,3200.76,,+0.91%
135,2020-07-16,3215.57,3208.36,3220.39,3198.59,,-0.34%
136,2020-07-17,3224.73,3224.21,3233.52,3205.65,,+0.28%
137,2020-07-20,3251.84,3224.29,3258.61,3215.16,,+0.84%
138,2020-07-21,3257.3,3268.52,3277.29,3247.77,,+0.17%
139,2020-07-22,3276.02,3254.86,3279.32,3253.1,,+0.57%
140,2020-07-23,3235.66,3271.64,3279.99,3222.66,,-1.23%
141,2020-07-24,3215.63,3218.58,3227.26,3200.05,,-0.62%
142,2020-07-27,3239.41,3219.84,3241.43,3214.25,,+0.74%
143,2020-07-28,3218.44,3234.27,3243.72,3216.17,,-0.65%
144,2020-07-29,3258.44,3227.22,3264.74,3227.22,,+1.24%
145,2020-07-30,3246.22,3231.76,3250.92,3204.13,,-0.38%
146,2020-07-31,3271.12,3270.45,3272.17,3220.26,,+0.77%
147,2020-08-03,3294.61,3288.26,3302.73,3284.53,,+0.72%
148,2020-08-04,3306.51,3289.92,3306.84,3286.37,,+0.36%
149,2020-08-05,3327.77,3317.37,3330.77,3317.37,,+0.64%
150,2020-08-06,3349.16,3323.17,3351.03,3318.14,,+0.64%
151,2020-08-07,3351.28,3340.05,3352.54,3328.72,,+0.06%
152,2020-08-10,3360.47,3356.04,3363.29,3335.44,,+0.27%
153,2020-08-11,3333.69,3370.34,3381.01,3326.44,,-0.80%
154,2020-08-12,3380.35,3355.46,3387.89,3355.46,,+1.40%
155,2020-08-13,3373.43,3372.95,3387.24,3363.35,,-0.20%
156,2020-08-14,3372.85,3368.66,3378.51,3361.64,,-0.02%
157,2020-08-17,3381.99,3380.86,3387.59,3379.22,,+0.27%
158,2020-08-18,3389.78,3387.04,3395.06,3370.15,,+0.23%
159,2020-08-19,3374.85,3392.51,3399.54,3369.66,,-0.44%
160,2020-08-20,3385.51,3360.48,3390.8,3354.69,,+0.32%
161,2020-08-21,3397.16,3386.01,3399.96,3379.31,,+0.34%
162,2020-08-24,3431.28,3418.09,3432.09,3413.13,,+1.00%
163,2020-08-25,3443.62,3435.95,3444.21,3425.84,,+0.36%
164,2020-08-26,3478.73,3449.97,3481.07,3444.15,,+1.02%
165,2020-08-27,3484.55,3485.14,3501.38,3468.35,,+0.17%
166,2020-08-28,3508.01,3494.69,3509.23,3484.32,,+0.67%
167,2020-08-31,3500.31,3509.73,3514.77,3493.25,,-0.22%
168,2020-09-01,3526.65,3507.44,3528.03,3494.6,,+0.75%
169,2020-09-02,3580.84,3543.76,3588.11,3535.23,,+1.54%
170,2020-09-03,3455.06,3564.74,3564.85,3427.41,,-3.51%
171,2020-09-04,3426.96,3453.6,3479.15,3349.63,,-0.81%
172,2020-09-08,3331.84,3371.88,3379.97,3329.27,,-2.78%
173,2020-09-09,3398.96,3369.82,3424.77,3366.84,,+2.01%
174,2020-09-10,3339.19,3412.56,3425.55,3329.25,,-1.76%
175,2020-09-11,3340.97,3352.7,3368.95,3310.47,,+0.05%
176,2020-09-14,3383.54,3363.56,3402.93,3363.56,,+1.27%
177,2020-09-15,3401.2,3407.73,3419.48,3389.25,,+0.52%
178,2020-09-16,3385.49,3411.23,3428.92,3384.45,,-0.46%
179,2020-09-17,3357.01,3346.86,3375.17,3328.82,,-0.84%
180,2020-09-18,3319.47,3357.38,3362.27,3292.4,,-1.12%
181,2020-09-21,3281.06,3285.57,3285.57,3229.1,,-1.16%
182,2020-09-22,3315.57,3295.75,3320.31,3270.95,,+1.05%
183,2020-09-23,3236.92,3320.11,3323.35,3232.57,,-2.37%
184,2020-09-24,3246.59,3226.14,3278.7,3209.45,,+0.30%
185,2020-09-25,3298.46,3236.66,3306.88,3228.44,,+1.60%
186,2020-09-28,3351.6,3333.9,3360.74,3332.91,,+1.61%
187,2020-09-29,3335.47,3350.92,3357.92,3327.54,,-0.48%
188,2020-09-30,3363.0,3341.21,3393.56,3340.47,,+0.83%
189,2020-10-01,3380.8,3385.87,3397.18,3361.39,,+0.53%
190,2020-10-02,3348.44,3338.94,3369.1,3323.69,,-0.96%
191,2020-10-05,3408.63,3367.27,3409.57,3367.27,,+1.80%
192,2020-10-06,3360.95,3408.74,3431.56,3354.54,,-1.40%
193,2020-10-07,3419.45,3384.56,3426.26,3384.56,,+1.74%
194,2020-10-08,3446.83,3434.28,3447.28,3428.15,,+0.80%
195,2020-10-09,3477.13,3459.67,3482.34,3458.07,,+0.88%
196,2020-10-12,3534.22,3500.02,3549.85,3499.61,,+1.64%
197,2020-10-13,3511.93,3534.01,3534.01,3500.86,,-0.63%
198,2020-10-14,3488.67,3515.47,3527.94,3480.55,,-0.66%
199,2020-10-15,3483.34,3453.72,3489.08,3440.89,,-0.15%
200,2020-10-16,3483.81,3493.5,3515.76,3480.45,,+0.01%
201,2020-10-19,3426.92,3493.66,3502.42,3419.93,,-1.63%
202,2020-10-20,3443.12,3439.38,3476.93,3435.65,,+0.47%
203,2020-10-21,3435.56,3439.91,3464.86,3433.06,,-0.22%
204,2020-10-22,3453.49,3438.5,3460.53,3415.34,,+0.52%
205,2020-10-23,3465.39,3464.9,3466.46,3440.45,,+0.34%
206,2020-10-26,3400.97,3441.42,3441.42,3364.86,,-1.86%
207,2020-10-27,3390.68,3403.15,3409.51,3388.71,,-0.30%
208,2020-10-28,3271.03,3342.48,3342.48,3268.89,,-3.53%
209,2020-10-29,3310.11,3277.17,3341.05,3259.82,,+1.19%
210,2020-10-30,3269.96,3293.59,3304.93,3233.94,,-1.21%
211,2020-11-02,3310.24,3296.2,3330.14,3279.74,,+1.23%
212,2020-11-03,3369.16,3336.25,3389.49,3336.25,,+1.78%
213,2020-11-04,3443.44,3406.46,3486.25,3405.17,,+2.20%
214,2020-11-05,3510.45,3485.74,3529.05,3485.74,,+1.95%
215,2020-11-06,3509.44,3508.34,3521.58,3484.34,,-0.03%
216,2020-11-09,3550.5,3583.04,3645.99,3547.48,,+1.17%
217,2020-11-10,3545.53,3543.26,3557.22,3511.91,,-0.14%
218,2020-11-11,3572.66,3563.22,3581.16,3557.0,,+0.77%
219,2020-11-12,3537.01,3562.67,3569.02,3518.58,,-1.00%
220,2020-11-13,3585.15,3552.57,3593.66,3552.57,,+1.36%
221,2020-11-16,3626.91,3600.16,3628.51,3600.16,,+1.16%
222,2020-11-17,3609.53,3610.31,3623.11,3588.68,,-0.48%
223,2020-11-18,3567.79,3612.09,3619.09,3567.33,,-1.16%
224,2020-11-19,3581.87,3559.41,3585.22,3543.84,,+0.39%
225,2020-11-20,3557.54,3579.31,3581.23,3556.85,,-0.68%
226,2020-11-23,3577.59,3566.82,3589.81,3552.77,,+0.56%
227,2020-11-24,3635.41,3594.52,3642.31,3594.52,,+1.62%
228,2020-11-25,3629.65,3635.5,3635.5,3617.76,,-0.16%
229,2020-11-27,3638.35,3638.55,3644.31,3629.33,,+0.24%
230,2020-11-30,3621.63,3634.18,3634.18,3594.39,,-0.46%
231,2020-12-01,3662.45,3645.87,3678.45,3645.87,,+1.13%
232,2020-12-02,3669.01,3653.78,3670.96,3644.84,,+0.18%
233,2020-12-03,3666.72,3668.28,3682.73,3657.17,,-0.06%
234,2020-12-04,3699.12,3670.94,3699.2,3670.94,,+0.88%
235,2020-12-07,3691.96,3694.73,3697.41,3678.88,,-0.19%
236,2020-12-08,3702.25,3683.05,3708.45,3678.83,,+0.28%
237,2020-12-09,3672.82,3705.98,3712.39,3660.54,,-0.79%
238,2020-12-10,3668.1,3659.13,3678.49,3645.18,,-0.13%
239,2020-12-11,3663.46,3656.08,3665.91,3633.4,,-0.13%
240,2020-12-14,3647.49,3675.27,3697.61,3645.84,,-0.44%
241,2020-12-15,3694.62,3666.41,3695.29,3659.62,,+1.29%
242,2020-12-16,3701.17,3696.25,3711.27,3688.57,,+0.18%
243,2020-12-17,3722.48,3713.65,3725.12,3710.87,,+0.58%
244,2020-12-18,3709.41,3722.39,3726.7,3685.84,,-0.35%
245,2020-12-21,3694.92,3684.28,3702.9,3636.48,,-0.39%
246,2020-12-22,3687.26,3698.08,3698.26,3676.16,,-0.21%
247,2020-12-23,3690.01,3693.42,3711.24,3689.28,,+0.07%
248,2020-12-24,3703.06,3694.03,3703.82,3689.32,,+0.35%
249,2020-12-28,3735.36,3723.03,3740.51,3723.03,,+0.87%
250,2020-12-29,3727.04,3750.01,3756.12,3723.31,,-0.22%
251,2020-12-30,3732.04,3736.19,3744.63,3730.21,,+0.13%
252,2020-12-31,3756.07,3733.27,3760.2,3726.88,,+0.64%
253,2021-01-04,3700.65,3764.61,3769.99,3662.71,,-1.48%
254,2021-01-05,3726.86,3698.02,3737.83,3695.07,,+0.71%
255,2021-01-06,3748.14,3712.2,3783.04,3705.34,,+0.57%
256,2021-01-07,3803.79,3764.71,3811.55,3764.71,,+1.48%
257,2021-01-08,3824.68,3815.05,3826.69,3783.6,,+0.55%
258,2021-01-11,3799.61,3803.14,3817.86,3789.02,,-0.66%
259,2021-01-12,3801.19,3801.62,3810.78,3776.51,,+0.04%
260,2021-01-13,3809.84,3802.23,3820.96,3791.5,,+0.23%
261,2021-01-14,3795.54,3814.98,3823.6,3792.86,,-0.38%
262,2021-01-15,3768.25,3788.73,3788.73,3749.62,,-0.72%
263,2021-01-19,3798.91,3781.88,3804.53,3780.37,,+0.81%
264,2021-01-20,3851.85,3816.22,3859.75,3816.22,,+1.39%
265,2021-01-21,3853.07,3857.46,3861.45,3845.05,,+0.03%
266,2021-01-22,3841.47,3844.24,3852.31,3830.41,,-0.30%
267,2021-01-25,3855.36,3851.68,3859.23,3797.16,,+0.36%
268,2021-01-26,3849.62,3862.96,3870.9,3847.78,,-0.15%
269,2021-01-27,3750.77,3836.83,3836.83,3732.48,,-2.57%
270,2021-01-28,3787.38,3755.75,3830.5,3755.75,,+0.98%
271,2021-01-29,3714.24,3778.05,3778.05,3694.12,,-1.93%
272,2021-02-01,3773.86,3731.17,3784.32,3725.62,,+1.61%
273,2021-02-02,3826.31,3791.84,3843.09,3791.84,,+1.39%
274,2021-02-03,3830.17,3840.27,3847.51,3816.68,,+0.10%
275,2021-02-04,3871.74,3836.66,3872.42,3836.66,,+1.09%
276,2021-02-05,3886.83,3878.3,3894.56,3874.93,,+0.39%
277,2021-02-08,3915.59,3892.59,3915.77,3892.59,,+0.74%
278,2021-02-09,3911.23,3910.49,3918.35,3902.64,,-0.11%
279,2021-02-10,3909.88,3920.78,3931.5,3884.94,,-0.03%
280,2021-02-11,3916.38,3916.4,3925.99,3890.39,,+0.17%
281,2021-02-12,3934.83,3911.65,3937.23,3905.78,,+0.47%
282,2021-02-16,3932.59,3939.61,3950.43,3923.85,,-0.06%
283,2021-02-17,3931.33,3918.5,3933.61,3900.43,,-0.03%
284,2021-02-18,3913.97,3915.86,3921.98,3885.03,,-0.44%
285,2021-02-19,3906.71,3921.16,3930.41,3903.07,,-0.19%
286,2021-02-22,3876.5,3885.55,3902.92,3874.71,,-0.77%
287,2021-02-23,3881.37,3857.07,3895.98,3805.59,,+0.13%
288,2021-02-24,3925.43,3873.71,3928.65,3859.6,,+1.14%
289,2021-02-25,3829.34,3915.8,3925.02,3814.04,,-2.45%
290,2021-02-26,3811.15,3839.66,3861.08,3789.54,,-0.48%
291,2021-03-01,3901.82,3842.51,3914.5,3842.51,,+2.38%
292,2021-03-02,3870.29,3903.64,3906.41,3868.57,,-0.81%
293,2021-03-03,3819.72,3863.99,3874.47,3818.86,,-1.31%
294,2021-03-04,3768.47,3818.53,3843.67,3723.34,,-1.34%
295,2021-03-05,3841.94,3793.58,3851.69,3730.19,,+1.95%
296,2021-03-08,3821.35,3844.39,3881.06,3819.25,,-0.54%
297,2021-03-09,3875.44,3851.93,3903.76,3851.93,,+1.42%
298,2021-03-10,3898.81,3891.99,3917.35,3885.73,,+0.60%
299,2021-03-11,3939.34,3915.54,3960.27,3915.54,,+1.04%
300,2021-03-12,3943.34,3924.52,3944.99,3915.21,,+0.10%
301,2021-03-15,3968.94,3942.96,3970.08,3923.54,,+0.65%
302,2021-03-16,3962.71,3973.59,3981.04,3953.44,,-0.16%
303,2021-03-17,3974.12,3949.57,3983.87,3935.74,,+0.29%
304,2021-03-18,3915.46,3953.5,3969.62,3910.86,,-1.48%
305,2021-03-19,3913.1,3913.14,3930.12,3886.75,,-0.06%
306,2021-03-22,3940.59,3916.48,3955.31,3914.16,,+0.70%
307,2021-03-23,3910.52,3937.6,3949.13,3901.57,,-0.76%
308,2021-03-24,3889.14,3919.93,3942.08,3889.07,,-0.55%
309,2021-03-25,3909.52,3879.34,3919.54,3853.5,,+0.52%
310,2021-03-26,3974.54,3917.12,3978.19,3917.12,,+1.66%
311,2021-03-29,3971.09,3969.31,3981.83,3943.25,,-0.09%
312,2021-03-30,3958.55,3963.34,3968.01,3944.35,,-0.32%
313,2021-03-31,3972.89,3967.25,3994.41,3966.98,,+0.36%
314,2021-04-01,4019.87,3992.78,4020.63,3992.78,,+1.18%
315,2021-04-05,4077.91,4034.44,4083.42,4034.44,,+1.44%
316,2021-04-06,4073.94,4075.57,4086.23,4068.14,,-0.10%
317,2021-04-07,4079.95,4074.29,4083.13,4068.31,,+0.15%
318,2021-04-08,4097.17,4089.95,4098.19,4082.54,,+0.42%
319,2021-04-09,4128.8,4096.11,4129.48,4095.51,,+0.77%
320,2021-04-12,4127.99,4124.71,4131.76,4114.82,,-0.02%
321,2021-04-13,4141.59,4130.1,4148.0,4124.43,,+0.33%
322,2021-04-14,4124.66,4141.58,4151.69,4120.87,,-0.41%
323,2021-04-15,4170.42,4139.76,4173.49,4139.76,,+1.11%
324,2021-04-16,4185.47,4174.14,4191.31,4170.75,,+0.36%
325,2021-04-19,4163.26,4179.8,4180.81,4150.47,,-0.53%
326,2021-04-20,4134.94,4159.18,4159.18,4118.38,,-0.68%
327,2021-04-21,4173.42,4128.42,4175.02,4126.35,,+0.93%
328,2021-04-22,4134.98,4170.46,4179.57,4123.69,,-0.92%
329,2021-04-23,4180.17,4138.78,4194.17,4138.78,,+1.09%
330,2021-04-26,4187.62,4185.03,4194.19,4182.36,,+0.18%
331,2021-04-27,4186.72,4188.25,4193.35,4176.22,,-0.02%
332,2021-04-28,4183.18,4185.14,4201.53,4181.78,,-0.08%
333,2021-04-29,4211.47,4206.14,4218.78,4176.81,,+0.68%
334,2021-04-30,4181.17,4198.1,4198.1,4174.85,,-0.72%
335,2021-05-03,4192.66,4191.98,4209.39,4188.03,,+0.27%
336,2021-05-04,4164.66,4179.04,4179.04,4128.59,,-0.67%
337,2021-05-05,4167.59,4177.06,4187.72,4160.94,,+0.07%
338,2021-05-06,4201.62,4169.14,4202.7,4147.33,,+0.82%
339,2021-05-07,4232.6,4210.34,4238.04,4201.64,,+0.74%
340,2021-05-10,4188.43,4228.29,4236.39,4188.13,,-1.04%
341,2021-05-11,4152.1,4150.34,4162.04,4111.53,,-0.87%
342,2021-05-12,4063.04,4130.55,4134.73,4056.88,,-2.14%
343,2021-05-13,4112.5,4074.99,4131.58,4074.99,,+1.22%
344,2021-05-14,4173.85,4129.58,4183.13,4129.58,,+1.49%
345,2021-05-17,4163.29,4169.92,4171.92,4142.69,,-0.25%
346,2021-05-18,4127.83,4165.94,4169.15,4125.99,,-0.85%
347,2021-05-19,4115.68,4098.45,4116.93,4061.41,,-0.29%
348,2021-05-20,4159.12,4121.97,4172.8,4121.97,,+1.06%
349,2021-05-21,4155.86,4168.61,4188.72,4151.72,,-0.08%
350,2021-05-24,4197.05,4170.16,4209.52,4170.16,,+0.99%
351,2021-05-25,4188.13,4205.94,4213.42,4182.52,,-0.21%
352,2021-05-26,4195.99,4191.59,4202.61,4184.11,,+0.19%
353,2021-05-27,4200.88,4201.94,4213.38,4197.78,,+0.12%
354,2021-05-28,4204.11,4210.77,4218.36,4203.57,,+0.08%
355,2021-06-01,4202.04,4216.52,4234.12,4197.59,,-0.05%
356,2021-06-02,4208.12,4206.82,4217.37,4198.27,,+0.14%
357,2021-06-03,4192.85,4191.43,4204.39,4167.93,,-0.36%
358,2021-06-04,4229.89,4206.05,4233.45,4206.05,,+0.88%
359,2021-06-07,4226.52,4229.34,4232.34,4215.66,,-0.08%
360,2021-06-08,4227.26,4233.81,4236.74,4208.41,,+0.02%
361,2021-06-09,4219.55,4232.99,4237.09,4218.74,,-0.18%
362,2021-06-10,4239.18,4228.56,4249.74,4220.34,,+0.47%
363,2021-06-11,4247.44,4242.9,4248.38,4232.25,,+0.19%
364,2021-06-14,4255.15,4248.31,4255.59,4234.07,,+0.18%
365,2021-06-15,4246.59,4255.28,4257.16,4238.35,,-0.20%
366,2021-06-16,4223.7,4248.87,4251.89,4202.45,,-0.54%
367,2021-06-17,4221.86,4220.37,4232.29,4196.05,,-0.04%
368,2021-06-18,4166.45,4204.78,4204.78,4164.4,,-1.31%
369,2021-06-21,4224.79,4173.4,4226.24,4173.4,,+1.40%
370,2021-06-22,4246.44,4224.61,4255.84,4217.27,,+0.51%
371,2021-06-23,4241.84,4249.27,4256.6,4241.43,,-0.11%
372,2021-06-24,4266.49,4256.97,4271.28,4256.97,,+0.58%
373,2021-06-25,4280.7,4274.45,4286.12,4271.16,,+0.33%
374,2021-06-28,4290.61,4284.9,4292.14,4274.67,,+0.23%
375,2021-06-29,4291.8,4293.21,4300.52,4287.04,,+0.03%
376,2021-06-30,4297.5,4290.65,4302.43,4287.96,,+0.13%
377,2021-07-01,4319.94,4300.73,4320.66,4300.73,,+0.52%
378,2021-07-02,4352.34,4326.6,4355.43,4326.6,,+0.75%
379,2021-07-06,4343.54,4356.46,4356.46,4314.37,,-0.20%
380,2021-07-07,4358.13,4351.01,4361.88,4329.79,,+0.34%
381,2021-07-08,4320.82,4321.07,4330.88,4289.37,,-0.86%
382,2021-07-09,4369.55,4329.38,4371.6,4329.38,,+1.13%
383,2021-07-12,4384.63,4372.41,4386.68,4364.03,,+0.35%
384,2021-07-13,4369.21,4381.07,4392.37,4366.92,,-0.35%
385,2021-07-14,4374.3,4380.11,4393.68,4362.36,,+0.12%
386,2021-07-15,4360.03,4369.02,4369.02,4340.7,,-0.33%
387,2021-07-16,4327.16,4367.43,4375.09,4322.53,,-0.75%
388,2021-07-19,4258.63,4296.4,4296.4,4233.13,,-1.58%
389,2021-07-20,4323.21,4265.11,4336.84,4262.05,,+1.52%
390,2021-07-21,4358.69,4331.13,4359.7,4331.13,,+0.82%
391,2021-07-22,4367.48,4361.27,4369.31,4350.06,,+0.20%
392,2021-07-23,4411.8,4381.2,4415.18,4381.2,,+1.01%
393,2021-07-26,4422.23,4409.58,4422.73,4405.45,,+0.24%
394,2021-07-27,4401.46,4416.38,4416.38,4372.51,,-0.47%
395,2021-07-28,4400.65,4402.95,4415.47,4387.01,,-0.02%
396,2021-07-29,4419.15,4403.59,4429.97,4403.59,,+0.42%
397,2021-07-30,4395.26,4395.12,4412.25,4389.65,,-0.54%
398,2021-08-02,4387.11,4406.86,4422.18,4384.81,,-0.19%
399,2021-08-03,4423.15,4392.74,4423.79,4373.0,,+0.82%
400,2021-08-04,4402.68,4415.95,4416.17,4400.23,,-0.46%
401,2021-08-05,4429.1,4408.86,4429.76,4408.86,,+0.60%
402,2021-08-06,4436.52,4429.07,4440.82,4429.07,,+0.17%
403,2021-08-09,4432.35,4437.77,4439.39,4424.74,,-0.09%
404,2021-08-10,4436.75,4435.79,4445.21,4430.03,,+0.10%
405,2021-08-11,4447.7,4442.18,4449.44,4436.42,,+0.25%
406,2021-08-12,4460.84,4446.08,4461.77,4435.96,,+0.30%
407,2021-08-13,4468.0,4464.84,4468.37,4460.82,,+0.16%
408,2021-08-16,4479.66,4461.65,4480.26,4437.66,,+0.26%
409,2021-08-17,4448.08,4462.12,4462.12,4417.83,,-0.70%
410,2021-08-18,4400.27,4440.94,4454.32,4397.59,,-1.07%
411,2021-08-19,4405.8,4382.44,4418.61,4367.73,,+0.13%
412,2021-08-20,4441.67,4410.56,4444.35,4406.8,,+0.81%
413,2021-08-23,4479.54,4450.29,4489.88,4450.29,,+0.85%
414,2021-08-24,4486.23,4484.4,4492.81,4482.28,,+0.15%
415,2021-08-25,4496.19,4490.45,4501.71,4485.66,,+0.22%
416,2021-08-26,4469.91,4493.75,4495.9,4468.99,,-0.58%
417,2021-08-27,4509.37,4474.1,4513.33,4474.1,,+0.88%
418,2021-08-30,4528.79,4513.76,4537.36,4513.76,,+0.43%
419,2021-08-31,4522.68,4529.75,4531.39,4515.8,,-0.13%
420,2021-09-01,4524.09,4528.8,4537.11,4522.02,,+0.03%
421,2021-09-02,4536.95,4534.48,4545.85,4524.66,,+0.28%
422,2021-09-03,4535.43,4532.42,4541.45,4521.3,,-0.03%
423,2021-09-07,4520.03,4535.38,4535.38,4513.0,,-0.34%
424,2021-09-08,4514.07,4518.09,4521.79,4493.95,,-0.13%
425,2021-09-09,4493.28,4513.02,4529.9,4492.07,,-0.46%
426,2021-09-10,4458.58,4506.92,4520.47,4457.66,,-0.77%
427,2021-09-13,4468.73,4474.81,4492.99,4445.7,,+0.23%
428,2021-09-14,4443.05,4479.33,4485.68,4435.46,,-0.57%
429,2021-09-15,4480.7,4447.49,4486.87,4438.37,,+0.85%
430,2021-09-16,4473.76,4477.09,4485.87,4443.8,,-0.15%
431,2021-09-17,4432.99,4469.74,4471.52,4427.76,,-0.91%
432,2021-09-20,4357.73,4402.95,4402.95,4305.91,,-1.70%
433,2021-09-21,4354.18,4374.45,4394.87,4347.96,,-0.08%
434,2021-09-22,4395.64,4367.43,4416.75,4367.43,,+0.95%
435,2021-09-23,4448.98,4406.75,4465.4,4406.75,,+1.21%
436,2021-09-24,4455.48,4438.04,4463.12,4430.27,,+0.15%
437,2021-09-27,4443.11,4442.12,4457.3,4436.19,,-0.28%
438,2021-09-28,4352.63,4419.54,4419.54,4346.33,,-2.04%
439,2021-09-29,4359.46,4362.41,4385.57,4355.08,,+0.16%
440,2021-09-30,4307.54,4370.67,4382.55,4306.24,,-1.19%
441,2021-10-01,4357.05,4317.16,4375.19,4288.52,,+1.15%
442,2021-10-04,4300.46,4348.84,4355.51,4278.94,,-1.30%
443,2021-10-05,4345.72,4309.87,4369.23,4309.87,,+1.05%
444,2021-10-06,4363.55,4319.57,4365.57,4290.49,,+0.41%
445,2021-10-07,4399.76,4383.73,4429.97,4383.73,,+0.83%
446,2021-10-08,4391.36,4406.51,4412.02,4386.22,,-0.19%
447,2021-10-11,4361.19,4385.44,4415.88,4360.59,,-0.69%
448,2021-10-12,4350.64,4368.31,4374.89,4342.09,,-0.24%
449,2021-10-13,4363.8,4358.01,4372.87,4329.92,,+0.30%
450,2021-10-14,4438.23,4386.75,4439.73,4386.75,,+1.71%
451,2021-10-15,4471.37,4447.69,4475.82,4447.69,,+0.75%
452,2021-10-18,4486.48,4463.72,4488.75,4447.47,,+0.34%
453,2021-10-19,4519.63,4497.34,4520.4,4496.41,,+0.74%
454,2021-10-20,4536.19,4524.42,4540.87,4524.4,,+0.37%
455,2021-10-21,4549.78,4532.24,4551.44,4526.89,,+0.30%
456,2021-10-22,4544.9,4546.12,4559.67,4524.0,,-0.11%
457,2021-10-25,4566.48,4553.69,4572.62,4537.36,,+0.47%
458,2021-10-26,4574.79,4578.69,4598.53,4569.17,,+0.18%
459,2021-10-27,4551.68,4580.22,4584.57,4551.66,,-0.51%
460,2021-10-28,4596.42,4562.84,4597.55,4562.84,,+0.98%
461,2021-10-29,4605.38,4572.87,4608.08,4567.59,,+0.19%
462,2021-11-01,4613.67,4610.62,4620.34,4595.06,,+0.18%
463,2021-11-02,4630.65,4613.34,4635.15,4613.34,,+0.37%
464,2021-11-03,4660.57,4630.65,4663.46,4621.19,,+0.65%
465,2021-11-04,4680.06,4662.93,4683.0,4662.59,,+0.42%
466,2021-11-05,4697.53,4699.26,4718.5,4681.32,,+0.37%
467,2021-11-08,4701.7,4701.48,4714.92,4694.39,,+0.09%
468,2021-11-09,4685.25,4707.25,4708.53,4670.87,,-0.35%
469,2021-11-10,4646.71,4670.26,4684.85,4630.86,,-0.82%
470,2021-11-11,4649.27,4659.39,4664.55,4648.31,,+0.06%
471,2021-11-12,4682.85,4655.24,4688.47,4650.77,,+0.72%
472,2021-11-15,4682.81,4689.3,4697.42,4672.86,,0.00%
473,2021-11-16,4700.9,4679.42,4714.95,4679.42,,+0.39%
474,2021-11-17,4688.67,4701.5,4701.5,4684.41,,-0.26%
475,2021-11-18,4706.64,4700.72,4708.75,4672.78,,+0.38%
476,2021-11-19,4697.96,4708.44,4717.75,4694.22,,-0.18%
477,2021-11-22,4682.95,4712.0,4743.83,4682.17,,-0.32%
478,2021-11-23,4690.7,4678.48,4699.39,4652.66,,+0.17%
479,2021-11-24,4701.46,4675.78,4702.87,4659.89,,+0.23%
480,2021-11-26,4594.62,4664.63,4664.63,4585.43,,-2.27%
481,2021-11-29,4655.27,4628.75,4672.95,4625.26,,+1.32%
482,2021-11-30,4567.0,4640.25,4646.02,4560.0,,-1.90%
483,2021-12-01,4513.04,4602.82,4652.94,4510.27,,-1.18%
484,2021-12-02,4577.1,4504.73,4595.46,4504.73,,+1.42%
485,2021-12-03,4538.43,4589.49,4608.03,4495.12,,-0.84%
486,2021-12-06,4591.67,4548.37,4612.6,4540.51,,+1.17%
487,2021-12-07,4686.75,4631.97,4694.04,4631.97,,+2.07%
488,2021-12-08,4701.21,4690.86,4705.06,4674.52,,+0.31%
489,2021-12-09,4667.45,4691.0,4695.26,4665.98,,-0.72%
490,2021-12-10,4712.02,4687.64,4713.57,4670.24,,+0.95%
491,2021-12-13,4669.15,4710.3,4710.3,4667.6,,-0.91%
492,2021-12-14,4634.09,4642.99,4660.47,4606.52,,-0.75%
493,2021-12-15,4709.84,4636.46,4712.6,4611.22,,+1.63%
494,2021-12-16,4668.67,4719.13,4731.99,4651.89,,-0.87%
495,2021-12-17,4620.64,4652.5,4666.7,4600.22,,-1.03%
496,2021-12-20,4568.02,4587.9,4587.9,4531.1,,-1.14%
497,2021-12-21,4649.23,4594.96,4651.14,4583.16,,+1.78%
498,2021-12-22,4696.56,4650.36,4697.67,4645.53,,+1.02%
499,2021-12-23,4725.78,4703.96,4740.74,4703.96,,+0.62%
500,2021-12-27,4791.19,4733.99,4791.49,4733.99,,+1.38%
501,2021-12-28,4786.36,4795.49,4807.02,4780.04,,-0.10%
502,2021-12-29,4793.06,4788.64,4804.06,4778.08,,+0.14%
503,2021-12-30,4778.73,4794.23,4808.93,4775.33,,-0.30%
504,2021-12-31,4766.18,4775.21,4786.83,4765.75,,-0.26%
505,2022-01-03,4796.56,4778.14,4796.64,4758.17,,+0.64%
506,2022-01-04,4793.54,4804.51,4818.62,4774.27,,-0.06%
507,2022-01-05,4700.58,4787.99,4797.7,4699.44,,-1.94%
508,2022-01-06,4696.05,4693.39,4725.01,4671.26,,-0.10%
509,2022-01-07,4677.02,4697.66,4707.95,4662.74,,-0.41%
510,2022-01-10,4670.29,4655.34,4673.02,4582.24,,-0.14%
511,2022-01-11,4713.07,4669.14,4714.13,4638.27,,+0.92%
512,2022-01-12,4726.35,4728.59,4748.83,4706.71,,+0.28%
513,2022-01-13,4659.02,4733.56,4744.13,4650.29,,-1.42%
514,2022-01-14,4662.85,4637.99,4665.13,4614.75,,+0.08%
515,2022-01-18,4577.34,4632.24,4632.24,4568.7,,-1.83%
516,2022-01-19,4532.76,4588.03,4611.55,4530.2,,-0.97%
517,2022-01-20,4482.73,4547.35,4602.11,4477.95,,-1.10%
518,2022-01-21,4397.93,4471.38,4494.52,4395.34,,-1.89%
519,2022-01-24,4410.13,4356.32,4417.35,4222.62,,+0.28%
520,2022-01-25,4356.45,4366.64,4411.01,4287.11,,-1.22%
521,2022-01-26,4349.93,4408.43,4453.23,4304.8,,-0.15%
522,2022-01-27,4326.5,4380.58,4428.74,4309.5,,-0.54%
523,2022-01-28,4431.85,4336.19,4432.72,4292.46,,+2.43%
524,2022-01-31,4515.55,4431.79,4516.89,4414.02,,+1.89%
525,2022-02-01,4546.54,4519.57,4550.49,4483.53,,+0.69%
526,2022-02-02,4589.32,4566.39,4595.31,4544.32,,+0.94%
527,2022-02-03,4477.44,4535.41,4542.88,4470.39,,-2.44%
528,2022-02-04,4500.54,4482.79,4539.66,4451.5,,+0.52%
529,2022-02-07,4483.87,4505.75,4521.86,4471.47,,-0.37%
530,2022-02-08,4521.54,4480.02,4531.32,4465.4,,+0.84%
531,2022-02-09,4587.18,4547.0,4590.03,4547.0,,+1.45%
532,2022-02-10,4504.06,4553.24,4588.92,4484.31,,-1.81%
533,2022-02-11,4418.64,4506.27,4526.33,4401.41,,-1.90%
534,2022-02-14,4401.67,4412.61,4426.22,4364.84,,-0.38%
535,2022-02-15,4471.07,4429.28,4472.77,4429.28,,+1.58%
536,2022-02-16,4475.01,4455.75,4489.55,4429.68,,+0.09%
537,2022-02-17,4380.26,4456.06,4456.06,4373.81,,-2.12%
538,2022-02-18,4348.87,4384.57,4394.6,4327.22,,-0.72%
539,2022-02-22,4304.74,4332.74,4362.12,4267.11,,-1.01%
540,2022-02-23,4225.5,4324.93,4341.51,4221.51,,-1.84%
541,2022-02-24,4288.7,4155.77,4294.73,4114.65,,+1.50%
542,2022-02-25,4384.62,4298.38,4385.34,4286.83,,+2.24%
543,2022-02-28,4373.79,4354.17,4388.84,4315.12,,-0.25%
544,2022-03-01,4306.26,4363.14,4378.45,4279.54,,-1.54%
545,2022-03-02,4386.54,4322.56,4401.48,4322.56,,+1.86%
546,2022-03-03,4363.49,4401.31,4416.78,4350.37,,-0.53%
547,2022-03-04,4328.87,4342.12,4342.12,4284.98,,-0.79%
548,2022-03-07,4201.09,4327.01,4327.01,4199.85,,-2.95%
549,2022-03-08,4170.62,4202.66,4276.94,4157.87,,-0.73%
550,2022-03-09,4277.88,4223.1,4299.4,4223.1,,+2.57%
551,2022-03-10,4259.52,4252.55,4268.28,4209.8,,-0.43%
552,2022-03-11,4204.31,4279.5,4291.01,4200.49,,-1.30%
553,2022-03-14,4173.11,4202.75,4247.57,4161.72,,-0.74%
554,2022-03-15,4262.45,4188.82,4271.05,4187.9,,+2.14%
555,2022-03-16,4357.95,4288.14,4358.9,4251.99,,+2.24%
556,2022-03-17,4411.67,4345.11,4412.67,4335.65,,+1.23%
557,2022-03-18,4463.09,4407.34,4465.4,4390.57,,+1.17%
558,2022-03-21,4461.18,4462.4,4481.75,4424.3,,-0.04%
559,2022-03-22,4511.61,4469.1,4522.0,4469.1,,+1.13%
560,2022-03-23,4456.23,4493.1,4501.07,4455.81,,-1.23%
561,2022-03-24,4520.16,4469.98,4520.58,4465.17,,+1.43%
562,2022-03-25,4543.04,4522.91,4546.03,4501.07,,+0.51%
563,2022-03-28,4575.52,4541.09,4575.65,4517.69,,+0.71%
564,2022-03-29,4631.6,4602.86,4637.3,4589.66,,+1.23%
565,2022-03-30,4602.45,4624.2,4627.77,4581.32,,-0.63%
566,2022-03-31,4530.41,4599.02,4603.07,4530.41,,-1.57%
567,2022-04-01,4545.86,4540.32,4548.7,4507.57,,+0.34%
568,2022-04-04,4582.64,4547.97,4583.5,4539.21,,+0.81%
569,2022-04-05,4525.12,4572.45,4593.45,4514.17,,-1.26%
570,2022-04-06,4481.15,4494.17,4503.94,4450.04,,-0.97%
571,2022-04-07,4500.21,4474.65,4521.16,4450.3,,+0.43%
572,2022-04-08,4488.28,4494.15,4520.41,4474.6,,-0.27%
573,2022-04-11,4412.53,4462.64,4464.35,4408.38,,-1.69%
574,2022-04-12,4397.45,4437.59,4471.0,4381.34,,-0.34%
575,2022-04-13,4446.59,4394.3,4453.92,4392.7,,+1.12%
576,2022-04-14,4392.59,4449.12,4460.46,4390.77,,-1.21%
577,2022-04-18,4391.69,4385.63,4410.31,4370.3,,-0.02%
578,2022-04-19,4462.21,4390.63,4471.03,4390.63,,+1.61%
579,2022-04-20,4459.45,4472.26,4488.29,4448.76,,-0.06%
580,2022-04-21,4393.66,4489.17,4512.94,4384.47,,-1.48%
581,2022-04-22,4271.78,4385.83,4385.83,4267.62,,-2.77%
582,2022-04-25,4296.12,4255.34,4299.02,4200.82,,+0.57%
583,2022-04-26,4175.2,4278.14,4278.14,4175.04,,-2.81%
584,2022-04-27,4183.96,4186.52,4240.71,4162.9,,+0.21%
585,2022-04-28,4287.5,4222.58,4308.45,4188.63,,+2.47%
586,2022-04-29,4131.93,4253.75,4269.68,4124.28,,-3.63%
587,2022-05-02,4155.38,4130.61,4169.81,4062.51,,+0.57%
588,2022-05-03,4175.48,4159.78,4200.1,4147.08,,+0.48%
589,2022-05-04,4300.17,4181.18,4307.66,4148.91,,+2.99%
590,2022-05-05,4152.38,4255.5,4256.39,4105.51,,-3.44%
591,2022-05-06,4123.34,4128.17,4157.69,4067.91,,-0.70%
592,2022-05-09,3991.24,4081.27,4081.27,3975.48,,-3.20%
593,2022-05-10,4001.05,4035.18,4068.82,3958.17,,+0.25%
594,2022-05-11,3935.18,3990.08,4049.09,3928.82,,-1.65%
595,2022-05-12,3930.08,3903.95,3964.8,3858.87,,-0.13%
596,2022-05-13,4023.89,3963.9,4038.88,3963.9,,+2.39%
597,2022-05-16,4008.01,4013.02,4046.46,3983.99,,-0.39%
598,2022-05-17,4088.85,4052.0,4090.72,4033.93,,+2.02%
599,2022-05-18,3923.68,4051.98,4051.98,3911.91,,-4.04%
600,2022-05-19,3900.79,3899.0,3945.96,3876.58,,-0.58%
601,2022-05-20,3901.36,3927.76,3943.42,3810.32,,+0.01%
602,2022-05-23,3973.75,3919.42,3981.88,3909.04,,+1.86%
603,2022-05-24,3941.48,3942.94,3955.68,3875.13,,-0.81%
604,2022-05-25,3978.73,3929.59,3999.33,3925.03,,+0.95%
605,2022-05-26,4057.84,3984.6,4075.14,3984.6,,+1.99%
606,2022-05-27,4158.24,4077.43,4158.49,4077.43,,+2.47%
607,2022-05-31,4132.15,4151.09,4168.34,4104.88,,-0.63%
608,2022-06-01,4101.23,4149.78,4166.54,4073.85,,-0.75%
609,2022-06-02,4176.82,4095.41,4177.51,4074.37,,+1.84%
610,2022-06-03,4108.54,4137.57,4142.67,4098.67,,-1.63%
611,2022-06-06,4121.43,4134.72,4168.78,4109.18,,+0.31%
612,2022-06-07,4160.68,4096.47,4164.86,4080.19,,+0.95%
613,2022-06-08,4115.77,4147.12,4160.14,4107.2,,-1.08%
614,2022-06-09,4017.82,4101.65,4119.1,4017.17,,-2.38%
615,2022-06-10,3900.86,3974.39,3974.39,3900.16,,-2.91%
616,2022-06-13,3749.63,3838.15,3838.15,3734.3,,-3.88%
617,2022-06-14,3735.48,3763.52,3778.18,3705.68,,-0.38%
618,2022-06-15,3789.99,3764.05,3837.56,3722.3,,+1.46%
619,2022-06-16,3666.77,3728.18,3728.18,3639.77,,-3.25%
620,2022-06-17,3674.84,3665.9,3707.71,3636.87,,+0.22%
621,2022-06-21,3764.79,3715.31,3779.65,3715.31,,+2.45%
622,2022-06-22,3759.89,3733.89,3801.79,3717.69,,-0.13%
623,2022-06-23,3795.73,3774.71,3802.58,3743.52,,+0.95%
624,2022-06-24,3911.74,3821.75,3913.65,3821.75,,+3.06%
625,2022-06-27,3900.11,3920.76,3927.72,3889.66,,-0.30%
626,2022-06-28,3821.55,3913.0,3945.86,3820.14,,-2.01%
627,2022-06-29,3818.83,3825.09,3836.5,3799.02,,-0.07%
628,2022-06-30,3785.38,3785.99,3818.99,3738.67,,-0.88%
629,2022-07-01,3825.33,3781.0,3829.82,3752.1,,+1.06%
630,2022-07-05,3831.39,3792.61,3832.19,3742.06,,+0.16%
631,2022-07-06,3845.08,3831.98,3870.91,3809.37,,+0.36%
632,2022-07-07,3902.62,3858.85,3910.63,3858.85,,+1.50%
633,2022-07-08,3899.38,3888.26,3918.5,3869.34,,-0.08%
634,2022-07-11,3854.43,3880.94,3880.94,3847.22,,-1.15%
635,2022-07-12,3818.8,3851.95,3873.41,3802.36,,-0.92%
636,2022-07-13,3801.78,3779.67,3829.44,3759.07,,-0.45%
637,2022-07-14,3790.38,3763.99,3796.41,3721.56,,-0.30%
638,2022-07-15,3863.16,3818.0,3863.62,3817.18,,+1.92%
639,2022-07-18,3830.85,3883.79,3902.44,3818.63,,-0.84%
640,2022-07-19,3936.69,3860.73,3939.81,3860.73,,+2.76%
641,2022-07-20,3959.9,3935.32,3974.13,3922.03,,+0.59%
642,2022-07-21,3998.95,3955.47,3999.29,3927.64,,+0.99%
643,2022-07-22,3961.63,3998.43,4012.44,3938.86,,-0.93%
644,2022-07-25,3966.84,3965.72,3975.3,3943.46,,+0.13%
645,2022-07-26,3921.05,3953.22,3953.22,3910.74,,-1.15%
646,2022-07-27,4023.61,3951.43,4039.56,3951.43,,+2.62%
647,2022-07-28,4072.43,4026.13,4078.95,3992.97,,+1.21%
648,2022-07-29,4130.29,4087.33,4140.15,4079.22,,+1.42%
649,2022-08-01,4118.63,4112.38,4144.95,4096.02,,-0.28%
650,2022-08-02,4091.19,4104.21,4140.47,4079.81,,-0.67%
651,2022-08-03,4155.17,4107.96,4167.66,4107.96,,+1.56%
652,2022-08-04,4151.94,4154.85,4161.29,4135.42,,-0.08%
653,2022-08-05,4145.19,4115.87,4151.58,4107.31,,-0.16%
654,2022-08-08,4140.06,4155.93,4186.62,4128.97,,-0.12%
655,2022-08-09,4122.47,4133.11,4137.3,4112.09,,-0.42%
656,2022-08-10,4210.24,4181.02,4211.03,4177.26,,+2.13%
657,2022-08-11,4207.27,4227.4,4257.91,4201.41,,-0.07%
658,2022-08-12,4280.15,4225.02,4280.47,4219.78,,+1.73%
659,2022-08-15,4297.14,4269.37,4301.79,4256.9,,+0.40%
660,2022-08-16,4305.2,4290.46,4325.28,4277.77,,+0.19%
661,2022-08-17,4274.04,4280.4,4302.18,4253.08,,-0.72%
662,2022-08-18,4283.74,4273.13,4292.53,4261.98,,+0.23%
663,2022-08-19,4228.48,4266.31,4266.31,4218.7,,-1.29%
664,2022-08-22,4137.99,4195.08,4195.08,4129.86,,-2.14%
665,2022-08-23,4128.73,4133.09,4159.77,4124.03,,-0.22%
666,2022-08-24,4140.77,4126.55,4156.56,4119.97,,+0.29%
667,2022-08-25,4199.12,4153.26,4200.54,4147.59,,+1.41%
668,2022-08-26,4057.66,4198.74,4203.04,4057.66,,-3.37%
669,2022-08-29,4030.61,4034.58,4062.99,4017.42,,-0.67%
670,2022-08-30,3986.16,4041.25,4044.98,3965.21,,-1.10%
671,2022-08-31,3955.0,4000.67,4015.37,3954.53,,-0.78%
672,2022-09-01,3966.85,3936.73,3970.23,3903.65,,+0.30%
673,2022-09-02,3924.26,3994.66,4018.43,3906.21,,-1.07%
674,2022-09-06,3908.19,3930.89,3942.55,3886.75,,-0.41%
675,2022-09-07,3979.87,3909.43,3987.89,3906.03,,+1.83%
676,2022-09-08,4006.18,3959.94,4010.5,3944.81,,+0.66%
677,2022-09-09,4067.36,4022.94,4076.81,4022.94,,+1.53%
678,2022-09-12,4110.41,4083.67,4119.28,4083.67,,+1.06%
679,2022-09-13,3932.69,4037.12,4037.12,3921.28,,-4.32%
680,2022-09-14,3946.01,3940.73,3961.94,3912.18,,+0.34%
681,2022-09-15,3901.35,3932.41,3959.14,3888.28,,-1.13%
682,2022-09-16,3873.33,3880.95,3880.95,3837.08,,-0.72%
683,2022-09-19,3899.89,3849.91,3900.45,3838.5,,+0.69%
684,2022-09-20,3855.93,3875.23,3876.01,3827.54,,-1.13%
685,2022-09-21,3789.93,3871.4,3907.07,3789.49,,-1.71%
686,2022-09-22,3757.99,3782.36,3790.9,3749.45,,-0.84%
687,2022-09-23,3693.23,3727.14,3727.14,3647.47,,-1.72%
688,2022-09-26,3655.04,3682.72,3715.67,3644.76,,-1.03%
689,2022-09-27,3647.29,3686.44,3717.53,3623.29,,-0.21%
690,2022-09-28,3719.04,3651.94,3736.74,3640.61,,+1.97%
691,2022-09-29,3640.47,3687.01,3687.01,3610.4,,-2.11%
692,2022-09-30,3585.62,3633.48,3671.44,3584.13,,-1.51%
693,2022-10-03,3678.43,3609.78,3698.35,3604.93,,+2.59%
694,2022-10-04,3790.93,3726.46,3791.92,3726.46,,+3.06%
695,2022-10-05,3783.28,3753.25,3806.91,3722.66,,-0.20%
696,2022-10-06,3744.52,3771.97,3797.93,3739.22,,-1.02%
697,2022-10-07,3639.66,3706.74,3706.74,3620.73,,-2.80%
698,2022-10-10,3612.39,3647.51,3652.17,3588.1,,-0.75%
699,2022-10-11,3588.84,3595.86,3640.66,3568.45,,-0.65%
700,2022-10-12,3577.03,3590.83,3608.34,3573.86,,-0.33%
701,2022-10-13,3669.91,3520.37,3685.41,3491.58,,+2.60%
702,2022-10-14,3583.07,3690.41,3712.0,3579.68,,-2.37%
703,2022-10-17,3677.95,3638.65,3689.73,3638.65,,+2.65%
704,2022-10-18,3719.98,3746.26,3762.79,3686.53,,+1.14%
705,2022-10-19,3695.16,3703.11,3728.58,3666.51,,-0.67%
706,2022-10-20,3665.78,3689.05,3736.0,3656.44,,-0.80%
707,2022-10-21,3752.75,3657.1,3757.89,3647.42,,+2.37%
708,2022-10-24,3797.34,3762.01,3810.74,3741.65,,+1.19%
709,2022-10-25,3859.11,3799.44,3862.85,3799.44,,+1.63%
710,2022-10-26,3830.6,3825.97,3886.15,3824.07,,-0.74%
711,2022-10-27,3807.3,3834.69,3859.95,3803.79,,-0.61%
712,2022-10-28,3901.06,3808.26,3905.42,3808.26,,+2.46%
713,2022-10-31,3871.98,3881.85,3893.73,3863.18,,-0.75%
714,2022-11-01,3856.1,3901.79,3911.79,3843.8,,-0.41%
715,2022-11-02,3759.69,3852.9,3894.44,3758.68,,-2.50%
716,2022-11-03,3719.89,3733.25,3750.59,3698.15,,-1.06%
717,2022-11-04,3770.55,3766.98,3796.34,3708.84,,+1.36%
718,2022-11-07,3806.8,3780.71,3813.95,3764.7,,+0.96%
719,2022-11-08,3828.11,3817.02,3859.4,3786.28,,+0.56%
720,2022-11-09,3748.57,3810.94,3818.2,3744.22,,-2.08%
721,2022-11-10,3956.37,3859.89,3958.33,3859.89,,+5.54%
722,2022-11-11,3992.93,3963.72,4001.48,3944.82,,+0.92%
723,2022-11-14,3957.25,3977.97,4008.97,3956.4,,-0.89%
724,2022-11-15,3991.73,4006.41,4028.84,3953.17,,+0.87%
725,2022-11-16,3958.79,3976.82,3983.09,3954.34,,-0.83%
726,2022-11-17,3946.56,3919.26,3954.33,3906.54,,-0.31%
727,2022-11-18,3965.34,3966.39,3979.89,3935.98,,+0.48%
728,2022-11-21,3949.94,3956.23,3962.0,3933.34,,-0.39%
729,2022-11-22,4003.58,3965.51,4005.88,3956.88,,+1.36%
730,2022-11-23,4027.26,4000.3,4033.78,3998.66,,+0.59%
731,2022-11-25,4026.12,4023.34,4034.02,4020.76,,-0.03%
732,2022-11-28,3963.94,4005.36,4012.27,3955.77,,-1.54%
733,2022-11-29,3957.63,3964.19,3976.77,3937.65,,-0.16%
734,2022-11-30,4080.11,3957.18,4080.11,3938.58,,+3.09%
735,2022-12-01,4076.57,4087.14,4100.51,4050.87,,-0.09%
736,2022-12-02,4071.7,4040.17,4080.48,4026.63,,-0.12%
737,2022-12-05,3998.84,4052.02,4052.45,3984.49,,-1.79%
738,2022-12-06,3941.26,3996.63,4001.51,3918.39,,-1.44%
739,2022-12-07,3933.92,3933.28,3957.57,3922.68,,-0.19%
740,2022-12-08,3963.51,3947.79,3974.19,3935.83,,+0.75%
741,2022-12-09,3934.38,3954.17,3977.02,3933.04,,-0.73%
742,2022-12-12,3990.56,3939.29,3990.71,3935.3,,+1.43%
743,2022-12-13,4019.65,4069.38,4100.96,3993.03,,+0.73%
744,2022-12-14,3995.32,4015.54,4053.76,3965.65,,-0.61%
745,2022-12-15,3895.75,3958.37,3958.37,3879.45,,-2.49%
746,2022-12-16,3852.36,3890.91,3890.91,3827.91,,-1.11%
747,2022-12-19,3817.66,3853.79,3854.86,3800.04,,-0.90%
748,2022-12-20,3821.62,3810.47,3838.24,3795.62,,+0.10%
749,2022-12-21,3878.44,3839.49,3889.82,3839.49,,+1.49%
750,2022-12-22,3822.39,3853.26,3853.26,3764.49,,-1.45%
751,2022-12-23,3844.82,3815.11,3845.8,3797.01,,+0.59%
752,2022-12-27,3829.25,3843.34,3846.65,3813.22,,-0.40%
753,2022-12-28,3783.22,3829.56,3848.32,3780.78,,-1.20%
754,2022-12-29,3849.28,3805.45,3858.19,3805.45,,+1.75%
755,2022-12-30,3839.5,3829.06,3839.85,3800.34,,-0.25%
756,2023-01-03,3824.14,3853.29,3878.46,3794.33,,-0.40%
757,2023-01-04,3852.97,3840.36,3873.16,3815.77,,+0.75%
758,2023-01-05,3808.1,3839.74,3839.74,3802.42,,-1.16%
759,2023-01-06,3895.08,3823.37,3906.19,3809.56,,+2.28%
760,2023-01-09,3892.09,3910.82,3950.57,3890.42,,-0.08%
761,2023-01-10,3919.25,3888.57,3919.83,3877.29,,+0.70%
762,2023-01-11,3969.61,3932.35,3970.07,3928.54,,+1.28%
763,2023-01-12,3983.17,3977.57,3997.76,3937.56,,+0.34%
764,2023-01-13,3999.09,3960.6,4003.95,3947.67,,+0.40%
765,2023-01-17,3990.97,3999.28,4015.39,3984.57,,-0.20%
766,2023-01-18,3928.86,4002.25,4014.16,3926.59,,-1.56%
767,2023-01-19,3898.85,3911.84,3922.94,3885.54,,-0.76%
768,2023-01-20,3972.61,3909.04,3972.96,3897.86,,+1.89%
769,2023-01-23,4019.81,3978.14,4039.31,3971.64,,+1.19%
770,2023-01-24,4016.95,4001.74,4023.92,3989.79,,-0.07%
771,2023-01-25,4016.22,3982.71,4019.55,3949.06,,-0.02%
772,2023-01-26,4060.43,4036.08,4061.57,4013.29,,+1.10%
773,2023-01-27,4070.56,4053.72,4094.21,4048.7,,+0.25%
774,2023-01-30,4017.77,4049.27,4063.85,4015.55,,-1.30%
775,2023-01-31,4076.6,4020.85,4077.16,4020.44,,+1.46%
776,2023-02-01,4119.21,4070.07,4148.95,4037.2,,+1.05%
777,2023-02-02,4179.76,4158.68,4195.44,4141.88,,+1.47%
778,2023-02-03,4136.48,4136.69,4182.36,4123.36,,-1.04%
779,2023-02-06,4111.08,4119.57,4124.63,4093.38,,-0.61%
780,2023-02-07,4164.0,4105.35,4176.54,4088.39,,+1.29%
781,2023-02-08,4117.86,4153.47,4156.85,4111.67,,-1.11%
782,2023-02-09,4081.5,4144.25,4156.23,4069.67,,-0.88%
783,2023-02-10,4090.46,4068.92,4094.36,4060.79,,+0.22%
784,2023-02-13,4137.29,4096.62,4138.9,4092.67,,+1.14%
785,2023-02-14,4136.13,4126.7,4159.77,4095.01,,-0.03%
786,2023-02-15,4147.6,4119.5,4148.11,4103.98,,+0.28%
787,2023-02-16,4090.41,4114.75,4136.54,4089.49,,-1.38%
788,2023-02-17,4079.09,4077.39,4081.51,4047.95,,-0.28%
789,2023-02-21,3997.34,4052.35,4052.35,3995.19,,-2.00%
790,2023-02-22,3991.05,4001.83,4017.37,3976.9,,-0.16%
791,2023-02-23,4012.32,4018.6,4028.3,3969.19,,+0.53%
792,2023-02-24,3970.04,3973.24,3978.25,3943.08,,-1.05%
793,2023-02-27,3982.24,3992.36,4018.05,3973.55,,+0.31%
794,2023-02-28,3970.15,3977.19,3997.5,3968.98,,-0.30%
795,2023-03-01,3951.39,3963.34,3971.73,3939.05,,-0.47%
796,2023-03-02,3981.35,3938.68,3990.84,3928.16,,+0.76%
797,2023-03-03,4045.64,3998.02,4048.29,3995.17,,+1.61%
798,2023-03-06,4048.42,4055.15,4078.49,4044.61,,+0.07%
799,2023-03-07,3986.37,4048.26,4050.0,3980.31,,-1.53%
800,2023-03-08,3992.01,3987.55,4000.41,3969.76,,+0.14%
801,2023-03-09,3918.32,3998.66,4017.81,3908.7,,-1.85%
802,2023-03-10,3861.59,3912.77,3934.05,3846.32,,-1.45%
803,2023-03-13,3855.76,3835.12,3905.05,3808.86,,-0.15%
804,2023-03-14,3920.56,3894.01,3937.29,3873.63,,+1.68%
805,2023-03-15,3891.93,3876.74,3894.26,3838.24,,-0.73%
806,2023-03-16,3960.28,3878.93,3964.46,3864.11,,+1.76%
807,2023-03-17,3916.64,3958.69,3958.91,3901.27,,-1.10%
808,2023-03-20,3951.57,3917.47,3956.62,3916.89,,+0.89%
809,2023-03-21,4002.87,3975.89,4009.08,3971.19,,+1.30%
810,2023-03-22,3936.97,4002.04,4039.49,3936.17,,-1.65%
811,2023-03-23,3948.72,3959.21,4007.66,3919.05,,+0.30%
812,2023-03-24,3970.99,3939.21,3972.74,3909.16,,+0.56%
813,2023-03-27,3977.53,3982.93,4003.83,3970.49,,+0.16%
814,2023-03-28,3971.27,3974.13,3979.2,3951.53,,-0.16%
815,2023-03-29,4027.81,3999.53,4030.59,3999.53,,+1.42%
816,2023-03-30,4050.83,4046.74,4057.85,4032.1,,+0.57%
817,2023-03-31,4109.31,4056.18,4110.75,4056.18,,+1.44%
818,2023-04-03,4124.51,4102.2,4127.66,4098.79,,+0.37%
819,2023-04-04,4100.6,4128.03,4133.13,4086.87,,-0.58%
820,2023-04-05,4090.38,4094.5,4099.69,4072.56,,-0.25%
821,2023-04-06,4105.02,4081.15,4107.32,4069.84,,+0.36%
822,2023-04-10,4109.11,4085.2,4109.5,4072.55,,+0.10%
823,2023-04-11,4108.94,4110.29,4124.26,4102.61,,0.00%
824,2023-04-12,4091.95,4121.72,4134.37,4086.94,,-0.41%
825,2023-04-13,4146.22,4100.04,4150.26,4099.4,,+1.33%
826,2023-04-14,4137.64,4140.11,4163.19,4113.2,,-0.21%
827,2023-04-17,4151.32,4137.17,4151.72,4123.18,,+0.33%
828,2023-04-18,4154.87,4164.26,4169.48,4140.36,,+0.09%
829,2023-04-19,4154.52,4139.33,4162.57,4134.49,,-0.01%
830,2023-04-20,4129.79,4130.48,4148.57,4114.57,,-0.60%
831,2023-04-21,4133.52,4132.14,4138.02,4113.86,,+0.09%
832,2023-04-24,4137.04,4132.07,4142.41,4117.77,,+0.09%
833,2023-04-25,4071.63,4126.43,4126.43,4071.38,,-1.58%
834,2023-04-26,4055.99,4087.78,4089.67,4049.35,,-0.38%
835,2023-04-27,4135.35,4075.29,4138.24,4075.29,,+1.96%
836,2023-04-28,4169.48,4129.63,4170.06,4127.18,,+0.83%
837,2023-05-01,4167.87,4166.79,4186.92,4164.12,,-0.04%
838,2023-05-02,4119.58,4164.1,4164.1,4089.72,,-1.16%
839,2023-05-03,4090.75,4122.25,4148.3,4088.86,,-0.70%
840,2023-05-04,4061.22,4082.55,4082.61,4048.28,,-0.72%
841,2023-05-05,4136.25,4084.73,4147.02,4084.73,,+1.85%
842,2023-05-08,4138.12,4136.98,4142.3,4123.81,,+0.05%
843,2023-05-09,4119.17,4124.25,4130.35,4116.65,,-0.46%
844,2023-05-10,4137.64,4143.74,4154.28,4098.92,,+0.45%
845,2023-05-11,4130.62,4132.24,4132.8,4109.29,,-0.17%
846,2023-05-12,4124.08,4138.54,4143.74,4099.12,,-0.16%
847,2023-05-15,4136.28,4126.65,4141.25,4110.27,,+0.30%
848,2023-05-16,4109.9,4127.95,4135.54,4109.86,,-0.64%
849,2023-05-17,4158.77,4122.85,4164.67,4113.62,,+1.19%
