,date,vix,open,high,low,volume,vix_cr
0,2022-01-24,29.899999618530273,28.200000762939453,38.939998626708984,28.020000457763672,0,nan%
1,2022-01-25,31.15999984741211,32.290000915527344,35.849998474121094,29.1299991607666,0,4.21%
2,2022-01-26,31.959999084472656,29.350000381469727,33.040000915527344,26.899999618530273,0,2.57%
3,2022-01-27,30.489999771118164,32.189998626708984,33.0,28.420000076293945,0,-4.60%
4,2022-01-28,27.65999984741211,30.270000457763672,32.81999969482422,27.280000686645508,0,-9.28%
5,2022-01-31,24.829999923706055,28.360000610351562,29.40999984741211,24.709999084472656,0,-10.23%
6,2022-02-01,21.959999084472656,24.56999969482422,25.329999923706055,21.959999084472656,0,-11.56%
7,2022-02-02,22.09000015258789,21.559999465942383,22.729999542236328,20.459999084472656,0,0.59%
8,2022-02-03,24.350000381469727,22.6299991607666,25.809999465942383,22.299999237060547,0,10.23%
9,2022-02-04,23.219999313354492,23.770000457763672,26.260000228881836,22.06999969482422,0,-4.64%
10,2022-02-07,22.860000610351562,24.09000015258789,24.81999969482422,22.020000457763672,0,-1.55%
11,2022-02-08,21.440000534057617,23.09000015258789,23.479999542236328,21.31999969482422,0,-6.21%
12,2022-02-09,19.959999084472656,21.270000457763672,21.299999237060547,19.93000030517578,0,-6.90%
13,2022-02-10,23.90999984741211,20.3700008392334,24.770000457763672,20.18000030517578,0,19.79%
14,2022-02-11,27.360000610351562,24.389999389648438,30.989999771118164,23.329999923706055,0,14.43%
15,2022-02-14,28.329999923706055,29.170000076293945,32.040000915527344,28.329999923706055,0,3.55%
16,2022-02-15,25.700000762939453,28.09000015258789,28.09000015258789,25.329999923706055,0,-9.28%
17,2022-02-16,24.290000915527344,25.190000534057617,27.09000015258789,23.8799991607666,0,-5.49%
18,2022-02-17,28.110000610351562,24.829999923706055,28.3700008392334,24.760000228881836,0,15.73%
19,2022-02-18,27.75,26.65999984741211,29.709999084472656,26.3799991607666,0,-1.28%
20,2022-02-22,28.809999465942383,31.799999237060547,32.040000915527344,28.399999618530273,0,3.82%
21,2022-02-23,31.020000457763672,28.040000915527344,31.06999969482422,27.200000762939453,0,7.67%
22,2022-02-24,30.31999969482422,37.5,37.790000915527344,29.450000762939453,0,-2.26%
23,2022-02-25,27.59000015258789,31.68000030517578,32.0,26.93000030517578,0,-9.00%
24,2022-02-28,30.149999618530273,32.439998626708984,33.5099983215332,28.43000030517578,0,9.28%
25,2022-03-01,33.31999969482422,29.450000762939453,35.189998626708984,29.440000534057617,0,10.51%
26,2022-03-02,30.739999771118164,34.20000076293945,34.40999984741211,30.1200008392334,0,-7.74%
27,2022-03-03,30.479999542236328,30.520000457763672,32.0099983215332,29.309999465942383,0,-0.85%
28,2022-03-04,31.979999542236328,31.899999618530273,34.650001525878906,31.469999313354492,0,4.92%
29,2022-03-07,36.45000076293945,35.880001068115234,36.54999923706055,32.59000015258789,0,13.98%
30,2022-03-08,35.130001068115234,36.189998626708984,37.52000045776367,32.779998779296875,0,-3.62%
31,2022-03-09,32.45000076293945,33.7400016784668,34.119998931884766,31.389999389648438,0,-7.63%
32,2022-03-10,30.229999542236328,33.029998779296875,34.029998779296875,30.229999542236328,0,-6.84%
33,2022-03-11,30.75,30.43000030517578,31.040000915527344,28.84000015258789,0,1.72%
34,2022-03-14,31.770000457763672,31.030000686645508,33.18000030517578,30.059999465942383,0,3.32%
35,2022-03-15,29.829999923706055,33.130001068115234,33.83000183105469,29.56999969482422,0,-6.11%
36,2022-03-16,26.670000076293945,29.020000457763672,29.799999237060547,26.290000915527344,0,-10.59%
37,2022-03-17,25.670000076293945,26.510000228881836,27.469999313354492,25.25,0,-3.75%
38,2022-03-18,23.8700008392334,26.360000610351562,26.81999969482422,23.850000381469727,0,-7.01%
39,2022-03-21,23.530000686645508,25.139999389648438,25.360000610351562,22.989999771118164,0,-1.42%
40,2022-03-22,22.940000534057617,24.020000457763672,24.020000457763672,22.700000762939453,0,-2.51%
41,2022-03-23,23.56999969482422,23.040000915527344,24.030000686645508,22.639999389648438,0,2.75%
42,2022-03-24,21.670000076293945,23.610000610351562,23.790000915527344,21.489999771118164,0,-8.06%
43,2022-03-25,20.809999465942383,21.8700008392334,22.860000610351562,20.799999237060547,0,-3.97%
44,2022-03-28,19.6299991607666,22.139999389648438,23.329999923706055,19.540000915527344,0,-5.67%
45,2022-03-29,18.899999618530273,19.700000762939453,19.729999542236328,18.670000076293945,0,-3.72%
46,2022-03-30,19.329999923706055,19.3799991607666,20.510000228881836,18.719999313354492,0,2.28%
47,2022-03-31,20.559999465942383,19.68000030517578,21.479999542236328,19.540000915527344,0,6.36%
48,2022-04-01,19.6299991607666,20.6200008392334,20.860000610351562,19.40999984741211,0,-4.52%
49,2022-04-04,18.56999969482422,20.75,20.780000686645508,18.450000762939453,0,-5.40%
50,2022-04-05,21.030000686645508,18.790000915527344,21.56999969482422,18.549999237060547,0,13.25%
51,2022-04-06,22.100000381469727,21.270000457763672,24.780000686645508,21.239999771118164,0,5.09%
52,2022-04-07,21.549999237060547,21.969999313354492,23.81999969482422,21.1200008392334,0,-2.49%
53,2022-04-08,21.15999984741211,21.25,22.34000015258789,20.280000686645508,0,-1.81%
54,2022-04-11,24.3700008392334,23.09000015258789,24.420000076293945,22.09000015258789,0,15.17%
55,2022-04-12,24.260000228881836,24.940000534057617,25.3799991607666,22.270000457763672,0,-0.45%
56,2022-04-13,21.81999969482422,23.520000457763672,24.450000762939453,21.3700008392334,0,-10.06%
57,2022-04-14,22.700000762939453,21.719999313354492,22.700000762939453,20.850000381469727,0,4.03%
58,2022-04-18,22.170000076293945,24.520000457763672,24.600000381469727,21.979999542236328,0,-2.33%
59,2022-04-19,21.3700008392334,22.549999237060547,22.920000076293945,20.360000610351562,0,-3.61%
60,2022-04-20,20.31999969482422,21.1299991607666,21.31999969482422,19.75,0,-4.91%
61,2022-04-21,22.68000030517578,20.239999771118164,23.280000686645508,19.809999465942383,0,11.61%
62,2022-04-22,28.209999084472656,22.709999084472656,28.270000457763672,22.6200008392334,0,24.38%
63,2022-04-25,27.020000457763672,30.040000915527344,31.600000381469727,26.799999237060547,0,-4.22%
64,2022-04-26,33.52000045776367,27.3799991607666,33.810001373291016,27.059999465942383,0,24.06%
65,2022-04-27,31.600000381469727,31.110000610351562,32.77000045776367,29.81999969482422,0,-5.73%
66,2022-04-28,29.989999771118164,29.90999984741211,32.0,28.0,0,-5.09%
67,2022-04-29,33.400001525878906,28.969999313354492,34.34000015258789,28.540000915527344,0,11.37%
68,2022-05-02,32.34000015258789,33.349998474121094,36.63999938964844,31.739999771118164,0,-3.17%
69,2022-05-03,29.25,31.760000228881836,32.81999969482422,29.059999465942383,0,-9.55%
70,2022-05-04,25.420000076293945,29.1200008392334,29.420000076293945,24.940000534057617,0,-13.09%
71,2022-05-05,31.200000762939453,25.969999313354492,33.20000076293945,25.780000686645508,0,22.74%
72,2022-05-06,30.190000534057617,32.22999954223633,35.34000015258789,29.829999923706055,0,-3.24%
73,2022-05-09,34.75,31.899999618530273,35.47999954223633,31.899999618530273,0,15.10%
74,2022-05-10,32.9900016784668,33.65999984741211,34.84000015258789,32.2400016784668,0,-5.06%
75,2022-05-11,32.560001373291016,32.869998931884766,34.38999938964844,30.690000534057617,0,-1.30%
76,2022-05-12,31.770000457763672,33.7400016784668,34.7599983215332,31.700000762939453,0,-2.43%
77,2022-05-13,28.8700008392334,31.09000015258789,31.200000762939453,28.780000686645508,0,-9.13%
78,2022-05-16,27.469999313354492,30.010000228881836,30.229999542236328,27.360000610351562,0,-4.85%
79,2022-05-17,26.100000381469727,27.06999969482422,27.170000076293945,25.510000228881836,0,-4.99%
80,2022-05-18,30.959999084472656,26.739999771118164,31.489999771118164,26.209999084472656,0,18.62%
81,2022-05-19,29.350000381469727,31.239999771118164,33.11000061035156,29.059999465942383,0,-5.20%
82,2022-05-20,29.43000030517578,28.780000686645508,32.90999984741211,28.059999465942383,0,0.27%
83,2022-05-23,28.479999542236328,28.979999542236328,30.389999389648438,28.290000915527344,0,-3.23%
84,2022-05-24,29.450000762939453,29.43000030517578,31.06999969482422,29.040000915527344,0,3.41%
85,2022-05-25,28.3700008392334,29.329999923706055,30.229999542236328,28.15999984741211,0,-3.67%
86,2022-05-26,27.5,28.420000076293945,28.459999084472656,27.110000610351562,0,-3.07%
87,2022-05-27,25.719999313354492,27.5,27.540000915527344,25.56999969482422,0,-6.47%
88,2022-05-31,26.190000534057617,27.469999313354492,28.350000381469727,25.940000534057617,0,1.83%
89,2022-06-01,25.690000534057617,26.049999237060547,27.729999542236328,25.3799991607666,0,-1.91%
90,2022-06-02,24.719999313354492,25.729999542236328,26.5,24.329999923706055,0,-3.78%
91,2022-06-03,24.790000915527344,24.90999984741211,25.959999084472656,24.760000228881836,0,0.28%
92,2022-06-06,25.06999969482422,25.3700008392334,25.809999465942383,24.81999969482422,0,1.13%
93,2022-06-07,24.020000457763672,25.540000915527344,26.239999771118164,23.8799991607666,0,-4.19%
94,2022-06-08,23.959999084472656,24.3700008392334,24.780000686645508,23.739999771118164,0,-0.25%
95,2022-06-09,26.09000015258789,24.290000915527344,26.239999771118164,23.81999969482422,0,8.89%
96,2022-06-10,27.75,26.260000228881836,29.6299991607666,26.049999237060547,0,6.36%
97,2022-06-13,34.02000045776367,31.3700008392334,35.04999923706055,31.290000915527344,0,22.59%
98,2022-06-14,32.689998626708984,33.0099983215332,34.0,32.060001373291016,0,-3.91%
99,2022-06-15,29.6200008392334,32.38999938964844,32.77000045776367,27.760000228881836,0,-9.39%
100,2022-06-16,32.95000076293945,30.350000381469727,34.81999969482422,30.350000381469727,0,11.24%
101,2022-06-17,31.1299991607666,32.84000015258789,33.310001373291016,30.469999313354492,0,-5.52%
102,2022-06-21,30.190000534057617,30.6299991607666,30.649999618530273,29.329999923706055,0,-3.02%
103,2022-06-22,28.950000762939453,31.450000762939453,31.56999969482422,28.780000686645508,0,-4.11%
104,2022-06-23,29.049999237060547,29.290000915527344,29.770000457763672,28.739999771118164,0,0.35%
105,2022-06-24,27.229999542236328,29.06999969482422,29.719999313354492,26.829999923706055,0,-6.27%
106,2022-06-27,26.950000762939453,28.299999237060547,28.65999984741211,26.93000030517578,0,-1.03%
107,2022-06-28,28.360000610351562,26.899999618530273,28.68000030517578,26.469999313354492,0,5.23%
108,2022-06-29,28.15999984741211,28.799999237060547,29.360000610351562,27.850000381469727,0,-0.71%
109,2022-06-30,28.709999084472656,29.420000076293945,30.219999313354492,28.280000686645508,0,1.95%
110,2022-07-01,26.700000762939453,29.530000686645508,29.59000015258789,26.690000534057617,0,-7.00%
111,2022-07-05,27.540000915527344,27.3700008392334,29.81999969482422,27.299999237060547,0,3.15%
112,2022-07-06,26.729999542236328,27.84000015258789,28.06999969482422,26.43000030517578,0,-2.94%
113,2022-07-07,26.079999923706055,26.729999542236328,26.790000915527344,25.65999984741211,0,-2.43%
114,2022-07-08,24.639999389648438,26.40999984741211,26.610000610351562,24.43000030517578,0,-5.52%
115,2022-07-11,26.170000076293945,26.420000076293945,26.739999771118164,25.790000915527344,0,6.21%
116,2022-07-12,27.290000915527344,27.139999389648438,27.75,25.81999969482422,0,4.28%
117,2022-07-13,26.81999969482422,27.350000381469727,29.059999465942383,26.229999542236328,0,-1.72%
118,2022-07-14,26.399999618530273,27.469999313354492,28.450000762939453,26.200000762939453,0,-1.57%
119,2022-07-15,24.229999542236328,26.719999313354492,26.719999313354492,24.1299991607666,0,-8.22%
120,2022-07-18,25.299999237060547,24.829999923706055,25.90999984741211,24.3799991607666,0,4.42%
121,2022-07-19,24.5,25.1200008392334,25.40999984741211,24.229999542236328,0,-3.16%
122,2022-07-20,23.8799991607666,24.229999542236328,24.729999542236328,23.399999618530273,0,-2.53%
123,2022-07-21,23.110000610351562,24.06999969482422,24.670000076293945,22.920000076293945,0,-3.22%
124,2022-07-22,23.030000686645508,23.299999237060547,23.809999465942383,22.40999984741211,0,-0.35%
125,2022-07-25,23.360000610351562,24.329999923706055,24.56999969482422,23.190000534057617,0,1.43%
126,2022-07-26,24.690000534057617,23.950000762939453,25.309999465942383,23.81999969482422,0,5.69%
127,2022-07-27,23.239999771118164,24.270000457763672,24.40999984741211,23.020000457763672,0,-5.87%
128,2022-07-28,22.329999923706055,23.329999923706055,23.540000915527344,22.219999313354492,0,-3.92%
129,2022-07-29,21.329999923706055,22.1299991607666,22.15999984741211,21.209999084472656,0,-4.48%
130,2022-08-01,22.84000015258789,22.40999984741211,23.270000457763672,22.260000228881836,0,7.08%
131,2022-08-02,23.93000030517578,24.079999923706055,24.68000030517578,22.670000076293945,0,4.77%
132,2022-08-03,21.950000762939453,23.860000610351562,23.920000076293945,21.68000030517578,0,-8.27%
133,2022-08-04,21.440000534057617,22.059999465942383,22.65999984741211,21.440000534057617,0,-2.32%
134,2022-08-05,21.149999618530273,21.5,22.579999923706055,20.760000228881836,0,-1.35%
135,2022-08-08,21.290000915527344,21.739999771118164,22.010000228881836,20.829999923706055,0,0.66%
136,2022-08-09,21.770000457763672,21.40999984741211,22.229999542236328,21.40999984741211,0,2.25%
137,2022-08-10,19.739999771118164,22.280000686645508,22.34000015258789,19.540000915527344,0,-9.32%
138,2022-08-11,20.200000762939453,19.84000015258789,20.850000381469727,19.709999084472656,0,2.33%
139,2022-08-12,19.530000686645508,20.34000015258789,20.350000381469727,19.1200008392334,0,-3.32%
140,2022-08-15,19.950000762939453,20.739999771118164,21.15999984741211,19.809999465942383,0,2.15%
141,2022-08-16,19.690000534057617,20.229999542236328,20.389999389648438,19.5,0,-1.30%
142,2022-08-17,19.899999618530273,19.739999771118164,20.6299991607666,19.40999984741211,0,1.07%
143,2022-08-18,19.559999465942383,20.510000228881836,20.610000610351562,19.43000030517578,0,-1.71%
144,2022-08-19,20.600000381469727,20.15999984741211,21.270000457763672,20.079999923706055,0,5.32%
145,2022-08-22,23.799999237060547,22.40999984741211,24.6200008392334,22.389999389648438,0,15.53%
146,2022-08-23,24.110000610351562,24.1299991607666,24.209999084472656,23.06999969482422,0,1.30%
147,2022-08-24,22.81999969482422,24.3700008392334,24.860000610351562,22.729999542236328,0,-5.35%
148,2022-08-25,21.780000686645508,22.40999984741211,23.1299991607666,21.770000457763672,0,-4.56%
149,2022-08-26,25.559999465942383,22.06999969482422,25.899999618530273,21.670000076293945,0,17.36%
150,2022-08-29,26.209999084472656,26.860000610351562,27.670000076293945,25.469999313354492,0,2.54%
151,2022-08-30,26.209999084472656,25.75,27.690000534057617,25.1299991607666,0,0.00%
152,2022-08-31,25.8700008392334,25.860000610351562,26.6200008392334,25.309999465942383,0,-1.30%
153,2022-09-01,25.559999465942383,26.8799991607666,27.450000762939453,25.25,0,-1.20%
154,2022-09-02,25.469999313354492,25.510000228881836,26.280000686645508,23.190000534057617,0,-0.35%
155,2022-09-06,26.90999984741211,25.459999084472656,27.799999237060547,25.329999923706055,0,5.65%
156,2022-09-07,24.639999389648438,26.93000030517578,27.149999618530273,24.540000915527344,0,-8.44%
157,2022-09-08,23.610000610351562,24.700000762939453,25.899999618530273,23.559999465942383,0,-4.18%
158,2022-09-09,22.790000915527344,23.489999771118164,23.56999969482422,22.639999389648438,0,-3.47%
159,2022-09-12,23.8700008392334,23.579999923706055,24.229999542236328,23.15999984741211,0,4.74%
160,2022-09-13,27.270000457763672,23.670000076293945,28.149999618530273,23.530000686645508,0,14.24%
161,2022-09-14,26.15999984741211,26.729999542236328,27.559999465942383,26.15999984741211,0,-4.07%
162,2022-09-15,26.270000457763672,26.100000381469727,26.93000030517578,25.420000076293945,0,0.42%
163,2022-09-16,26.299999237060547,27.469999313354492,28.450000762939453,26.139999389648438,0,0.11%
164,2022-09-19,25.760000228881836,27.690000534057617,27.950000762939453,25.559999465942383,0,-2.05%
165,2022-09-20,27.15999984741211,25.649999618530273,27.809999465942383,25.610000610351562,0,5.43%
166,2022-09-21,27.989999771118164,28.030000686645508,30.18000030517578,25.549999237060547,0,3.06%
167,2022-09-22,27.350000381469727,28.15999984741211,28.3799991607666,26.709999084472656,0,-2.29%
168,2022-09-23,29.920000076293945,27.68000030517578,32.310001373291016,27.579999923706055,0,9.40%
169,2022-09-26,32.2599983215332,31.739999771118164,32.880001068115234,29.829999923706055,0,7.82%
170,2022-09-27,32.599998474121094,31.200000762939453,34.13999938964844,30.299999237060547,0,1.05%
171,2022-09-28,30.18000030517578,34.5,34.880001068115234,30.030000686645508,0,-7.42%
172,2022-09-29,31.84000015258789,31.670000076293945,33.459999084472656,31.15999984741211,0,5.50%
173,2022-09-30,31.6200008392334,31.610000610351562,33.25,29.389999389648438,0,-0.69%
174,2022-10-03,30.100000381469727,33.0,33.060001373291016,29.6299991607666,0,-4.81%
175,2022-10-04,29.06999969482422,29.520000457763672,29.6200008392334,28.559999465942383,0,-3.42%
176,2022-10-05,28.549999237060547,29.360000610351562,30.110000610351562,28.5,0,-1.79%
177,2022-10-06,30.520000457763672,28.600000381469727,30.739999771118164,28.559999465942383,0,6.90%
178,2022-10-07,31.360000610351562,30.3700008392334,32.02000045776367,29.8799991607666,0,2.75%
179,2022-10-10,32.45000076293945,32.93000030517578,33.9900016784668,32.04999923706055,0,3.48%
180,2022-10-11,33.630001068115234,33.560001373291016,34.43000030517578,32.45000076293945,0,3.64%
181,2022-10-12,33.56999969482422,33.540000915527344,34.529998779296875,33.11000061035156,0,-0.18%
182,2022-10-13,31.940000534057617,33.599998474121094,33.869998931884766,31.6299991607666,0,-4.86%
183,2022-10-14,32.02000045776367,31.889999389648438,32.97999954223633,31.139999389648438,0,0.25%
184,2022-10-17,31.3700008392334,32.27000045776367,32.59000015258789,30.700000762939453,0,-2.03%
185,2022-10-18,30.5,31.100000381469727,31.93000030517578,30.420000076293945,0,-2.77%
186,2022-10-19,30.760000228881836,30.940000534057617,31.899999618530273,30.760000228881836,0,0.85%
187,2022-10-20,29.979999542236328,31.299999237060547,31.31999969482422,29.760000228881836,0,-2.54%
188,2022-10-21,29.690000534057617,30.209999084472656,30.440000534057617,29.239999771118164,0,-0.97%
189,2022-10-24,29.850000381469727,30.649999618530273,30.950000762939453,29.780000686645508,0,0.54%
190,2022-10-25,28.459999084472656,29.799999237060547,30.0,28.219999313354492,0,-4.66%
191,2022-10-26,27.280000686645508,28.440000534057617,28.520000457763672,27.270000457763672,0,-4.15%
192,2022-10-27,27.389999389648438,27.510000228881836,27.670000076293945,26.940000534057617,0,0.40%
193,2022-10-28,25.75,27.43000030517578,27.59000015258789,25.75,0,-5.99%
194,2022-10-31,25.8799991607666,26.90999984741211,27.06999969482422,25.84000015258789,0,0.50%
195,2022-11-01,25.809999465942383,25.959999084472656,26.350000381469727,25.65999984741211,0,-0.27%
196,2022-11-02,25.860000610351562,26.040000915527344,26.6200008392334,25.389999389648438,0,0.19%
197,2022-11-03,25.299999237060547,25.979999542236328,26.8700008392334,25.100000381469727,0,-2.17%
198,2022-11-04,24.549999237060547,25.6299991607666,25.709999084472656,24.0,0,-2.96%
199,2022-11-07,24.350000381469727,25.670000076293945,25.670000076293945,24.34000015258789,0,-0.81%
200,2022-11-08,25.540000915527344,24.709999084472656,26.15999984741211,24.239999771118164,0,4.89%
201,2022-11-09,26.09000015258789,25.34000015258789,26.350000381469727,25.020000457763672,0,2.15%
202,2022-11-10,23.530000686645508,26.510000228881836,26.59000015258789,22.84000015258789,0,-9.81%
203,2022-11-11,22.520000457763672,23.889999389648438,23.90999984741211,22.3700008392334,0,-4.29%
204,2022-11-14,23.729999542236328,23.989999771118164,24.329999923706055,22.860000610351562,0,5.37%
205,2022-11-15,24.540000915527344,23.770000457763672,26.219999313354492,23.18000030517578,0,3.41%
206,2022-11-16,24.110000610351562,24.290000915527344,24.719999313354492,23.989999771118164,0,-1.75%
207,2022-11-17,23.93000030517578,24.049999237060547,25.18000030517578,23.809999465942383,0,-0.75%
208,2022-11-18,23.1200008392334,24.030000686645508,24.1200008392334,22.979999542236328,0,-3.38%
209,2022-11-21,22.360000610351562,24.049999237060547,24.1200008392334,22.299999237060547,0,-3.29%
210,2022-11-22,21.290000915527344,22.59000015258789,22.709999084472656,21.280000686645508,0,-4.79%
211,2022-11-23,20.350000381469727,21.489999771118164,21.780000686645508,20.31999969482422,0,-4.42%
212,2022-11-25,20.5,20.610000610351562,21.110000610351562,20.459999084472656,0,0.74%
213,2022-11-28,22.209999084472656,22.09000015258789,22.5,21.649999618530273,0,8.34%
214,2022-11-29,21.889999389648438,22.09000015258789,22.56999969482422,21.829999923706055,0,-1.44%
215,2022-11-30,20.579999923706055,21.700000762939453,22.6299991607666,20.309999465942383,0,-5.98%
216,2022-12-01,19.84000015258789,20.829999923706055,21.059999465942383,19.799999237060547,0,-3.60%
217,2022-12-02,19.059999465942383,20.420000076293945,20.959999084472656,18.950000762939453,0,-3.93%
218,2022-12-05,20.75,20.299999237060547,21.290000915527344,19.780000686645508,0,8.87%
219,2022-12-06,22.170000076293945,20.690000534057617,22.600000381469727,20.3799991607666,0,6.84%
220,2022-12-07,22.68000030517578,22.31999969482422,23.010000228881836,22.18000030517578,0,2.30%
221,2022-12-08,22.290000915527344,22.809999465942383,23.280000686645508,22.059999465942383,0,-1.72%
222,2022-12-09,22.829999923706055,22.549999237060547,23.209999084472656,22.18000030517578,0,2.42%
223,2022-12-12,25.0,24.399999618530273,25.049999237060547,24.18000030517578,0,9.51%
224,2022-12-13,22.549999237060547,25.239999771118164,25.84000015258789,21.459999084472656,0,-9.80%
225,2022-12-14,21.139999389648438,22.829999923706055,23.469999313354492,21.06999969482422,0,-6.25%
226,2022-12-15,22.829999923706055,21.520000457763672,23.670000076293945,21.25,0,7.99%
227,2022-12-16,22.6200008392334,23.260000228881836,23.829999923706055,22.09000015258789,0,-0.92%
228,2022-12-19,22.420000076293945,22.6299991607666,22.860000610351562,21.610000610351562,0,-0.88%
229,2022-12-20,21.479999542236328,23.170000076293945,23.389999389648438,21.350000381469727,0,-4.19%
230,2022-12-21,20.06999969482422,21.25,21.290000915527344,19.940000534057617,0,-6.56%
231,2022-12-22,21.969999313354492,20.079999923706055,24.299999237060547,20.010000228881836,0,9.47%
232,2022-12-23,20.8700008392334,22.170000076293945,22.639999389648438,20.780000686645508,0,-5.01%
233,2022-12-27,21.649999618530273,21.670000076293945,22.799999237060547,21.59000015258789,0,3.74%
234,2022-12-28,22.139999389648438,21.469999313354492,22.260000228881836,20.959999084472656,0,2.26%
235,2022-12-29,21.440000534057617,22.25,22.309999465942383,21.360000610351562,0,-3.16%
236,2022-12-30,21.670000076293945,21.829999923706055,22.399999618530273,21.59000015258789,0,1.07%
237,2023-01-03,22.899999618530273,23.09000015258789,23.760000228881836,22.729999542236328,0,5.68%
238,2023-01-04,22.010000228881836,22.93000030517578,23.270000457763672,21.940000534057617,0,-3.89%
239,2023-01-05,22.459999084472656,22.200000762939453,22.920000076293945,21.969999313354492,0,2.04%
240,2023-01-06,21.1299991607666,22.690000534057617,22.899999618530273,21.0,0,-5.92%
241,2023-01-09,21.969999313354492,21.75,21.979999542236328,21.270000457763672,0,3.98%
242,2023-01-10,20.579999923706055,22.219999313354492,22.459999084472656,20.579999923706055,0,-6.33%
243,2023-01-11,21.09000015258789,20.799999237060547,21.25,20.6200008392334,0,2.48%
244,2023-01-12,18.829999923706055,21.559999465942383,21.799999237060547,18.829999923706055,0,-10.72%
245,2023-01-13,18.350000381469727,19.0,19.40999984741211,18.010000228881836,0,-2.55%
246,2023-01-17,19.360000610351562,19.889999389648438,20.219999313354492,19.209999084472656,0,5.50%
247,2023-01-18,20.34000015258789,19.280000686645508,20.579999923706055,18.709999084472656,0,5.06%
248,2023-01-19,20.520000457763672,20.43000030517578,21.709999084472656,20.170000076293945,0,0.88%
249,2023-01-20,19.850000381469727,20.280000686645508,20.700000762939453,19.40999984741211,0,-3.27%
250,2023-01-23,19.809999465942383,20.209999084472656,20.329999923706055,19.549999237060547,0,-0.20%
251,2023-01-24,19.200000762939453,19.889999389648438,20.469999313354492,18.90999984741211,0,-3.08%
252,2023-01-25,19.079999923706055,19.559999465942383,20.899999618530273,18.989999771118164,0,-0.63%
253,2023-01-26,18.729999542236328,19.049999237060547,19.479999542236328,18.670000076293945,0,-1.83%
254,2023-01-27,18.510000228881836,18.899999618530273,19.0,17.969999313354492,0,-1.17%
255,2023-01-30,19.940000534057617,19.760000228881836,20.25,19.540000915527344,0,7.73%
256,2023-01-31,19.399999618530273,20.1200008392334,20.700000762939453,19.1299991607666,0,-2.71%
257,2023-02-01,17.8700008392334,19.6200008392334,20.040000915527344,17.700000762939453,0,-7.89%
258,2023-02-02,18.729999542236328,17.739999771118164,19.25,17.059999465942383,0,4.81%
259,2023-02-03,18.329999923706055,18.56999969482422,19.299999237060547,17.93000030517578,0,-2.14%
260,2023-02-06,19.43000030517578,19.229999542236328,19.809999465942383,19.209999084472656,0,6.00%
261,2023-02-07,18.65999984741211,19.540000915527344,19.989999771118164,18.43000030517578,0,-3.96%
262,2023-02-08,19.6299991607666,18.8799991607666,20.1200008392334,18.549999237060547,0,5.20%
263,2023-02-09,20.709999084472656,19.239999771118164,21.079999923706055,19.020000457763672,0,5.50%
264,2023-02-10,20.530000686645508,20.739999771118164,21.940000534057617,20.440000534057617,0,-0.87%
265,2023-02-13,20.34000015258789,21.65999984741211,21.690000534057617,20.329999923706055,0,-0.93%
266,2023-02-14,18.90999984741211,20.719999313354492,20.75,18.479999542236328,0,-7.03%
267,2023-02-15,18.229999542236328,19.3700008392334,19.40999984741211,18.110000610351562,0,-3.60%
268,2023-02-16,20.170000076293945,18.260000228881836,20.270000457763672,18.229999542236328,0,10.64%
269,2023-02-17,20.020000457763672,20.940000534057617,21.299999237060547,19.81999969482422,0,-0.74%
270,2023-02-21,22.8700008392334,21.799999237060547,23.34000015258789,21.799999237060547,0,14.24%
271,2023-02-22,22.290000915527344,23.030000686645508,23.6299991607666,22.020000457763672,0,-2.54%
272,2023-02-23,21.139999389648438,21.959999084472656,22.43000030517578,20.889999389648438,0,-5.16%
273,2023-02-24,21.670000076293945,21.350000381469727,22.899999618530273,21.31999969482422,0,2.51%
274,2023-02-27,20.950000762939453,21.989999771118164,22.020000457763672,20.68000030517578,0,-3.32%
275,2023-02-28,20.700000762939453,21.299999237060547,21.3700008392334,20.100000381469727,0,-1.19%
276,2023-03-01,20.579999923706055,20.389999389648438,21.31999969482422,20.219999313354492,0,-0.58%
277,2023-03-02,19.59000015258789,21.40999984741211,21.420000076293945,19.549999237060547,0,-4.81%
278,2023-03-03,18.489999771118164,19.760000228881836,19.760000228881836,18.15999984741211,0,-5.62%
279,2023-03-06,18.610000610351562,19.049999237060547,19.190000534057617,18.489999771118164,0,0.65%
280,2023-03-07,19.59000015258789,18.639999389648438,19.739999771118164,18.510000228881836,0,5.27%
281,2023-03-08,19.110000610351562,19.709999084472656,20.010000228881836,19.0,0,-2.45%
282,2023-03-09,22.610000610351562,19.329999923706055,23.139999389648438,18.8799991607666,0,18.32%
283,2023-03-10,24.799999237060547,23.34000015258789,28.969999313354492,21.790000915527344,0,9.69%
284,2023-03-13,26.520000457763672,24.049999237060547,30.809999465942383,23.850000381469727,0,6.94%
285,2023-03-14,23.729999542236328,26.850000381469727,27.239999771118164,22.270000457763672,0,-10.52%
286,2023-03-15,26.139999389648438,23.209999084472656,29.90999984741211,23.190000534057617,0,10.16%
287,2023-03-16,22.989999771118164,26.190000534057617,27.489999771118164,22.969999313354492,0,-12.05%
288,2023-03-17,25.510000228881836,22.920000076293945,26.139999389648438,22.579999923706055,0,10.96%
289,2023-03-20,24.149999618530273,27.770000457763672,28.90999984741211,24.0,0,-5.33%
290,2023-03-21,21.3799991607666,24.15999984741211,24.15999984741211,21.290000915527344,0,-11.47%
291,2023-03-22,22.260000228881836,21.799999237060547,22.3799991607666,19.940000534057617,0,4.12%
292,2023-03-23,22.610000610351562,21.540000915527344,24.90999984741211,20.15999984741211,0,1.57%
293,2023-03-24,21.739999771118164,22.110000610351562,25.209999084472656,21.600000381469727,0,-3.85%
294,2023-03-27,20.600000381469727,22.049999237060547,22.93000030517578,20.56999969482422,0,-5.24%
295,2023-03-28,19.969999313354492,20.530000686645508,21.399999618530273,19.90999984741211,0,-3.06%
296,2023-03-29,19.1200008392334,19.389999389648438,19.450000762939453,19.09000015258789,0,-4.26%
297,2023-03-30,19.020000457763672,19.1200008392334,20.079999923706055,18.850000381469727,0,-0.52%
298,2023-03-31,18.700000762939453,19.209999084472656,19.43000030517578,18.520000457763672,0,-1.68%
299,2023-04-03,18.549999237060547,19.790000915527344,19.829999923706055,18.540000915527344,0,-0.80%
300,2023-04-04,19.0,18.790000915527344,20.030000686645508,18.579999923706055,0,2.43%
301,2023-04-05,19.079999923706055,19.420000076293945,20.079999923706055,19.0,0,0.42%
302,2023-04-06,18.399999618530273,19.299999237060547,19.8799991607666,18.350000381469727,0,-3.56%
303,2023-04-10,18.969999313354492,19.389999389648438,20.049999237060547,18.93000030517578,0,3.10%
304,2023-04-11,19.100000381469727,19.079999923706055,19.280000686645508,18.559999465942383,0,0.69%
305,2023-04-12,19.09000015258789,19.3799991607666,19.979999542236328,18.25,0,-0.05%
306,2023-04-13,17.799999237060547,18.829999923706055,19.059999465942383,17.770000457763672,0,-6.76%
307,2023-04-14,17.06999969482422,17.940000534057617,18.1200008392334,17.06999969482422,0,-4.10%
308,2023-04-17,16.950000762939453,17.579999923706055,17.790000915527344,16.899999618530273,0,-0.70%
309,2023-04-18,16.829999923706055,16.940000534057617,17.34000015258789,16.579999923706055,0,-0.71%
310,2023-04-19,16.459999084472656,17.299999237060547,17.719999313354492,16.170000076293945,0,-2.20%
311,2023-04-20,17.170000076293945,16.850000381469727,17.690000534057617,16.329999923706055,0,4.31%
312,2023-04-21,16.770000457763672,17.510000228881836,17.709999084472656,16.579999923706055,0,-2.33%
313,2023-04-24,16.889999389648438,18.219999313354492,18.239999771118164,16.739999771118164,0,0.72%
314,2023-04-25,18.760000228881836,17.6200008392334,19.860000610351562,17.329999923706055,0,11.07%
315,2023-04-26,18.84000015258789,18.65999984741211,19.610000610351562,17.8700008392334,0,0.43%
316,2023-04-27,17.030000686645508,18.43000030517578,18.43000030517578,16.719999313354492,0,-9.61%
317,2023-04-28,15.779999732971191,17.209999084472656,17.649999618530273,15.720000267028809,0,-7.34%
318,2023-05-01,16.079999923706055,16.40999984741211,16.6200008392334,15.529999732971191,0,1.90%
319,2023-05-02,17.780000686645508,16.270000457763672,19.809999465942383,16.260000228881836,0,10.57%
320,2023-05-03,18.34000015258789,17.81999969482422,18.829999923706055,17.190000534057617,0,3.15%
321,2023-05-04,20.09000015258789,19.170000076293945,21.329999923706055,18.670000076293945,0,9.54%
322,2023-05-05,17.190000534057617,19.5,19.6299991607666,16.690000534057617,0,-14.44%
323,2023-05-08,16.979999542236328,17.729999542236328,17.8799991607666,16.829999923706055,0,-1.22%
324,2023-05-09,17.709999084472656,17.290000915527344,17.860000610351562,17.219999313354492,0,4.30%
325,2023-05-10,16.940000534057617,17.579999923706055,18.309999465942383,16.360000610351562,0,-4.35%
326,2023-05-11,16.93000030517578,16.799999237060547,18.190000534057617,16.6299991607666,0,-0.06%
327,2023-05-12,17.030000686645508,16.829999923706055,17.920000076293945,16.3799991607666,0,0.59%
328,2023-05-15,17.1200008392334,17.440000534057617,18.15999984741211,17.079999923706055,0,0.53%
329,2023-05-16,17.989999771118164,17.540000915527344,18.299999237060547,17.260000228881836,0,5.08%
330,2023-05-17,16.8700008392334,17.959999084472656,18.260000228881836,16.68000030517578,0,-6.23%
331,2023-05-18,16.049999237060547,16.920000076293945,17.149999618530273,16.049999237060547,0,-4.86%
332,2023-05-19,16.809999465942383,16.1299991607666,17.360000610351562,15.850000381469727,0,4.74%
333,2023-05-22,17.209999084472656,17.450000762939453,18.1299991607666,16.81999969482422,0,2.38%
334,2023-05-23,18.530000686645508,17.350000381469727,19.309999465942383,17.299999237060547,0,7.67%
335,2023-05-24,20.030000686645508,18.799999237060547,20.809999465942383,18.799999237060547,0,8.09%
336,2023-05-25,19.139999389648438,19.540000915527344,19.950000762939453,18.700000762939453,0,-4.44%
337,2023-05-26,17.950000762939453,19.06999969482422,19.559999465942383,17.270000457763672,0,-6.22%
338,2023-05-30,17.459999084472656,17.559999465942383,18.34000015258789,16.979999542236328,0,-2.73%
339,2023-05-31,17.940000534057617,18.040000915527344,18.399999618530273,17.1200008392334,0,2.75%
340,2023-06-01,15.649999618530273,17.239999771118164,17.59000015258789,15.579999923706055,0,-12.76%
341,2023-06-02,14.600000381469727,15.649999618530273,15.649999618530273,14.420000076293945,0,-6.71%
342,2023-06-05,14.729999542236328,15.279999732971191,15.289999961853027,14.65999984741211,0,0.89%
343,2023-06-06,13.960000038146973,14.90999984741211,14.970000267028809,13.949999809265137,0,-5.23%
344,2023-06-07,13.9399995803833,14.140000343322754,14.289999961853027,13.770000457763672,0,-0.14%
345,2023-06-08,13.649999618530273,14.140000343322754,14.210000038146973,13.529999732971191,0,-2.08%
346,2023-06-09,13.829999923706055,13.779999732971191,14.140000343322754,13.5,0,1.32%
347,2023-06-12,15.010000228881836,14.4399995803833,15.020000457763672,14.319999694824219,0,8.53%
348,2023-06-13,14.609999656677246,14.989999771118164,15.0600004196167,14.470000267028809,0,-2.66%
349,2023-06-14,13.880000114440918,14.479999542236328,14.729999542236328,13.829999923706055,0,-5.00%
350,2023-06-15,14.5,14.09000015258789,14.520000457763672,13.789999961853027,0,4.47%
351,2023-06-16,13.539999961853027,14.489999771118164,14.539999961853027,13.479999542236328,0,-6.62%
352,2023-06-20,13.880000114440918,14.359999656677246,14.670000076293945,13.859999656677246,0,2.51%
353,2023-06-21,13.199999809265137,13.880000114440918,13.890000343322754,13.100000381469727,0,-4.90%
354,2023-06-22,12.90999984741211,13.880000114440918,13.979999542236328,12.729999542236328,0,-2.20%
355,2023-06-23,13.4399995803833,13.239999771118164,13.800000190734863,12.880000114440918,0,4.11%
356,2023-06-26,14.25,14.430000305175781,14.710000038146973,13.779999732971191,0,6.03%
357,2023-06-27,13.739999771118164,14.109999656677246,14.34000015258789,13.59000015258789,0,-3.58%
358,2023-06-28,13.430000305175781,13.899999618530273,13.960000038146973,13.359999656677246,0,-2.26%
359,2023-06-29,13.539999961853027,13.640000343322754,13.850000381469727,13.40999984741211,0,0.82%
360,2023-06-30,13.59000015258789,13.510000228881836,13.59000015258789,12.960000038146973,0,0.37%
361,2023-07-03,13.569999694824219,13.850000381469727,13.850000381469727,13.470000267028809,0,-0.15%
362,2023-07-05,14.180000305175781,14.1899995803833,14.739999771118164,14.050000190734863,0,4.50%
363,2023-07-06,15.4399995803833,14.850000381469727,17.079999923706055,14.789999961853027,0,8.89%
364,2023-07-07,14.829999923706055,15.970000267028809,16.059999465942383,14.329999923706055,0,-3.95%
365,2023-07-10,15.069999694824219,16.079999923706055,16.209999084472656,15.039999961853027,0,1.62%
366,2023-07-11,14.84000015258789,15.020000457763672,15.25,14.630000114440918,0,-1.53%
367,2023-07-12,13.539999961853027,14.819999694824219,14.819999694824219,13.510000228881836,0,-8.76%
368,2023-07-13,13.609999656677246,13.4399995803833,13.609999656677246,13.119999885559082,0,0.52%
369,2023-07-14,13.34000015258789,13.720000267028809,13.760000228881836,13.220000267028809,0,-1.98%
370,2023-07-17,13.479999542236328,13.779999732971191,14.0,13.430000305175781,0,1.05%
371,2023-07-18,13.300000190734863,13.609999656677246,13.670000076293945,13.289999961853027,0,-1.34%
372,2023-07-19,13.760000228881836,13.319999694824219,13.84000015258789,13.119999885559082,0,3.46%
373,2023-07-20,13.989999771118164,13.960000038146973,14.229999542236328,13.579999923706055,0,1.67%
374,2023-07-21,13.600000381469727,13.869999885559082,13.890000343322754,13.369999885559082,0,-2.79%
375,2023-07-24,13.90999984741211,14.289999961853027,14.300000190734863,13.729999542236328,0,2.28%
376,2023-07-25,13.859999656677246,14.020000457763672,14.09000015258789,13.819999694824219,0,-0.36%
377,2023-07-26,13.1899995803833,13.859999656677246,14.15999984741211,13.149999618530273,0,-4.83%
378,2023-07-27,14.40999984741211,13.140000343322754,15.020000457763672,12.739999771118164,0,9.25%
379,2023-07-28,13.329999923706055,14.029999732971191,14.180000305175781,13.270000457763672,0,-7.49%
380,2023-07-31,13.630000114440918,13.979999542236328,14.09000015258789,13.569999694824219,0,2.25%
381,2023-08-01,13.930000305175781,13.75,14.300000190734863,13.75,0,2.20%
382,2023-08-02,16.09000015258789,15.699999809265137,16.479999542236328,14.949999809265137,0,15.51%
383,2023-08-03,15.920000076293945,16.770000457763672,17.420000076293945,15.720000267028809,0,-1.06%
384,2023-08-04,17.100000381469727,16.010000228881836,17.389999389648438,14.569999694824219,0,7.41%
385,2023-08-07,15.770000457763672,16.899999618530273,17.360000610351562,15.770000457763672,0,-7.78%
386,2023-08-08,15.989999771118164,16.280000686645508,18.139999389648438,15.960000038146973,0,1.40%
387,2023-08-09,15.960000038146973,15.8100004196167,16.8700008392334,15.380000114440918,0,-0.19%
388,2023-08-10,15.850000381469727,15.579999923706055,16.860000610351562,14.600000381469727,0,-0.69%
389,2023-08-11,14.84000015258789,15.529999732971191,16.510000228881836,14.84000015258789,0,-6.37%
390,2023-08-14,14.819999694824219,15.880000114440918,16.059999465942383,14.770000457763672,0,-0.13%
391,2023-08-15,16.459999084472656,14.949999809265137,16.56999969482422,14.90999984741211,0,11.07%
392,2023-08-16,16.780000686645508,16.540000915527344,16.93000030517578,15.800000190734863,0,1.94%
393,2023-08-17,17.889999389648438,16.959999084472656,18.1299991607666,16.399999618530273,0,6.62%
394,2023-08-18,17.299999237060547,17.799999237060547,18.8799991607666,17.139999389648438,0,-3.30%
395,2023-08-21,17.1299991607666,18.030000686645508,18.110000610351562,16.8799991607666,0,-0.98%
396,2023-08-22,16.969999313354492,16.959999084472656,17.579999923706055,16.610000610351562,0,-0.93%
397,2023-08-23,15.979999542236328,16.639999389648438,17.100000381469727,15.90999984741211,0,-5.83%
398,2023-08-24,17.200000762939453,15.569999694824219,17.31999969482422,15.479999542236328,0,7.63%
399,2023-08-25,15.680000305175781,17.209999084472656,17.360000610351562,15.449999809265137,0,-8.84%
400,2023-08-28,15.079999923706055,16.239999771118164,16.280000686645508,15.0,0,-3.83%
401,2023-08-29,14.449999809265137,15.079999923706055,15.300000190734863,14.34000015258789,0,-4.18%
402,2023-08-30,13.880000114440918,14.529999732971191,14.699999809265137,13.829999923706055,0,-3.94%
403,2023-08-31,13.569999694824219,13.979999542236328,14.0,13.4399995803833,0,-2.23%
404,2023-09-01,13.09000015258789,13.5600004196167,13.5600004196167,13.020000457763672,0,-3.54%
405,2023-09-05,14.010000228881836,14.149999618530273,14.470000267028809,13.699999809265137,0,7.03%
406,2023-09-06,14.449999809265137,14.270000457763672,15.300000190734863,14.130000114440918,0,3.14%
407,2023-09-07,14.399999618530273,14.8100004196167,15.6899995803833,14.399999618530273,0,-0.35%
408,2023-09-08,13.84000015258789,14.220000267028809,14.869999885559082,13.579999923706055,0,-3.89%
409,2023-09-11,13.800000190734863,14.170000076293945,14.329999923706055,13.739999771118164,0,-0.29%
410,2023-09-12,14.229999542236328,14.020000457763672,14.420000076293945,13.710000038146973,0,3.12%
411,2023-09-13,13.479999542236328,14.420000076293945,14.680000305175781,13.40999984741211,0,-5.27%
412,2023-09-14,12.819999694824219,13.390000343322754,13.460000038146973,12.789999961853027,0,-4.90%
413,2023-09-15,13.789999961853027,12.699999809265137,14.170000076293945,12.680000305175781,0,7.57%
414,2023-09-18,14.0,14.399999618530273,14.75,13.859999656677246,0,1.52%
415,2023-09-19,14.109999656677246,14.109999656677246,14.880000114440918,13.859999656677246,0,0.79%
416,2023-09-20,15.140000343322754,14.180000305175781,15.149999618530273,13.569999694824219,0,7.30%
417,2023-09-21,17.540000915527344,15.489999771118164,17.540000915527344,15.100000381469727,0,15.85%
418,2023-09-22,17.200000762939453,17.309999465942383,17.40999984741211,15.930000305175781,0,-1.94%
419,2023-09-25,16.899999618530273,17.25,18.40999984741211,16.790000915527344,0,-1.74%
420,2023-09-26,18.940000534057617,18.030000686645508,19.5,17.170000076293945,0,12.07%
421,2023-09-27,18.219999313354492,18.290000915527344,19.709999084472656,18.030000686645508,0,-3.80%
422,2023-09-28,17.34000015258789,18.219999313354492,18.770000457763672,17.059999465942383,0,-4.83%
423,2023-09-29,17.520000457763672,16.8700008392334,17.739999771118164,15.829999923706055,0,1.04%
424,2023-10-02,17.610000610351562,17.309999465942383,18.549999237060547,16.93000030517578,0,0.51%
425,2023-10-03,19.780000686645508,17.809999465942383,20.479999542236328,17.520000457763672,0,12.32%
426,2023-10-04,18.579999923706055,20.719999313354492,20.8799991607666,18.299999237060547,0,-6.07%
427,2023-10-05,18.489999771118164,18.670000076293945,19.579999923706055,18.260000228881836,0,-0.48%
428,2023-10-06,17.450000762939453,18.729999542236328,19.93000030517578,17.190000534057617,0,-5.62%
429,2023-10-09,17.700000762939453,19.540000915527344,19.600000381469727,17.559999465942383,0,1.43%
430,2023-10-10,17.030000686645508,17.700000762939453,17.860000610351562,16.510000228881836,0,-3.79%
431,2023-10-11,16.09000015258789,16.950000762939453,17.780000686645508,16.09000015258789,0,-5.52%
432,2023-10-12,16.690000534057617,16.079999923706055,18.079999923706055,15.4399995803833,0,3.73%
433,2023-10-13,19.31999969482422,16.530000686645508,20.780000686645508,16.5,0,15.76%
434,2023-10-16,17.209999084472656,19.100000381469727,19.56999969482422,17.139999389648438,0,-10.92%
435,2023-10-17,17.8799991607666,17.40999984741211,18.540000915527344,16.969999313354492,0,3.89%
436,2023-10-18,19.219999313354492,18.360000610351562,20.149999618530273,17.8799991607666,0,7.49%
437,2023-10-19,21.399999618530273,19.729999542236328,21.399999618530273,18.549999237060547,0,11.34%
438,2023-10-20,21.709999084472656,21.59000015258789,21.829999923706055,20.420000076293945,0,1.45%
439,2023-10-23,20.3700008392334,21.829999923706055,23.079999923706055,19.479999542236328,0,-6.17%
440,2023-10-24,18.969999313354492,20.030000686645508,20.239999771118164,18.649999618530273,0,-6.87%
441,2023-10-25,20.190000534057617,19.389999389648438,21.239999771118164,18.860000610351562,0,6.43%
442,2023-10-26,20.68000030517578,21.780000686645508,21.959999084472656,20.219999313354492,0,2.43%
443,2023-10-27,21.270000457763672,20.389999389648438,22.06999969482422,19.719999313354492,0,2.85%
444,2023-10-30,19.75,21.1299991607666,21.15999984741211,19.549999237060547,0,-7.15%
445,2023-10-31,18.139999389648438,19.860000610351562,19.860000610351562,17.969999313354492,0,-8.15%
446,2023-11-01,16.8700008392334,18.020000457763672,18.420000076293945,16.6299991607666,0,-7.00%
447,2023-11-02,15.65999984741211,16.59000015258789,16.6200008392334,15.579999923706055,0,-7.17%
448,2023-11-03,14.90999984741211,15.699999809265137,15.829999923706055,14.90999984741211,0,-4.79%
449,2023-11-06,14.890000343322754,15.390000343322754,15.579999923706055,14.84000015258789,0,-0.13%
450,2023-11-07,14.8100004196167,15.100000381469727,15.170000076293945,14.710000038146973,0,-0.54%
451,2023-11-08,14.449999809265137,14.90999984741211,15.09000015258789,14.300000190734863,0,-2.43%
452,2023-11-09,15.289999961853027,14.609999656677246,15.569999694824219,14.130000114440918,0,5.81%
453,2023-11-10,14.170000076293945,15.09000015258789,15.449999809265137,14.15999984741211,0,-7.33%
454,2023-11-13,14.760000228881836,15.15999984741211,15.1899995803833,14.579999923706055,0,4.16%
455,2023-11-14,14.15999984741211,14.829999923706055,14.859999656677246,13.90999984741211,0,-4.07%
456,2023-11-15,14.180000305175781,14.210000038146973,14.350000381469727,13.970000267028809,0,0.14%
457,2023-11-16,14.319999694824219,14.119999885559082,14.420000076293945,13.680000305175781,0,0.99%
458,2023-11-17,13.800000190734863,14.180000305175781,14.1899995803833,13.670000076293945,0,-3.63%
459,2023-11-20,13.40999984741211,14.260000228881836,14.3100004196167,13.390000343322754,0,-2.83%
460,2023-11-21,13.350000381469727,13.449999809265137,14.3100004196167,13.130000114440918,0,-0.45%
461,2023-11-22,12.850000381469727,13.079999923706055,13.25,12.819999694824219,0,-3.75%
462,2023-11-24,12.460000038146973,13.029999732971191,13.170000076293945,12.449999809265137,0,-3.04%
463,2023-11-27,12.6899995803833,13.140000343322754,13.279999732971191,12.640000343322754,0,1.85%
464,2023-11-28,12.6899995803833,12.779999732971191,14.300000190734863,12.5600004196167,0,0.00%
465,2023-11-29,12.979999542236328,12.710000038146973,13.100000381469727,12.479999542236328,0,2.29%
466,2023-11-30,12.920000076293945,13.069999694824219,13.390000343322754,12.819999694824219,0,-0.46%
467,2023-12-01,12.630000114440918,12.9399995803833,12.960000038146973,12.479999542236328,0,-2.24%
468,2023-12-04,13.079999923706055,13.279999732971191,13.699999809265137,12.979999542236328,0,3.56%
469,2023-12-05,12.850000381469727,13.260000228881836,13.760000228881836,12.8100004196167,0,-1.76%
470,2023-12-06,12.970000267028809,12.779999732971191,13.029999732971191,12.640000343322754,0,0.93%
471,2023-12-07,13.0600004196167,13.170000076293945,13.279999732971191,12.949999809265137,0,0.69%
472,2023-12-08,12.350000381469727,13.140000343322754,13.239999771118164,12.350000381469727,0,-5.44%
473,2023-12-11,12.630000114440918,13.050000190734863,13.140000343322754,12.609999656677246,0,2.27%
474,2023-12-12,12.069999694824219,12.6899995803833,12.739999771118164,11.8100004196167,0,-4.43%
475,2023-12-13,12.1899995803833,12.199999809265137,12.460000038146973,11.819999694824219,0,0.99%
476,2023-12-14,12.479999542236328,11.960000038146973,12.739999771118164,11.84000015258789,0,2.38%
477,2023-12-15,12.279999732971191,12.119999885559082,12.539999961853027,12.010000228881836,0,-1.60%
478,2023-12-18,12.5600004196167,12.619999885559082,12.640000343322754,12.399999618530273,0,2.28%
479,2023-12-19,12.529999732971191,12.600000381469727,12.600000381469727,12.329999923706055,0,-0.24%
480,2023-12-20,13.670000076293945,12.630000114440918,13.930000305175781,12.289999961853027,0,9.10%
481,2023-12-21,13.649999618530273,13.399999618530273,14.489999771118164,13.34000015258789,0,-0.15%
482,2023-12-22,13.029999732971191,13.720000267028809,13.960000038146973,13.0,0,-4.54%
483,2023-12-26,12.989999771118164,13.770000457763672,13.800000190734863,12.960000038146973,0,-0.31%
484,2023-12-27,12.430000305175781,13.020000457763672,13.039999961853027,12.369999885559082,0,-4.31%
485,2023-12-28,12.470000267028809,12.4399995803833,12.649999618530273,12.380000114440918,0,0.32%
486,2023-12-29,12.449999809265137,12.550000190734863,13.1899995803833,12.359999656677246,0,-0.16%
487,2024-01-02,13.199999809265137,13.220000267028809,14.229999542236328,13.100000381469727,0,6.02%
488,2024-01-03,14.039999961853027,13.350000381469727,14.220000267028809,13.329999923706055,0,6.36%
489,2024-01-04,14.130000114440918,13.930000305175781,14.199999809265137,13.640000343322754,0,0.64%
490,2024-01-05,13.350000381469727,14.239999771118164,14.579999923706055,13.289999961853027,0,-5.52%
491,2024-01-08,13.079999923706055,14.0,14.180000305175781,13.020000457763672,0,-2.02%
492,2024-01-09,12.760000228881836,13.199999809265137,13.449999809265137,12.739999771118164,0,-2.45%
493,2024-01-10,12.6899995803833,12.859999656677246,12.949999809265137,12.670000076293945,0,-0.55%
494,2024-01-11,12.4399995803833,12.640000343322754,13.3100004196167,12.350000381469727,0,-1.97%
495,2024-01-12,12.699999809265137,12.65999984741211,13.079999923706055,12.470000267028809,0,2.09%
496,2024-01-16,13.84000015258789,14.119999885559082,14.350000381469727,13.520000457763672,0,8.98%
497,2024-01-17,14.789999961853027,14.59000015258789,15.399999618530273,14.380000114440918,0,6.86%
498,2024-01-18,14.130000114440918,14.850000381469727,14.890000343322754,13.890000343322754,0,-4.46%
499,2024-01-19,13.300000190734863,13.800000190734863,14.579999923706055,13.279999732971191,0,-5.87%
500,2024-01-22,13.1899995803833,13.770000457763672,13.84000015258789,13.170000076293945,0,-0.83%
501,2024-01-23,12.550000190734863,13.199999809265137,13.289999961853027,12.529999732971191,0,-4.85%
502,2024-01-24,13.140000343322754,12.65999984741211,13.180000305175781,12.40999984741211,0,4.70%
